static const unsigned char master_f013[] = {
  0x00, 0x00, 0x00, 0x00, 0x00, 0x00, 0x00, 0x00, 0x00, 0x00, 0x00, 0x00,
  0x00, 0x00, 0x00, 0x00, 0x00, 0x00, 0x00, 0x00, 0x00, 0x00, 0x00, 0x00,
  0x00, 0x00, 0x00, 0x00, 0x00, 0x00, 0x00, 0x00, 0x00, 0x00, 0x00, 0x00,
  0x00, 0x00, 0x00, 0x00, 0x00, 0x00, 0x00, 0x00, 0x00, 0x00, 0x00, 0x00,
  0x00, 0x00, 0x00, 0x00, 0x00, 0x00, 0x00, 0x00, 0x00, 0x00, 0x00, 0x00,
  0x00, 0x00, 0x00, 0x00, 0x00, 0x00, 0x00, 0x00, 0x00, 0x00, 0x00, 0x00,
  0x00, 0x00, 0x00, 0x00, 0x00, 0x00, 0x00, 0x00, 0x00, 0x00, 0x00, 0x00,
  0x00, 0x00, 0x00, 0x00, 0x00, 0x00, 0x00, 0x00, 0x00, 0x00, 0x00, 0x00,
  0x00, 0x00, 0x00, 0x00, 0x00, 0x00, 0x00, 0x00, 0x00, 0x00, 0x00, 0x00,
  0x00, 0x00, 0x00, 0x00, 0x00, 0x00, 0x00, 0x00, 0x00, 0x00, 0x00, 0x00,
  0x00, 0x00, 0x00, 0x00, 0x00, 0x00, 0x00, 0x00, 0x00, 0x00, 0x00, 0x00,
  0x00, 0x00, 0x00, 0x00, 0x00, 0x00, 0x00, 0x00, 0x00, 0x00, 0x00, 0x00,
  0x00, 0x00, 0x00, 0x00, 0x00, 0x00, 0x00, 0x00, 0x00, 0x00, 0x00, 0x00,
  0x00, 0x00, 0x00, 0x00, 0x00, 0x00, 0x00, 0x00, 0x00, 0x00, 0x00, 0x00,
  0x00, 0x00, 0x00, 0x00, 0x00, 0x00, 0x00, 0x00, 0x00, 0x00, 0x00, 0x00,
  0x00, 0x00, 0x00, 0x00, 0x00, 0x00, 0x00, 0x00, 0x00, 0x00, 0x00, 0x00,
  0x00, 0x00, 0x00, 0x00, 0x00, 0x00, 0x00, 0x00, 0x00, 0x00, 0x00, 0x00,
  0x00, 0x00, 0x00, 0x00, 0x00, 0x00, 0x00, 0x00, 0x00, 0x00, 0x00, 0x00,
  0x00, 0x00, 0x00, 0x00, 0x00, 0x00, 0x00, 0x00, 0x00, 0x00, 0x00, 0x00,
  0x00, 0x00, 0x00, 0x00, 0x00, 0x00, 0x00, 0x00, 0x00, 0x00, 0x00, 0x00,
  0x00, 0x00, 0x00, 0x00, 0x00, 0x00, 0x00, 0x00, 0x00, 0x00, 0x00, 0x00,
  0x00, 0x00, 0x00, 0x00, 0x00, 0x00, 0x00, 0x00, 0x00, 0x00, 0x00, 0x00,
  0x00, 0x00, 0x00, 0x00, 0x00, 0x00, 0x00, 0x00, 0x00, 0x00, 0x00, 0x00,
  0x00, 0x00, 0x00, 0x00, 0x00, 0x00, 0x00, 0x00, 0x00, 0x00, 0x00, 0x00,
  0x00, 0x00, 0x00, 0x00, 0x00, 0x00, 0x00, 0x00, 0x00, 0x00, 0x00, 0x00,
  0x00, 0x00, 0x00, 0x00, 0x00, 0x00, 0x00, 0x00, 0x00, 0x00, 0x00, 0x00,
  0x00, 0x00, 0x00, 0x00, 0x00, 0x00, 0x00, 0x00, 0x00, 0x00, 0x00, 0x00,
  0x00, 0x00, 0x00, 0x00, 0x00, 0x00, 0x00, 0x00, 0x00, 0x00, 0x00, 0x00,
  0x00, 0x00, 0x00, 0x00, 0x00, 0x00, 0x00, 0x00, 0x00, 0x00, 0x00, 0x00,
  0x00, 0x00, 0x00, 0x00, 0x00, 0x00, 0x00, 0x00, 0x00, 0x00, 0x00, 0x00,
  0x00, 0x00, 0x00, 0x00, 0x00, 0x00, 0x00, 0x00, 0x00, 0x00, 0x00, 0x00,
  0x00, 0x00, 0x00, 0x00, 0x00, 0x00, 0x00, 0x00, 0x00, 0x00, 0x00, 0x00,
  0x00, 0x00, 0x00, 0x00, 0x00, 0x00, 0x00, 0x00, 0x00, 0x00, 0x00, 0x00,
  0x00, 0x00, 0x00, 0x00, 0x00, 0x00, 0x00, 0x00, 0x00, 0x00, 0x00, 0x00,
  0x00, 0x00, 0x00, 0x00, 0x00, 0x00, 0x00, 0x00, 0x00, 0x00, 0x00, 0x00,
  0x00, 0x00, 0x00, 0x00, 0x00, 0x00, 0x00, 0x00, 0x00, 0x00, 0x00, 0x00,
  0x00, 0x00, 0x00, 0x00, 0x00, 0x00, 0x00, 0x00, 0x00, 0x00, 0x00, 0x00,
  0x00, 0x00, 0x00, 0x00, 0x00, 0x00, 0x00, 0x00, 0x00, 0x00, 0x00, 0x00,
  0x00, 0x00, 0x00, 0x00, 0x00, 0x00, 0x00, 0x00, 0x00, 0x00, 0x00, 0x00,
  0x00, 0x00, 0x00, 0x00, 0x00, 0x00, 0x00, 0x00, 0x00, 0x00, 0x00, 0x00,
  0x00, 0x00, 0x00, 0x00, 0x00, 0x00, 0x00, 0x00, 0x00, 0x00, 0x00, 0x00,
  0x00, 0x00, 0x00, 0x00, 0x00, 0x00, 0x00, 0x00, 0x00, 0x00, 0x00, 0x00,
  0x00, 0x00, 0x00, 0x00, 0x00, 0x00, 0x00, 0x00, 0x00, 0x00, 0x00, 0x00,
  0x00, 0x00, 0x00, 0x00, 0x00, 0x00, 0x00, 0x00, 0x00, 0x00, 0x00, 0x00,
  0x00, 0x00, 0x00, 0x00, 0x00, 0x00, 0x00, 0x00, 0x00, 0x00, 0x00, 0x00,
  0x00, 0x00, 0x00, 0x00, 0x00, 0x00, 0x00, 0x00, 0x00, 0x00, 0x00, 0x00,
  0x00, 0x00, 0x00, 0x00, 0x00, 0x00, 0x00, 0x00, 0x00, 0x00, 0x00, 0x00,
  0x00, 0x00, 0x00, 0x00, 0x00, 0x00, 0x00, 0x00, 0x00, 0x00, 0x00, 0x00,
  0x00, 0x00, 0x00, 0x00, 0x00, 0x00, 0x00, 0x00, 0x00, 0x00, 0x00, 0x00,
  0x00, 0x00, 0x00, 0x00, 0x00, 0x00, 0x00, 0x00, 0x00, 0x00, 0x00, 0x00,
  0x00, 0x00, 0x00, 0x00, 0x00, 0x00, 0x00, 0x00, 0x00, 0x00, 0x00, 0x00,
  0x00, 0x00, 0x00, 0x00, 0x00, 0x00, 0x00, 0x00, 0x00, 0x00, 0x00, 0x00,
  0x00, 0x00, 0x00, 0x00, 0x00, 0x00, 0x00, 0x00, 0x00, 0x00, 0x00, 0x00,
  0x00, 0x00, 0x00, 0x00, 0x00, 0x00, 0x00, 0x00, 0x00, 0x00, 0x00, 0x00,
  0x00, 0x00, 0x00, 0x00, 0x00, 0x00, 0x00, 0x00, 0x00, 0x00, 0x00, 0x00,
  0x00, 0x00, 0x00, 0x00, 0x00, 0x00, 0x00, 0x00, 0x00, 0x00, 0x00, 0x00,
  0x00, 0x00, 0x00, 0x00, 0x00, 0x00, 0x00, 0x00, 0x00, 0x00, 0x00, 0x00,
  0x00, 0x00, 0x00, 0x00, 0x00, 0x00, 0xfe, 0x93, 0xfe, 0x93, 0xfe, 0x73,
  0xfe, 0x72, 0xfe, 0x72, 0xfd, 0x6f, 0xfc, 0xcd, 0xf3, 0xea, 0xdb, 0x27,
  0xe2, 0xa6, 0xea, 0xc6, 0xfb, 0x49, 0xfb, 0xaa, 0xfc, 0x8e, 0xfd, 0x10,
  0xfd, 0x30, 0xfd, 0x70, 0xfd, 0xb1, 0xfe, 0x12, 0xfe, 0x32, 0xfe, 0x72,
  0xfe, 0x92, 0xfe, 0x92, 0xfe, 0x93, 0xfe, 0x93, 0xfe, 0x93, 0xfe, 0x93,
  0xfe, 0xb3, 0xfe, 0xb3, 0xfe, 0xb3, 0x00, 0x00, 0x00, 0x00, 0x00, 0x00,
  0x00, 0x00, 0x00, 0x00, 0x00, 0x00, 0x00, 0x00, 0x00, 0x00, 0x00, 0x00,
  0x00, 0x00, 0x00, 0x00, 0x00, 0x00, 0x00, 0x00, 0x00, 0x00, 0x00, 0x00,
  0x00, 0x00, 0x00, 0x00, 0x00, 0x00, 0x00, 0x00, 0x00, 0x00, 0x00, 0x00,
  0x00, 0x00, 0x00, 0x00, 0x00, 0x00, 0x00, 0x00, 0x00, 0x00, 0x00, 0x00,
  0x00, 0x00, 0x00, 0x00, 0x00, 0x00, 0x00, 0x00, 0x00, 0x00, 0x00, 0x00,
  0x00, 0x00, 0x00, 0x00, 0x00, 0x00, 0x00, 0x00, 0x00, 0x00, 0x00, 0x00,
  0x00, 0x00, 0x00, 0x00, 0x00, 0x00, 0x00, 0x00, 0x00, 0x00, 0x00, 0x00,
  0x00, 0x00, 0x00, 0x00, 0x00, 0x00, 0x00, 0x00, 0x00, 0x00, 0x00, 0x00,
  0x00, 0x00, 0x00, 0x00, 0x00, 0x00, 0x00, 0x00, 0x00, 0x00, 0x00, 0x00,
  0x00, 0x00, 0x00, 0x00, 0x00, 0x00, 0x00, 0x00, 0x00, 0x00, 0x00, 0x00,
  0x00, 0x00, 0x00, 0x00, 0x00, 0x00, 0x00, 0x00, 0x00, 0x00, 0x00, 0x00,
  0x00, 0x00, 0x00, 0x00, 0x00, 0x00, 0x00, 0x00, 0x00, 0x00, 0x00, 0x00,
  0x00, 0x00, 0x00, 0x00, 0x00, 0x00, 0x00, 0x00, 0x00, 0x00, 0x00, 0x00,
  0x00, 0x00, 0x00, 0x00, 0x00, 0x00, 0x00, 0x00, 0x00, 0x00, 0x00, 0x00,
  0x00, 0x00, 0x00, 0x00, 0x00, 0x00, 0x00, 0x00, 0x00, 0x00, 0x00, 0x00,
  0x00, 0x00, 0x00, 0x00, 0x00, 0x00, 0x00, 0x00, 0x00, 0x00, 0x00, 0x00,
  0x00, 0x00, 0x00, 0x00, 0x00, 0x00, 0x00, 0x00, 0x00, 0x00, 0x00, 0x00,
  0x00, 0x00, 0x00, 0x00, 0x00, 0x00, 0x00, 0x00, 0x00, 0x00, 0x00, 0x00,
  0x00, 0x00, 0x00, 0x00, 0x00, 0x00, 0x00, 0x00, 0x00, 0x00, 0x00, 0x00,
  0x00, 0x00, 0x00, 0x00, 0x00, 0x00, 0x00, 0x00, 0x00, 0x00, 0x00, 0x00,
  0x00, 0x00, 0x00, 0x00, 0x00, 0x00, 0x00, 0x00, 0x00, 0x00, 0x00, 0x00,
  0x00, 0x00, 0x00, 0x00, 0x00, 0x00, 0x00, 0x00, 0x00, 0x00, 0x00, 0x00,
  0x00, 0x00, 0x00, 0x00, 0x00, 0x00, 0x00, 0x00, 0x00, 0x00, 0x00, 0x00,
  0x00, 0x00, 0x00, 0x00, 0x00, 0x00, 0x00, 0x00, 0x00, 0x00, 0x00, 0x00,
  0x00, 0x00, 0x00, 0x00, 0x00, 0x00, 0x00, 0x00, 0x00, 0x00, 0x00, 0x00,
  0x00, 0x00, 0x00, 0x00, 0x00, 0x00, 0x00, 0x00, 0x00, 0x00, 0x00, 0x00,
  0x00, 0x00, 0x00, 0x00, 0x00, 0x00, 0x00, 0x00, 0x00, 0x00, 0x00, 0x00,
  0x00, 0x00, 0x00, 0x00, 0x00, 0x00, 0x00, 0x00, 0x00, 0x00, 0x00, 0x00,
  0x00, 0x00, 0x00, 0x00, 0x00, 0x00, 0x00, 0x00, 0x00, 0x00, 0x00, 0x00,
  0x00, 0x00, 0x00, 0x00, 0x00, 0x00, 0x00, 0x00, 0x00, 0x00, 0x00, 0x00,
  0x00, 0x00, 0x00, 0x00, 0x00, 0x00, 0x00, 0x00, 0x00, 0x00, 0x00, 0x00,
  0x00, 0x00, 0x00, 0x00, 0x00, 0x00, 0x00, 0x00, 0x00, 0x00, 0x00, 0x00,
  0x00, 0x00, 0x00, 0x00, 0x00, 0x00, 0x00, 0x00, 0x00, 0x00, 0x00, 0x00,
  0x00, 0x00, 0x00, 0x00, 0xfe, 0x73, 0xfe, 0x73, 0xfe, 0x73, 0xfe, 0x73,
  0xfe, 0xb3, 0xfe, 0xb3, 0xfe, 0xb3, 0xfe, 0x93, 0xfe, 0x93, 0xfe, 0x93,
  0xfe, 0x93, 0xfe, 0x93, 0xfd, 0x8f, 0xfc, 0xed, 0xfc, 0x2b, 0xe3, 0x88,
  0xe2, 0xe6, 0xe2, 0xc6, 0xf2, 0xe7, 0xfa, 0xe7, 0xfb, 0xcb, 0xfc, 0x4d,
  0xfc, 0x8d, 0xfc, 0xce, 0xfd, 0x4f, 0xfd, 0xb0, 0xfd, 0xf1, 0xfe, 0x32,
  0xfe, 0x52, 0xfe, 0x52, 0xfe, 0x52, 0xfe, 0x72, 0xfe, 0x73, 0xfe, 0x93,
  0xfe, 0xb3, 0xfe, 0xb4, 0xfe, 0xb4, 0xfe, 0x93, 0xfe, 0x93, 0xfe, 0xb3,
  0xfe, 0xb3, 0xfe, 0xb4, 0xfe, 0xd4, 0xfe, 0xd4, 0x00, 0x00, 0x00, 0x00,
  0x00, 0x00, 0x00, 0x00, 0x00, 0x00, 0x00, 0x00, 0x00, 0x00, 0x00, 0x00,
  0x00, 0x00, 0x00, 0x00, 0x00, 0x00, 0x00, 0x00, 0x00, 0x00, 0x00, 0x00,
  0x00, 0x00, 0x00, 0x00, 0x00, 0x00, 0x00, 0x00, 0x00, 0x00, 0x00, 0x00,
  0x00, 0x00, 0x00, 0x00, 0x00, 0x00, 0x00, 0x00, 0x00, 0x00, 0x00, 0x00,
  0x00, 0x00, 0x00, 0x00, 0x00, 0x00, 0x00, 0x00, 0x00, 0x00, 0x00, 0x00,
  0x00, 0x00, 0x00, 0x00, 0x00, 0x00, 0x00, 0x00, 0x00, 0x00, 0x00, 0x00,
  0x00, 0x00, 0x00, 0x00, 0x00, 0x00, 0x00, 0x00, 0x00, 0x00, 0x00, 0x00,
  0x00, 0x00, 0x00, 0x00, 0x00, 0x00, 0x00, 0x00, 0x00, 0x00, 0x00, 0x00,
  0x00, 0x00, 0x00, 0x00, 0x00, 0x00, 0x00, 0x00, 0x00, 0x00, 0x00, 0x00,
  0x00, 0x00, 0x00, 0x00, 0x00, 0x00, 0x00, 0x00, 0x00, 0x00, 0x00, 0x00,
  0x00, 0x00, 0x00, 0x00, 0x00, 0x00, 0x00, 0x00, 0x00, 0x00, 0x00, 0x00,
  0x00, 0x00, 0x00, 0x00, 0x00, 0x00, 0x00, 0x00, 0x00, 0x00, 0x00, 0x00,
  0x00, 0x00, 0x00, 0x00, 0x00, 0x00, 0x00, 0x00, 0x00, 0x00, 0x00, 0x00,
  0x00, 0x00, 0x00, 0x00, 0x00, 0x00, 0x00, 0x00, 0x00, 0x00, 0x00, 0x00,
  0x00, 0x00, 0x00, 0x00, 0x00, 0x00, 0x00, 0x00, 0x00, 0x00, 0x00, 0x00,
  0x00, 0x00, 0x00, 0x00, 0x00, 0x00, 0x00, 0x00, 0x00, 0x00, 0x00, 0x00,
  0x00, 0x00, 0x00, 0x00, 0x00, 0x00, 0x00, 0x00, 0x00, 0x00, 0x00, 0x00,
  0x00, 0x00, 0x00, 0x00, 0x00, 0x00, 0x00, 0x00, 0x00, 0x00, 0x00, 0x00,
  0x00, 0x00, 0x00, 0x00, 0x00, 0x00, 0x00, 0x00, 0x00, 0x00, 0x00, 0x00,
  0x00, 0x00, 0x00, 0x00, 0x00, 0x00, 0x00, 0x00, 0x00, 0x00, 0x00, 0x00,
  0x00, 0x00, 0x00, 0x00, 0x00, 0x00, 0x00, 0x00, 0x00, 0x00, 0x00, 0x00,
  0x00, 0x00, 0x00, 0x00, 0x00, 0x00, 0x00, 0x00, 0x00, 0x00, 0x00, 0x00,
  0x00, 0x00, 0x00, 0x00, 0x00, 0x00, 0x00, 0x00, 0x00, 0x00, 0x00, 0x00,
  0x00, 0x00, 0x00, 0x00, 0x00, 0x00, 0x00, 0x00, 0x00, 0x00, 0x00, 0x00,
  0x00, 0x00, 0x00, 0x00, 0x00, 0x00, 0x00, 0x00, 0x00, 0x00, 0x00, 0x00,
  0x00, 0x00, 0x00, 0x00, 0x00, 0x00, 0x00, 0x00, 0x00, 0x00, 0x00, 0x00,
  0x00, 0x00, 0x00, 0x00, 0x00, 0x00, 0x00, 0x00, 0x00, 0x00, 0x00, 0x00,
  0x00, 0x00, 0x00, 0x00, 0x00, 0x00, 0x00, 0x00, 0x00, 0x00, 0x00, 0x00,
  0x00, 0x00, 0x00, 0x00, 0x00, 0x00, 0x00, 0x00, 0x00, 0x00, 0x00, 0x00,
  0x00, 0x00, 0x00, 0x00, 0x00, 0x00, 0x00, 0x00, 0x00, 0x00, 0x00, 0x00,
  0x00, 0x00, 0x00, 0x00, 0x00, 0x00, 0x00, 0x00, 0x00, 0x00, 0x00, 0x00,
  0x00, 0x00, 0x00, 0x00, 0x00, 0x00, 0xfe, 0x92, 0xfe, 0x93, 0xfe, 0x93,
  0xfe, 0x93, 0xfe, 0x93, 0xfe, 0x93, 0xfe, 0x93, 0xfe, 0x93, 0xfe, 0x93,
  0xfe, 0x93, 0xfe, 0x93, 0xfe, 0x93, 0xfe, 0x93, 0xfe, 0x93, 0xfe, 0x93,
  0xfe, 0x93, 0xfe, 0x93, 0xfd, 0x8f, 0xfd, 0x4e, 0xfc, 0xed, 0xfc, 0x8c,
  0xfb, 0xaa, 0xf3, 0x28, 0xf2, 0x86, 0xea, 0x04, 0xf2, 0x66, 0xfa, 0xa7,
  0xfa, 0xe8, 0xfb, 0x69, 0xfc, 0x0b, 0xfc, 0xad, 0xfd, 0x0f, 0xfd, 0x70,
  0xfd, 0x90, 0xfd, 0xd0, 0xfd, 0xd0, 0xfd, 0xf1, 0xfe, 0x11, 0xfe, 0x32,
  0xfe, 0x53, 0xfe, 0x73, 0xfe, 0x73, 0xfe, 0x32, 0xfe, 0x52, 0xfe, 0x53,
  0xfe, 0x93, 0xfe, 0xb4, 0xfe, 0xd5, 0xfe, 0xf5, 0xff, 0x15, 0xfe, 0xf6,
  0xfe, 0xd6, 0xfe, 0xb5, 0xfe, 0x95, 0x00, 0x00, 0x00, 0x00, 0x00, 0x00,
  0x00, 0x00, 0x00, 0x00, 0x00, 0x00, 0x00, 0x00, 0x00, 0x00, 0x00, 0x00,
  0x00, 0x00, 0x00, 0x00, 0x00, 0x00, 0x00, 0x00, 0x00, 0x00, 0x00, 0x00,
  0x00, 0x00, 0x00, 0x00, 0x00, 0x00, 0x00, 0x00, 0x00, 0x00, 0x00, 0x00,
  0x00, 0x00, 0x00, 0x00, 0x00, 0x00, 0x00, 0x00, 0x00, 0x00, 0x00, 0x00,
  0x00, 0x00, 0x00, 0x00, 0x00, 0x00, 0x00, 0x00, 0x00, 0x00, 0x00, 0x00,
  0x00, 0x00, 0x00, 0x00, 0x00, 0x00, 0x00, 0x00, 0x00, 0x00, 0x00, 0x00,
  0x00, 0x00, 0x00, 0x00, 0x00, 0x00, 0x00, 0x00, 0x00, 0x00, 0x00, 0x00,
  0x00, 0x00, 0x00, 0x00, 0x00, 0x00, 0x00, 0x00, 0x00, 0x00, 0x00, 0x00,
  0x00, 0x00, 0x00, 0x00, 0x00, 0x00, 0x00, 0x00, 0x00, 0x00, 0x00, 0x00,
  0x00, 0x00, 0x00, 0x00, 0x00, 0x00, 0x00, 0x00, 0x00, 0x00, 0x00, 0x00,
  0x00, 0x00, 0x00, 0x00, 0x00, 0x00, 0x00, 0x00, 0x00, 0x00, 0x00, 0x00,
  0x00, 0x00, 0x00, 0x00, 0x00, 0x00, 0x00, 0x00, 0x00, 0x00, 0x00, 0x00,
  0x00, 0x00, 0x00, 0x00, 0x00, 0x00, 0x00, 0x00, 0x00, 0x00, 0x00, 0x00,
  0x00, 0x00, 0x00, 0x00, 0x00, 0x00, 0x00, 0x00, 0x00, 0x00, 0x00, 0x00,
  0x00, 0x00, 0x00, 0x00, 0x00, 0x00, 0x00, 0x00, 0x00, 0x00, 0x00, 0x00,
  0x00, 0x00, 0x00, 0x00, 0x00, 0x00, 0x00, 0x00, 0x00, 0x00, 0x00, 0x00,
  0x00, 0x00, 0x00, 0x00, 0x00, 0x00, 0x00, 0x00, 0x00, 0x00, 0x00, 0x00,
  0x00, 0x00, 0x00, 0x00, 0x00, 0x00, 0x00, 0x00, 0x00, 0x00, 0x00, 0x00,
  0x00, 0x00, 0x00, 0x00, 0x00, 0x00, 0x00, 0x00, 0x00, 0x00, 0x00, 0x00,
  0x00, 0x00, 0x00, 0x00, 0x00, 0x00, 0x00, 0x00, 0x00, 0x00, 0x00, 0x00,
  0x00, 0x00, 0x00, 0x00, 0x00, 0x00, 0x00, 0x00, 0x00, 0x00, 0x00, 0x00,
  0x00, 0x00, 0x00, 0x00, 0x00, 0x00, 0x00, 0x00, 0x00, 0x00, 0x00, 0x00,
  0x00, 0x00, 0x00, 0x00, 0x00, 0x00, 0x00, 0x00, 0x00, 0x00, 0x00, 0x00,
  0x00, 0x00, 0x00, 0x00, 0x00, 0x00, 0x00, 0x00, 0x00, 0x00, 0x00, 0x00,
  0x00, 0x00, 0x00, 0x00, 0x00, 0x00, 0x00, 0x00, 0x00, 0x00, 0x00, 0x00,
  0x00, 0x00, 0x00, 0x00, 0x00, 0x00, 0x00, 0x00, 0x00, 0x00, 0x00, 0x00,
  0x00, 0x00, 0x00, 0x00, 0x00, 0x00, 0x00, 0x00, 0x00, 0x00, 0x00, 0x00,
  0x00, 0x00, 0x00, 0x00, 0x00, 0x00, 0x00, 0x00, 0x00, 0x00, 0x00, 0x00,
  0x00, 0x00, 0x00, 0x00, 0x00, 0x00, 0x00, 0x00, 0x00, 0x00, 0x00, 0x00,
  0x00, 0x00, 0x00, 0x00, 0x00, 0x00, 0x00, 0x00, 0x00, 0x00, 0xfe, 0xb3,
  0xfe, 0x93, 0xfe, 0x93, 0xfe, 0x92, 0xfe, 0x92, 0xfe, 0x93, 0xfe, 0x93,
  0xfe, 0x93, 0xfe, 0x93, 0xfe, 0x93, 0xfe, 0x93, 0xfe, 0x93, 0xfe, 0x93,
  0xfe, 0x93, 0xfe, 0x93, 0xfe, 0x93, 0xfe, 0x93, 0xfe, 0x93, 0xfe, 0x93,
  0xfe, 0x93, 0xfe, 0x93, 0xfd, 0xf1, 0xfd, 0xb0, 0xfd, 0x2e, 0xfc, 0xac,
  0xfb, 0xea, 0xf3, 0x48, 0xea, 0xc6, 0xea, 0x65, 0xea, 0x86, 0xf2, 0xa7,
  0xfa, 0xe7, 0xfb, 0x29, 0xfb, 0xaa, 0xfc, 0x2b, 0xfc, 0x6c, 0xfc, 0xad,
  0xfd, 0x0e, 0xfd, 0x6f, 0xfd, 0x6f, 0xfd, 0x90, 0xfd, 0xb0, 0xfd, 0xd1,
  0xfd, 0xf1, 0xfe, 0x12, 0xfe, 0x12, 0xfe, 0x12, 0xfe, 0x32, 0xfe, 0x32,
  0xfe, 0x73, 0xfe, 0x94, 0xfe, 0xb4, 0xfe, 0xb4, 0xfe, 0xd5, 0xfe, 0xf6,
  0xfe, 0xd6, 0xfe, 0xd5, 0xfe, 0xb5, 0xfe, 0x74, 0xfe, 0x54, 0xfe, 0x33,
  0xfe, 0x53, 0x00, 0x00, 0x00, 0x00, 0x00, 0x00, 0x00, 0x00, 0x00, 0x00,
  0x00, 0x00, 0x00, 0x00, 0x00, 0x00, 0x00, 0x00, 0x00, 0x00, 0x00, 0x00,
  0x00, 0x00, 0x00, 0x00, 0x00, 0x00, 0x00, 0x00, 0x00, 0x00, 0x00, 0x00,
  0x00, 0x00, 0x00, 0x00, 0x00, 0x00, 0x00, 0x00, 0x00, 0x00, 0x00, 0x00,
  0x00, 0x00, 0x00, 0x00, 0x00, 0x00, 0x00, 0x00, 0x00, 0x00, 0x00, 0x00,
  0x00, 0x00, 0x00, 0x00, 0x00, 0x00, 0x00, 0x00, 0x00, 0x00, 0x00, 0x00,
  0x00, 0x00, 0x00, 0x00, 0x00, 0x00, 0x00, 0x00, 0x00, 0x00, 0x00, 0x00,
  0x00, 0x00, 0x00, 0x00, 0x00, 0x00, 0x00, 0x00, 0x00, 0x00, 0x00, 0x00,
  0x00, 0x00, 0x00, 0x00, 0x00, 0x00, 0x00, 0x00, 0x00, 0x00, 0x00, 0x00,
  0x00, 0x00, 0x00, 0x00, 0x00, 0x00, 0x00, 0x00, 0x00, 0x00, 0x00, 0x00,
  0x00, 0x00, 0x00, 0x00, 0x00, 0x00, 0x00, 0x00, 0x00, 0x00, 0x00, 0x00,
  0x00, 0x00, 0x00, 0x00, 0x00, 0x00, 0x00, 0x00, 0x00, 0x00, 0x00, 0x00,
  0x00, 0x00, 0x00, 0x00, 0x00, 0x00, 0x00, 0x00, 0x00, 0x00, 0x00, 0x00,
  0x00, 0x00, 0x00, 0x00, 0x00, 0x00, 0x00, 0x00, 0x00, 0x00, 0x00, 0x00,
  0x00, 0x00, 0x00, 0x00, 0x00, 0x00, 0x00, 0x00, 0x00, 0x00, 0x00, 0x00,
  0x00, 0x00, 0x00, 0x00, 0x00, 0x00, 0x00, 0x00, 0x00, 0x00, 0x00, 0x00,
  0x00, 0x00, 0x00, 0x00, 0x00, 0x00, 0x00, 0x00, 0x00, 0x00, 0x00, 0x00,
  0x00, 0x00, 0x00, 0x00, 0x00, 0x00, 0x00, 0x00, 0x00, 0x00, 0x00, 0x00,
  0x00, 0x00, 0x00, 0x00, 0x00, 0x00, 0x00, 0x00, 0x00, 0x00, 0x00, 0x00,
  0x00, 0x00, 0x00, 0x00, 0x00, 0x00, 0x00, 0x00, 0x00, 0x00, 0x00, 0x00,
  0x00, 0x00, 0x00, 0x00, 0x00, 0x00, 0x00, 0x00, 0x00, 0x00, 0x00, 0x00,
  0x00, 0x00, 0x00, 0x00, 0x00, 0x00, 0x00, 0x00, 0x00, 0x00, 0x00, 0x00,
  0x00, 0x00, 0x00, 0x00, 0x00, 0x00, 0x00, 0x00, 0x00, 0x00, 0x00, 0x00,
  0x00, 0x00, 0x00, 0x00, 0x00, 0x00, 0x00, 0x00, 0x00, 0x00, 0x00, 0x00,
  0x00, 0x00, 0x00, 0x00, 0x00, 0x00, 0x00, 0x00, 0x00, 0x00, 0x00, 0x00,
  0x00, 0x00, 0x00, 0x00, 0x00, 0x00, 0x00, 0x00, 0x00, 0x00, 0x00, 0x00,
  0x00, 0x00, 0x00, 0x00, 0x00, 0x00, 0x00, 0x00, 0x00, 0x00, 0x00, 0x00,
  0x00, 0x00, 0x00, 0x00, 0x00, 0x00, 0x00, 0x00, 0x00, 0x00, 0x00, 0x00,
  0x00, 0x00, 0x00, 0x00, 0x00, 0x00, 0x00, 0x00, 0x00, 0x00, 0x00, 0x00,
  0x00, 0x00, 0x00, 0x00, 0xfe, 0xb4, 0xfe, 0xb4, 0xfe, 0xb3, 0xfe, 0xb3,
  0xfe, 0x93, 0xfe, 0x93, 0xfe, 0x92, 0xfe, 0x92, 0xfe, 0x93, 0xfe, 0x93,
  0xfe, 0x93, 0xfe, 0x93, 0xfe, 0x93, 0xfe, 0x93, 0xfe, 0x93, 0xfe, 0x93,
  0xfe, 0x93, 0xfe, 0x93, 0xfe, 0x93, 0xfe, 0x93, 0xfe, 0x93, 0xfe, 0x93,
  0xfe, 0x93, 0xfe, 0x93, 0xfe, 0x93, 0xfe, 0x52, 0xfd, 0xd0, 0xfd, 0x4e,
  0xfc, 0x8c, 0xeb, 0xe9, 0xeb, 0x48, 0xe2, 0xe7, 0xe2, 0x86, 0xe2, 0x85,
  0xea, 0xa6, 0xf2, 0xc7, 0xfb, 0x08, 0xfb, 0x28, 0xfb, 0x69, 0xfb, 0x69,
  0xfc, 0x0b, 0xfc, 0xad, 0xfc, 0xad, 0xfc, 0xce, 0xfc, 0xee, 0xfd, 0x0f,
  0xfd, 0x2f, 0xfd, 0x2f, 0xfd, 0x50, 0xfd, 0x91, 0xfd, 0xb1, 0xfd, 0xb1,
  0xfd, 0xf2, 0xfe, 0x12, 0xfe, 0x33, 0xfe, 0x33, 0xfe, 0x54, 0xfe, 0xd5,
  0xfe, 0xd5, 0xfe, 0xb4, 0xfe, 0x94, 0xfe, 0x94, 0xfe, 0x73, 0xfe, 0x53,
  0xfe, 0x73, 0xfd, 0xb0, 0xfd, 0x0e, 0xfc, 0x8c, 0x00, 0x00, 0x00, 0x00,
  0x00, 0x00, 0x00, 0x00, 0x00, 0x00, 0x00, 0x00, 0x00, 0x00, 0x00, 0x00,
  0x00, 0x00, 0x00, 0x00, 0x00, 0x00, 0x00, 0x00, 0x00, 0x00, 0x00, 0x00,
  0x00, 0x00, 0x00, 0x00, 0x00, 0x00, 0x00, 0x00, 0x00, 0x00, 0x00, 0x00,
  0x00, 0x00, 0x00, 0x00, 0x00, 0x00, 0x00, 0x00, 0x00, 0x00, 0x00, 0x00,
  0x00, 0x00, 0x00, 0x00, 0x00, 0x00, 0x00, 0x00, 0x00, 0x00, 0x00, 0x00,
  0x00, 0x00, 0x00, 0x00, 0x00, 0x00, 0x00, 0x00, 0x00, 0x00, 0x00, 0x00,
  0x00, 0x00, 0x00, 0x00, 0x00, 0x00, 0x00, 0x00, 0x00, 0x00, 0x00, 0x00,
  0x00, 0x00, 0x00, 0x00, 0x00, 0x00, 0x00, 0x00, 0x00, 0x00, 0x00, 0x00,
  0x00, 0x00, 0x00, 0x00, 0x00, 0x00, 0x00, 0x00, 0x00, 0x00, 0x00, 0x00,
  0x00, 0x00, 0x00, 0x00, 0x00, 0x00, 0x00, 0x00, 0x00, 0x00, 0x00, 0x00,
  0x00, 0x00, 0x00, 0x00, 0x00, 0x00, 0x00, 0x00, 0x00, 0x00, 0x00, 0x00,
  0x00, 0x00, 0x00, 0x00, 0x00, 0x00, 0x00, 0x00, 0x00, 0x00, 0x00, 0x00,
  0x00, 0x00, 0x00, 0x00, 0x00, 0x00, 0x00, 0x00, 0x00, 0x00, 0x00, 0x00,
  0x00, 0x00, 0x00, 0x00, 0x00, 0x00, 0x00, 0x00, 0x00, 0x00, 0x00, 0x00,
  0x00, 0x00, 0x00, 0x00, 0x00, 0x00, 0x00, 0x00, 0x00, 0x00, 0x00, 0x00,
  0x00, 0x00, 0x00, 0x00, 0x00, 0x00, 0x00, 0x00, 0x00, 0x00, 0x00, 0x00,
  0x00, 0x00, 0x00, 0x00, 0x00, 0x00, 0x00, 0x00, 0x00, 0x00, 0x00, 0x00,
  0x00, 0x00, 0x00, 0x00, 0x00, 0x00, 0x00, 0x00, 0x00, 0x00, 0x00, 0x00,
  0x00, 0x00, 0x00, 0x00, 0x00, 0x00, 0x00, 0x00, 0x00, 0x00, 0x00, 0x00,
  0x00, 0x00, 0x00, 0x00, 0x00, 0x00, 0x00, 0x00, 0x00, 0x00, 0x00, 0x00,
  0x00, 0x00, 0x00, 0x00, 0x00, 0x00, 0x00, 0x00, 0x00, 0x00, 0x00, 0x00,
  0x00, 0x00, 0x00, 0x00, 0x00, 0x00, 0x00, 0x00, 0x00, 0x00, 0x00, 0x00,
  0x00, 0x00, 0x00, 0x00, 0x00, 0x00, 0x00, 0x00, 0x00, 0x00, 0x00, 0x00,
  0x00, 0x00, 0x00, 0x00, 0x00, 0x00, 0x00, 0x00, 0x00, 0x00, 0x00, 0x00,
  0x00, 0x00, 0x00, 0x00, 0x00, 0x00, 0x00, 0x00, 0x00, 0x00, 0x00, 0x00,
  0x00, 0x00, 0x00, 0x00, 0x00, 0x00, 0x00, 0x00, 0x00, 0x00, 0x00, 0x00,
  0x00, 0x00, 0x00, 0x00, 0x00, 0x00, 0x00, 0x00, 0x00, 0x00, 0x00, 0x00,
  0x00, 0x00, 0x00, 0x00, 0x00, 0x00, 0x00, 0x00, 0x00, 0x00, 0xfe, 0xf6,
  0xfe, 0xf6, 0xfe, 0xd5, 0xfe, 0xb4, 0xfe, 0xb4, 0xfe, 0xb3, 0xfe, 0xb3,
  0xfe, 0x93, 0xfe, 0x93, 0xfe, 0x92, 0xfe, 0x92, 0xfe, 0x93, 0xfe, 0x93,
  0xfe, 0x93, 0xfe, 0x93, 0xfe, 0x93, 0xfe, 0x93, 0xfe, 0x93, 0xfe, 0x93,
  0xfe, 0x93, 0xfe, 0x93, 0xfe, 0x93, 0xfe, 0x93, 0xfe, 0x93, 0xfe, 0x93,
  0xfe, 0x93, 0xfe, 0x93, 0xfe, 0xd4, 0xfe, 0xb4, 0xfe, 0x32, 0xfd, 0xd0,
  0xfd, 0x0e, 0xfc, 0x6c, 0xfb, 0xca, 0xf3, 0xa9, 0xe2, 0xe6, 0xda, 0x85,
  0xe2, 0x86, 0xea, 0x86, 0xea, 0xa6, 0xea, 0xa6, 0xea, 0xc6, 0xf2, 0xa6,
  0xf3, 0x28, 0xf4, 0x0a, 0xf3, 0xea, 0xfc, 0x0b, 0xfc, 0x2b, 0xfc, 0x4c,
  0xfc, 0x6c, 0xfc, 0x8d, 0xfc, 0xad, 0xfd, 0x0f, 0xfd, 0x0f, 0xfd, 0x2f,
  0xfd, 0x50, 0xfd, 0x70, 0xfd, 0xb1, 0xfd, 0xb1, 0xfd, 0xb2, 0xfe, 0x53,
  0xfe, 0x73, 0xfe, 0x53, 0xfe, 0x53, 0xfe, 0x53, 0xfe, 0x53, 0xfe, 0x33,
  0xfe, 0x53, 0xfd, 0xd1, 0xfd, 0x2e, 0xfc, 0xac, 0xe3, 0xe9, 0xd3, 0x27,
  0xc2, 0xa5, 0x00, 0x00, 0x00, 0x00, 0x00, 0x00, 0x00, 0x00, 0x00, 0x00,
  0x00, 0x00, 0x00, 0x00, 0x00, 0x00, 0x00, 0x00, 0x00, 0x00, 0x00, 0x00,
  0x00, 0x00, 0x00, 0x00, 0x00, 0x00, 0x00, 0x00, 0x00, 0x00, 0x00, 0x00,
  0x00, 0x00, 0x00, 0x00, 0x00, 0x00, 0x00, 0x00, 0x00, 0x00, 0x00, 0x00,
  0x00, 0x00, 0x00, 0x00, 0x00, 0x00, 0x00, 0x00, 0x00, 0x00, 0x00, 0x00,
  0x00, 0x00, 0x00, 0x00, 0x00, 0x00, 0x00, 0x00, 0x00, 0x00, 0x00, 0x00,
  0x00, 0x00, 0x00, 0x00, 0x00, 0x00, 0x00, 0x00, 0x00, 0x00, 0x00, 0x00,
  0x00, 0x00, 0x00, 0x00, 0x00, 0x00, 0x00, 0x00, 0x00, 0x00, 0x00, 0x00,
  0x00, 0x00, 0x00, 0x00, 0x00, 0x00, 0x00, 0x00, 0x00, 0x00, 0x00, 0x00,
  0x00, 0x00, 0x00, 0x00, 0x00, 0x00, 0x00, 0x00, 0x00, 0x00, 0x00, 0x00,
  0x00, 0x00, 0x00, 0x00, 0x00, 0x00, 0x00, 0x00, 0x00, 0x00, 0x00, 0x00,
  0x00, 0x00, 0x00, 0x00, 0x00, 0x00, 0x00, 0x00, 0x00, 0x00, 0x00, 0x00,
  0x00, 0x00, 0x00, 0x00, 0x00, 0x00, 0x00, 0x00, 0x00, 0x00, 0x00, 0x00,
  0x00, 0x00, 0x00, 0x00, 0x00, 0x00, 0x00, 0x00, 0x00, 0x00, 0x00, 0x00,
  0x00, 0x00, 0x00, 0x00, 0x00, 0x00, 0x00, 0x00, 0x00, 0x00, 0x00, 0x00,
  0x00, 0x00, 0x00, 0x00, 0x00, 0x00, 0x00, 0x00, 0x00, 0x00, 0x00, 0x00,
  0x00, 0x00, 0x00, 0x00, 0x00, 0x00, 0x00, 0x00, 0x00, 0x00, 0x00, 0x00,
  0x00, 0x00, 0x00, 0x00, 0x00, 0x00, 0x00, 0x00, 0x00, 0x00, 0x00, 0x00,
  0x00, 0x00, 0x00, 0x00, 0x00, 0x00, 0x00, 0x00, 0x00, 0x00, 0x00, 0x00,
  0x00, 0x00, 0x00, 0x00, 0x00, 0x00, 0x00, 0x00, 0x00, 0x00, 0x00, 0x00,
  0x00, 0x00, 0x00, 0x00, 0x00, 0x00, 0x00, 0x00, 0x00, 0x00, 0x00, 0x00,
  0x00, 0x00, 0x00, 0x00, 0x00, 0x00, 0x00, 0x00, 0x00, 0x00, 0x00, 0x00,
  0x00, 0x00, 0x00, 0x00, 0x00, 0x00, 0x00, 0x00, 0x00, 0x00, 0x00, 0x00,
  0x00, 0x00, 0x00, 0x00, 0x00, 0x00, 0x00, 0x00, 0x00, 0x00, 0x00, 0x00,
  0x00, 0x00, 0x00, 0x00, 0x00, 0x00, 0x00, 0x00, 0x00, 0x00, 0x00, 0x00,
  0x00, 0x00, 0x00, 0x00, 0x00, 0x00, 0x00, 0x00, 0x00, 0x00, 0x00, 0x00,
  0x00, 0x00, 0x00, 0x00, 0x00, 0x00, 0x00, 0x00, 0x00, 0x00, 0x00, 0x00,
  0x00, 0x00, 0x00, 0x00, 0xff, 0x79, 0xff, 0x38, 0xff, 0x17, 0xfe, 0xf6,
  0xfe, 0xf6, 0xfe, 0xd5, 0xfe, 0xb4, 0xfe, 0xb4, 0xfe, 0xb3, 0xfe, 0xb3,
  0xfe, 0x93, 0xfe, 0x93, 0xfe, 0x92, 0xfe, 0x92, 0xfe, 0x93, 0xfe, 0x93,
  0xfe, 0x93, 0xfe, 0x93, 0xfe, 0x93, 0xfe, 0x93, 0xfe, 0x93, 0xfe, 0x93,
  0xfe, 0x93, 0xfe, 0x93, 0xfe, 0x93, 0xfe, 0x93, 0xfe, 0x93, 0xfe, 0x93,
  0xfe, 0x93, 0xfe, 0x93, 0xff, 0x15, 0xfe, 0xf4, 0xfe, 0xb3, 0xfe, 0x52,
  0xfd, 0xd0, 0xfd, 0x6e, 0xfd, 0x0d, 0xfc, 0xed, 0xe3, 0xc9, 0xd3, 0x26,
  0xe3, 0x07, 0xe2, 0xc6, 0xea, 0x86, 0xea, 0x45, 0xea, 0x25, 0xf1, 0xe4,
  0xea, 0x46, 0xeb, 0x08, 0xf2, 0xe8, 0xf3, 0x08, 0xf3, 0x29, 0xfb, 0x69,
  0xfb, 0x8a, 0xfb, 0x8a, 0xfb, 0xaa, 0xfc, 0x0c, 0xfc, 0x0c, 0xfc, 0x2c,
  0xfc, 0x4d, 0xfc, 0x6d, 0xfc, 0x8e, 0xfc, 0xae, 0xfc, 0xaf, 0xfd, 0x90,
  0xfd, 0x90, 0xfd, 0xb0, 0xfd, 0xb0, 0xfd, 0xb0, 0xfd, 0xd0, 0xfd, 0xd1,
  0xfd, 0xd1, 0xfd, 0x90, 0xfd, 0x2e, 0xfc, 0x8c, 0xeb, 0xc9, 0xd3, 0x26,
  0xc2, 0xa4, 0xba, 0x63, 0xba, 0x63, 0xa2, 0x03, 0x00, 0x00, 0x00, 0x00,
  0x00, 0x00, 0x00, 0x00, 0x00, 0x00, 0x00, 0x00, 0x00, 0x00, 0x00, 0x00,
  0x00, 0x00, 0x00, 0x00, 0x00, 0x00, 0x00, 0x00, 0x00, 0x00, 0x00, 0x00,
  0x00, 0x00, 0x00, 0x00, 0x00, 0x00, 0x00, 0x00, 0x00, 0x00, 0x00, 0x00,
  0x00, 0x00, 0x00, 0x00, 0x00, 0x00, 0x00, 0x00, 0x00, 0x00, 0x00, 0x00,
  0x00, 0x00, 0x00, 0x00, 0x00, 0x00, 0x00, 0x00, 0x00, 0x00, 0x00, 0x00,
  0x00, 0x00, 0x00, 0x00, 0x00, 0x00, 0x00, 0x00, 0x00, 0x00, 0x00, 0x00,
  0x00, 0x00, 0x00, 0x00, 0x00, 0x00, 0x00, 0x00, 0x00, 0x00, 0x00, 0x00,
  0x00, 0x00, 0x00, 0x00, 0x00, 0x00, 0x00, 0x00, 0x00, 0x00, 0x00, 0x00,
  0x00, 0x00, 0x00, 0x00, 0x00, 0x00, 0x00, 0x00, 0x00, 0x00, 0x00, 0x00,
  0x00, 0x00, 0x00, 0x00, 0x00, 0x00, 0x00, 0x00, 0x00, 0x00, 0x00, 0x00,
  0x00, 0x00, 0x00, 0x00, 0x00, 0x00, 0x00, 0x00, 0x00, 0x00, 0x00, 0x00,
  0x00, 0x00, 0x00, 0x00, 0x00, 0x00, 0x00, 0x00, 0x00, 0x00, 0x00, 0x00,
  0x00, 0x00, 0x00, 0x00, 0x00, 0x00, 0x00, 0x00, 0x00, 0x00, 0x00, 0x00,
  0x00, 0x00, 0x00, 0x00, 0x00, 0x00, 0x00, 0x00, 0x00, 0x00, 0x00, 0x00,
  0x00, 0x00, 0x00, 0x00, 0x00, 0x00, 0x00, 0x00, 0x00, 0x00, 0x00, 0x00,
  0x00, 0x00, 0x00, 0x00, 0x00, 0x00, 0x00, 0x00, 0x00, 0x00, 0x00, 0x00,
  0x00, 0x00, 0x00, 0x00, 0x00, 0x00, 0x00, 0x00, 0x00, 0x00, 0x00, 0x00,
  0x00, 0x00, 0x00, 0x00, 0x00, 0x00, 0x00, 0x00, 0x00, 0x00, 0x00, 0x00,
  0x00, 0x00, 0x00, 0x00, 0x00, 0x00, 0x00, 0x00, 0x00, 0x00, 0x00, 0x00,
  0x00, 0x00, 0x00, 0x00, 0x00, 0x00, 0x00, 0x00, 0x00, 0x00, 0x00, 0x00,
  0x00, 0x00, 0x00, 0x00, 0x00, 0x00, 0x00, 0x00, 0x00, 0x00, 0x00, 0x00,
  0x00, 0x00, 0x00, 0x00, 0x00, 0x00, 0x00, 0x00, 0x00, 0x00, 0x00, 0x00,
  0x00, 0x00, 0x00, 0x00, 0x00, 0x00, 0x00, 0x00, 0x00, 0x00, 0x00, 0x00,
  0x00, 0x00, 0x00, 0x00, 0x00, 0x00, 0x00, 0x00, 0x00, 0x00, 0x00, 0x00,
  0x00, 0x00, 0x00, 0x00, 0x00, 0x00, 0x00, 0x00, 0x00, 0x00, 0x00, 0x00,
  0x00, 0x00, 0x00, 0x00, 0x00, 0x00, 0x00, 0x00, 0x00, 0x00, 0xff, 0xba,
  0xff, 0xbb, 0xff, 0x9a, 0xff, 0x79, 0xff, 0x38, 0xff, 0x17, 0xfe, 0xf6,
  0xfe, 0xf6, 0xfe, 0xd5, 0xfe, 0xb4, 0xfe, 0xb4, 0xfe, 0xb3, 0xfe, 0xb3,
  0xfe, 0x93, 0xfe, 0x93, 0xfe, 0x92, 0xfe, 0x92, 0xfe, 0x93, 0xfe, 0x93,
  0xfe, 0x93, 0xfe, 0x93, 0xfe, 0x93, 0xfe, 0x93, 0xfe, 0x93, 0xfe, 0x93,
  0xfe, 0x93, 0xfe, 0x93, 0xfe, 0x93, 0xfe, 0x93, 0xfe, 0x93, 0xfe, 0x93,
  0xfe, 0x93, 0xfe, 0x93, 0xfe, 0xf4, 0xfe, 0xd4, 0xfe, 0xb3, 0xfe, 0x93,
  0xfe, 0x52, 0xfe, 0x31, 0xfd, 0xf1, 0xfe, 0x11, 0xf4, 0x8c, 0xe3, 0xa9,
  0xf3, 0x89, 0xf3, 0x48, 0xf2, 0xc7, 0xf2, 0x65, 0xea, 0x05, 0xf1, 0xc4,
  0xe2, 0x04, 0xda, 0x65, 0xda, 0x45, 0xda, 0x66, 0xe2, 0x86, 0xea, 0xc7,
  0xea, 0xe7, 0xea, 0xe7, 0xf3, 0x08, 0xfb, 0x28, 0xfb, 0x29, 0xfb, 0x49,
  0xfb, 0x6a, 0xfb, 0x8a, 0xfb, 0xab, 0xfb, 0xcb, 0xfb, 0xeb, 0xfc, 0x8c,
  0xfc, 0x8c, 0xfc, 0xac, 0xfc, 0xcc, 0xfc, 0xed, 0xfd, 0x0d, 0xfd, 0x0e,
  0xfd, 0x2e, 0xfd, 0x2e, 0xfc, 0xed, 0xf4, 0x4b, 0xe3, 0x88, 0xca, 0xe5,
  0xba, 0x63, 0xb2, 0x22, 0xb2, 0x01, 0x99, 0xe3, 0x81, 0xc5, 0x89, 0xc4,
  0x89, 0xc5, 0x00, 0x00, 0x00, 0x00, 0x00, 0x00, 0x00, 0x00, 0x00, 0x00,
  0x00, 0x00, 0x00, 0x00, 0x00, 0x00, 0x00, 0x00, 0x00, 0x00, 0x00, 0x00,
  0x00, 0x00, 0x00, 0x00, 0x00, 0x00, 0x00, 0x00, 0x00, 0x00, 0x00, 0x00,
  0x00, 0x00, 0x00, 0x00, 0x00, 0x00, 0x00, 0x00, 0x00, 0x00, 0x00, 0x00,
  0x00, 0x00, 0x00, 0x00, 0x00, 0x00, 0x00, 0x00, 0x00, 0x00, 0x00, 0x00,
  0x00, 0x00, 0x00, 0x00, 0x00, 0x00, 0x00, 0x00, 0x00, 0x00, 0x00, 0x00,
  0x00, 0x00, 0x00, 0x00, 0x00, 0x00, 0x00, 0x00, 0x00, 0x00, 0x00, 0x00,
  0x00, 0x00, 0x00, 0x00, 0x00, 0x00, 0x00, 0x00, 0x00, 0x00, 0x00, 0x00,
  0x00, 0x00, 0x00, 0x00, 0x00, 0x00, 0x00, 0x00, 0x00, 0x00, 0x00, 0x00,
  0x00, 0x00, 0x00, 0x00, 0x00, 0x00, 0x00, 0x00, 0x00, 0x00, 0x00, 0x00,
  0x00, 0x00, 0x00, 0x00, 0x00, 0x00, 0x00, 0x00, 0x00, 0x00, 0x00, 0x00,
  0x00, 0x00, 0x00, 0x00, 0x00, 0x00, 0x00, 0x00, 0x00, 0x00, 0x00, 0x00,
  0x00, 0x00, 0x00, 0x00, 0x00, 0x00, 0x00, 0x00, 0x00, 0x00, 0x00, 0x00,
  0x00, 0x00, 0x00, 0x00, 0x00, 0x00, 0x00, 0x00, 0x00, 0x00, 0x00, 0x00,
  0x00, 0x00, 0x00, 0x00, 0x00, 0x00, 0x00, 0x00, 0x00, 0x00, 0x00, 0x00,
  0x00, 0x00, 0x00, 0x00, 0x00, 0x00, 0x00, 0x00, 0x00, 0x00, 0x00, 0x00,
  0x00, 0x00, 0x00, 0x00, 0x00, 0x00, 0x00, 0x00, 0x00, 0x00, 0x00, 0x00,
  0x00, 0x00, 0x00, 0x00, 0x00, 0x00, 0x00, 0x00, 0x00, 0x00, 0x00, 0x00,
  0x00, 0x00, 0x00, 0x00, 0x00, 0x00, 0x00, 0x00, 0x00, 0x00, 0x00, 0x00,
  0x00, 0x00, 0x00, 0x00, 0x00, 0x00, 0x00, 0x00, 0x00, 0x00, 0x00, 0x00,
  0x00, 0x00, 0x00, 0x00, 0x00, 0x00, 0x00, 0x00, 0x00, 0x00, 0x00, 0x00,
  0x00, 0x00, 0x00, 0x00, 0x00, 0x00, 0x00, 0x00, 0x00, 0x00, 0x00, 0x00,
  0x00, 0x00, 0x00, 0x00, 0x00, 0x00, 0x00, 0x00, 0x00, 0x00, 0x00, 0x00,
  0x00, 0x00, 0x00, 0x00, 0x00, 0x00, 0x00, 0x00, 0x00, 0x00, 0x00, 0x00,
  0x00, 0x00, 0x00, 0x00, 0x00, 0x00, 0x00, 0x00, 0x00, 0x00, 0x00, 0x00,
  0x00, 0x00, 0x00, 0x00, 0x00, 0x00, 0xff, 0x98, 0xff, 0x98, 0xff, 0xba,
  0xff, 0xbb, 0xff, 0x9a, 0xff, 0x79, 0xff, 0x38, 0xff, 0x18, 0xfe, 0xf6,
  0xfe, 0xf6, 0xfe, 0xd5, 0xfe, 0xb4, 0xfe, 0xb4, 0xfe, 0xb3, 0xfe, 0xb3,
  0xfe, 0x93, 0xfe, 0x93, 0xfe, 0x92, 0xfe, 0x92, 0xfe, 0x93, 0xfe, 0x93,
  0xfe, 0x93, 0xfe, 0x93, 0xfe, 0x93, 0xfe, 0x93, 0xfe, 0x93, 0xfe, 0x93,
  0xfe, 0x93, 0xfe, 0x93, 0xfe, 0x93, 0xfe, 0x93, 0xfe, 0x93, 0xfe, 0x93,
  0xfe, 0x93, 0xfe, 0x93, 0xfe, 0xb3, 0xfe, 0xb3, 0xfe, 0xd3, 0xfe, 0xd3,
  0xfe, 0xf4, 0xff, 0x14, 0xfe, 0xf4, 0xff, 0x55, 0xfd, 0x8f, 0xec, 0x8b,
  0xfc, 0x4b, 0xf3, 0xa9, 0xfb, 0x28, 0xfa, 0x86, 0xf2, 0x05, 0xf9, 0xa4,
  0xe9, 0x83, 0xd1, 0x83, 0xd9, 0xa3, 0xd9, 0xa4, 0xe1, 0xe4, 0xe2, 0x05,
  0xea, 0x25, 0xea, 0x46, 0xea, 0x46, 0xea, 0x25, 0xea, 0x46, 0xf2, 0x66,
  0xf2, 0x87, 0xfa, 0xa7, 0xfa, 0xc8, 0xfa, 0xe8, 0xfa, 0xe8, 0xe3, 0x87,
  0xe3, 0xa8, 0xeb, 0xc8, 0xeb, 0xe9, 0xf4, 0x29, 0xfc, 0x4a, 0xfc, 0x6b,
  0xfc, 0x6b, 0xfc, 0xcc, 0xfc, 0xcc, 0xf4, 0x09, 0xdb, 0x46, 0xc2, 0x83,
  0xb2, 0x21, 0xa9, 0xe1, 0xa9, 0xc0, 0x99, 0xc2, 0x81, 0xc5, 0x89, 0xc4,
  0x81, 0xc5, 0x81, 0xc5, 0x81, 0xc5, 0x00, 0x00, 0x00, 0x00, 0x00, 0x00,
  0x00, 0x00, 0x00, 0x00, 0x00, 0x00, 0x00, 0x00, 0x00, 0x00, 0x00, 0x00,
  0x00, 0x00, 0x00, 0x00, 0x00, 0x00, 0x00, 0x00, 0x00, 0x00, 0x00, 0x00,
  0x00, 0x00, 0x00, 0x00, 0x00, 0x00, 0x00, 0x00, 0x00, 0x00, 0x00, 0x00,
  0x00, 0x00, 0x00, 0x00, 0x00, 0x00, 0x00, 0x00, 0x00, 0x00, 0x00, 0x00,
  0x00, 0x00, 0x00, 0x00, 0x00, 0x00, 0x00, 0x00, 0x00, 0x00, 0x00, 0x00,
  0x00, 0x00, 0x00, 0x00, 0x00, 0x00, 0x00, 0x00, 0x00, 0x00, 0x00, 0x00,
  0x00, 0x00, 0x00, 0x00, 0x00, 0x00, 0x00, 0x00, 0x00, 0x00, 0x00, 0x00,
  0x00, 0x00, 0x00, 0x00, 0x00, 0x00, 0x00, 0x00, 0x00, 0x00, 0x00, 0x00,
  0x00, 0x00, 0x00, 0x00, 0x00, 0x00, 0x00, 0x00, 0x00, 0x00, 0x00, 0x00,
  0x00, 0x00, 0x00, 0x00, 0x00, 0x00, 0x00, 0x00, 0x00, 0x00, 0x00, 0x00,
  0x00, 0x00, 0x00, 0x00, 0x00, 0x00, 0x00, 0x00, 0x00, 0x00, 0x00, 0x00,
  0x00, 0x00, 0x00, 0x00, 0x00, 0x00, 0x00, 0x00, 0x00, 0x00, 0x00, 0x00,
  0x00, 0x00, 0x00, 0x00, 0x00, 0x00, 0x00, 0x00, 0x00, 0x00, 0x00, 0x00,
  0x00, 0x00, 0x00, 0x00, 0x00, 0x00, 0x00, 0x00, 0x00, 0x00, 0x00, 0x00,
  0x00, 0x00, 0x00, 0x00, 0x00, 0x00, 0x00, 0x00, 0x00, 0x00, 0x00, 0x00,
  0x00, 0x00, 0x00, 0x00, 0x00, 0x00, 0x00, 0x00, 0x00, 0x00, 0x00, 0x00,
  0x00, 0x00, 0x00, 0x00, 0x00, 0x00, 0x00, 0x00, 0x00, 0x00, 0x00, 0x00,
  0x00, 0x00, 0x00, 0x00, 0x00, 0x00, 0x00, 0x00, 0x00, 0x00, 0x00, 0x00,
  0x00, 0x00, 0x00, 0x00, 0x00, 0x00, 0x00, 0x00, 0x00, 0x00, 0x00, 0x00,
  0x00, 0x00, 0x00, 0x00, 0x00, 0x00, 0x00, 0x00, 0x00, 0x00, 0x00, 0x00,
  0x00, 0x00, 0x00, 0x00, 0x00, 0x00, 0x00, 0x00, 0x00, 0x00, 0x00, 0x00,
  0x00, 0x00, 0x00, 0x00, 0x00, 0x00, 0x00, 0x00, 0x00, 0x00, 0x00, 0x00,
  0x00, 0x00, 0x00, 0x00, 0x00, 0x00, 0x00, 0x00, 0x00, 0x00, 0x00, 0x00,
  0x00, 0x00, 0x00, 0x00, 0x00, 0x00, 0x00, 0x00, 0x00, 0x00, 0x00, 0x00,
  0xff, 0x16, 0xff, 0x37, 0xff, 0x57, 0xff, 0x78, 0xff, 0x98, 0xff, 0x9a,
  0xff, 0x9a, 0xff, 0x79, 0xff, 0x59, 0xff, 0x38, 0xff, 0x17, 0xfe, 0xf6,
  0xfe, 0xf6, 0xfe, 0xd5, 0xfe, 0xb4, 0xfe, 0xb4, 0xfe, 0xb3, 0xfe, 0xb3,
  0xfe, 0x93, 0xfe, 0x93, 0xfe, 0x92, 0xfe, 0x93, 0xfe, 0x93, 0xfe, 0x93,
  0xfe, 0x93, 0xfe, 0x93, 0xfe, 0x93, 0xfe, 0x93, 0xfe, 0x93, 0xfe, 0x93,
  0xfe, 0x93, 0xfe, 0x93, 0xfe, 0x93, 0xfe, 0x93, 0xfe, 0x93, 0xfe, 0x93,
  0xfe, 0x93, 0xfe, 0x93, 0xfe, 0x93, 0xfe, 0x93, 0xfe, 0xb3, 0xfe, 0xf4,
  0xff, 0x35, 0xff, 0x75, 0xff, 0x76, 0xff, 0xd7, 0xfe, 0x11, 0xfd, 0x0d,
  0xfc, 0xcd, 0xfc, 0x2b, 0xfb, 0x89, 0xfa, 0xe8, 0xfa, 0x66, 0xfa, 0x05,
  0xe9, 0xc4, 0xc9, 0x62, 0xd1, 0x83, 0xd1, 0xa3, 0xd9, 0xc4, 0xd9, 0xe4,
  0xe1, 0xe4, 0xe2, 0x05, 0xe2, 0x05, 0xd9, 0xc4, 0xe1, 0xe4, 0xe2, 0x05,
  0xe2, 0x25, 0xea, 0x46, 0xea, 0x66, 0xf2, 0x87, 0xf2, 0x87, 0xdb, 0x06,
  0xd3, 0x26, 0xdb, 0x26, 0xe3, 0x67, 0xe3, 0x88, 0xeb, 0xc8, 0xeb, 0xe9,
  0xf3, 0xe9, 0xfc, 0x6b, 0xfc, 0x6b, 0xeb, 0xc9, 0xd3, 0x06, 0xc2, 0x63,
  0xb1, 0xe1, 0xa9, 0xa0, 0xa9, 0x80, 0x99, 0xa2, 0x81, 0xe5, 0x89, 0xc4,
  0x89, 0xc5, 0x89, 0xc5, 0x89, 0xc5, 0x89, 0xc5, 0x89, 0xc5, 0x89, 0xc5,
  0x00, 0x00, 0x00, 0x00, 0x00, 0x00, 0x00, 0x00, 0x00, 0x00, 0x00, 0x00,
  0x00, 0x00, 0x00, 0x00, 0x00, 0x00, 0x00, 0x00, 0x00, 0x00, 0x00, 0x00,
  0x00, 0x00, 0x00, 0x00, 0x00, 0x00, 0x00, 0x00, 0x00, 0x00, 0x00, 0x00,
  0x00, 0x00, 0x00, 0x00, 0x00, 0x00, 0x00, 0x00, 0x00, 0x00, 0x00, 0x00,
  0x00, 0x00, 0x00, 0x00, 0x00, 0x00, 0x00, 0x00, 0x00, 0x00, 0x00, 0x00,
  0x00, 0x00, 0x00, 0x00, 0x00, 0x00, 0x00, 0x00, 0x00, 0x00, 0x00, 0x00,
  0x00, 0x00, 0x00, 0x00, 0x00, 0x00, 0x00, 0x00, 0x00, 0x00, 0x00, 0x00,
  0x00, 0x00, 0x00, 0x00, 0x00, 0x00, 0x00, 0x00, 0x00, 0x00, 0x00, 0x00,
  0x00, 0x00, 0x00, 0x00, 0x00, 0x00, 0x00, 0x00, 0x00, 0x00, 0x00, 0x00,
  0x00, 0x00, 0x00, 0x00, 0x00, 0x00, 0x00, 0x00, 0x00, 0x00, 0x00, 0x00,
  0x00, 0x00, 0x00, 0x00, 0x00, 0x00, 0x00, 0x00, 0x00, 0x00, 0x00, 0x00,
  0x00, 0x00, 0x00, 0x00, 0x00, 0x00, 0x00, 0x00, 0x00, 0x00, 0x00, 0x00,
  0x00, 0x00, 0x00, 0x00, 0x00, 0x00, 0x00, 0x00, 0x00, 0x00, 0x00, 0x00,
  0x00, 0x00, 0x00, 0x00, 0x00, 0x00, 0x00, 0x00, 0x00, 0x00, 0x00, 0x00,
  0x00, 0x00, 0x00, 0x00, 0x00, 0x00, 0x00, 0x00, 0x00, 0x00, 0x00, 0x00,
  0x00, 0x00, 0x00, 0x00, 0x00, 0x00, 0x00, 0x00, 0x00, 0x00, 0x00, 0x00,
  0x00, 0x00, 0x00, 0x00, 0x00, 0x00, 0x00, 0x00, 0x00, 0x00, 0x00, 0x00,
  0x00, 0x00, 0x00, 0x00, 0x00, 0x00, 0x00, 0x00, 0x00, 0x00, 0x00, 0x00,
  0x00, 0x00, 0x00, 0x00, 0x00, 0x00, 0x00, 0x00, 0x00, 0x00, 0x00, 0x00,
  0x00, 0x00, 0x00, 0x00, 0x00, 0x00, 0x00, 0x00, 0x00, 0x00, 0x00, 0x00,
  0x00, 0x00, 0x00, 0x00, 0x00, 0x00, 0x00, 0x00, 0x00, 0x00, 0x00, 0x00,
  0x00, 0x00, 0x00, 0x00, 0x00, 0x00, 0x00, 0x00, 0x00, 0x00, 0x00, 0x00,
  0x00, 0x00, 0x00, 0x00, 0x00, 0x00, 0x00, 0x00, 0x00, 0x00, 0x00, 0x00,
  0x00, 0x00, 0x00, 0x00, 0x00, 0x00, 0x00, 0x00, 0xff, 0x36, 0xff, 0x36,
  0xff, 0x36, 0xff, 0x16, 0xff, 0x16, 0xfe, 0xf6, 0xfe, 0xf6, 0xfe, 0xd4,
  0xfe, 0xb4, 0xfe, 0xb4, 0xfe, 0xb4, 0xfe, 0xb4, 0xfe, 0xd4, 0xfe, 0xd4,
  0xfe, 0xd4, 0xfe, 0xb4, 0xfe, 0xb4, 0xfe, 0xb4, 0xfe, 0xb4, 0xfe, 0xb4,
  0xfe, 0xb4, 0xfe, 0xb4, 0xfe, 0xb4, 0xfe, 0x94, 0xfe, 0x53, 0xfe, 0x73,
  0xfe, 0x73, 0xfe, 0x73, 0xfe, 0x73, 0xfe, 0x73, 0xfe, 0x73, 0xfe, 0x73,
  0xfe, 0x73, 0xfe, 0x73, 0xfe, 0x73, 0xfe, 0x73, 0xfe, 0x73, 0xfe, 0x73,
  0xfe, 0x73, 0xfe, 0x73, 0xfe, 0x94, 0xfe, 0xb4, 0xfe, 0xf4, 0xff, 0x15,
  0xff, 0x76, 0xff, 0xb6, 0xff, 0xd7, 0xff, 0xf8, 0xff, 0x14, 0xf6, 0x72,
  0xfe, 0x32, 0xfd, 0xd0, 0xfd, 0x2f, 0xfc, 0xae, 0xfc, 0x4d, 0xfc, 0x2c,
  0xf3, 0x8a, 0xea, 0xc8, 0xf2, 0xc8, 0xea, 0xa7, 0xe2, 0x87, 0xe2, 0x66,
  0xda, 0x46, 0xda, 0x25, 0xda, 0x25, 0xe2, 0x46, 0xda, 0x46, 0xda, 0x46,
  0xda, 0x46, 0xda, 0x46, 0xda, 0x46, 0xda, 0x46, 0xda, 0x46, 0xea, 0xa8,
  0xea, 0xa9, 0xea, 0xa9, 0xea, 0xa9, 0xe2, 0xa8, 0xe2, 0xa8, 0xe2, 0x88,
  0xe2, 0x88, 0xea, 0xa9, 0xea, 0xa9, 0xe2, 0x68, 0xda, 0x47, 0xd1, 0xe6,
  0xc9, 0xa5, 0xc1, 0x84, 0xc1, 0x43, 0xa9, 0x84, 0x91, 0xe6, 0x99, 0xc5,
  0x99, 0xc5, 0x99, 0xc5, 0x99, 0xc5, 0x99, 0xc5, 0x99, 0xc5, 0x99, 0xc5,
  0x99, 0xc6, 0x99, 0xc6, 0x00, 0x00, 0x00, 0x00, 0x00, 0x00, 0x00, 0x00,
  0x00, 0x00, 0x00, 0x00, 0x00, 0x00, 0x00, 0x00, 0x00, 0x00, 0x00, 0x00,
  0x00, 0x00, 0x00, 0x00, 0x00, 0x00, 0x00, 0x00, 0x00, 0x00, 0x00, 0x00,
  0x00, 0x00, 0x00, 0x00, 0x00, 0x00, 0x00, 0x00, 0x00, 0x00, 0x00, 0x00,
  0x00, 0x00, 0x00, 0x00, 0x00, 0x00, 0x00, 0x00, 0x00, 0x00, 0x00, 0x00,
  0x00, 0x00, 0x00, 0x00, 0x00, 0x00, 0x00, 0x00, 0x00, 0x00, 0x00, 0x00,
  0x00, 0x00, 0x00, 0x00, 0x00, 0x00, 0x00, 0x00, 0x00, 0x00, 0x00, 0x00,
  0x00, 0x00, 0x00, 0x00, 0x00, 0x00, 0x00, 0x00, 0x00, 0x00, 0x00, 0x00,
  0x00, 0x00, 0x00, 0x00, 0x00, 0x00, 0x00, 0x00, 0x00, 0x00, 0x00, 0x00,
  0x00, 0x00, 0x00, 0x00, 0x00, 0x00, 0x00, 0x00, 0x00, 0x00, 0x00, 0x00,
  0x00, 0x00, 0x00, 0x00, 0x00, 0x00, 0x00, 0x00, 0x00, 0x00, 0x00, 0x00,
  0x00, 0x00, 0x00, 0x00, 0x00, 0x00, 0x00, 0x00, 0x00, 0x00, 0x00, 0x00,
  0x00, 0x00, 0x00, 0x00, 0x00, 0x00, 0x00, 0x00, 0x00, 0x00, 0x00, 0x00,
  0x00, 0x00, 0x00, 0x00, 0x00, 0x00, 0x00, 0x00, 0x00, 0x00, 0x00, 0x00,
  0x00, 0x00, 0x00, 0x00, 0x00, 0x00, 0x00, 0x00, 0x00, 0x00, 0x00, 0x00,
  0x00, 0x00, 0x00, 0x00, 0x00, 0x00, 0x00, 0x00, 0x00, 0x00, 0x00, 0x00,
  0x00, 0x00, 0x00, 0x00, 0x00, 0x00, 0x00, 0x00, 0x00, 0x00, 0x00, 0x00,
  0x00, 0x00, 0x00, 0x00, 0x00, 0x00, 0x00, 0x00, 0x00, 0x00, 0x00, 0x00,
  0x00, 0x00, 0x00, 0x00, 0x00, 0x00, 0x00, 0x00, 0x00, 0x00, 0x00, 0x00,
  0x00, 0x00, 0x00, 0x00, 0x00, 0x00, 0x00, 0x00, 0x00, 0x00, 0x00, 0x00,
  0x00, 0x00, 0x00, 0x00, 0x00, 0x00, 0x00, 0x00, 0x00, 0x00, 0x00, 0x00,
  0x00, 0x00, 0x00, 0x00, 0x00, 0x00, 0x00, 0x00, 0x00, 0x00, 0x00, 0x00,
  0x00, 0x00, 0x00, 0x00, 0x00, 0x00, 0x00, 0x00, 0x00, 0x00, 0x00, 0x00,
  0x00, 0x00, 0x00, 0x00, 0xff, 0x16, 0xff, 0x36, 0xff, 0x36, 0xff, 0x36,
  0xff, 0x36, 0xff, 0x16, 0xff, 0x16, 0xfe, 0xf6, 0xfe, 0xf6, 0xfe, 0xd5,
  0xfe, 0xd4, 0xfe, 0xd4, 0xfe, 0xd4, 0xfe, 0xd4, 0xfe, 0xd4, 0xfe, 0xd4,
  0xfe, 0xd4, 0xfe, 0xb4, 0xfe, 0xb4, 0xfe, 0xb4, 0xfe, 0xb4, 0xfe, 0xb4,
  0xfe, 0xb4, 0xfe, 0xb4, 0xfe, 0xb4, 0xfe, 0x94, 0xfe, 0x53, 0xfe, 0x73,
  0xfe, 0x73, 0xfe, 0x73, 0xfe, 0x73, 0xfe, 0x73, 0xfe, 0x73, 0xfe, 0x73,
  0xfe, 0x73, 0xfe, 0x73, 0xfe, 0x73, 0xfe, 0x73, 0xfe, 0x73, 0xfe, 0x73,
  0xfe, 0x73, 0xfe, 0x73, 0xfe, 0x93, 0xfe, 0x94, 0xfe, 0xd4, 0xff, 0x15,
  0xff, 0x55, 0xff, 0x96, 0xff, 0xb6, 0xff, 0xf7, 0xff, 0x14, 0xfe, 0x92,
  0xfe, 0x52, 0xfd, 0xf1, 0xfd, 0x70, 0xfc, 0xef, 0xfc, 0x8e, 0xfc, 0x4d,
  0xfb, 0xcb, 0xfb, 0x29, 0xfb, 0x29, 0xf3, 0x09, 0xf2, 0xe8, 0xea, 0xc8,
  0xea, 0xa7, 0xe2, 0x87, 0xe2, 0x87, 0xe2, 0x87, 0xe2, 0x87, 0xe2, 0x87,
  0xe2, 0x87, 0xe2, 0x87, 0xe2, 0x87, 0xe2, 0x87, 0xe2, 0x87, 0xea, 0xa9,
  0xea, 0xa9, 0xea, 0xa9, 0xea, 0xa9, 0xea, 0xa9, 0xea, 0xc9, 0xea, 0xc9,
  0xea, 0xc9, 0xe2, 0x88, 0xe2, 0x88, 0xda, 0x67, 0xd2, 0x26, 0xc9, 0xe6,
  0xc9, 0xa5, 0xc1, 0x84, 0xc1, 0x63, 0xa9, 0x84, 0x91, 0xe6, 0x99, 0xc5,
  0x99, 0xc5, 0x99, 0xc5, 0x99, 0xc5, 0x99, 0xc5, 0x99, 0xc5, 0x99, 0xc5,
  0x99, 0xc6, 0x99, 0xc6, 0x99, 0xc6, 0x99, 0xc6, 0x00, 0x00, 0x00, 0x00,
  0x00, 0x00, 0x00, 0x00, 0x00, 0x00, 0x00, 0x00, 0x00, 0x00, 0x00, 0x00,
  0x00, 0x00, 0x00, 0x00, 0x00, 0x00, 0x00, 0x00, 0x00, 0x00, 0x00, 0x00,
  0x00, 0x00, 0x00, 0x00, 0x00, 0x00, 0x00, 0x00, 0x00, 0x00, 0x00, 0x00,
  0x00, 0x00, 0x00, 0x00, 0x00, 0x00, 0x00, 0x00, 0x00, 0x00, 0x00, 0x00,
  0x00, 0x00, 0x00, 0x00, 0x00, 0x00, 0x00, 0x00, 0x00, 0x00, 0x00, 0x00,
  0x00, 0x00, 0x00, 0x00, 0x00, 0x00, 0x00, 0x00, 0x00, 0x00, 0x00, 0x00,
  0x00, 0x00, 0x00, 0x00, 0x00, 0x00, 0x00, 0x00, 0x00, 0x00, 0x00, 0x00,
  0x00, 0x00, 0x00, 0x00, 0x00, 0x00, 0x00, 0x00, 0x00, 0x00, 0x00, 0x00,
  0x00, 0x00, 0x00, 0x00, 0x00, 0x00, 0x00, 0x00, 0x00, 0x00, 0x00, 0x00,
  0x00, 0x00, 0x00, 0x00, 0x00, 0x00, 0x00, 0x00, 0x00, 0x00, 0x00, 0x00,
  0x00, 0x00, 0x00, 0x00, 0x00, 0x00, 0x00, 0x00, 0x00, 0x00, 0x00, 0x00,
  0x00, 0x00, 0x00, 0x00, 0x00, 0x00, 0x00, 0x00, 0x00, 0x00, 0x00, 0x00,
  0x00, 0x00, 0x00, 0x00, 0x00, 0x00, 0x00, 0x00, 0x00, 0x00, 0x00, 0x00,
  0x00, 0x00, 0x00, 0x00, 0x00, 0x00, 0x00, 0x00, 0x00, 0x00, 0x00, 0x00,
  0x00, 0x00, 0x00, 0x00, 0x00, 0x00, 0x00, 0x00, 0x00, 0x00, 0x00, 0x00,
  0x00, 0x00, 0x00, 0x00, 0x00, 0x00, 0x00, 0x00, 0x00, 0x00, 0x00, 0x00,
  0x00, 0x00, 0x00, 0x00, 0x00, 0x00, 0x00, 0x00, 0x00, 0x00, 0x00, 0x00,
  0x00, 0x00, 0x00, 0x00, 0x00, 0x00, 0x00, 0x00, 0x00, 0x00, 0x00, 0x00,
  0x00, 0x00, 0x00, 0x00, 0x00, 0x00, 0x00, 0x00, 0x00, 0x00, 0x00, 0x00,
  0x00, 0x00, 0x00, 0x00, 0x00, 0x00, 0x00, 0x00, 0x00, 0x00, 0x00, 0x00,
  0x00, 0x00, 0x00, 0x00, 0x00, 0x00, 0x00, 0x00, 0x00, 0x00, 0x00, 0x00,
  0x00, 0x00, 0x00, 0x00, 0x00, 0x00, 0x00, 0x00, 0x00, 0x00, 0x00, 0x00,
  0xfe, 0xb6, 0xff, 0x16, 0xff, 0x16, 0xff, 0x36, 0xff, 0x36, 0xff, 0x36,
  0xff, 0x36, 0xff, 0x16, 0xff, 0x16, 0xfe, 0xf6, 0xfe, 0xf6, 0xfe, 0xd5,
  0xfe, 0xd4, 0xfe, 0xd4, 0xfe, 0xd4, 0xfe, 0xd4, 0xfe, 0xd4, 0xfe, 0xd4,
  0xfe, 0xd4, 0xfe, 0xb4, 0xfe, 0xb4, 0xfe, 0xb4, 0xfe, 0xb4, 0xfe, 0xb4,
  0xfe, 0xb4, 0xfe, 0xb4, 0xfe, 0xb4, 0xfe, 0x94, 0xfe, 0x53, 0xfe, 0x73,
  0xfe, 0x73, 0xfe, 0x73, 0xfe, 0x73, 0xfe, 0x73, 0xfe, 0x73, 0xfe, 0x73,
  0xfe, 0x73, 0xfe, 0x73, 0xfe, 0x73, 0xfe, 0x73, 0xfe, 0x73, 0xfe, 0x73,
  0xfe, 0x73, 0xfe, 0x73, 0xfe, 0x73, 0xfe, 0x74, 0xfe, 0x94, 0xfe, 0xb4,
  0xfe, 0xf5, 0xff, 0x15, 0xff, 0x55, 0xff, 0x76, 0xff, 0x15, 0xfe, 0xd4,
  0xfe, 0x93, 0xfe, 0x52, 0xfd, 0xf1, 0xfd, 0x90, 0xfd, 0x2f, 0xfd, 0x0f,
  0xfc, 0xae, 0xfb, 0xec, 0xfc, 0x0c, 0xfb, 0xeb, 0xfb, 0xab, 0xf3, 0x8a,
  0xf3, 0x8a, 0xf3, 0x69, 0xeb, 0x49, 0xeb, 0x29, 0xeb, 0x29, 0xeb, 0x29,
  0xeb, 0x29, 0xeb, 0x29, 0xeb, 0x29, 0xeb, 0x29, 0xeb, 0x29, 0xe3, 0x09,
  0xe3, 0x09, 0xe3, 0x09, 0xe3, 0x09, 0xe3, 0x09, 0xe3, 0x09, 0xe3, 0x09,
  0xe3, 0x0a, 0xd2, 0xa8, 0xca, 0x67, 0xca, 0x47, 0xca, 0x26, 0xc2, 0x05,
  0xb9, 0xe5, 0xb9, 0xc4, 0xb9, 0xa4, 0xa9, 0xa5, 0x91, 0xc6, 0x99, 0xc5,
  0x99, 0xc5, 0x99, 0xc5, 0x99, 0xc5, 0x99, 0xc5, 0x99, 0xc5, 0x99, 0xc5,
  0x99, 0xc6, 0x99, 0xc6, 0x99, 0xc6, 0x99, 0xc6, 0x99, 0xc6, 0x99, 0xc6,
  0x00, 0x00, 0x00, 0x00, 0x00, 0x00, 0x00, 0x00, 0x00, 0x00, 0x00, 0x00,
  0x00, 0x00, 0x00, 0x00, 0x00, 0x00, 0x00, 0x00, 0x00, 0x00, 0x00, 0x00,
  0x00, 0x00, 0x00, 0x00, 0x00, 0x00, 0x00, 0x00, 0x00, 0x00, 0x00, 0x00,
  0x00, 0x00, 0x00, 0x00, 0x00, 0x00, 0x00, 0x00, 0x00, 0x00, 0x00, 0x00,
  0x00, 0x00, 0x00, 0x00, 0x00, 0x00, 0x00, 0x00, 0x00, 0x00, 0x00, 0x00,
  0x00, 0x00, 0x00, 0x00, 0x00, 0x00, 0x00, 0x00, 0x00, 0x00, 0x00, 0x00,
  0x00, 0x00, 0x00, 0x00, 0x00, 0x00, 0x00, 0x00, 0x00, 0x00, 0x00, 0x00,
  0x00, 0x00, 0x00, 0x00, 0x00, 0x00, 0x00, 0x00, 0x00, 0x00, 0x00, 0x00,
  0x00, 0x00, 0x00, 0x00, 0x00, 0x00, 0x00, 0x00, 0x00, 0x00, 0x00, 0x00,
  0x00, 0x00, 0x00, 0x00, 0x00, 0x00, 0x00, 0x00, 0x00, 0x00, 0x00, 0x00,
  0x00, 0x00, 0x00, 0x00, 0x00, 0x00, 0x00, 0x00, 0x00, 0x00, 0x00, 0x00,
  0x00, 0x00, 0x00, 0x00, 0x00, 0x00, 0x00, 0x00, 0x00, 0x00, 0x00, 0x00,
  0x00, 0x00, 0x00, 0x00, 0x00, 0x00, 0x00, 0x00, 0x00, 0x00, 0x00, 0x00,
  0x00, 0x00, 0x00, 0x00, 0x00, 0x00, 0x00, 0x00, 0x00, 0x00, 0x00, 0x00,
  0x00, 0x00, 0x00, 0x00, 0x00, 0x00, 0x00, 0x00, 0x00, 0x00, 0x00, 0x00,
  0x00, 0x00, 0x00, 0x00, 0x00, 0x00, 0x00, 0x00, 0x00, 0x00, 0x00, 0x00,
  0x00, 0x00, 0x00, 0x00, 0x00, 0x00, 0x00, 0x00, 0x00, 0x00, 0x00, 0x00,
  0x00, 0x00, 0x00, 0x00, 0x00, 0x00, 0x00, 0x00, 0x00, 0x00, 0x00, 0x00,
  0x00, 0x00, 0x00, 0x00, 0x00, 0x00, 0x00, 0x00, 0x00, 0x00, 0x00, 0x00,
  0x00, 0x00, 0x00, 0x00, 0x00, 0x00, 0x00, 0x00, 0x00, 0x00, 0x00, 0x00,
  0x00, 0x00, 0x00, 0x00, 0x00, 0x00, 0x00, 0x00, 0x00, 0x00, 0x00, 0x00,
  0x00, 0x00, 0x00, 0x00, 0x00, 0x00, 0x00, 0x00, 0xfe, 0x35, 0xfe, 0x95,
  0xfe, 0xb6, 0xff, 0x16, 0xff, 0x16, 0xff, 0x36, 0xff, 0x36, 0xff, 0x36,
  0xff, 0x36, 0xff, 0x16, 0xff, 0x16, 0xfe, 0xf6, 0xfe, 0xf6, 0xfe, 0xd5,
  0xfe, 0xd4, 0xfe, 0xd4, 0xfe, 0xd4, 0xfe, 0xd4, 0xfe, 0xd4, 0xfe, 0xd4,
  0xfe, 0xd4, 0xfe, 0xb4, 0xfe, 0xb4, 0xfe, 0xb4, 0xfe, 0xb4, 0xfe, 0xb4,
  0xfe, 0xb4, 0xfe, 0xb4, 0xfe, 0xb4, 0xfe, 0x94, 0xfe, 0x53, 0xfe, 0x73,
  0xfe, 0x73, 0xfe, 0x73, 0xfe, 0x73, 0xfe, 0x73, 0xfe, 0x73, 0xfe, 0x73,
  0xfe, 0x73, 0xfe, 0x73, 0xfe, 0x73, 0xfe, 0x73, 0xfe, 0x73, 0xfe, 0x73,
  0xfe, 0x73, 0xfe, 0x73, 0xfe, 0x53, 0xfe, 0x53, 0xfe, 0x73, 0xfe, 0x94,
  0xfe, 0xb4, 0xfe, 0xd4, 0xfe, 0xf4, 0xfe, 0xf4, 0xff, 0x15, 0xff, 0x15,
  0xfe, 0xd4, 0xfe, 0x93, 0xfe, 0x53, 0xfd, 0xf2, 0xfd, 0xb1, 0xfd, 0x91,
  0xfd, 0x30, 0xfc, 0xae, 0xfc, 0xaf, 0xfc, 0x8e, 0xfc, 0x6d, 0xfc, 0x4d,
  0xfc, 0x2c, 0xfc, 0x0c, 0xfc, 0x0c, 0xfb, 0xab, 0xfb, 0xcb, 0xfb, 0xcb,
  0xfb, 0xcb, 0xfb, 0xcb, 0xfb, 0xcb, 0xfb, 0xcb, 0xfb, 0xcb, 0xeb, 0x6b,
  0xeb, 0x6b, 0xeb, 0x6b, 0xeb, 0x6b, 0xeb, 0x6b, 0xeb, 0x6b, 0xeb, 0x4b,
  0xf3, 0x6b, 0xda, 0xc9, 0xd2, 0x87, 0xd2, 0x87, 0xca, 0x47, 0xca, 0x26,
  0xc2, 0x05, 0xb9, 0xe5, 0xb9, 0xc4, 0xa9, 0xc5, 0x91, 0xc6, 0x99, 0xc5,
  0x99, 0xc5, 0x99, 0xc5, 0x99, 0xc5, 0x99, 0xc5, 0x99, 0xc5, 0x99, 0xc5,
  0x99, 0xc6, 0x99, 0xc6, 0x99, 0xc6, 0x99, 0xc6, 0x99, 0xc6, 0x99, 0xc6,
  0x99, 0xc6, 0x99, 0xc6, 0x00, 0x00, 0x00, 0x00, 0x00, 0x00, 0x00, 0x00,
  0x00, 0x00, 0x00, 0x00, 0x00, 0x00, 0x00, 0x00, 0x00, 0x00, 0x00, 0x00,
  0x00, 0x00, 0x00, 0x00, 0x00, 0x00, 0x00, 0x00, 0x00, 0x00, 0x00, 0x00,
  0x00, 0x00, 0x00, 0x00, 0x00, 0x00, 0x00, 0x00, 0x00, 0x00, 0x00, 0x00,
  0x00, 0x00, 0x00, 0x00, 0x00, 0x00, 0x00, 0x00, 0x00, 0x00, 0x00, 0x00,
  0x00, 0x00, 0x00, 0x00, 0x00, 0x00, 0x00, 0x00, 0x00, 0x00, 0x00, 0x00,
  0x00, 0x00, 0x00, 0x00, 0x00, 0x00, 0x00, 0x00, 0x00, 0x00, 0x00, 0x00,
  0x00, 0x00, 0x00, 0x00, 0x00, 0x00, 0x00, 0x00, 0x00, 0x00, 0x00, 0x00,
  0x00, 0x00, 0x00, 0x00, 0x00, 0x00, 0x00, 0x00, 0x00, 0x00, 0x00, 0x00,
  0x00, 0x00, 0x00, 0x00, 0x00, 0x00, 0x00, 0x00, 0x00, 0x00, 0x00, 0x00,
  0x00, 0x00, 0x00, 0x00, 0x00, 0x00, 0x00, 0x00, 0x00, 0x00, 0x00, 0x00,
  0x00, 0x00, 0x00, 0x00, 0x00, 0x00, 0x00, 0x00, 0x00, 0x00, 0x00, 0x00,
  0x00, 0x00, 0x00, 0x00, 0x00, 0x00, 0x00, 0x00, 0x00, 0x00, 0x00, 0x00,
  0x00, 0x00, 0x00, 0x00, 0x00, 0x00, 0x00, 0x00, 0x00, 0x00, 0x00, 0x00,
  0x00, 0x00, 0x00, 0x00, 0x00, 0x00, 0x00, 0x00, 0x00, 0x00, 0x00, 0x00,
  0x00, 0x00, 0x00, 0x00, 0x00, 0x00, 0x00, 0x00, 0x00, 0x00, 0x00, 0x00,
  0x00, 0x00, 0x00, 0x00, 0x00, 0x00, 0x00, 0x00, 0x00, 0x00, 0x00, 0x00,
  0x00, 0x00, 0x00, 0x00, 0x00, 0x00, 0x00, 0x00, 0x00, 0x00, 0x00, 0x00,
  0x00, 0x00, 0x00, 0x00, 0x00, 0x00, 0x00, 0x00, 0x00, 0x00, 0x00, 0x00,
  0x00, 0x00, 0x00, 0x00, 0x00, 0x00, 0x00, 0x00, 0x00, 0x00, 0x00, 0x00,
  0x00, 0x00, 0x00, 0x00, 0x00, 0x00, 0x00, 0x00, 0x00, 0x00, 0x00, 0x00,
  0x00, 0x00, 0x00, 0x00, 0xfd, 0xd4, 0xfe, 0x14, 0xfe, 0x35, 0xfe, 0x95,
  0xfe, 0xb6, 0xff, 0x16, 0xff, 0x16, 0xff, 0x36, 0xff, 0x36, 0xff, 0x36,
  0xff, 0x36, 0xff, 0x16, 0xff, 0x16, 0xfe, 0xf6, 0xfe, 0xf6, 0xfe, 0xd5,
  0xfe, 0xd4, 0xfe, 0xd4, 0xfe, 0xd4, 0xfe, 0xd4, 0xfe, 0xd4, 0xfe, 0xd4,
  0xfe, 0xd4, 0xfe, 0xb4, 0xfe, 0xb4, 0xfe, 0xb4, 0xfe, 0xb4, 0xfe, 0xb4,
  0xfe, 0xb4, 0xfe, 0xb4, 0xfe, 0xb4, 0xfe, 0x94, 0xfe, 0x53, 0xfe, 0x73,
  0xfe, 0x73, 0xfe, 0x73, 0xfe, 0x73, 0xfe, 0x73, 0xfe, 0x73, 0xfe, 0x73,
  0xfe, 0x73, 0xfe, 0x73, 0xfe, 0x73, 0xfe, 0x73, 0xfe, 0x73, 0xfe, 0x73,
  0xfe, 0x73, 0xfe, 0x73, 0xfe, 0x13, 0xfe, 0x13, 0xfe, 0x33, 0xfe, 0x13,
  0xfe, 0x33, 0xfe, 0x32, 0xfe, 0x53, 0xfe, 0x52, 0xfe, 0xb4, 0xfe, 0xf4,
  0xfe, 0xd4, 0xfe, 0xb4, 0xfe, 0x93, 0xfe, 0x53, 0xfe, 0x33, 0xfe, 0x33,
  0xfd, 0xf2, 0xfd, 0x71, 0xfd, 0x71, 0xfd, 0x50, 0xfd, 0x2f, 0xfd, 0x0f,
  0xfc, 0xee, 0xfc, 0xce, 0xfc, 0xce, 0xfc, 0xad, 0xfc, 0xad, 0xfc, 0xad,
  0xfc, 0xad, 0xfc, 0xad, 0xfc, 0xad, 0xfc, 0xad, 0xfc, 0xad, 0xf4, 0x4d,
  0xf4, 0x2d, 0xf4, 0x2d, 0xf4, 0x2d, 0xf4, 0x2d, 0xf4, 0x2d, 0xf4, 0x2d,
  0xf4, 0x4d, 0xe3, 0xcb, 0xd3, 0x6a, 0xd3, 0x49, 0xcb, 0x08, 0xc2, 0xa7,
  0xba, 0x66, 0xaa, 0x25, 0xaa, 0x04, 0xa1, 0xe5, 0x99, 0xc6, 0x99, 0xc5,
  0x99, 0xc5, 0x99, 0xc5, 0x99, 0xc5, 0x99, 0xc5, 0x99, 0xc5, 0x99, 0xc5,
  0x99, 0xc6, 0x99, 0xc6, 0x99, 0xc6, 0x99, 0xc6, 0x99, 0xc6, 0x99, 0xc6,
  0x99, 0xc6, 0x99, 0xc6, 0xa9, 0xc3, 0xa9, 0xe3, 0x00, 0x00, 0x00, 0x00,
  0x00, 0x00, 0x00, 0x00, 0x00, 0x00, 0x00, 0x00, 0x00, 0x00, 0x00, 0x00,
  0x00, 0x00, 0x00, 0x00, 0x00, 0x00, 0x00, 0x00, 0x00, 0x00, 0x00, 0x00,
  0x00, 0x00, 0x00, 0x00, 0x00, 0x00, 0x00, 0x00, 0x00, 0x00, 0x00, 0x00,
  0x00, 0x00, 0x00, 0x00, 0x00, 0x00, 0x00, 0x00, 0x00, 0x00, 0x00, 0x00,
  0x00, 0x00, 0x00, 0x00, 0x00, 0x00, 0x00, 0x00, 0x00, 0x00, 0x00, 0x00,
  0x00, 0x00, 0x00, 0x00, 0x00, 0x00, 0x00, 0x00, 0x00, 0x00, 0x00, 0x00,
  0x00, 0x00, 0x00, 0x00, 0x00, 0x00, 0x00, 0x00, 0x00, 0x00, 0x00, 0x00,
  0x00, 0x00, 0x00, 0x00, 0x00, 0x00, 0x00, 0x00, 0x00, 0x00, 0x00, 0x00,
  0x00, 0x00, 0x00, 0x00, 0x00, 0x00, 0x00, 0x00, 0x00, 0x00, 0x00, 0x00,
  0x00, 0x00, 0x00, 0x00, 0x00, 0x00, 0x00, 0x00, 0x00, 0x00, 0x00, 0x00,
  0x00, 0x00, 0x00, 0x00, 0x00, 0x00, 0x00, 0x00, 0x00, 0x00, 0x00, 0x00,
  0x00, 0x00, 0x00, 0x00, 0x00, 0x00, 0x00, 0x00, 0x00, 0x00, 0x00, 0x00,
  0x00, 0x00, 0x00, 0x00, 0x00, 0x00, 0x00, 0x00, 0x00, 0x00, 0x00, 0x00,
  0x00, 0x00, 0x00, 0x00, 0x00, 0x00, 0x00, 0x00, 0x00, 0x00, 0x00, 0x00,
  0x00, 0x00, 0x00, 0x00, 0x00, 0x00, 0x00, 0x00, 0x00, 0x00, 0x00, 0x00,
  0x00, 0x00, 0x00, 0x00, 0x00, 0x00, 0x00, 0x00, 0x00, 0x00, 0x00, 0x00,
  0x00, 0x00, 0x00, 0x00, 0x00, 0x00, 0x00, 0x00, 0x00, 0x00, 0x00, 0x00,
  0x00, 0x00, 0x00, 0x00, 0x00, 0x00, 0x00, 0x00, 0x00, 0x00, 0x00, 0x00,
  0x00, 0x00, 0x00, 0x00, 0x00, 0x00, 0x00, 0x00, 0x00, 0x00, 0x00, 0x00,
  0x00, 0x00, 0x00, 0x00, 0x00, 0x00, 0x00, 0x00, 0x00, 0x00, 0x00, 0x00,
  0xfd, 0x51, 0xfd, 0xb4, 0xfd, 0xd4, 0xfe, 0x14, 0xfe, 0x35, 0xfe, 0x95,
  0xfe, 0xb6, 0xff, 0x16, 0xff, 0x16, 0xff, 0x36, 0xff, 0x36, 0xff, 0x36,
  0xff, 0x36, 0xff, 0x16, 0xff, 0x16, 0xfe, 0xf6, 0xfe, 0xf6, 0xfe, 0xd5,
  0xfe, 0xd4, 0xfe, 0xd4, 0xfe, 0xd4, 0xfe, 0xd4, 0xfe, 0xd4, 0xfe, 0xd4,
  0xfe, 0xd4, 0xfe, 0xb4, 0xfe, 0xb4, 0xfe, 0xb4, 0xfe, 0xb4, 0xfe, 0xb4,
  0xfe, 0xb4, 0xfe, 0xb4, 0xfe, 0xb4, 0xfe, 0x94, 0xfe, 0x53, 0xfe, 0x73,
  0xfe, 0x73, 0xfe, 0x73, 0xfe, 0x73, 0xfe, 0x73, 0xfe, 0x73, 0xfe, 0x73,
  0xfe, 0x73, 0xfe, 0x73, 0xfe, 0x73, 0xfe, 0x73, 0xfe, 0x73, 0xfe, 0x73,
  0xfe, 0x73, 0xfe, 0x73, 0xfe, 0x13, 0xfd, 0xf3, 0xfe, 0x12, 0xfd, 0xf2,
  0xfe, 0x12, 0xfd, 0xf1, 0xfd, 0xf1, 0xfd, 0xf1, 0xfe, 0x73, 0xfe, 0xd4,
  0xfe, 0x93, 0xfe, 0x93, 0xfe, 0x73, 0xfe, 0x53, 0xfe, 0x53, 0xfe, 0x53,
  0xfe, 0x12, 0xfd, 0xb2, 0xfd, 0xd2, 0xfd, 0x91, 0xfd, 0x71, 0xfd, 0x50,
  0xfd, 0x30, 0xfd, 0x2f, 0xfd, 0x0f, 0xfd, 0x2f, 0xfd, 0x2f, 0xfd, 0x2f,
  0xfd, 0x2f, 0xfd, 0x2f, 0xfd, 0x2f, 0xfd, 0x2f, 0xfd, 0x2f, 0xfc, 0xf0,
  0xfc, 0xf0, 0xfc, 0xf0, 0xfc, 0xf0, 0xfc, 0xf0, 0xfc, 0xf0, 0xfc, 0xf0,
  0xfc, 0xf0, 0xfc, 0xaf, 0xfc, 0x6e, 0xec, 0x2d, 0xe3, 0xab, 0xd3, 0x29,
  0xc2, 0xa7, 0xb2, 0x45, 0xaa, 0x04, 0xa1, 0xc4, 0x99, 0xc6, 0x99, 0xc5,
  0x99, 0xc5, 0x99, 0xc5, 0x99, 0xc5, 0x99, 0xc5, 0x99, 0xc5, 0x99, 0xc5,
  0x99, 0xc6, 0x99, 0xc6, 0x99, 0xc6, 0x99, 0xc6, 0x99, 0xc6, 0x99, 0xc6,
  0x99, 0xc6, 0x99, 0xc6, 0xa9, 0xc3, 0xa9, 0xe3, 0xb1, 0xe3, 0xb2, 0x04,
  0x00, 0x00, 0x00, 0x00, 0x00, 0x00, 0x00, 0x00, 0x00, 0x00, 0x00, 0x00,
  0x00, 0x00, 0x00, 0x00, 0x00, 0x00, 0x00, 0x00, 0x00, 0x00, 0x00, 0x00,
  0x00, 0x00, 0x00, 0x00, 0x00, 0x00, 0x00, 0x00, 0x00, 0x00, 0x00, 0x00,
  0x00, 0x00, 0x00, 0x00, 0x00, 0x00, 0x00, 0x00, 0x00, 0x00, 0x00, 0x00,
  0x00, 0x00, 0x00, 0x00, 0x00, 0x00, 0x00, 0x00, 0x00, 0x00, 0x00, 0x00,
  0x00, 0x00, 0x00, 0x00, 0x00, 0x00, 0x00, 0x00, 0x00, 0x00, 0x00, 0x00,
  0x00, 0x00, 0x00, 0x00, 0x00, 0x00, 0x00, 0x00, 0x00, 0x00, 0x00, 0x00,
  0x00, 0x00, 0x00, 0x00, 0x00, 0x00, 0x00, 0x00, 0x00, 0x00, 0x00, 0x00,
  0x00, 0x00, 0x00, 0x00, 0x00, 0x00, 0x00, 0x00, 0x00, 0x00, 0x00, 0x00,
  0x00, 0x00, 0x00, 0x00, 0x00, 0x00, 0x00, 0x00, 0x00, 0x00, 0x00, 0x00,
  0x00, 0x00, 0x00, 0x00, 0x00, 0x00, 0x00, 0x00, 0x00, 0x00, 0x00, 0x00,
  0x00, 0x00, 0x00, 0x00, 0x00, 0x00, 0x00, 0x00, 0x00, 0x00, 0x00, 0x00,
  0x00, 0x00, 0x00, 0x00, 0x00, 0x00, 0x00, 0x00, 0x00, 0x00, 0x00, 0x00,
  0x00, 0x00, 0x00, 0x00, 0x00, 0x00, 0x00, 0x00, 0x00, 0x00, 0x00, 0x00,
  0x00, 0x00, 0x00, 0x00, 0x00, 0x00, 0x00, 0x00, 0x00, 0x00, 0x00, 0x00,
  0x00, 0x00, 0x00, 0x00, 0x00, 0x00, 0x00, 0x00, 0x00, 0x00, 0x00, 0x00,
  0x00, 0x00, 0x00, 0x00, 0x00, 0x00, 0x00, 0x00, 0x00, 0x00, 0x00, 0x00,
  0x00, 0x00, 0x00, 0x00, 0x00, 0x00, 0x00, 0x00, 0x00, 0x00, 0x00, 0x00,
  0x00, 0x00, 0x00, 0x00, 0x00, 0x00, 0x00, 0x00, 0x00, 0x00, 0x00, 0x00,
  0x00, 0x00, 0x00, 0x00, 0x00, 0x00, 0x00, 0x00, 0x00, 0x00, 0xfd, 0x30,
  0xfd, 0x51, 0xfd, 0xb4, 0xfd, 0xd4, 0xfe, 0x14, 0xfe, 0x35, 0xfe, 0x95,
  0xfe, 0xb6, 0xff, 0x16, 0xff, 0x16, 0xff, 0x36, 0xff, 0x36, 0xff, 0x36,
  0xff, 0x36, 0xff, 0x16, 0xff, 0x16, 0xfe, 0xf6, 0xfe, 0xf6, 0xfe, 0xd5,
  0xfe, 0xd4, 0xfe, 0xd4, 0xfe, 0xd4, 0xfe, 0xd4, 0xfe, 0xd4, 0xfe, 0xd4,
  0xfe, 0xd4, 0xfe, 0xb4, 0xfe, 0xb4, 0xfe, 0xb4, 0xfe, 0xb4, 0xfe, 0xb4,
  0xfe, 0xb4, 0xfe, 0xb4, 0xfe, 0xb4, 0xfe, 0x94, 0xfe, 0x53, 0xfe, 0x73,
  0xfe, 0x73, 0xfe, 0x73, 0xfe, 0x73, 0xfe, 0x73, 0xfe, 0x73, 0xfe, 0x73,
  0xfe, 0x73, 0xfe, 0x73, 0xfe, 0x73, 0xfe, 0x73, 0xfe, 0x73, 0xfe, 0x73,
  0xfe, 0x73, 0xfe, 0x73, 0xfd, 0xf3, 0xfd, 0xd3, 0xfd, 0xd2, 0xfd, 0x92,
  0xfd, 0x91, 0xfd, 0x70, 0xfd, 0x70, 0xfd, 0x4f, 0xfd, 0xf1, 0xfe, 0x53,
  0xfe, 0x32, 0xfe, 0x52, 0xfe, 0x53, 0xfe, 0x52, 0xfe, 0x52, 0xfe, 0x73,
  0xfe, 0x53, 0xfe, 0x12, 0xfe, 0x12, 0xfd, 0xf2, 0xfd, 0xd1, 0xfd, 0xb1,
  0xfd, 0x90, 0xfd, 0x70, 0xfd, 0x70, 0xfd, 0xd1, 0xfd, 0xd1, 0xfd, 0xd1,
  0xfd, 0xd1, 0xfd, 0xd1, 0xfd, 0xd1, 0xfd, 0xd1, 0xfd, 0xd1, 0xfd, 0xf3,
  0xfd, 0xf3, 0xfd, 0xf3, 0xfd, 0xf3, 0xfd, 0xf3, 0xfd, 0xf3, 0xfd, 0xf3,
  0xfd, 0xf3, 0xfd, 0xf3, 0xfd, 0xb2, 0xfd, 0x50, 0xec, 0xae, 0xd3, 0xeb,
  0xbb, 0x28, 0xaa, 0x86, 0x9a, 0x24, 0x99, 0xe4, 0x99, 0xc6, 0x99, 0xc5,
  0x99, 0xc5, 0x99, 0xc5, 0x99, 0xc5, 0x99, 0xc5, 0x99, 0xc5, 0x99, 0xc5,
  0x99, 0xc6, 0x99, 0xc6, 0x99, 0xc6, 0x99, 0xc6, 0x99, 0xc6, 0x99, 0xc6,
  0x99, 0xc6, 0x99, 0xc6, 0xa9, 0xc3, 0xa9, 0xe3, 0xb1, 0xe3, 0xb2, 0x04,
  0xba, 0x24, 0x00, 0x00, 0x00, 0x00, 0x00, 0x00, 0x00, 0x00, 0x00, 0x00,
  0x00, 0x00, 0x00, 0x00, 0x00, 0x00, 0x00, 0x00, 0x00, 0x00, 0x00, 0x00,
  0x00, 0x00, 0x00, 0x00, 0x00, 0x00, 0x00, 0x00, 0x00, 0x00, 0x00, 0x00,
  0x00, 0x00, 0x00, 0x00, 0x00, 0x00, 0x00, 0x00, 0x00, 0x00, 0x00, 0x00,
  0x00, 0x00, 0x00, 0x00, 0x00, 0x00, 0x00, 0x00, 0x00, 0x00, 0x00, 0x00,
  0x00, 0x00, 0x00, 0x00, 0x00, 0x00, 0x00, 0x00, 0x00, 0x00, 0x00, 0x00,
  0x00, 0x00, 0x00, 0x00, 0x00, 0x00, 0x00, 0x00, 0x00, 0x00, 0x00, 0x00,
  0x00, 0x00, 0x00, 0x00, 0x00, 0x00, 0x00, 0x00, 0x00, 0x00, 0x00, 0x00,
  0x00, 0x00, 0x00, 0x00, 0x00, 0x00, 0x00, 0x00, 0x00, 0x00, 0x00, 0x00,
  0x00, 0x00, 0x00, 0x00, 0x00, 0x00, 0x00, 0x00, 0x00, 0x00, 0x00, 0x00,
  0x00, 0x00, 0x00, 0x00, 0x00, 0x00, 0x00, 0x00, 0x00, 0x00, 0x00, 0x00,
  0x00, 0x00, 0x00, 0x00, 0x00, 0x00, 0x00, 0x00, 0x00, 0x00, 0x00, 0x00,
  0x00, 0x00, 0x00, 0x00, 0x00, 0x00, 0x00, 0x00, 0x00, 0x00, 0x00, 0x00,
  0x00, 0x00, 0x00, 0x00, 0x00, 0x00, 0x00, 0x00, 0x00, 0x00, 0x00, 0x00,
  0x00, 0x00, 0x00, 0x00, 0x00, 0x00, 0x00, 0x00, 0x00, 0x00, 0x00, 0x00,
  0x00, 0x00, 0x00, 0x00, 0x00, 0x00, 0x00, 0x00, 0x00, 0x00, 0x00, 0x00,
  0x00, 0x00, 0x00, 0x00, 0x00, 0x00, 0x00, 0x00, 0x00, 0x00, 0x00, 0x00,
  0x00, 0x00, 0x00, 0x00, 0x00, 0x00, 0x00, 0x00, 0x00, 0x00, 0x00, 0x00,
  0x00, 0x00, 0x00, 0x00, 0x00, 0x00, 0x00, 0x00, 0x00, 0x00, 0x00, 0x00,
  0x00, 0x00, 0x00, 0x00, 0x00, 0x00, 0xfd, 0x30, 0xfd, 0x30, 0xfd, 0x30,
  0xfd, 0x51, 0xfd, 0xb4, 0xfd, 0xd4, 0xfe, 0x14, 0xfe, 0x35, 0xfe, 0x95,
  0xfe, 0xb5, 0xfe, 0xf6, 0xff, 0x16, 0xff, 0x36, 0xff, 0x36, 0xff, 0x16,
  0xff, 0x16, 0xff, 0x16, 0xff, 0x16, 0xfe, 0xf6, 0xfe, 0xf6, 0xfe, 0xd5,
  0xfe, 0xd4, 0xfe, 0xd4, 0xfe, 0xd4, 0xfe, 0xd4, 0xfe, 0xd4, 0xfe, 0xd4,
  0xfe, 0xd4, 0xfe, 0xb4, 0xfe, 0xb4, 0xfe, 0xb4, 0xfe, 0xb4, 0xfe, 0xb4,
  0xfe, 0xb4, 0xfe, 0xb4, 0xfe, 0xb4, 0xfe, 0x94, 0xfe, 0x53, 0xfe, 0x73,
  0xfe, 0x73, 0xfe, 0x73, 0xfe, 0x73, 0xfe, 0x73, 0xfe, 0x73, 0xfe, 0x73,
  0xfe, 0x73, 0xfe, 0x73, 0xfe, 0x73, 0xfe, 0x73, 0xfe, 0x73, 0xfe, 0x73,
  0xfe, 0x73, 0xfe, 0x73, 0xfd, 0xd3, 0xfd, 0xb2, 0xfd, 0xb2, 0xfd, 0x71,
  0xfd, 0x71, 0xfd, 0x50, 0xfd, 0x4f, 0xfd, 0x0e, 0xfd, 0xb1, 0xfe, 0x12,
  0xfe, 0x11, 0xfe, 0x12, 0xfe, 0x32, 0xfe, 0x52, 0xfe, 0x52, 0xfe, 0x52,
  0xfe, 0x52, 0xfe, 0x33, 0xfe, 0x12, 0xfd, 0xf2, 0xfd, 0xd1, 0xfd, 0xb1,
  0xfd, 0x90, 0xfd, 0x6f, 0xfd, 0x70, 0xfe, 0x33, 0xfe, 0x12, 0xfe, 0x12,
  0xfe, 0x12, 0xfe, 0x12, 0xfe, 0x12, 0xfe, 0x12, 0xfe, 0x12, 0xfe, 0x75,
  0xfe, 0x75, 0xfe, 0x75, 0xfe, 0x75, 0xfe, 0x75, 0xfe, 0x75, 0xfe, 0x75,
  0xfe, 0x75, 0xfe, 0xb6, 0xfe, 0x95, 0xfd, 0xf3, 0xf5, 0x0f, 0xdc, 0x2c,
  0xbb, 0x48, 0xa2, 0x86, 0x92, 0x03, 0x91, 0xe4, 0x99, 0xc6, 0x99, 0xc5,
  0x99, 0xc5, 0x99, 0xc5, 0x99, 0xc5, 0x99, 0xc5, 0x99, 0xc5, 0x99, 0xc5,
  0x99, 0xc6, 0x99, 0xc6, 0x99, 0xc6, 0x99, 0xc6, 0x99, 0xc6, 0x99, 0xc6,
  0x99, 0xc6, 0x99, 0xc6, 0xa9, 0xc3, 0xa9, 0xe3, 0xb1, 0xe3, 0xb2, 0x04,
  0xba, 0x24, 0xba, 0x65, 0xc2, 0x86, 0x00, 0x00, 0x00, 0x00, 0x00, 0x00,
  0x00, 0x00, 0x00, 0x00, 0x00, 0x00, 0x00, 0x00, 0x00, 0x00, 0x00, 0x00,
  0x00, 0x00, 0x00, 0x00, 0x00, 0x00, 0x00, 0x00, 0x00, 0x00, 0x00, 0x00,
  0x00, 0x00, 0x00, 0x00, 0x00, 0x00, 0x00, 0x00, 0x00, 0x00, 0x00, 0x00,
  0x00, 0x00, 0x00, 0x00, 0x00, 0x00, 0x00, 0x00, 0x00, 0x00, 0x00, 0x00,
  0x00, 0x00, 0x00, 0x00, 0x00, 0x00, 0x00, 0x00, 0x00, 0x00, 0x00, 0x00,
  0x00, 0x00, 0x00, 0x00, 0x00, 0x00, 0x00, 0x00, 0x00, 0x00, 0x00, 0x00,
  0x00, 0x00, 0x00, 0x00, 0x00, 0x00, 0x00, 0x00, 0x00, 0x00, 0x00, 0x00,
  0x00, 0x00, 0x00, 0x00, 0x00, 0x00, 0x00, 0x00, 0x00, 0x00, 0x00, 0x00,
  0x00, 0x00, 0x00, 0x00, 0x00, 0x00, 0x00, 0x00, 0x00, 0x00, 0x00, 0x00,
  0x00, 0x00, 0x00, 0x00, 0x00, 0x00, 0x00, 0x00, 0x00, 0x00, 0x00, 0x00,
  0x00, 0x00, 0x00, 0x00, 0x00, 0x00, 0x00, 0x00, 0x00, 0x00, 0x00, 0x00,
  0x00, 0x00, 0x00, 0x00, 0x00, 0x00, 0x00, 0x00, 0x00, 0x00, 0x00, 0x00,
  0x00, 0x00, 0x00, 0x00, 0x00, 0x00, 0x00, 0x00, 0x00, 0x00, 0x00, 0x00,
  0x00, 0x00, 0x00, 0x00, 0x00, 0x00, 0x00, 0x00, 0x00, 0x00, 0x00, 0x00,
  0x00, 0x00, 0x00, 0x00, 0x00, 0x00, 0x00, 0x00, 0x00, 0x00, 0x00, 0x00,
  0x00, 0x00, 0x00, 0x00, 0x00, 0x00, 0x00, 0x00, 0x00, 0x00, 0x00, 0x00,
  0x00, 0x00, 0x00, 0x00, 0x00, 0x00, 0x00, 0x00, 0x00, 0x00, 0x00, 0x00,
  0x00, 0x00, 0x00, 0x00, 0x00, 0x00, 0x00, 0x00, 0x00, 0x00, 0x00, 0x00,
  0x00, 0x00, 0xfc, 0xef, 0xfc, 0xef, 0xfc, 0xef, 0xfc, 0xef, 0xfc, 0xee,
  0xfd, 0x30, 0xfd, 0xb4, 0xfd, 0xd4, 0xfe, 0x34, 0xfe, 0x55, 0xfe, 0xd6,
  0xff, 0x17, 0xff, 0x77, 0xff, 0x78, 0xff, 0xfa, 0xff, 0xfa, 0xff, 0xf9,
  0xff, 0xd9, 0xff, 0x98, 0xff, 0x78, 0xff, 0x37, 0xff, 0x37, 0xfe, 0xb4,
  0xfe, 0x94, 0xfe, 0x94, 0xfe, 0x94, 0xfe, 0x94, 0xfe, 0x94, 0xfe, 0x94,
  0xfe, 0x94, 0xfe, 0x94, 0xfe, 0x94, 0xfe, 0x94, 0xfe, 0x94, 0xfe, 0x94,
  0xfe, 0x94, 0xfe, 0x94, 0xfe, 0x94, 0xfe, 0x94, 0xfe, 0x94, 0xfe, 0x94,
  0xfe, 0x94, 0xfe, 0x94, 0xfe, 0x94, 0xfe, 0x94, 0xfe, 0x94, 0xfe, 0x94,
  0xfe, 0x94, 0xfe, 0x94, 0xfe, 0x94, 0xfe, 0x94, 0xfe, 0x94, 0xfe, 0x94,
  0xfe, 0x94, 0xfe, 0x94, 0xfd, 0xf3, 0xfd, 0xf3, 0xfd, 0xd3, 0xfd, 0xb2,
  0xfd, 0x91, 0xfd, 0x71, 0xfd, 0x70, 0xfd, 0x50, 0xfd, 0x50, 0xfd, 0x70,
  0xfd, 0x90, 0xfd, 0xb1, 0xfd, 0xf1, 0xfe, 0x12, 0xfe, 0x32, 0xfe, 0x73,
  0xfe, 0x32, 0xfd, 0xf1, 0xfd, 0xf1, 0xfd, 0xf1, 0xfd, 0xf1, 0xfd, 0xf1,
  0xfd, 0xd1, 0xfd, 0xd1, 0xfd, 0xd1, 0xfe, 0x12, 0xfe, 0x12, 0xfe, 0x12,
  0xfe, 0x12, 0xfe, 0x12, 0xfe, 0x12, 0xfe, 0x12, 0xfe, 0x12, 0xfe, 0x75,
  0xfe, 0x75, 0xfe, 0x75, 0xfe, 0x75, 0xfe, 0x75, 0xfe, 0x75, 0xfe, 0x75,
  0xfe, 0x74, 0xfe, 0xd6, 0xfe, 0xf7, 0xfe, 0xb5, 0xfe, 0x33, 0xf5, 0x71,
  0xdc, 0x8d, 0xbb, 0x89, 0xab, 0x07, 0xa2, 0x46, 0x99, 0xc6, 0x99, 0xe6,
  0x99, 0xe6, 0x99, 0xe6, 0x99, 0xe6, 0x99, 0xe6, 0x99, 0xe6, 0x99, 0xe6,
  0x99, 0xe6, 0x99, 0xe6, 0x99, 0xe6, 0x99, 0xe6, 0x99, 0xe6, 0x99, 0xe6,
  0x99, 0xe6, 0x99, 0xe6, 0xa9, 0xc3, 0xa9, 0xc3, 0xa9, 0xe3, 0xb2, 0x04,
  0xb2, 0x24, 0xba, 0x45, 0xc2, 0x65, 0xba, 0x45, 0xe3, 0x8a, 0x00, 0x00,
  0x00, 0x00, 0x00, 0x00, 0x00, 0x00, 0x00, 0x00, 0x00, 0x00, 0x00, 0x00,
  0x00, 0x00, 0x00, 0x00, 0x00, 0x00, 0x00, 0x00, 0x00, 0x00, 0x00, 0x00,
  0x00, 0x00, 0x00, 0x00, 0x00, 0x00, 0x00, 0x00, 0x00, 0x00, 0x00, 0x00,
  0x00, 0x00, 0x00, 0x00, 0x00, 0x00, 0x00, 0x00, 0x00, 0x00, 0x00, 0x00,
  0x00, 0x00, 0x00, 0x00, 0x00, 0x00, 0x00, 0x00, 0x00, 0x00, 0x00, 0x00,
  0x00, 0x00, 0x00, 0x00, 0x00, 0x00, 0x00, 0x00, 0x00, 0x00, 0x00, 0x00,
  0x00, 0x00, 0x00, 0x00, 0x00, 0x00, 0x00, 0x00, 0x00, 0x00, 0x00, 0x00,
  0x00, 0x00, 0x00, 0x00, 0x00, 0x00, 0x00, 0x00, 0x00, 0x00, 0x00, 0x00,
  0x00, 0x00, 0x00, 0x00, 0x00, 0x00, 0x00, 0x00, 0x00, 0x00, 0x00, 0x00,
  0x00, 0x00, 0x00, 0x00, 0x00, 0x00, 0x00, 0x00, 0x00, 0x00, 0x00, 0x00,
  0x00, 0x00, 0x00, 0x00, 0x00, 0x00, 0x00, 0x00, 0x00, 0x00, 0x00, 0x00,
  0x00, 0x00, 0x00, 0x00, 0x00, 0x00, 0x00, 0x00, 0x00, 0x00, 0x00, 0x00,
  0x00, 0x00, 0x00, 0x00, 0x00, 0x00, 0x00, 0x00, 0x00, 0x00, 0x00, 0x00,
  0x00, 0x00, 0x00, 0x00, 0x00, 0x00, 0x00, 0x00, 0x00, 0x00, 0x00, 0x00,
  0x00, 0x00, 0x00, 0x00, 0x00, 0x00, 0x00, 0x00, 0x00, 0x00, 0x00, 0x00,
  0x00, 0x00, 0x00, 0x00, 0x00, 0x00, 0x00, 0x00, 0x00, 0x00, 0x00, 0x00,
  0x00, 0x00, 0x00, 0x00, 0x00, 0x00, 0x00, 0x00, 0x00, 0x00, 0x00, 0x00,
  0x00, 0x00, 0x00, 0x00, 0x00, 0x00, 0x00, 0x00, 0x00, 0x00, 0x00, 0x00,
  0xfc, 0xef, 0xfc, 0xef, 0xfc, 0xef, 0xfc, 0xef, 0xfc, 0xef, 0xfc, 0xce,
  0xfd, 0x10, 0xfd, 0xb4, 0xfd, 0xb3, 0xfe, 0x14, 0xfe, 0x55, 0xfe, 0xd6,
  0xff, 0x17, 0xff, 0x77, 0xff, 0x98, 0xff, 0xfb, 0xff, 0xfb, 0xff, 0xfa,
  0xff, 0xfa, 0xff, 0xb9, 0xff, 0x98, 0xff, 0x78, 0xff, 0x78, 0xfe, 0xb4,
  0xfe, 0x93, 0xfe, 0x94, 0xfe, 0x94, 0xfe, 0x94, 0xfe, 0x94, 0xfe, 0x94,
  0xfe, 0x94, 0xfe, 0x94, 0xfe, 0x94, 0xfe, 0x94, 0xfe, 0x94, 0xfe, 0x94,
  0xfe, 0x94, 0xfe, 0x94, 0xfe, 0x94, 0xfe, 0x94, 0xfe, 0x94, 0xfe, 0x94,
  0xfe, 0x94, 0xfe, 0x94, 0xfe, 0x94, 0xfe, 0x94, 0xfe, 0x94, 0xfe, 0x94,
  0xfe, 0x94, 0xfe, 0x94, 0xfe, 0x94, 0xfe, 0x94, 0xfe, 0x94, 0xfe, 0x94,
  0xfe, 0x94, 0xfe, 0x94, 0xfe, 0x13, 0xfd, 0xf3, 0xfd, 0xd3, 0xfd, 0xb2,
  0xfd, 0x92, 0xfd, 0x71, 0xfd, 0x71, 0xfd, 0x71, 0xfd, 0x50, 0xfd, 0x4f,
  0xfd, 0x70, 0xfd, 0xb0, 0xfd, 0xf1, 0xfe, 0x11, 0xfe, 0x32, 0xfe, 0x73,
  0xfe, 0x32, 0xfd, 0xd1, 0xfd, 0xf1, 0xfd, 0xf1, 0xfd, 0xf1, 0xfd, 0xf1,
  0xfd, 0xf1, 0xfd, 0xf1, 0xfd, 0xf1, 0xfe, 0x12, 0xfe, 0x12, 0xfe, 0x12,
  0xfe, 0x12, 0xfe, 0x12, 0xfe, 0x12, 0xfe, 0x12, 0xfe, 0x11, 0xfe, 0x74,
  0xfe, 0x75, 0xfe, 0x75, 0xfe, 0x75, 0xfe, 0x75, 0xfe, 0x75, 0xfe, 0x75,
  0xfe, 0x74, 0xfe, 0xd6, 0xfe, 0xf7, 0xfe, 0xb6, 0xfe, 0x54, 0xfd, 0xb1,
  0xe4, 0xae, 0xc3, 0xca, 0xab, 0x47, 0xa2, 0x66, 0x99, 0xc6, 0x99, 0xe6,
  0x99, 0xe6, 0x99, 0xe6, 0x99, 0xe6, 0x99, 0xe6, 0x99, 0xe6, 0x99, 0xe6,
  0x99, 0xe6, 0x99, 0xe6, 0x99, 0xe6, 0x99, 0xe6, 0x99, 0xe6, 0x99, 0xe6,
  0x99, 0xe6, 0x99, 0xe6, 0xa9, 0xc3, 0xa9, 0xc3, 0xa9, 0xe3, 0xb2, 0x04,
  0xb2, 0x24, 0xba, 0x45, 0xc2, 0x65, 0xba, 0x45, 0xe3, 0x8a, 0xf3, 0xeb,
  0x00, 0x00, 0x00, 0x00, 0x00, 0x00, 0x00, 0x00, 0x00, 0x00, 0x00, 0x00,
  0x00, 0x00, 0x00, 0x00, 0x00, 0x00, 0x00, 0x00, 0x00, 0x00, 0x00, 0x00,
  0x00, 0x00, 0x00, 0x00, 0x00, 0x00, 0x00, 0x00, 0x00, 0x00, 0x00, 0x00,
  0x00, 0x00, 0x00, 0x00, 0x00, 0x00, 0x00, 0x00, 0x00, 0x00, 0x00, 0x00,
  0x00, 0x00, 0x00, 0x00, 0x00, 0x00, 0x00, 0x00, 0x00, 0x00, 0x00, 0x00,
  0x00, 0x00, 0x00, 0x00, 0x00, 0x00, 0x00, 0x00, 0x00, 0x00, 0x00, 0x00,
  0x00, 0x00, 0x00, 0x00, 0x00, 0x00, 0x00, 0x00, 0x00, 0x00, 0x00, 0x00,
  0x00, 0x00, 0x00, 0x00, 0x00, 0x00, 0x00, 0x00, 0x00, 0x00, 0x00, 0x00,
  0x00, 0x00, 0x00, 0x00, 0x00, 0x00, 0x00, 0x00, 0x00, 0x00, 0x00, 0x00,
  0x00, 0x00, 0x00, 0x00, 0x00, 0x00, 0x00, 0x00, 0x00, 0x00, 0x00, 0x00,
  0x00, 0x00, 0x00, 0x00, 0x00, 0x00, 0x00, 0x00, 0x00, 0x00, 0x00, 0x00,
  0x00, 0x00, 0x00, 0x00, 0x00, 0x00, 0x00, 0x00, 0x00, 0x00, 0x00, 0x00,
  0x00, 0x00, 0x00, 0x00, 0x00, 0x00, 0x00, 0x00, 0x00, 0x00, 0x00, 0x00,
  0x00, 0x00, 0x00, 0x00, 0x00, 0x00, 0x00, 0x00, 0x00, 0x00, 0x00, 0x00,
  0x00, 0x00, 0x00, 0x00, 0x00, 0x00, 0x00, 0x00, 0x00, 0x00, 0x00, 0x00,
  0x00, 0x00, 0x00, 0x00, 0x00, 0x00, 0x00, 0x00, 0x00, 0x00, 0x00, 0x00,
  0x00, 0x00, 0x00, 0x00, 0x00, 0x00, 0x00, 0x00, 0x00, 0x00, 0x00, 0x00,
  0x00, 0x00, 0x00, 0x00, 0x00, 0x00, 0x00, 0x00, 0xfc, 0xef, 0xfc, 0xef,
  0xfc, 0xef, 0xfc, 0xef, 0xfc, 0xef, 0xfc, 0xef, 0xfc, 0xef, 0xfc, 0xee,
  0xfd, 0x10, 0xfd, 0x93, 0xfd, 0xb3, 0xfe, 0x14, 0xfe, 0x55, 0xfe, 0xb6,
  0xfe, 0xf7, 0xff, 0x57, 0xff, 0x78, 0xff, 0xfb, 0xff, 0xfb, 0xff, 0xfb,
  0xff, 0xfa, 0xff, 0xd9, 0xff, 0xb9, 0xff, 0x99, 0xff, 0x79, 0xfe, 0xb4,
  0xfe, 0x93, 0xfe, 0x94, 0xfe, 0x94, 0xfe, 0x94, 0xfe, 0x94, 0xfe, 0x94,
  0xfe, 0x94, 0xfe, 0x94, 0xfe, 0x94, 0xfe, 0x94, 0xfe, 0x94, 0xfe, 0x94,
  0xfe, 0x94, 0xfe, 0x94, 0xfe, 0x94, 0xfe, 0x94, 0xfe, 0x94, 0xfe, 0x94,
  0xfe, 0x94, 0xfe, 0x94, 0xfe, 0x94, 0xfe, 0x94, 0xfe, 0x94, 0xfe, 0x94,
  0xfe, 0x94, 0xfe, 0x94, 0xfe, 0x94, 0xfe, 0x94, 0xfe, 0x94, 0xfe, 0x94,
  0xfe, 0x94, 0xfe, 0x94, 0xfe, 0x33, 0xfe, 0x13, 0xfd, 0xf3, 0xfd, 0xd2,
  0xfd, 0x92, 0xfd, 0x71, 0xfd, 0x51, 0xfd, 0x31, 0xfd, 0x0f, 0xfc, 0xef,
  0xfd, 0x30, 0xfd, 0x50, 0xfd, 0x91, 0xfd, 0xd1, 0xfd, 0xf2, 0xfe, 0x32,
  0xfe, 0x12, 0xfd, 0xd1, 0xfd, 0xf1, 0xfd, 0xf1, 0xfd, 0xf1, 0xfd, 0xf1,
  0xfd, 0xf1, 0xfd, 0xf1, 0xfd, 0xf1, 0xfd, 0xf2, 0xfd, 0xf2, 0xfd, 0xf2,
  0xfd, 0xf2, 0xfd, 0xf2, 0xfd, 0xf2, 0xfd, 0xf2, 0xfd, 0xf1, 0xfe, 0x54,
  0xfe, 0x75, 0xfe, 0x75, 0xfe, 0x75, 0xfe, 0x75, 0xfe, 0x75, 0xfe, 0x75,
  0xfe, 0x54, 0xfe, 0xd6, 0xfe, 0xf7, 0xfe, 0xb6, 0xfe, 0x34, 0xfd, 0x91,
  0xe4, 0x8d, 0xc3, 0xaa, 0xb3, 0x27, 0xa2, 0x66, 0x99, 0xc6, 0x99, 0xe6,
  0x99, 0xe6, 0x99, 0xe6, 0x99, 0xe6, 0x99, 0xe6, 0x99, 0xe6, 0x99, 0xe6,
  0x99, 0xe6, 0x99, 0xe6, 0x99, 0xe6, 0x99, 0xe6, 0x99, 0xe6, 0x99, 0xe6,
  0x99, 0xe6, 0x99, 0xe6, 0xa9, 0xc3, 0xa9, 0xc3, 0xa9, 0xe3, 0xb2, 0x04,
  0xb2, 0x24, 0xba, 0x45, 0xc2, 0x65, 0xba, 0x45, 0xe3, 0x8a, 0xf3, 0xeb,
  0xf4, 0x0c, 0xfc, 0x4d, 0x00, 0x00, 0x00, 0x00, 0x00, 0x00, 0x00, 0x00,
  0x00, 0x00, 0x00, 0x00, 0x00, 0x00, 0x00, 0x00, 0x00, 0x00, 0x00, 0x00,
  0x00, 0x00, 0x00, 0x00, 0x00, 0x00, 0x00, 0x00, 0x00, 0x00, 0x00, 0x00,
  0x00, 0x00, 0x00, 0x00, 0x00, 0x00, 0x00, 0x00, 0x00, 0x00, 0x00, 0x00,
  0x00, 0x00, 0x00, 0x00, 0x00, 0x00, 0x00, 0x00, 0x00, 0x00, 0x00, 0x00,
  0x00, 0x00, 0x00, 0x00, 0x00, 0x00, 0x00, 0x00, 0x00, 0x00, 0x00, 0x00,
  0x00, 0x00, 0x00, 0x00, 0x00, 0x00, 0x00, 0x00, 0x00, 0x00, 0x00, 0x00,
  0x00, 0x00, 0x00, 0x00, 0x00, 0x00, 0x00, 0x00, 0x00, 0x00, 0x00, 0x00,
  0x00, 0x00, 0x00, 0x00, 0x00, 0x00, 0x00, 0x00, 0x00, 0x00, 0x00, 0x00,
  0x00, 0x00, 0x00, 0x00, 0x00, 0x00, 0x00, 0x00, 0x00, 0x00, 0x00, 0x00,
  0x00, 0x00, 0x00, 0x00, 0x00, 0x00, 0x00, 0x00, 0x00, 0x00, 0x00, 0x00,
  0x00, 0x00, 0x00, 0x00, 0x00, 0x00, 0x00, 0x00, 0x00, 0x00, 0x00, 0x00,
  0x00, 0x00, 0x00, 0x00, 0x00, 0x00, 0x00, 0x00, 0x00, 0x00, 0x00, 0x00,
  0x00, 0x00, 0x00, 0x00, 0x00, 0x00, 0x00, 0x00, 0x00, 0x00, 0x00, 0x00,
  0x00, 0x00, 0x00, 0x00, 0x00, 0x00, 0x00, 0x00, 0x00, 0x00, 0x00, 0x00,
  0x00, 0x00, 0x00, 0x00, 0x00, 0x00, 0x00, 0x00, 0x00, 0x00, 0x00, 0x00,
  0x00, 0x00, 0x00, 0x00, 0x00, 0x00, 0x00, 0x00, 0x00, 0x00, 0x00, 0x00,
  0x00, 0x00, 0x00, 0x00, 0x00, 0x00, 0xfc, 0xae, 0xfc, 0xef, 0xfc, 0xef,
  0xfc, 0xef, 0xfc, 0xef, 0xfc, 0xef, 0xfc, 0xef, 0xfc, 0xef, 0xfc, 0xee,
  0xfd, 0x10, 0xfd, 0x72, 0xfd, 0x93, 0xfd, 0xf3, 0xfe, 0x34, 0xfe, 0x95,
  0xfe, 0xd6, 0xff, 0x36, 0xff, 0x57, 0xff, 0xfb, 0xff, 0xfb, 0xff, 0xfb,
  0xff, 0xfa, 0xff, 0xda, 0xff, 0xb9, 0xff, 0x99, 0xff, 0x99, 0xfe, 0xb4,
  0xfe, 0x93, 0xfe, 0x94, 0xfe, 0x94, 0xfe, 0x94, 0xfe, 0x94, 0xfe, 0x94,
  0xfe, 0x94, 0xfe, 0x94, 0xfe, 0x94, 0xfe, 0x94, 0xfe, 0x94, 0xfe, 0x94,
  0xfe, 0x94, 0xfe, 0x94, 0xfe, 0x94, 0xfe, 0x94, 0xfe, 0x94, 0xfe, 0x94,
  0xfe, 0x94, 0xfe, 0x94, 0xfe, 0x94, 0xfe, 0x94, 0xfe, 0x94, 0xfe, 0x94,
  0xfe, 0x94, 0xfe, 0x94, 0xfe, 0x94, 0xfe, 0x94, 0xfe, 0x94, 0xfe, 0x94,
  0xfe, 0x94, 0xfe, 0x94, 0xfe, 0x33, 0xfe, 0x13, 0xfd, 0xf3, 0xfd, 0xd2,
  0xfd, 0x92, 0xfd, 0x71, 0xfd, 0x51, 0xfd, 0x31, 0xfc, 0xef, 0xfc, 0xcf,
  0xfd, 0x0f, 0xfd, 0x30, 0xfd, 0x70, 0xfd, 0xb1, 0xfd, 0xd1, 0xfe, 0x11,
  0xfd, 0xf1, 0xfd, 0xf1, 0xfd, 0xf1, 0xfd, 0xf1, 0xfd, 0xf1, 0xfd, 0xf1,
  0xfd, 0xf1, 0xfd, 0xf1, 0xfd, 0xf1, 0xfd, 0xf2, 0xfd, 0xf2, 0xfd, 0xf2,
  0xfd, 0xf2, 0xfd, 0xf2, 0xfd, 0xf2, 0xfd, 0xf2, 0xfd, 0xf1, 0xfe, 0x54,
  0xfe, 0x75, 0xfe, 0x75, 0xfe, 0x75, 0xfe, 0x75, 0xfe, 0x75, 0xfe, 0x75,
  0xfe, 0x54, 0xfe, 0xd6, 0xfe, 0xf7, 0xfe, 0xb6, 0xfe, 0x34, 0xfd, 0x91,
  0xe4, 0x8d, 0xc3, 0xaa, 0xb3, 0x27, 0xa2, 0x66, 0x99, 0xc6, 0x99, 0xe6,
  0x99, 0xe6, 0x99, 0xe6, 0x99, 0xe6, 0x99, 0xe6, 0x99, 0xe6, 0x99, 0xe6,
  0x99, 0xe6, 0x99, 0xe6, 0x99, 0xe6, 0x99, 0xe6, 0x99, 0xe6, 0x99, 0xe6,
  0x99, 0xe6, 0x99, 0xe6, 0xa9, 0xc3, 0xa9, 0xc3, 0xa9, 0xe3, 0xb2, 0x04,
  0xb2, 0x24, 0xba, 0x45, 0xc2, 0x65, 0xba, 0x45, 0xe3, 0x8a, 0xf3, 0xeb,
  0xf4, 0x0c, 0xfc, 0x4d, 0xfc, 0xae, 0x00, 0x00, 0x00, 0x00, 0x00, 0x00,
  0x00, 0x00, 0x00, 0x00, 0x00, 0x00, 0x00, 0x00, 0x00, 0x00, 0x00, 0x00,
  0x00, 0x00, 0x00, 0x00, 0x00, 0x00, 0x00, 0x00, 0x00, 0x00, 0x00, 0x00,
  0x00, 0x00, 0x00, 0x00, 0x00, 0x00, 0x00, 0x00, 0x00, 0x00, 0x00, 0x00,
  0x00, 0x00, 0x00, 0x00, 0x00, 0x00, 0x00, 0x00, 0x00, 0x00, 0x00, 0x00,
  0x00, 0x00, 0x00, 0x00, 0x00, 0x00, 0x00, 0x00, 0x00, 0x00, 0x00, 0x00,
  0x00, 0x00, 0x00, 0x00, 0x00, 0x00, 0x00, 0x00, 0x00, 0x00, 0x00, 0x00,
  0x00, 0x00, 0x00, 0x00, 0x00, 0x00, 0x00, 0x00, 0x00, 0x00, 0x00, 0x00,
  0x00, 0x00, 0x00, 0x00, 0x00, 0x00, 0x00, 0x00, 0x00, 0x00, 0x00, 0x00,
  0x00, 0x00, 0x00, 0x00, 0x00, 0x00, 0x00, 0x00, 0x00, 0x00, 0x00, 0x00,
  0x00, 0x00, 0x00, 0x00, 0x00, 0x00, 0x00, 0x00, 0x00, 0x00, 0x00, 0x00,
  0x00, 0x00, 0x00, 0x00, 0x00, 0x00, 0x00, 0x00, 0x00, 0x00, 0x00, 0x00,
  0x00, 0x00, 0x00, 0x00, 0x00, 0x00, 0x00, 0x00, 0x00, 0x00, 0x00, 0x00,
  0x00, 0x00, 0x00, 0x00, 0x00, 0x00, 0x00, 0x00, 0x00, 0x00, 0x00, 0x00,
  0x00, 0x00, 0x00, 0x00, 0x00, 0x00, 0x00, 0x00, 0x00, 0x00, 0x00, 0x00,
  0x00, 0x00, 0x00, 0x00, 0x00, 0x00, 0x00, 0x00, 0x00, 0x00, 0x00, 0x00,
  0x00, 0x00, 0x00, 0x00, 0x00, 0x00, 0x00, 0x00, 0x00, 0x00, 0x00, 0x00,
  0x00, 0x00, 0x00, 0x00, 0xfc, 0x4c, 0xfc, 0x8d, 0xfc, 0xce, 0xfc, 0xef,
  0xfc, 0xef, 0xfc, 0xef, 0xfc, 0xef, 0xfc, 0xef, 0xfc, 0xef, 0xfc, 0xee,
  0xfd, 0x10, 0xfd, 0x52, 0xfd, 0x72, 0xfd, 0xb3, 0xfd, 0xf4, 0xfe, 0x74,
  0xfe, 0xb5, 0xff, 0x16, 0xff, 0x37, 0xff, 0xfb, 0xff, 0xfa, 0xff, 0xfa,
  0xff, 0xf9, 0xff, 0xb9, 0xff, 0x98, 0xff, 0x58, 0xff, 0x58, 0xfe, 0xb4,
  0xfe, 0x93, 0xfe, 0x94, 0xfe, 0x94, 0xfe, 0x94, 0xfe, 0x94, 0xfe, 0x94,
  0xfe, 0x94, 0xfe, 0x94, 0xfe, 0x94, 0xfe, 0x94, 0xfe, 0x94, 0xfe, 0x94,
  0xfe, 0x94, 0xfe, 0x94, 0xfe, 0x94, 0xfe, 0x94, 0xfe, 0x94, 0xfe, 0x94,
  0xfe, 0x94, 0xfe, 0x94, 0xfe, 0x94, 0xfe, 0x94, 0xfe, 0x94, 0xfe, 0x94,
  0xfe, 0x94, 0xfe, 0x94, 0xfe, 0x94, 0xfe, 0x94, 0xfe, 0x94, 0xfe, 0x94,
  0xfe, 0x94, 0xfe, 0x94, 0xfe, 0x73, 0xfe, 0x53, 0xfe, 0x13, 0xfd, 0xf2,
  0xfd, 0xb2, 0xfd, 0x71, 0xfd, 0x31, 0xfd, 0x31, 0xfc, 0xaf, 0xfc, 0x6e,
  0xfc, 0xaf, 0xfc, 0xcf, 0xfd, 0x10, 0xfd, 0x50, 0xfd, 0x91, 0xfd, 0xb1,
  0xfd, 0xb1, 0xfd, 0xd1, 0xfd, 0xd1, 0xfd, 0xd1, 0xfd, 0xd1, 0xfd, 0xd1,
  0xfd, 0xd1, 0xfd, 0xd1, 0xfd, 0xd1, 0xfd, 0xf2, 0xfd, 0xf2, 0xfd, 0xf2,
  0xfd, 0xf2, 0xfd, 0xf2, 0xfd, 0xf2, 0xfd, 0xf2, 0xfd, 0xf1, 0xfe, 0x54,
  0xfe, 0x55, 0xfe, 0x55, 0xfe, 0x55, 0xfe, 0x55, 0xfe, 0x55, 0xfe, 0x55,
  0xfe, 0x54, 0xfe, 0xb6, 0xfe, 0xd7, 0xfe, 0x96, 0xfe, 0x34, 0xfd, 0x71,
  0xec, 0x8d, 0xcb, 0xaa, 0xb3, 0x07, 0xa2, 0x46, 0x99, 0xc6, 0x99, 0xe6,
  0x99, 0xe6, 0x99, 0xe6, 0x99, 0xe6, 0x99, 0xe6, 0x99, 0xe6, 0x99, 0xe6,
  0x99, 0xe6, 0x99, 0xe6, 0x99, 0xe6, 0x99, 0xe6, 0x99, 0xe6, 0x99, 0xe6,
  0x99, 0xe6, 0x99, 0xe6, 0xa9, 0xc3, 0xa9, 0xc3, 0xa9, 0xe3, 0xb2, 0x04,
  0xb2, 0x24, 0xba, 0x45, 0xc2, 0x65, 0xba, 0x45, 0xe3, 0x8a, 0xf3, 0xeb,
  0xf4, 0x0c, 0xfc, 0x4d, 0xfc, 0xae, 0xfd, 0x10, 0x00, 0x00, 0x00, 0x00,
  0x00, 0x00, 0x00, 0x00, 0x00, 0x00, 0x00, 0x00, 0x00, 0x00, 0x00, 0x00,
  0x00, 0x00, 0x00, 0x00, 0x00, 0x00, 0x00, 0x00, 0x00, 0x00, 0x00, 0x00,
  0x00, 0x00, 0x00, 0x00, 0x00, 0x00, 0x00, 0x00, 0x00, 0x00, 0x00, 0x00,
  0x00, 0x00, 0x00, 0x00, 0x00, 0x00, 0x00, 0x00, 0x00, 0x00, 0x00, 0x00,
  0x00, 0x00, 0x00, 0x00, 0x00, 0x00, 0x00, 0x00, 0x00, 0x00, 0x00, 0x00,
  0x00, 0x00, 0x00, 0x00, 0x00, 0x00, 0x00, 0x00, 0x00, 0x00, 0x00, 0x00,
  0x00, 0x00, 0x00, 0x00, 0x00, 0x00, 0x00, 0x00, 0x00, 0x00, 0x00, 0x00,
  0x00, 0x00, 0x00, 0x00, 0x00, 0x00, 0x00, 0x00, 0x00, 0x00, 0x00, 0x00,
  0x00, 0x00, 0x00, 0x00, 0x00, 0x00, 0x00, 0x00, 0x00, 0x00, 0x00, 0x00,
  0x00, 0x00, 0x00, 0x00, 0x00, 0x00, 0x00, 0x00, 0x00, 0x00, 0x00, 0x00,
  0x00, 0x00, 0x00, 0x00, 0x00, 0x00, 0x00, 0x00, 0x00, 0x00, 0x00, 0x00,
  0x00, 0x00, 0x00, 0x00, 0x00, 0x00, 0x00, 0x00, 0x00, 0x00, 0x00, 0x00,
  0x00, 0x00, 0x00, 0x00, 0x00, 0x00, 0x00, 0x00, 0x00, 0x00, 0x00, 0x00,
  0x00, 0x00, 0x00, 0x00, 0x00, 0x00, 0x00, 0x00, 0x00, 0x00, 0x00, 0x00,
  0x00, 0x00, 0x00, 0x00, 0x00, 0x00, 0x00, 0x00, 0x00, 0x00, 0x00, 0x00,
  0x00, 0x00, 0x00, 0x00, 0x00, 0x00, 0x00, 0x00, 0x00, 0x00, 0x00, 0x00,
  0xe3, 0x69, 0xeb, 0xaa, 0xf4, 0x2c, 0xfc, 0x6d, 0xfc, 0xce, 0xfc, 0xef,
  0xfc, 0xef, 0xfc, 0xef, 0xfc, 0xef, 0xfc, 0xef, 0xfc, 0xef, 0xfc, 0xee,
  0xfc, 0xef, 0xfd, 0x11, 0xfd, 0x51, 0xfd, 0x92, 0xfd, 0xd3, 0xfe, 0x54,
  0xfe, 0x95, 0xfe, 0xf5, 0xff, 0x16, 0xff, 0xd9, 0xff, 0xd9, 0xff, 0xb8,
  0xff, 0x98, 0xff, 0x57, 0xff, 0x37, 0xfe, 0xf6, 0xfe, 0xf6, 0xfe, 0x94,
  0xfe, 0x93, 0xfe, 0x94, 0xfe, 0x94, 0xfe, 0x94, 0xfe, 0x94, 0xfe, 0x94,
  0xfe, 0x94, 0xfe, 0x94, 0xfe, 0x94, 0xfe, 0x94, 0xfe, 0x94, 0xfe, 0x94,
  0xfe, 0x94, 0xfe, 0x94, 0xfe, 0x94, 0xfe, 0x94, 0xfe, 0x94, 0xfe, 0x94,
  0xfe, 0x94, 0xfe, 0x94, 0xfe, 0x94, 0xfe, 0x94, 0xfe, 0x94, 0xfe, 0x94,
  0xfe, 0x94, 0xfe, 0x94, 0xfe, 0x94, 0xfe, 0x94, 0xfe, 0x94, 0xfe, 0x94,
  0xfe, 0x94, 0xfe, 0x94, 0xfe, 0x73, 0xfe, 0x73, 0xfe, 0x33, 0xfe, 0x12,
  0xfd, 0xb2, 0xfd, 0x71, 0xfd, 0x31, 0xfd, 0x31, 0xfc, 0x8e, 0xfc, 0x4d,
  0xfc, 0x8e, 0xfc, 0xae, 0xfc, 0xef, 0xfd, 0x30, 0xfd, 0x50, 0xfd, 0x70,
  0xfd, 0x91, 0xfd, 0xd1, 0xfd, 0xd1, 0xfd, 0xd1, 0xfd, 0xd1, 0xfd, 0xd1,
  0xfd, 0xd1, 0xfd, 0xd1, 0xfd, 0xd1, 0xfd, 0xf2, 0xfd, 0xf2, 0xfd, 0xf2,
  0xfd, 0xf2, 0xfd, 0xf2, 0xfd, 0xf2, 0xfd, 0xf2, 0xfd, 0xf1, 0xfe, 0x54,
  0xfe, 0x55, 0xfe, 0x55, 0xfe, 0x55, 0xfe, 0x55, 0xfe, 0x55, 0xfe, 0x55,
  0xfe, 0x34, 0xfe, 0xb6, 0xfe, 0xd7, 0xfe, 0x96, 0xfe, 0x14, 0xfd, 0x71,
  0xec, 0x8d, 0xcb, 0x8a, 0xbb, 0x07, 0xa2, 0x46, 0x99, 0xc6, 0x99, 0xe6,
  0x99, 0xe6, 0x99, 0xe6, 0x99, 0xe6, 0x99, 0xe6, 0x99, 0xe6, 0x99, 0xe6,
  0x99, 0xe6, 0x99, 0xe6, 0x99, 0xe6, 0x99, 0xe6, 0x99, 0xe6, 0x99, 0xe6,
  0x99, 0xe6, 0x99, 0xe6, 0xa9, 0xc3, 0xa9, 0xc3, 0xa9, 0xe3, 0xb2, 0x04,
  0xb2, 0x24, 0xba, 0x45, 0xc2, 0x65, 0xba, 0x45, 0xe3, 0x8a, 0xf3, 0xeb,
  0xf4, 0x0c, 0xfc, 0x4d, 0xfc, 0xae, 0xfd, 0x10, 0xfd, 0x51, 0xfd, 0x71,
  0x00, 0x00, 0x00, 0x00, 0x00, 0x00, 0x00, 0x00, 0x00, 0x00, 0x00, 0x00,
  0x00, 0x00, 0x00, 0x00, 0x00, 0x00, 0x00, 0x00, 0x00, 0x00, 0x00, 0x00,
  0x00, 0x00, 0x00, 0x00, 0x00, 0x00, 0x00, 0x00, 0x00, 0x00, 0x00, 0x00,
  0x00, 0x00, 0x00, 0x00, 0x00, 0x00, 0x00, 0x00, 0x00, 0x00, 0x00, 0x00,
  0x00, 0x00, 0x00, 0x00, 0x00, 0x00, 0x00, 0x00, 0x00, 0x00, 0x00, 0x00,
  0x00, 0x00, 0x00, 0x00, 0x00, 0x00, 0x00, 0x00, 0x00, 0x00, 0x00, 0x00,
  0x00, 0x00, 0x00, 0x00, 0x00, 0x00, 0x00, 0x00, 0x00, 0x00, 0x00, 0x00,
  0x00, 0x00, 0x00, 0x00, 0x00, 0x00, 0x00, 0x00, 0x00, 0x00, 0x00, 0x00,
  0x00, 0x00, 0x00, 0x00, 0x00, 0x00, 0x00, 0x00, 0x00, 0x00, 0x00, 0x00,
  0x00, 0x00, 0x00, 0x00, 0x00, 0x00, 0x00, 0x00, 0x00, 0x00, 0x00, 0x00,
  0x00, 0x00, 0x00, 0x00, 0x00, 0x00, 0x00, 0x00, 0x00, 0x00, 0x00, 0x00,
  0x00, 0x00, 0x00, 0x00, 0x00, 0x00, 0x00, 0x00, 0x00, 0x00, 0x00, 0x00,
  0x00, 0x00, 0x00, 0x00, 0x00, 0x00, 0x00, 0x00, 0x00, 0x00, 0x00, 0x00,
  0x00, 0x00, 0x00, 0x00, 0x00, 0x00, 0x00, 0x00, 0x00, 0x00, 0x00, 0x00,
  0x00, 0x00, 0x00, 0x00, 0x00, 0x00, 0x00, 0x00, 0x00, 0x00, 0x00, 0x00,
  0x00, 0x00, 0x00, 0x00, 0x00, 0x00, 0x00, 0x00, 0x00, 0x00, 0xdb, 0x48,
  0xdb, 0x48, 0xe3, 0xaa, 0xec, 0x0b, 0xfc, 0x4c, 0xfc, 0xae, 0xfc, 0xef,
  0xfc, 0xef, 0xfc, 0xef, 0xfc, 0xef, 0xfc, 0xef, 0xfc, 0xef, 0xfc, 0xef,
  0xfc, 0xef, 0xfd, 0x11, 0xfd, 0x31, 0xfd, 0x72, 0xfd, 0xb3, 0xfe, 0x34,
  0xfe, 0x74, 0xfe, 0xd5, 0xfe, 0xf5, 0xff, 0x77, 0xff, 0x57, 0xff, 0x37,
  0xff, 0x16, 0xfe, 0xd5, 0xfe, 0xb5, 0xfe, 0x95, 0xfe, 0x74, 0xfe, 0x94,
  0xfe, 0x93, 0xfe, 0x93, 0xfe, 0x93, 0xfe, 0x93, 0xfe, 0x93, 0xfe, 0x93,
  0xfe, 0x93, 0xfe, 0x93, 0xfe, 0x93, 0xfe, 0x93, 0xfe, 0x93, 0xfe, 0x93,
  0xfe, 0x93, 0xfe, 0x93, 0xfe, 0x93, 0xfe, 0x94, 0xfe, 0x94, 0xfe, 0x94,
  0xfe, 0x94, 0xfe, 0x94, 0xfe, 0x94, 0xfe, 0x94, 0xfe, 0x94, 0xfe, 0x94,
  0xfe, 0x94, 0xfe, 0x94, 0xfe, 0x94, 0xfe, 0x94, 0xfe, 0x94, 0xfe, 0x94,
  0xfe, 0x94, 0xfe, 0x94, 0xfe, 0x93, 0xfe, 0x93, 0xfe, 0x33, 0xfe, 0x12,
  0xfd, 0xb2, 0xfd, 0x71, 0xfd, 0x31, 0xfd, 0x31, 0xfc, 0x6e, 0xfc, 0x0d,
  0xfc, 0x4e, 0xfc, 0x6e, 0xfc, 0xaf, 0xfc, 0xef, 0xfd, 0x0f, 0xfd, 0x30,
  0xfd, 0x70, 0xfd, 0xb1, 0xfd, 0xb1, 0xfd, 0xb1, 0xfd, 0xb1, 0xfd, 0xb1,
  0xfd, 0xb1, 0xfd, 0xb1, 0xfd, 0xb1, 0xfd, 0xd2, 0xfd, 0xd2, 0xfd, 0xd2,
  0xfd, 0xd2, 0xfd, 0xd2, 0xfd, 0xd2, 0xfd, 0xd2, 0xfd, 0xd1, 0xfe, 0x34,
  0xfe, 0x35, 0xfe, 0x34, 0xfe, 0x34, 0xfe, 0x34, 0xfe, 0x34, 0xfe, 0x55,
  0xfe, 0x34, 0xfe, 0x96, 0xfe, 0xb6, 0xfe, 0x75, 0xfe, 0x14, 0xfd, 0x51,
  0xec, 0x6d, 0xd3, 0x8a, 0xba, 0xe7, 0xaa, 0x46, 0x99, 0xc6, 0x99, 0xe6,
  0x99, 0xe6, 0x99, 0xe6, 0x99, 0xe6, 0x99, 0xe6, 0x99, 0xe6, 0x99, 0xe6,
  0x99, 0xe6, 0x99, 0xe6, 0x99, 0xe6, 0x99, 0xe6, 0x99, 0xe6, 0x99, 0xe6,
  0x99, 0xe6, 0x99, 0xe6, 0xa9, 0xc3, 0xa9, 0xc3, 0xa9, 0xe3, 0xb2, 0x04,
  0xb2, 0x24, 0xba, 0x45, 0xc2, 0x65, 0xba, 0x45, 0xe3, 0x8a, 0xf3, 0xeb,
  0xf4, 0x0c, 0xfc, 0x4d, 0xfc, 0xae, 0xfd, 0x10, 0xfd, 0x51, 0xfd, 0x71,
  0xfd, 0xd1, 0x00, 0x00, 0x00, 0x00, 0x00, 0x00, 0x00, 0x00, 0x00, 0x00,
  0x00, 0x00, 0x00, 0x00, 0x00, 0x00, 0x00, 0x00, 0x00, 0x00, 0x00, 0x00,
  0x00, 0x00, 0x00, 0x00, 0x00, 0x00, 0x00, 0x00, 0x00, 0x00, 0x00, 0x00,
  0x00, 0x00, 0x00, 0x00, 0x00, 0x00, 0x00, 0x00, 0x00, 0x00, 0x00, 0x00,
  0x00, 0x00, 0x00, 0x00, 0x00, 0x00, 0x00, 0x00, 0x00, 0x00, 0x00, 0x00,
  0x00, 0x00, 0x00, 0x00, 0x00, 0x00, 0x00, 0x00, 0x00, 0x00, 0x00, 0x00,
  0x00, 0x00, 0x00, 0x00, 0x00, 0x00, 0x00, 0x00, 0x00, 0x00, 0x00, 0x00,
  0x00, 0x00, 0x00, 0x00, 0x00, 0x00, 0x00, 0x00, 0x00, 0x00, 0x00, 0x00,
  0x00, 0x00, 0x00, 0x00, 0x00, 0x00, 0x00, 0x00, 0x00, 0x00, 0x00, 0x00,
  0x00, 0x00, 0x00, 0x00, 0x00, 0x00, 0x00, 0x00, 0x00, 0x00, 0x00, 0x00,
  0x00, 0x00, 0x00, 0x00, 0x00, 0x00, 0x00, 0x00, 0x00, 0x00, 0x00, 0x00,
  0x00, 0x00, 0x00, 0x00, 0x00, 0x00, 0x00, 0x00, 0x00, 0x00, 0x00, 0x00,
  0x00, 0x00, 0x00, 0x00, 0x00, 0x00, 0x00, 0x00, 0x00, 0x00, 0x00, 0x00,
  0x00, 0x00, 0x00, 0x00, 0x00, 0x00, 0x00, 0x00, 0x00, 0x00, 0x00, 0x00,
  0x00, 0x00, 0x00, 0x00, 0x00, 0x00, 0x00, 0x00, 0x00, 0x00, 0x00, 0x00,
  0x00, 0x00, 0x00, 0x00, 0x00, 0x00, 0x00, 0x00, 0xe3, 0x69, 0xdb, 0x28,
  0xdb, 0x48, 0xeb, 0x89, 0xf4, 0x0b, 0xfc, 0x2c, 0xfc, 0xce, 0xfd, 0x0f,
  0xfd, 0x0f, 0xfd, 0x0f, 0xfc, 0xef, 0xfc, 0xef, 0xfc, 0xef, 0xfc, 0xef,
  0xfc, 0xef, 0xfc, 0xf1, 0xfd, 0x11, 0xfd, 0x72, 0xfd, 0xb3, 0xfe, 0x34,
  0xfe, 0x74, 0xfe, 0xf5, 0xfe, 0xf6, 0xff, 0x36, 0xff, 0x36, 0xff, 0x16,
  0xfe, 0xd5, 0xfe, 0x94, 0xfe, 0x74, 0xfe, 0x53, 0xfe, 0x33, 0xfe, 0x94,
  0xfe, 0xb4, 0xfe, 0xb4, 0xfe, 0xb4, 0xfe, 0xb4, 0xfe, 0xb4, 0xfe, 0xb4,
  0xfe, 0xb4, 0xfe, 0xb4, 0xfe, 0xb4, 0xfe, 0xb4, 0xfe, 0xb4, 0xfe, 0xb4,
  0xfe, 0xb4, 0xfe, 0xb4, 0xfe, 0xb4, 0xfe, 0xb4, 0xfe, 0x94, 0xfe, 0x94,
  0xfe, 0x94, 0xfe, 0x94, 0xfe, 0x94, 0xfe, 0x94, 0xfe, 0x94, 0xfe, 0x94,
  0xfe, 0x94, 0xfe, 0x94, 0xfe, 0x94, 0xfe, 0x94, 0xfe, 0x94, 0xfe, 0x94,
  0xfe, 0x94, 0xfe, 0x94, 0xfe, 0xd4, 0xfe, 0xb3, 0xfe, 0x53, 0xfe, 0x32,
  0xfd, 0xb2, 0xfd, 0x71, 0xfd, 0x11, 0xfd, 0x11, 0xfc, 0x2e, 0xfb, 0xcd,
  0xfc, 0x0d, 0xfc, 0x2e, 0xfc, 0x8f, 0xfc, 0xcf, 0xfd, 0x10, 0xfd, 0x30,
  0xfd, 0x71, 0xfd, 0xd2, 0xfd, 0xb1, 0xfd, 0xb1, 0xfd, 0xb1, 0xfd, 0xb1,
  0xfd, 0xb1, 0xfd, 0xb1, 0xfd, 0xb1, 0xfd, 0xd2, 0xfd, 0xd2, 0xfd, 0xb2,
  0xfd, 0xb2, 0xfd, 0xb2, 0xfd, 0xb2, 0xfd, 0xb2, 0xfd, 0xb2, 0xfe, 0x35,
  0xfe, 0x35, 0xfe, 0x35, 0xfe, 0x35, 0xfe, 0x35, 0xfe, 0x35, 0xfe, 0x55,
  0xfe, 0x35, 0xfe, 0x97, 0xfe, 0xd7, 0xfe, 0x76, 0xfe, 0x14, 0xfd, 0x51,
  0xf4, 0x6e, 0xd3, 0x6a, 0xba, 0xc7, 0xaa, 0x46, 0x99, 0xe6, 0x99, 0xe6,
  0x99, 0xe6, 0x99, 0xe6, 0x99, 0xe6, 0x99, 0xe6, 0x99, 0xe6, 0x99, 0xe6,
  0x99, 0xe6, 0x99, 0xe6, 0x99, 0xe6, 0x99, 0xe6, 0x99, 0xe6, 0x99, 0xe6,
  0x99, 0xe6, 0x99, 0xe6, 0xa9, 0xc3, 0xa9, 0xc3, 0xa9, 0xe3, 0xb2, 0x03,
  0xb2, 0x24, 0xba, 0x45, 0xc2, 0x65, 0xba, 0x45, 0xe3, 0x8a, 0xf3, 0xec,
  0xf4, 0x0c, 0xfc, 0x4d, 0xfc, 0xaf, 0xfd, 0x10, 0xfd, 0x51, 0xfd, 0x72,
  0xfd, 0xf2, 0xfe, 0x51, 0x00, 0x00, 0x00, 0x00, 0x00, 0x00, 0x00, 0x00,
  0x00, 0x00, 0x00, 0x00, 0x00, 0x00, 0x00, 0x00, 0x00, 0x00, 0x00, 0x00,
  0x00, 0x00, 0x00, 0x00, 0x00, 0x00, 0x00, 0x00, 0x00, 0x00, 0x00, 0x00,
  0x00, 0x00, 0x00, 0x00, 0x00, 0x00, 0x00, 0x00, 0x00, 0x00, 0x00, 0x00,
  0x00, 0x00, 0x00, 0x00, 0x00, 0x00, 0x00, 0x00, 0x00, 0x00, 0x00, 0x00,
  0x00, 0x00, 0x00, 0x00, 0x00, 0x00, 0x00, 0x00, 0x00, 0x00, 0x00, 0x00,
  0x00, 0x00, 0x00, 0x00, 0x00, 0x00, 0x00, 0x00, 0x00, 0x00, 0x00, 0x00,
  0x00, 0x00, 0x00, 0x00, 0x00, 0x00, 0x00, 0x00, 0x00, 0x00, 0x00, 0x00,
  0x00, 0x00, 0x00, 0x00, 0x00, 0x00, 0x00, 0x00, 0x00, 0x00, 0x00, 0x00,
  0x00, 0x00, 0x00, 0x00, 0x00, 0x00, 0x00, 0x00, 0x00, 0x00, 0x00, 0x00,
  0x00, 0x00, 0x00, 0x00, 0x00, 0x00, 0x00, 0x00, 0x00, 0x00, 0x00, 0x00,
  0x00, 0x00, 0x00, 0x00, 0x00, 0x00, 0x00, 0x00, 0x00, 0x00, 0x00, 0x00,
  0x00, 0x00, 0x00, 0x00, 0x00, 0x00, 0x00, 0x00, 0x00, 0x00, 0x00, 0x00,
  0x00, 0x00, 0x00, 0x00, 0x00, 0x00, 0x00, 0x00, 0x00, 0x00, 0x00, 0x00,
  0x00, 0x00, 0x00, 0x00, 0x00, 0x00, 0x00, 0x00, 0x00, 0x00, 0x00, 0x00,
  0x00, 0x00, 0x00, 0x00, 0xcb, 0x48, 0xbb, 0x08, 0xc3, 0x28, 0xc3, 0x28,
  0xc3, 0x48, 0xcb, 0x69, 0xd3, 0xaa, 0xd3, 0xca, 0xdc, 0x2c, 0xe4, 0x6d,
  0xe4, 0x6d, 0xe4, 0x6d, 0xec, 0x8e, 0xec, 0xae, 0xec, 0xae, 0xec, 0xcf,
  0xf4, 0xef, 0xfc, 0xf0, 0xfd, 0x10, 0xfd, 0x50, 0xfd, 0x71, 0xfd, 0xb2,
  0xfd, 0xd2, 0xfe, 0x13, 0xfe, 0x13, 0xfe, 0x13, 0xfe, 0x13, 0xfe, 0x13,
  0xfd, 0xf2, 0xfd, 0xf2, 0xfd, 0xd2, 0xfd, 0xd2, 0xfd, 0xb2, 0xfd, 0xd2,
  0xfd, 0xd2, 0xfd, 0xd2, 0xfd, 0xd2, 0xfd, 0xd2, 0xfd, 0xd2, 0xfd, 0xd2,
  0xfd, 0xd2, 0xfd, 0xd2, 0xfd, 0xb2, 0xfd, 0xb2, 0xfd, 0xb2, 0xfd, 0xb2,
  0xfd, 0xb2, 0xfd, 0xb2, 0xfd, 0xb2, 0xfd, 0xf2, 0xfe, 0x33, 0xfe, 0x33,
  0xfe, 0x33, 0xfe, 0x33, 0xfe, 0x33, 0xfe, 0x33, 0xfe, 0x33, 0xfe, 0x33,
  0xfe, 0x53, 0xfe, 0x53, 0xfe, 0x53, 0xfe, 0x53, 0xfe, 0x53, 0xfe, 0x53,
  0xfe, 0x53, 0xfe, 0x53, 0xfe, 0x12, 0xfd, 0xf2, 0xfd, 0xd2, 0xfd, 0xd1,
  0xfd, 0xb1, 0xfd, 0x91, 0xfd, 0x71, 0xfd, 0x71, 0xfc, 0xcf, 0xfc, 0x8e,
  0xfc, 0x8e, 0xfc, 0x8e, 0xfc, 0x8d, 0xfc, 0x8d, 0xfc, 0x8d, 0xfc, 0x8d,
  0xfc, 0xce, 0xfd, 0x50, 0xfd, 0x50, 0xfd, 0x50, 0xfd, 0x70, 0xfd, 0x91,
  0xfd, 0xb1, 0xfd, 0xd1, 0xfd, 0xd1, 0xfd, 0xd1, 0xfd, 0xd1, 0xfd, 0xd1,
  0xfd, 0xd1, 0xfd, 0xd1, 0xfd, 0xd1, 0xfd, 0xf1, 0xfd, 0xf1, 0xfe, 0x12,
  0xfe, 0x13, 0xfe, 0x13, 0xfe, 0x13, 0xfe, 0x13, 0xfe, 0x13, 0xfe, 0x13,
  0xfe, 0x12, 0xfe, 0x53, 0xfe, 0x74, 0xfe, 0x33, 0xfd, 0xf2, 0xfd, 0x50,
  0xf4, 0x8c, 0xdb, 0xa9, 0xcb, 0x27, 0xaa, 0x66, 0x99, 0xc5, 0x99, 0xe5,
  0x99, 0xc5, 0x99, 0xc5, 0x99, 0xc5, 0x99, 0xc5, 0x99, 0xc5, 0x99, 0xc5,
  0x99, 0xc5, 0x99, 0xc5, 0x99, 0xc5, 0x99, 0xc5, 0x99, 0xc5, 0x99, 0xc5,
  0x99, 0xc5, 0x99, 0xc5, 0xa9, 0xc4, 0xa9, 0xc4, 0xb1, 0xe4, 0xb2, 0x05,
  0xba, 0x25, 0xba, 0x46, 0xc2, 0x86, 0xba, 0x65, 0xe3, 0x69, 0xeb, 0xea,
  0xec, 0x0a, 0xf4, 0x4b, 0xfc, 0x8c, 0xfc, 0xcd, 0xfd, 0x0e, 0xfd, 0x2e,
  0xfd, 0x6f, 0xfd, 0x8f, 0xfd, 0x8f, 0xfd, 0x6f, 0x00, 0x00, 0x00, 0x00,
  0x00, 0x00, 0x00, 0x00, 0x00, 0x00, 0x00, 0x00, 0x00, 0x00, 0x00, 0x00,
  0x00, 0x00, 0x00, 0x00, 0x00, 0x00, 0x00, 0x00, 0x00, 0x00, 0x00, 0x00,
  0x00, 0x00, 0x00, 0x00, 0x00, 0x00, 0x00, 0x00, 0x00, 0x00, 0x00, 0x00,
  0x00, 0x00, 0x00, 0x00, 0x00, 0x00, 0x00, 0x00, 0x00, 0x00, 0x00, 0x00,
  0x00, 0x00, 0x00, 0x00, 0x00, 0x00, 0x00, 0x00, 0x00, 0x00, 0x00, 0x00,
  0x00, 0x00, 0x00, 0x00, 0x00, 0x00, 0x00, 0x00, 0x00, 0x00, 0x00, 0x00,
  0x00, 0x00, 0x00, 0x00, 0x00, 0x00, 0x00, 0x00, 0x00, 0x00, 0x00, 0x00,
  0x00, 0x00, 0x00, 0x00, 0x00, 0x00, 0x00, 0x00, 0x00, 0x00, 0x00, 0x00,
  0x00, 0x00, 0x00, 0x00, 0x00, 0x00, 0x00, 0x00, 0x00, 0x00, 0x00, 0x00,
  0x00, 0x00, 0x00, 0x00, 0x00, 0x00, 0x00, 0x00, 0x00, 0x00, 0x00, 0x00,
  0x00, 0x00, 0x00, 0x00, 0x00, 0x00, 0x00, 0x00, 0x00, 0x00, 0x00, 0x00,
  0x00, 0x00, 0x00, 0x00, 0x00, 0x00, 0x00, 0x00, 0x00, 0x00, 0x00, 0x00,
  0x00, 0x00, 0x00, 0x00, 0x00, 0x00, 0x00, 0x00, 0x00, 0x00, 0x00, 0x00,
  0x00, 0x00, 0x00, 0x00, 0x00, 0x00, 0x00, 0x00, 0x00, 0x00, 0x00, 0x00,
  0x00, 0x00, 0xe3, 0x88, 0xaa, 0xe7, 0xa2, 0xc7, 0xaa, 0xe7, 0xab, 0x08,
  0xb3, 0x28, 0xbb, 0x49, 0xbb, 0x69, 0xbb, 0x69, 0xc3, 0xab, 0xcb, 0xeb,
  0xcb, 0xeb, 0xd4, 0x2c, 0xd4, 0x4d, 0xdc, 0x6d, 0xe4, 0x8e, 0xe4, 0xae,
  0xec, 0xae, 0xfc, 0xef, 0xfc, 0xef, 0xfd, 0x0f, 0xfd, 0x30, 0xfd, 0x50,
  0xfd, 0x71, 0xfd, 0x71, 0xfd, 0x91, 0xfd, 0x71, 0xfd, 0x71, 0xfd, 0x71,
  0xfd, 0x71, 0xfd, 0x71, 0xfd, 0x91, 0xfd, 0x91, 0xfd, 0x91, 0xfd, 0x51,
  0xfd, 0x31, 0xfd, 0x31, 0xfd, 0x31, 0xfd, 0x31, 0xfd, 0x31, 0xfd, 0x31,
  0xfd, 0x31, 0xfd, 0x31, 0xfd, 0x10, 0xfd, 0x30, 0xfd, 0x30, 0xfd, 0x30,
  0xfd, 0x30, 0xfd, 0x30, 0xfd, 0x10, 0xfd, 0x71, 0xfd, 0xf2, 0xfd, 0xd2,
  0xfd, 0xd2, 0xfd, 0xd2, 0xfd, 0xd2, 0xfd, 0xd2, 0xfd, 0xd2, 0xfd, 0xd2,
  0xfe, 0x13, 0xfe, 0x13, 0xfe, 0x13, 0xfe, 0x13, 0xfe, 0x13, 0xfe, 0x13,
  0xfe, 0x13, 0xfe, 0x13, 0xfd, 0x91, 0xfd, 0x91, 0xfd, 0x91, 0xfd, 0x91,
  0xfd, 0xb1, 0xfd, 0xb1, 0xfd, 0xb1, 0xfd, 0xd1, 0xfd, 0x4f, 0xfc, 0xee,
  0xfc, 0xee, 0xfc, 0xce, 0xfc, 0x8d, 0xfc, 0x6c, 0xfc, 0x4c, 0xfc, 0x2b,
  0xfc, 0x6c, 0xfc, 0xee, 0xfc, 0xee, 0xfd, 0x0f, 0xfd, 0x4f, 0xfd, 0x70,
  0xfd, 0xb1, 0xfd, 0xd1, 0xfd, 0xd1, 0xfd, 0xd0, 0xfd, 0xd0, 0xfd, 0xf0,
  0xfd, 0xf0, 0xfd, 0xf0, 0xfd, 0xf0, 0xfe, 0x10, 0xfe, 0x10, 0xfd, 0xf1,
  0xfd, 0xf1, 0xfd, 0xf1, 0xfd, 0xf1, 0xfd, 0xf1, 0xfd, 0xf1, 0xfd, 0xf1,
  0xfd, 0xf1, 0xfe, 0x12, 0xfe, 0x32, 0xfe, 0x11, 0xfd, 0xd0, 0xfd, 0x4e,
  0xf4, 0xac, 0xdb, 0xe9, 0xcb, 0x66, 0xb2, 0x85, 0x99, 0xa5, 0x99, 0xc5,
  0x99, 0xc5, 0x99, 0xc5, 0x99, 0xc5, 0x99, 0xc5, 0x99, 0xc5, 0x99, 0xc5,
  0x99, 0xc5, 0x99, 0xc5, 0x99, 0xc5, 0x99, 0xc5, 0x99, 0xc5, 0x99, 0xc5,
  0x99, 0xc5, 0x99, 0xc5, 0xa9, 0xc5, 0xa9, 0xc6, 0xb1, 0xe5, 0xb2, 0x06,
  0xba, 0x26, 0xba, 0x46, 0xc2, 0x86, 0xc2, 0x65, 0xdb, 0x68, 0xeb, 0xea,
  0xeb, 0xe9, 0xf4, 0x2a, 0xfc, 0x6a, 0xfc, 0xab, 0xfc, 0xcb, 0xfc, 0xeb,
  0xfd, 0x0d, 0xfd, 0x0e, 0xfd, 0x2e, 0xfd, 0x2e, 0xfd, 0x4e, 0x00, 0x00,
  0x00, 0x00, 0x00, 0x00, 0x00, 0x00, 0x00, 0x00, 0x00, 0x00, 0x00, 0x00,
  0x00, 0x00, 0x00, 0x00, 0x00, 0x00, 0x00, 0x00, 0x00, 0x00, 0x00, 0x00,
  0x00, 0x00, 0x00, 0x00, 0x00, 0x00, 0x00, 0x00, 0x00, 0x00, 0x00, 0x00,
  0x00, 0x00, 0x00, 0x00, 0x00, 0x00, 0x00, 0x00, 0x00, 0x00, 0x00, 0x00,
  0x00, 0x00, 0x00, 0x00, 0x00, 0x00, 0x00, 0x00, 0x00, 0x00, 0x00, 0x00,
  0x00, 0x00, 0x00, 0x00, 0x00, 0x00, 0x00, 0x00, 0x00, 0x00, 0x00, 0x00,
  0x00, 0x00, 0x00, 0x00, 0x00, 0x00, 0x00, 0x00, 0x00, 0x00, 0x00, 0x00,
  0x00, 0x00, 0x00, 0x00, 0x00, 0x00, 0x00, 0x00, 0x00, 0x00, 0x00, 0x00,
  0x00, 0x00, 0x00, 0x00, 0x00, 0x00, 0x00, 0x00, 0x00, 0x00, 0x00, 0x00,
  0x00, 0x00, 0x00, 0x00, 0x00, 0x00, 0x00, 0x00, 0x00, 0x00, 0x00, 0x00,
  0x00, 0x00, 0x00, 0x00, 0x00, 0x00, 0x00, 0x00, 0x00, 0x00, 0x00, 0x00,
  0x00, 0x00, 0x00, 0x00, 0x00, 0x00, 0x00, 0x00, 0x00, 0x00, 0x00, 0x00,
  0x00, 0x00, 0x00, 0x00, 0x00, 0x00, 0x00, 0x00, 0x00, 0x00, 0x00, 0x00,
  0x00, 0x00, 0x00, 0x00, 0x00, 0x00, 0x00, 0x00, 0x00, 0x00, 0x00, 0x00,
  0xe3, 0xc9, 0xdb, 0x88, 0xaa, 0xc6, 0xa2, 0xa7, 0xaa, 0xc7, 0xaa, 0xe7,
  0xb3, 0x08, 0xbb, 0x49, 0xbb, 0x49, 0xbb, 0x69, 0xc3, 0xaa, 0xcb, 0xeb,
  0xcb, 0xeb, 0xd4, 0x0c, 0xd4, 0x2c, 0xdc, 0x4d, 0xdc, 0x6d, 0xdc, 0x6d,
  0xec, 0x8e, 0xfc, 0xce, 0xfc, 0xce, 0xfc, 0xef, 0xfd, 0x0f, 0xfd, 0x30,
  0xfd, 0x50, 0xfd, 0x70, 0xfd, 0x71, 0xfd, 0x71, 0xfd, 0x71, 0xfd, 0x71,
  0xfd, 0x71, 0xfd, 0x71, 0xfd, 0x71, 0xfd, 0x71, 0xfd, 0x71, 0xfd, 0x50,
  0xfd, 0x50, 0xfd, 0x50, 0xfd, 0x50, 0xfd, 0x50, 0xfd, 0x50, 0xfd, 0x50,
  0xfd, 0x30, 0xfd, 0x71, 0xfd, 0x71, 0xfd, 0x71, 0xfd, 0x71, 0xfd, 0x71,
  0xfd, 0x71, 0xfd, 0x71, 0xfd, 0x71, 0xfd, 0x91, 0xfd, 0xd2, 0xfd, 0xd2,
  0xfd, 0xd2, 0xfd, 0xd2, 0xfd, 0xd2, 0xfd, 0xd2, 0xfd, 0xd2, 0xfd, 0xd2,
  0xfe, 0x12, 0xfe, 0x12, 0xfe, 0x12, 0xfe, 0x12, 0xfe, 0x12, 0xfe, 0x12,
  0xfe, 0x12, 0xfe, 0x13, 0xfd, 0xb1, 0xfd, 0xb1, 0xfd, 0xb1, 0xfd, 0xb1,
  0xfd, 0xb1, 0xfd, 0xb1, 0xfd, 0x91, 0xfd, 0xb1, 0xfd, 0x2f, 0xfc, 0xce,
  0xfc, 0xee, 0xfc, 0xce, 0xfc, 0x8d, 0xfc, 0x6c, 0xfc, 0x6c, 0xfc, 0x4c,
  0xfc, 0x6d, 0xfc, 0xee, 0xfc, 0xee, 0xfd, 0x0f, 0xfd, 0x2f, 0xfd, 0x70,
  0xfd, 0x90, 0xfd, 0xb1, 0xfd, 0xb1, 0xfd, 0xd1, 0xfd, 0xd1, 0xfd, 0xd1,
  0xfd, 0xd1, 0xfd, 0xf1, 0xfd, 0xf1, 0xfd, 0xf1, 0xfd, 0xf1, 0xfd, 0xf1,
  0xfd, 0xf1, 0xfd, 0xf1, 0xfd, 0xf1, 0xfd, 0xf1, 0xfd, 0xf1, 0xfd, 0xf1,
  0xfd, 0xf1, 0xfe, 0x32, 0xfe, 0x32, 0xfe, 0x12, 0xfd, 0xd1, 0xfd, 0x4f,
  0xf4, 0xac, 0xdb, 0xc9, 0xcb, 0x67, 0xb2, 0x85, 0x99, 0xa5, 0x99, 0xc5,
  0x99, 0xc5, 0x99, 0xc5, 0x99, 0xc5, 0x99, 0xc5, 0x99, 0xc5, 0x99, 0xc5,
  0x99, 0xc5, 0x99, 0xc5, 0x99, 0xc5, 0x99, 0xc5, 0x99, 0xc5, 0x99, 0xc5,
  0x99, 0xc5, 0x99, 0xc5, 0xa9, 0xc5, 0xa9, 0xc5, 0xb1, 0xe5, 0xb2, 0x06,
  0xba, 0x26, 0xba, 0x46, 0xc2, 0x86, 0xc2, 0x65, 0xdb, 0x69, 0xeb, 0xea,
  0xeb, 0xe9, 0xf4, 0x2a, 0xfc, 0x6b, 0xfc, 0xab, 0xfc, 0xec, 0xfc, 0xec,
  0xfd, 0x0d, 0xfd, 0x2f, 0xfd, 0x2e, 0xfd, 0x4e, 0xfd, 0x4e, 0xfd, 0x4e,
  0x00, 0x00, 0x00, 0x00, 0x00, 0x00, 0x00, 0x00, 0x00, 0x00, 0x00, 0x00,
  0x00, 0x00, 0x00, 0x00, 0x00, 0x00, 0x00, 0x00, 0x00, 0x00, 0x00, 0x00,
  0x00, 0x00, 0x00, 0x00, 0x00, 0x00, 0x00, 0x00, 0x00, 0x00, 0x00, 0x00,
  0x00, 0x00, 0x00, 0x00, 0x00, 0x00, 0x00, 0x00, 0x00, 0x00, 0x00, 0x00,
  0x00, 0x00, 0x00, 0x00, 0x00, 0x00, 0x00, 0x00, 0x00, 0x00, 0x00, 0x00,
  0x00, 0x00, 0x00, 0x00, 0x00, 0x00, 0x00, 0x00, 0x00, 0x00, 0x00, 0x00,
  0x00, 0x00, 0x00, 0x00, 0x00, 0x00, 0x00, 0x00, 0x00, 0x00, 0x00, 0x00,
  0x00, 0x00, 0x00, 0x00, 0x00, 0x00, 0x00, 0x00, 0x00, 0x00, 0x00, 0x00,
  0x00, 0x00, 0x00, 0x00, 0x00, 0x00, 0x00, 0x00, 0x00, 0x00, 0x00, 0x00,
  0x00, 0x00, 0x00, 0x00, 0x00, 0x00, 0x00, 0x00, 0x00, 0x00, 0x00, 0x00,
  0x00, 0x00, 0x00, 0x00, 0x00, 0x00, 0x00, 0x00, 0x00, 0x00, 0x00, 0x00,
  0x00, 0x00, 0x00, 0x00, 0x00, 0x00, 0x00, 0x00, 0x00, 0x00, 0x00, 0x00,
  0x00, 0x00, 0x00, 0x00, 0x00, 0x00, 0x00, 0x00, 0x00, 0x00, 0x00, 0x00,
  0x00, 0x00, 0x00, 0x00, 0x00, 0x00, 0x00, 0x00, 0x00, 0x00, 0xeb, 0xea,
  0xdb, 0x68, 0xd3, 0x26, 0xa2, 0x86, 0xa2, 0x86, 0xa2, 0xa6, 0xaa, 0xc7,
  0xaa, 0xe7, 0xb3, 0x08, 0xb3, 0x28, 0xb3, 0x28, 0xbb, 0x69, 0xc3, 0x8a,
  0xc3, 0x8a, 0xc3, 0xaa, 0xcb, 0xeb, 0xd4, 0x0c, 0xd4, 0x2c, 0xd4, 0x2c,
  0xe4, 0x4d, 0xfc, 0x6d, 0xfc, 0x8d, 0xfc, 0xae, 0xfc, 0xce, 0xfc, 0xef,
  0xfd, 0x0f, 0xfd, 0x2f, 0xfd, 0x30, 0xfd, 0x30, 0xfd, 0x30, 0xfd, 0x30,
  0xfd, 0x30, 0xfd, 0x30, 0xfd, 0x30, 0xfd, 0x30, 0xfd, 0x30, 0xfd, 0x10,
  0xfd, 0x10, 0xfd, 0x10, 0xfd, 0x10, 0xfd, 0x10, 0xfd, 0x10, 0xfd, 0x10,
  0xfd, 0x0f, 0xfd, 0x51, 0xfd, 0x92, 0xfd, 0x92, 0xfd, 0x92, 0xfd, 0x92,
  0xfd, 0x92, 0xfd, 0x92, 0xfd, 0x92, 0xfd, 0x91, 0xfd, 0xb1, 0xfd, 0xb1,
  0xfd, 0xb1, 0xfd, 0xb1, 0xfd, 0xb1, 0xfd, 0xb1, 0xfd, 0xb1, 0xfd, 0xb1,
  0xfd, 0xf2, 0xfd, 0xf2, 0xfd, 0xf2, 0xfd, 0xf2, 0xfd, 0xf2, 0xfd, 0xf2,
  0xfd, 0xf2, 0xfd, 0xf2, 0xfd, 0xb1, 0xfd, 0xb1, 0xfd, 0xb1, 0xfd, 0xb1,
  0xfd, 0xb1, 0xfd, 0xb1, 0xfd, 0x91, 0xfd, 0xb1, 0xfd, 0x2f, 0xfc, 0xee,
  0xfc, 0xee, 0xfc, 0xce, 0xfc, 0x8d, 0xfc, 0x6c, 0xfc, 0x6c, 0xfc, 0x4c,
  0xfc, 0x6c, 0xfc, 0xce, 0xfc, 0xce, 0xfc, 0xee, 0xfd, 0x0f, 0xfd, 0x50,
  0xfd, 0x70, 0xfd, 0x90, 0xfd, 0xb1, 0xfd, 0xb1, 0xfd, 0xb1, 0xfd, 0xd1,
  0xfd, 0xd1, 0xfd, 0xf1, 0xfd, 0xf1, 0xfd, 0xf1, 0xfd, 0xf1, 0xfd, 0xf1,
  0xfd, 0xf1, 0xfd, 0xf1, 0xfd, 0xf1, 0xfd, 0xf1, 0xfd, 0xf1, 0xfd, 0xf1,
  0xfd, 0xf1, 0xfe, 0x32, 0xfe, 0x32, 0xfe, 0x12, 0xfd, 0xd1, 0xfd, 0x4f,
  0xf4, 0xac, 0xdb, 0xc9, 0xcb, 0x67, 0xb2, 0x85, 0x99, 0xa5, 0x99, 0xc5,
  0x99, 0xc5, 0x99, 0xc5, 0x99, 0xc5, 0x99, 0xc5, 0x99, 0xc5, 0x99, 0xc5,
  0x99, 0xc5, 0x99, 0xc5, 0x99, 0xc5, 0x99, 0xc5, 0x99, 0xc5, 0x99, 0xc5,
  0x99, 0xc5, 0x99, 0xc5, 0xa9, 0xc5, 0xa9, 0xc5, 0xb1, 0xe5, 0xb2, 0x06,
  0xba, 0x26, 0xba, 0x46, 0xc2, 0x86, 0xc2, 0x65, 0xdb, 0x69, 0xeb, 0xea,
  0xeb, 0xe9, 0xf4, 0x2a, 0xfc, 0x6b, 0xfc, 0xab, 0xfc, 0xec, 0xfc, 0xec,
  0xfd, 0x0d, 0xfd, 0x2f, 0xfd, 0x2e, 0xfd, 0x4e, 0xfd, 0x4e, 0xfd, 0x4e,
  0xfd, 0x4e, 0x00, 0x00, 0x00, 0x00, 0x00, 0x00, 0x00, 0x00, 0x00, 0x00,
  0x00, 0x00, 0x00, 0x00, 0x00, 0x00, 0x00, 0x00, 0x00, 0x00, 0x00, 0x00,
  0x00, 0x00, 0x00, 0x00, 0x00, 0x00, 0x00, 0x00, 0x00, 0x00, 0x00, 0x00,
  0x00, 0x00, 0x00, 0x00, 0x00, 0x00, 0x00, 0x00, 0x00, 0x00, 0x00, 0x00,
  0x00, 0x00, 0x00, 0x00, 0x00, 0x00, 0x00, 0x00, 0x00, 0x00, 0x00, 0x00,
  0x00, 0x00, 0x00, 0x00, 0x00, 0x00, 0x00, 0x00, 0x00, 0x00, 0x00, 0x00,
  0x00, 0x00, 0x00, 0x00, 0x00, 0x00, 0x00, 0x00, 0x00, 0x00, 0x00, 0x00,
  0x00, 0x00, 0x00, 0x00, 0x00, 0x00, 0x00, 0x00, 0x00, 0x00, 0x00, 0x00,
  0x00, 0x00, 0x00, 0x00, 0x00, 0x00, 0x00, 0x00, 0x00, 0x00, 0x00, 0x00,
  0x00, 0x00, 0x00, 0x00, 0x00, 0x00, 0x00, 0x00, 0x00, 0x00, 0x00, 0x00,
  0x00, 0x00, 0x00, 0x00, 0x00, 0x00, 0x00, 0x00, 0x00, 0x00, 0x00, 0x00,
  0x00, 0x00, 0x00, 0x00, 0x00, 0x00, 0x00, 0x00, 0x00, 0x00, 0x00, 0x00,
  0x00, 0x00, 0x00, 0x00, 0x00, 0x00, 0x00, 0x00, 0x00, 0x00, 0x00, 0x00,
  0x00, 0x00, 0x00, 0x00, 0x00, 0x00, 0x00, 0x00, 0xf4, 0x2b, 0xe3, 0xa9,
  0xcb, 0x27, 0xca, 0xe5, 0x9a, 0x45, 0x9a, 0x45, 0x9a, 0x65, 0xa2, 0x86,
  0xa2, 0xa6, 0xaa, 0xc7, 0xaa, 0xe7, 0xb3, 0x08, 0xb3, 0x28, 0xbb, 0x49,
  0xbb, 0x49, 0xbb, 0x69, 0xc3, 0x8a, 0xc3, 0xaa, 0xcb, 0xcb, 0xcb, 0xeb,
  0xd3, 0xeb, 0xf4, 0x2c, 0xf4, 0x2c, 0xf4, 0x4c, 0xfc, 0x6d, 0xfc, 0x8d,
  0xfc, 0xae, 0xfc, 0xce, 0xfc, 0xce, 0xfd, 0x0f, 0xfd, 0x0f, 0xfd, 0x0f,
  0xfd, 0x0f, 0xfd, 0x0f, 0xfd, 0x0f, 0xfd, 0x0f, 0xfd, 0x0f, 0xfc, 0xef,
  0xfc, 0xcf, 0xfc, 0xcf, 0xfc, 0xcf, 0xfc, 0xcf, 0xfc, 0xcf, 0xfc, 0xef,
  0xfc, 0xce, 0xfd, 0x30, 0xfd, 0x91, 0xfd, 0x71, 0xfd, 0x71, 0xfd, 0x71,
  0xfd, 0x71, 0xfd, 0x71, 0xfd, 0x71, 0xfd, 0x71, 0xfd, 0x71, 0xfd, 0x71,
  0xfd, 0x71, 0xfd, 0x71, 0xfd, 0x71, 0xfd, 0x71, 0xfd, 0x71, 0xfd, 0x91,
  0xfd, 0xb1, 0xfd, 0xb1, 0xfd, 0xb1, 0xfd, 0xb1, 0xfd, 0xb1, 0xfd, 0xb1,
  0xfd, 0xb1, 0xfd, 0xb1, 0xfd, 0xb1, 0xfd, 0xb1, 0xfd, 0xb1, 0xfd, 0xb1,
  0xfd, 0xb1, 0xfd, 0xb1, 0xfd, 0x91, 0xfd, 0xb1, 0xfd, 0x2f, 0xfc, 0xee,
  0xfc, 0xee, 0xfc, 0xce, 0xfc, 0x8d, 0xfc, 0x6c, 0xfc, 0x6c, 0xfc, 0x4c,
  0xfc, 0x4c, 0xfc, 0x8d, 0xfc, 0xad, 0xfc, 0xae, 0xfc, 0xee, 0xfd, 0x0f,
  0xfd, 0x50, 0xfd, 0x50, 0xfd, 0x90, 0xfd, 0xb1, 0xfd, 0xb1, 0xfd, 0xd1,
  0xfd, 0xd1, 0xfd, 0xd1, 0xfd, 0xd1, 0xfd, 0xf1, 0xfd, 0xf1, 0xfd, 0xf1,
  0xfd, 0xf1, 0xfd, 0xf1, 0xfd, 0xf1, 0xfd, 0xf1, 0xfd, 0xf1, 0xfd, 0xf1,
  0xfd, 0xf1, 0xfe, 0x32, 0xfe, 0x32, 0xfe, 0x12, 0xfd, 0xd1, 0xfd, 0x4f,
  0xf4, 0xac, 0xdb, 0xc9, 0xcb, 0x67, 0xb2, 0x85, 0x99, 0xa5, 0x99, 0xc5,
  0x99, 0xc5, 0x99, 0xc5, 0x99, 0xc5, 0x99, 0xc5, 0x99, 0xc5, 0x99, 0xc5,
  0x99, 0xc5, 0x99, 0xc5, 0x99, 0xc5, 0x99, 0xc5, 0x99, 0xc5, 0x99, 0xc5,
  0x99, 0xc5, 0x99, 0xc5, 0xa9, 0xc5, 0xa9, 0xc5, 0xb1, 0xe5, 0xb2, 0x06,
  0xba, 0x26, 0xba, 0x46, 0xc2, 0x86, 0xc2, 0x65, 0xdb, 0x69, 0xeb, 0xea,
  0xeb, 0xe9, 0xf4, 0x2a, 0xfc, 0x6b, 0xfc, 0xab, 0xfc, 0xec, 0xfc, 0xec,
  0xfd, 0x0d, 0xfd, 0x2f, 0xfd, 0x2e, 0xfd, 0x4e, 0xfd, 0x4e, 0xfd, 0x4e,
  0xfd, 0x4e, 0xfd, 0x6f, 0x00, 0x00, 0x00, 0x00, 0x00, 0x00, 0x00, 0x00,
  0x00, 0x00, 0x00, 0x00, 0x00, 0x00, 0x00, 0x00, 0x00, 0x00, 0x00, 0x00,
  0x00, 0x00, 0x00, 0x00, 0x00, 0x00, 0x00, 0x00, 0x00, 0x00, 0x00, 0x00,
  0x00, 0x00, 0x00, 0x00, 0x00, 0x00, 0x00, 0x00, 0x00, 0x00, 0x00, 0x00,
  0x00, 0x00, 0x00, 0x00, 0x00, 0x00, 0x00, 0x00, 0x00, 0x00, 0x00, 0x00,
  0x00, 0x00, 0x00, 0x00, 0x00, 0x00, 0x00, 0x00, 0x00, 0x00, 0x00, 0x00,
  0x00, 0x00, 0x00, 0x00, 0x00, 0x00, 0x00, 0x00, 0x00, 0x00, 0x00, 0x00,
  0x00, 0x00, 0x00, 0x00, 0x00, 0x00, 0x00, 0x00, 0x00, 0x00, 0x00, 0x00,
  0x00, 0x00, 0x00, 0x00, 0x00, 0x00, 0x00, 0x00, 0x00, 0x00, 0x00, 0x00,
  0x00, 0x00, 0x00, 0x00, 0x00, 0x00, 0x00, 0x00, 0x00, 0x00, 0x00, 0x00,
  0x00, 0x00, 0x00, 0x00, 0x00, 0x00, 0x00, 0x00, 0x00, 0x00, 0x00, 0x00,
  0x00, 0x00, 0x00, 0x00, 0x00, 0x00, 0x00, 0x00, 0x00, 0x00, 0x00, 0x00,
  0x00, 0x00, 0x00, 0x00, 0x00, 0x00, 0x00, 0x00, 0x00, 0x00, 0x00, 0x00,
  0x00, 0x00, 0x00, 0x00, 0x00, 0x00, 0xf4, 0x6b, 0xec, 0x0a, 0xdb, 0x68,
  0xc2, 0xe5, 0xba, 0x84, 0x9a, 0x04, 0x92, 0x04, 0x92, 0x24, 0x9a, 0x45,
  0x9a, 0x65, 0xa2, 0x86, 0xa2, 0xa6, 0xaa, 0xc7, 0xaa, 0xe7, 0xaa, 0xe7,
  0xaa, 0xe7, 0xb3, 0x08, 0xb3, 0x28, 0xbb, 0x69, 0xc3, 0x8a, 0xbb, 0x8a,
  0xcb, 0xaa, 0xeb, 0xea, 0xe3, 0xeb, 0xec, 0x0b, 0xec, 0x2b, 0xf4, 0x4c,
  0xfc, 0x6d, 0xfc, 0x6d, 0xfc, 0x8d, 0xfc, 0xce, 0xfc, 0xce, 0xfc, 0xce,
  0xfc, 0xce, 0xfc, 0xce, 0xfc, 0xce, 0xfc, 0xce, 0xfc, 0xce, 0xfc, 0xae,
  0xfc, 0xae, 0xfc, 0xae, 0xfc, 0xae, 0xfc, 0xae, 0xfc, 0xae, 0xfc, 0xae,
  0xfc, 0x8e, 0xfc, 0xef, 0xfd, 0x30, 0xfd, 0x10, 0xfd, 0x10, 0xfd, 0x10,
  0xfd, 0x10, 0xfd, 0x10, 0xfd, 0x10, 0xfd, 0x30, 0xfd, 0x50, 0xfd, 0x50,
  0xfd, 0x50, 0xfd, 0x50, 0xfd, 0x50, 0xfd, 0x50, 0xfd, 0x50, 0xfd, 0x50,
  0xfd, 0x91, 0xfd, 0x91, 0xfd, 0x91, 0xfd, 0x91, 0xfd, 0x91, 0xfd, 0x91,
  0xfd, 0x91, 0xfd, 0x91, 0xfd, 0xb1, 0xfd, 0xb1, 0xfd, 0xb1, 0xfd, 0xb1,
  0xfd, 0xb1, 0xfd, 0xb1, 0xfd, 0x91, 0xfd, 0xb1, 0xfd, 0x2f, 0xfc, 0xee,
  0xfc, 0xee, 0xfc, 0xce, 0xfc, 0x8d, 0xfc, 0x6c, 0xfc, 0x6c, 0xfc, 0x4c,
  0xfc, 0x4c, 0xfc, 0x6d, 0xfc, 0x6d, 0xfc, 0x8d, 0xfc, 0xae, 0xfc, 0xee,
  0xfd, 0x0f, 0xfd, 0x2f, 0xfd, 0x50, 0xfd, 0xb1, 0xfd, 0xb1, 0xfd, 0xd1,
  0xfd, 0xd1, 0xfd, 0xd1, 0xfd, 0xd1, 0xfd, 0xd1, 0xfd, 0xd1, 0xfd, 0xf1,
  0xfd, 0xf1, 0xfd, 0xf1, 0xfd, 0xf1, 0xfd, 0xf1, 0xfd, 0xf1, 0xfd, 0xf1,
  0xfd, 0xf1, 0xfe, 0x32, 0xfe, 0x32, 0xfe, 0x12, 0xfd, 0xd1, 0xfd, 0x4f,
  0xf4, 0xac, 0xdb, 0xc9, 0xcb, 0x67, 0xb2, 0x85, 0x99, 0xa5, 0x99, 0xc5,
  0x99, 0xc5, 0x99, 0xc5, 0x99, 0xc5, 0x99, 0xc5, 0x99, 0xc5, 0x99, 0xc5,
  0x99, 0xc5, 0x99, 0xc5, 0x99, 0xc5, 0x99, 0xc5, 0x99, 0xc5, 0x99, 0xc5,
  0x99, 0xc5, 0x99, 0xc5, 0xa9, 0xc5, 0xa9, 0xc5, 0xb1, 0xe5, 0xb2, 0x06,
  0xba, 0x26, 0xba, 0x46, 0xc2, 0x86, 0xc2, 0x65, 0xdb, 0x69, 0xeb, 0xea,
  0xeb, 0xe9, 0xf4, 0x2a, 0xfc, 0x6b, 0xfc, 0xab, 0xfc, 0xec, 0xfc, 0xec,
  0xfd, 0x0d, 0xfd, 0x2f, 0xfd, 0x2e, 0xfd, 0x4e, 0xfd, 0x4e, 0xfd, 0x4e,
  0xfd, 0x4e, 0xfd, 0x6f, 0xfd, 0x6e, 0x00, 0x00, 0x00, 0x00, 0x00, 0x00,
  0x00, 0x00, 0x00, 0x00, 0x00, 0x00, 0x00, 0x00, 0x00, 0x00, 0x00, 0x00,
  0x00, 0x00, 0x00, 0x00, 0x00, 0x00, 0x00, 0x00, 0x00, 0x00, 0x00, 0x00,
  0x00, 0x00, 0x00, 0x00, 0x00, 0x00, 0x00, 0x00, 0x00, 0x00, 0x00, 0x00,
  0x00, 0x00, 0x00, 0x00, 0x00, 0x00, 0x00, 0x00, 0x00, 0x00, 0x00, 0x00,
  0x00, 0x00, 0x00, 0x00, 0x00, 0x00, 0x00, 0x00, 0x00, 0x00, 0x00, 0x00,
  0x00, 0x00, 0x00, 0x00, 0x00, 0x00, 0x00, 0x00, 0x00, 0x00, 0x00, 0x00,
  0x00, 0x00, 0x00, 0x00, 0x00, 0x00, 0x00, 0x00, 0x00, 0x00, 0x00, 0x00,
  0x00, 0x00, 0x00, 0x00, 0x00, 0x00, 0x00, 0x00, 0x00, 0x00, 0x00, 0x00,
  0x00, 0x00, 0x00, 0x00, 0x00, 0x00, 0x00, 0x00, 0x00, 0x00, 0x00, 0x00,
  0x00, 0x00, 0x00, 0x00, 0x00, 0x00, 0x00, 0x00, 0x00, 0x00, 0x00, 0x00,
  0x00, 0x00, 0x00, 0x00, 0x00, 0x00, 0x00, 0x00, 0x00, 0x00, 0x00, 0x00,
  0x00, 0x00, 0x00, 0x00, 0x00, 0x00, 0x00, 0x00, 0x00, 0x00, 0x00, 0x00,
  0x00, 0x00, 0x00, 0x00, 0xfc, 0x8c, 0xf4, 0x4b, 0xe3, 0xc9, 0xd3, 0x47,
  0xba, 0x84, 0xb2, 0x43, 0x91, 0xe3, 0x89, 0xe3, 0x89, 0xe3, 0x92, 0x24,
  0x9a, 0x45, 0x9a, 0x65, 0x9a, 0x65, 0xa2, 0x86, 0xa2, 0xa6, 0xa2, 0xa6,
  0xa2, 0xa6, 0xaa, 0xc7, 0xaa, 0xe7, 0xb3, 0x08, 0xb3, 0x28, 0xb3, 0x49,
  0xc3, 0x69, 0xdb, 0x89, 0xdb, 0x89, 0xe3, 0xaa, 0xe3, 0xca, 0xec, 0x0b,
  0xec, 0x2b, 0xf4, 0x2c, 0xf4, 0x4c, 0xfc, 0x8d, 0xfc, 0x8d, 0xfc, 0x8d,
  0xfc, 0x8d, 0xfc, 0x8d, 0xfc, 0x8d, 0xfc, 0x8d, 0xfc, 0x8d, 0xfc, 0x8d,
  0xfc, 0x6d, 0xfc, 0x6d, 0xfc, 0x6d, 0xfc, 0x6d, 0xfc, 0x6d, 0xfc, 0x6d,
  0xfc, 0x6d, 0xfc, 0xae, 0xfc, 0xae, 0xfc, 0xae, 0xfc, 0xae, 0xfc, 0xae,
  0xfc, 0xae, 0xfc, 0xae, 0xfc, 0xae, 0xfc, 0xce, 0xfd, 0x30, 0xfd, 0x30,
  0xfd, 0x30, 0xfd, 0x30, 0xfd, 0x30, 0xfd, 0x30, 0xfd, 0x30, 0xfd, 0x30,
  0xfd, 0x50, 0xfd, 0x50, 0xfd, 0x50, 0xfd, 0x50, 0xfd, 0x50, 0xfd, 0x50,
  0xfd, 0x50, 0xfd, 0x50, 0xfd, 0x91, 0xfd, 0x91, 0xfd, 0x91, 0xfd, 0x91,
  0xfd, 0x91, 0xfd, 0x91, 0xfd, 0x91, 0xfd, 0xb1, 0xfd, 0x2f, 0xfc, 0xee,
  0xfc, 0xee, 0xfc, 0xce, 0xfc, 0x8d, 0xfc, 0x6c, 0xfc, 0x6c, 0xfc, 0x4c,
  0xfc, 0x2c, 0xfc, 0x2c, 0xfc, 0x4c, 0xfc, 0x6d, 0xfc, 0x8d, 0xfc, 0xce,
  0xfc, 0xee, 0xfd, 0x0f, 0xfd, 0x2f, 0xfd, 0xb1, 0xfd, 0x91, 0xfd, 0xb1,
  0xfd, 0xb1, 0xfd, 0xd1, 0xfd, 0xd1, 0xfd, 0xd1, 0xfd, 0xd1, 0xfd, 0xf1,
  0xfd, 0xf1, 0xfd, 0xf1, 0xfd, 0xf1, 0xfd, 0xf1, 0xfd, 0xf1, 0xfd, 0xf1,
  0xfd, 0xf1, 0xfe, 0x32, 0xfe, 0x32, 0xfe, 0x12, 0xfd, 0xd1, 0xfd, 0x4f,
  0xf4, 0xac, 0xdb, 0xc9, 0xcb, 0x67, 0xb2, 0x85, 0x99, 0xa5, 0x99, 0xc5,
  0x99, 0xc5, 0x99, 0xc5, 0x99, 0xc5, 0x99, 0xc5, 0x99, 0xc5, 0x99, 0xc5,
  0x99, 0xc5, 0x99, 0xc5, 0x99, 0xc5, 0x99, 0xc5, 0x99, 0xc5, 0x99, 0xc5,
  0x99, 0xc5, 0x99, 0xc5, 0xa9, 0xc5, 0xa9, 0xc5, 0xb1, 0xe5, 0xb2, 0x06,
  0xba, 0x26, 0xba, 0x46, 0xc2, 0x86, 0xc2, 0x65, 0xdb, 0x69, 0xeb, 0xea,
  0xeb, 0xe9, 0xf4, 0x2a, 0xfc, 0x6b, 0xfc, 0xab, 0xfc, 0xec, 0xfc, 0xec,
  0xfd, 0x0d, 0xfd, 0x2f, 0xfd, 0x2e, 0xfd, 0x4e, 0xfd, 0x4e, 0xfd, 0x4e,
  0xfd, 0x4e, 0xfd, 0x6f, 0xfd, 0x6e, 0xfd, 0x2d, 0x00, 0x00, 0x00, 0x00,
  0x00, 0x00, 0x00, 0x00, 0x00, 0x00, 0x00, 0x00, 0x00, 0x00, 0x00, 0x00,
  0x00, 0x00, 0x00, 0x00, 0x00, 0x00, 0x00, 0x00, 0x00, 0x00, 0x00, 0x00,
  0x00, 0x00, 0x00, 0x00, 0x00, 0x00, 0x00, 0x00, 0x00, 0x00, 0x00, 0x00,
  0x00, 0x00, 0x00, 0x00, 0x00, 0x00, 0x00, 0x00, 0x00, 0x00, 0x00, 0x00,
  0x00, 0x00, 0x00, 0x00, 0x00, 0x00, 0x00, 0x00, 0x00, 0x00, 0x00, 0x00,
  0x00, 0x00, 0x00, 0x00, 0x00, 0x00, 0x00, 0x00, 0x00, 0x00, 0x00, 0x00,
  0x00, 0x00, 0x00, 0x00, 0x00, 0x00, 0x00, 0x00, 0x00, 0x00, 0x00, 0x00,
  0x00, 0x00, 0x00, 0x00, 0x00, 0x00, 0x00, 0x00, 0x00, 0x00, 0x00, 0x00,
  0x00, 0x00, 0x00, 0x00, 0x00, 0x00, 0x00, 0x00, 0x00, 0x00, 0x00, 0x00,
  0x00, 0x00, 0x00, 0x00, 0x00, 0x00, 0x00, 0x00, 0x00, 0x00, 0x00, 0x00,
  0x00, 0x00, 0x00, 0x00, 0x00, 0x00, 0x00, 0x00, 0x00, 0x00, 0x00, 0x00,
  0x00, 0x00, 0x00, 0x00, 0x00, 0x00, 0x00, 0x00, 0x00, 0x00, 0x00, 0x00,
  0x00, 0x00, 0xfc, 0xac, 0xfc, 0x8c, 0xf4, 0x6b, 0xe3, 0xe9, 0xd3, 0x27,
  0xba, 0x84, 0xb2, 0x22, 0x89, 0xc3, 0x89, 0xc3, 0x89, 0xe3, 0x92, 0x04,
  0x92, 0x24, 0x9a, 0x45, 0x9a, 0x65, 0x9a, 0x65, 0x9a, 0x65, 0x9a, 0x65,
  0xa2, 0x86, 0xa2, 0xa6, 0xaa, 0xc7, 0xaa, 0xe7, 0xb3, 0x28, 0xb3, 0x28,
  0xc3, 0x49, 0xdb, 0x89, 0xdb, 0x89, 0xdb, 0xa9, 0xe3, 0xca, 0xe3, 0xeb,
  0xec, 0x0b, 0xec, 0x2b, 0xf4, 0x2c, 0xfc, 0x8d, 0xfc, 0x8d, 0xfc, 0x8d,
  0xfc, 0x8d, 0xfc, 0x8d, 0xfc, 0x8d, 0xfc, 0x8d, 0xfc, 0x8d, 0xfc, 0x8d,
  0xfc, 0x8d, 0xfc, 0x8d, 0xfc, 0x8d, 0xfc, 0x8d, 0xfc, 0x8d, 0xfc, 0x8d,
  0xfc, 0x8d, 0xf4, 0x6d, 0xf4, 0x6c, 0xf4, 0x6d, 0xf4, 0x6d, 0xf4, 0x6d,
  0xf4, 0x6d, 0xfc, 0x6d, 0xf4, 0x6c, 0xfc, 0xae, 0xfd, 0x30, 0xfd, 0x10,
  0xfd, 0x10, 0xfd, 0x10, 0xfd, 0x10, 0xfd, 0x0f, 0xfd, 0x0f, 0xfd, 0x10,
  0xfd, 0x50, 0xfd, 0x50, 0xfd, 0x50, 0xfd, 0x50, 0xfd, 0x50, 0xfd, 0x50,
  0xfd, 0x30, 0xfd, 0x30, 0xfd, 0xb1, 0xfd, 0xb1, 0xfd, 0xb1, 0xfd, 0xb1,
  0xfd, 0xb1, 0xfd, 0xb1, 0xfd, 0xb1, 0xfd, 0xd2, 0xfd, 0x2f, 0xfc, 0xee,
  0xfc, 0xee, 0xfc, 0xce, 0xfc, 0x8d, 0xfc, 0x6c, 0xfc, 0x6c, 0xfc, 0x4c,
  0xfc, 0x2c, 0xfc, 0x0c, 0xfc, 0x2c, 0xfc, 0x4d, 0xfc, 0x8d, 0xfc, 0xae,
  0xfc, 0xce, 0xfc, 0xee, 0xfd, 0x0f, 0xfd, 0xb1, 0xfd, 0x91, 0xfd, 0xb1,
  0xfd, 0xb1, 0xfd, 0xd1, 0xfd, 0xd1, 0xfd, 0xd1, 0xfd, 0xd1, 0xfe, 0x11,
  0xfe, 0x11, 0xfe, 0x11, 0xfe, 0x11, 0xfe, 0x11, 0xfe, 0x11, 0xfe, 0x11,
  0xfd, 0xf1, 0xfe, 0x32, 0xfe, 0x32, 0xfe, 0x12, 0xfd, 0xd1, 0xfd, 0x4f,
  0xf4, 0xac, 0xdb, 0xe9, 0xcb, 0x67, 0xb2, 0x85, 0x99, 0xa5, 0x99, 0xc5,
  0x99, 0xc5, 0x99, 0xc5, 0x99, 0xc5, 0x99, 0xc5, 0x99, 0xc5, 0x99, 0xc5,
  0x99, 0xc5, 0x99, 0xc5, 0x99, 0xc5, 0x99, 0xc5, 0x99, 0xc5, 0x99, 0xc5,
  0x99, 0xc5, 0x99, 0xc5, 0xa9, 0xa5, 0xa9, 0xc5, 0xb1, 0xe5, 0xb2, 0x06,
  0xba, 0x26, 0xba, 0x46, 0xc2, 0x66, 0xba, 0x65, 0xdb, 0x68, 0xeb, 0xea,
  0xeb, 0xe9, 0xf4, 0x2a, 0xfc, 0x6a, 0xfc, 0xab, 0xfc, 0xec, 0xfc, 0xec,
  0xfd, 0x0d, 0xfd, 0x2f, 0xfd, 0x2e, 0xfd, 0x4e, 0xfd, 0x4e, 0xfd, 0x4e,
  0xfd, 0x4e, 0xfd, 0x6f, 0xfd, 0x6e, 0xfd, 0x2d, 0xfd, 0x6e, 0x00, 0x00,
  0x00, 0x00, 0x00, 0x00, 0x00, 0x00, 0x00, 0x00, 0x00, 0x00, 0x00, 0x00,
  0x00, 0x00, 0x00, 0x00, 0x00, 0x00, 0x00, 0x00, 0x00, 0x00, 0x00, 0x00,
  0x00, 0x00, 0x00, 0x00, 0x00, 0x00, 0x00, 0x00, 0x00, 0x00, 0x00, 0x00,
  0x00, 0x00, 0x00, 0x00, 0x00, 0x00, 0x00, 0x00, 0x00, 0x00, 0x00, 0x00,
  0x00, 0x00, 0x00, 0x00, 0x00, 0x00, 0x00, 0x00, 0x00, 0x00, 0x00, 0x00,
  0x00, 0x00, 0x00, 0x00, 0x00, 0x00, 0x00, 0x00, 0x00, 0x00, 0x00, 0x00,
  0x00, 0x00, 0x00, 0x00, 0x00, 0x00, 0x00, 0x00, 0x00, 0x00, 0x00, 0x00,
  0x00, 0x00, 0x00, 0x00, 0x00, 0x00, 0x00, 0x00, 0x00, 0x00, 0x00, 0x00,
  0x00, 0x00, 0x00, 0x00, 0x00, 0x00, 0x00, 0x00, 0x00, 0x00, 0x00, 0x00,
  0x00, 0x00, 0x00, 0x00, 0x00, 0x00, 0x00, 0x00, 0x00, 0x00, 0x00, 0x00,
  0x00, 0x00, 0x00, 0x00, 0x00, 0x00, 0x00, 0x00, 0x00, 0x00, 0x00, 0x00,
  0x00, 0x00, 0x00, 0x00, 0x00, 0x00, 0x00, 0x00, 0x00, 0x00, 0x00, 0x00,
  0xfc, 0x8c, 0xfc, 0x6c, 0xf4, 0x4b, 0xe3, 0xe9, 0xd3, 0x47, 0xc2, 0xa5,
  0xaa, 0x02, 0xa1, 0xa1, 0x81, 0x81, 0x79, 0x82, 0x81, 0x82, 0x89, 0xc3,
  0x89, 0xe3, 0x92, 0x04, 0x92, 0x24, 0x92, 0x24, 0x92, 0x24, 0x9a, 0x45,
  0x9a, 0x45, 0x9a, 0x65, 0x9a, 0x65, 0xa2, 0x86, 0xa2, 0xa6, 0xa2, 0xa6,
  0xb2, 0xc7, 0xca, 0xe7, 0xcb, 0x07, 0xcb, 0x27, 0xd3, 0x48, 0xd3, 0x69,
  0xdb, 0x89, 0xdb, 0x89, 0xe3, 0xaa, 0xf4, 0x4c, 0xf4, 0x2c, 0xf4, 0x2c,
  0xec, 0x2c, 0xec, 0x0b, 0xec, 0x0b, 0xec, 0x0b, 0xec, 0x0b, 0xec, 0x0b,
  0xec, 0x2b, 0xec, 0x2b, 0xec, 0x2b, 0xec, 0x2b, 0xec, 0x2b, 0xec, 0x2b,
  0xec, 0x2b, 0xe4, 0x0b, 0xe4, 0x0b, 0xe4, 0x0b, 0xe4, 0x0b, 0xe3, 0xeb,
  0xe3, 0xea, 0xe3, 0xea, 0xdb, 0xca, 0xec, 0x0b, 0xfc, 0xae, 0xfc, 0xae,
  0xfc, 0xae, 0xfc, 0xce, 0xfc, 0xce, 0xfc, 0xcf, 0xfc, 0xcf, 0xfc, 0xef,
  0xfc, 0xef, 0xfc, 0xef, 0xfc, 0xef, 0xfc, 0xef, 0xfd, 0x0f, 0xfd, 0x10,
  0xfd, 0x10, 0xfd, 0x30, 0xfd, 0x50, 0xfd, 0x50, 0xfd, 0x50, 0xfd, 0x50,
  0xfd, 0x50, 0xfd, 0x50, 0xfd, 0x50, 0xfd, 0x70, 0xfd, 0x0f, 0xfc, 0xee,
  0xfc, 0xee, 0xfc, 0xce, 0xfc, 0x8d, 0xfc, 0x6c, 0xfc, 0x6c, 0xfc, 0x4c,
  0xfc, 0x0b, 0xfb, 0xcb, 0xfc, 0x0c, 0xfc, 0x2c, 0xfc, 0x4c, 0xfc, 0x6d,
  0xfc, 0xae, 0xfc, 0xce, 0xfc, 0xee, 0xfd, 0x70, 0xfd, 0x70, 0xfd, 0x70,
  0xfd, 0x70, 0xfd, 0x90, 0xfd, 0x90, 0xfd, 0x90, 0xfd, 0x90, 0xfd, 0xd1,
  0xfd, 0xd1, 0xfd, 0xd1, 0xfd, 0xd1, 0xfd, 0xd1, 0xfd, 0xd1, 0xfd, 0xd1,
  0xfd, 0xd1, 0xfe, 0x12, 0xfe, 0x12, 0xfd, 0xf1, 0xfd, 0xb0, 0xfd, 0x2e,
  0xf4, 0x8c, 0xdb, 0xc8, 0xcb, 0x46, 0xb2, 0x65, 0x99, 0xa5, 0x99, 0xc5,
  0x99, 0xc5, 0x99, 0xc5, 0x99, 0xc5, 0x99, 0xc5, 0x99, 0xc5, 0x99, 0xc5,
  0x99, 0xc5, 0x99, 0xc5, 0x99, 0xc5, 0x99, 0xc5, 0x99, 0xc5, 0x99, 0xc5,
  0x99, 0xc5, 0x99, 0xc5, 0xa9, 0xc5, 0xb1, 0xe6, 0xb1, 0xe5, 0xb2, 0x06,
  0xba, 0x46, 0xc2, 0x67, 0xc2, 0x86, 0xc2, 0x86, 0xe3, 0x89, 0xeb, 0xea,
  0xec, 0x0a, 0xf4, 0x4a, 0xfc, 0x8b, 0xfc, 0xab, 0xfc, 0xec, 0xfd, 0x0c,
  0xfd, 0x2d, 0xfd, 0x2f, 0xfd, 0x2e, 0xfd, 0x4e, 0xfd, 0x4e, 0xfd, 0x4e,
  0xfd, 0x4e, 0xfd, 0x6f, 0xfd, 0x6e, 0xfd, 0x2d, 0xfd, 0x4e, 0xfd, 0xaf,
  0x00, 0x00, 0x00, 0x00, 0x00, 0x00, 0x00, 0x00, 0x00, 0x00, 0x00, 0x00,
  0x00, 0x00, 0x00, 0x00, 0x00, 0x00, 0x00, 0x00, 0x00, 0x00, 0x00, 0x00,
  0x00, 0x00, 0x00, 0x00, 0x00, 0x00, 0x00, 0x00, 0x00, 0x00, 0x00, 0x00,
  0x00, 0x00, 0x00, 0x00, 0x00, 0x00, 0x00, 0x00, 0x00, 0x00, 0x00, 0x00,
  0x00, 0x00, 0x00, 0x00, 0x00, 0x00, 0x00, 0x00, 0x00, 0x00, 0x00, 0x00,
  0x00, 0x00, 0x00, 0x00, 0x00, 0x00, 0x00, 0x00, 0x00, 0x00, 0x00, 0x00,
  0x00, 0x00, 0x00, 0x00, 0x00, 0x00, 0x00, 0x00, 0x00, 0x00, 0x00, 0x00,
  0x00, 0x00, 0x00, 0x00, 0x00, 0x00, 0x00, 0x00, 0x00, 0x00, 0x00, 0x00,
  0x00, 0x00, 0x00, 0x00, 0x00, 0x00, 0x00, 0x00, 0x00, 0x00, 0x00, 0x00,
  0x00, 0x00, 0x00, 0x00, 0x00, 0x00, 0x00, 0x00, 0x00, 0x00, 0x00, 0x00,
  0x00, 0x00, 0x00, 0x00, 0x00, 0x00, 0x00, 0x00, 0x00, 0x00, 0x00, 0x00,
  0x00, 0x00, 0x00, 0x00, 0x00, 0x00, 0x00, 0x00, 0x00, 0x00, 0xe3, 0xe9,
  0xf4, 0x4b, 0xec, 0x0a, 0xdb, 0x88, 0xca, 0xe6, 0xb2, 0x63, 0xa1, 0xc1,
  0x91, 0x60, 0x91, 0x20, 0x71, 0x00, 0x71, 0x00, 0x71, 0x20, 0x79, 0x41,
  0x79, 0x61, 0x81, 0x82, 0x81, 0xa2, 0x89, 0xc3, 0x89, 0xe3, 0x92, 0x04,
  0x92, 0x04, 0x92, 0x04, 0x92, 0x04, 0x89, 0xe3, 0x91, 0xe3, 0x89, 0xe3,
  0x9a, 0x03, 0xb2, 0x24, 0xb2, 0x44, 0xb2, 0x64, 0xba, 0x85, 0xba, 0xa6,
  0xc2, 0xc6, 0xc2, 0xe6, 0xca, 0xe7, 0xe3, 0xca, 0xe3, 0xaa, 0xdb, 0xa9,
  0xdb, 0x69, 0xd3, 0x48, 0xcb, 0x27, 0xcb, 0x07, 0xca, 0xe7, 0xcb, 0x48,
  0xcb, 0x68, 0xcb, 0x68, 0xcb, 0x68, 0xcb, 0x68, 0xcb, 0x68, 0xcb, 0x68,
  0xcb, 0x48, 0xcb, 0x88, 0xd3, 0x89, 0xcb, 0x68, 0xcb, 0x48, 0xc3, 0x27,
  0xbb, 0x07, 0xba, 0xe6, 0xb2, 0xc5, 0xcb, 0x07, 0xeb, 0xab, 0xeb, 0xaa,
  0xeb, 0xcb, 0xf3, 0xec, 0xfc, 0x2c, 0xfc, 0x4d, 0xfc, 0x4d, 0xfc, 0x6d,
  0xfc, 0x2c, 0xfc, 0x2d, 0xfc, 0x4d, 0xfc, 0x6e, 0xfc, 0xae, 0xfc, 0xcf,
  0xfc, 0xef, 0xfc, 0xf0, 0xfc, 0xce, 0xfc, 0xad, 0xfc, 0xad, 0xfc, 0xad,
  0xfc, 0xad, 0xfc, 0xad, 0xfc, 0xad, 0xfc, 0xad, 0xfc, 0xee, 0xfc, 0xee,
  0xfc, 0xee, 0xfc, 0xce, 0xfc, 0x8d, 0xfc, 0x6c, 0xfc, 0x6c, 0xfc, 0x6c,
  0xfc, 0x0b, 0xfb, 0x8a, 0xfb, 0xab, 0xfb, 0xcb, 0xfc, 0x0c, 0xfc, 0x2c,
  0xfc, 0x4d, 0xfc, 0x6d, 0xfc, 0x8d, 0xfc, 0xef, 0xfc, 0xee, 0xfd, 0x0e,
  0xfd, 0x0e, 0xfd, 0x0e, 0xfd, 0x0e, 0xfd, 0x2e, 0xfd, 0x2e, 0xfd, 0x6f,
  0xfd, 0x8f, 0xfd, 0x8f, 0xfd, 0x8f, 0xfd, 0x8f, 0xfd, 0x8f, 0xfd, 0x8f,
  0xfd, 0x6f, 0xfd, 0xd1, 0xfd, 0xf1, 0xfd, 0xd0, 0xfd, 0x8f, 0xfc, 0xed,
  0xec, 0x4b, 0xd3, 0x88, 0xc3, 0x05, 0xaa, 0x45, 0x99, 0xc5, 0xa1, 0xe5,
  0x99, 0xc5, 0x99, 0xc5, 0x99, 0xc5, 0x99, 0xc5, 0x99, 0xc5, 0x99, 0xc5,
  0x99, 0xc5, 0x99, 0xc5, 0x99, 0xc5, 0x99, 0xc5, 0x99, 0xc5, 0x99, 0xc5,
  0x99, 0xc5, 0x99, 0xc5, 0xb2, 0x06, 0xb2, 0x06, 0xba, 0x26, 0xba, 0x47,
  0xc2, 0x67, 0xc2, 0x87, 0xca, 0xc7, 0xca, 0xa6, 0xe3, 0xa9, 0xf4, 0x0b,
  0xf4, 0x2a, 0xfc, 0x6b, 0xfc, 0xab, 0xfc, 0xec, 0xfd, 0x0d, 0xfd, 0x2d,
  0xfd, 0x2e, 0xfd, 0x2f, 0xfd, 0x2e, 0xfd, 0x4e, 0xfd, 0x4e, 0xfd, 0x4e,
  0xfd, 0x4e, 0xfd, 0x6f, 0xfd, 0x4e, 0xfd, 0x0d, 0xfd, 0x4d, 0xfd, 0x6e,
  0xfd, 0xaf, 0x00, 0x00, 0x00, 0x00, 0x00, 0x00, 0x00, 0x00, 0x00, 0x00,
  0x00, 0x00, 0x00, 0x00, 0x00, 0x00, 0x00, 0x00, 0x00, 0x00, 0x00, 0x00,
  0x00, 0x00, 0x00, 0x00, 0x00, 0x00, 0x00, 0x00, 0x00, 0x00, 0x00, 0x00,
  0x00, 0x00, 0x00, 0x00, 0x00, 0x00, 0x00, 0x00, 0x00, 0x00, 0x00, 0x00,
  0x00, 0x00, 0x00, 0x00, 0x00, 0x00, 0x00, 0x00, 0x00, 0x00, 0x00, 0x00,
  0x00, 0x00, 0x00, 0x00, 0x00, 0x00, 0x00, 0x00, 0x00, 0x00, 0x00, 0x00,
  0x00, 0x00, 0x00, 0x00, 0x00, 0x00, 0x00, 0x00, 0x00, 0x00, 0x00, 0x00,
  0x00, 0x00, 0x00, 0x00, 0x00, 0x00, 0x00, 0x00, 0x00, 0x00, 0x00, 0x00,
  0x00, 0x00, 0x00, 0x00, 0x00, 0x00, 0x00, 0x00, 0x00, 0x00, 0x00, 0x00,
  0x00, 0x00, 0x00, 0x00, 0x00, 0x00, 0x00, 0x00, 0x00, 0x00, 0x00, 0x00,
  0x00, 0x00, 0x00, 0x00, 0x00, 0x00, 0x00, 0x00, 0x00, 0x00, 0x00, 0x00,
  0x00, 0x00, 0x00, 0x00, 0x00, 0x00, 0x00, 0x00, 0xeb, 0xea, 0xeb, 0xea,
  0xec, 0x2a, 0xe3, 0xe9, 0xdb, 0x88, 0xcb, 0x06, 0xba, 0x64, 0xa9, 0xe2,
  0x99, 0x80, 0x91, 0x40, 0x79, 0x20, 0x71, 0x20, 0x79, 0x41, 0x79, 0x61,
  0x81, 0x82, 0x81, 0xa2, 0x89, 0xc3, 0x89, 0xc3, 0x89, 0xe3, 0x92, 0x04,
  0x92, 0x04, 0x92, 0x04, 0x92, 0x04, 0x92, 0x04, 0x92, 0x04, 0x92, 0x04,
  0x9a, 0x24, 0xb2, 0x44, 0xb2, 0x44, 0xba, 0x65, 0xba, 0x85, 0xc2, 0xa6,
  0xc2, 0xc6, 0xca, 0xe7, 0xcb, 0x07, 0xe3, 0xaa, 0xdb, 0xaa, 0xdb, 0x89,
  0xd3, 0x69, 0xd3, 0x48, 0xcb, 0x28, 0xcb, 0x07, 0xcb, 0x07, 0xc3, 0x07,
  0xbb, 0x07, 0xbb, 0x07, 0xbb, 0x07, 0xbb, 0x07, 0xbb, 0x07, 0xbb, 0x07,
  0xbb, 0x07, 0xbb, 0x07, 0xbb, 0x06, 0xba, 0xe6, 0xb2, 0xc6, 0xb2, 0xa5,
  0xaa, 0xa5, 0xaa, 0x84, 0xa2, 0x43, 0xba, 0xa5, 0xe3, 0x49, 0xdb, 0x28,
  0xe3, 0x49, 0xe3, 0x6a, 0xeb, 0x8a, 0xeb, 0xab, 0xf3, 0xcb, 0xf3, 0xeb,
  0xfc, 0x0c, 0xfc, 0x2c, 0xfc, 0x4d, 0xfc, 0x6d, 0xfc, 0x8e, 0xfc, 0xae,
  0xfc, 0xcf, 0xfc, 0xcf, 0xfc, 0xce, 0xfc, 0xce, 0xfc, 0xce, 0xfc, 0xce,
  0xfc, 0xce, 0xfc, 0xce, 0xfc, 0xce, 0xfc, 0xce, 0xfc, 0xee, 0xfc, 0xee,
  0xfc, 0xee, 0xfc, 0xce, 0xfc, 0x8d, 0xfc, 0x6c, 0xfc, 0x6c, 0xfc, 0x6c,
  0xfc, 0x0b, 0xfb, 0x8a, 0xfb, 0xcb, 0xfb, 0xcb, 0xfc, 0x0c, 0xfc, 0x2c,
  0xfc, 0x4d, 0xfc, 0x6d, 0xfc, 0x8e, 0xfd, 0x0f, 0xfd, 0x0f, 0xfd, 0x0f,
  0xfd, 0x0f, 0xfd, 0x2f, 0xfd, 0x2f, 0xfd, 0x2f, 0xfd, 0x2f, 0xfd, 0x90,
  0xfd, 0x90, 0xfd, 0x90, 0xfd, 0x90, 0xfd, 0x90, 0xfd, 0x90, 0xfd, 0x90,
  0xfd, 0x90, 0xfd, 0xd1, 0xfd, 0xf1, 0xfd, 0xd1, 0xfd, 0x90, 0xfd, 0x0d,
  0xec, 0x4b, 0xd3, 0x88, 0xc3, 0x05, 0xaa, 0x45, 0x99, 0xc5, 0xa1, 0xe5,
  0x99, 0xc5, 0x99, 0xc5, 0x99, 0xc5, 0x99, 0xc5, 0x99, 0xc5, 0x99, 0xc5,
  0x99, 0xc5, 0x99, 0xc5, 0x99, 0xc5, 0x99, 0xc5, 0x99, 0xc5, 0x99, 0xc5,
  0x99, 0xc5, 0x99, 0xc5, 0xb1, 0xe6, 0xb2, 0x06, 0xba, 0x26, 0xba, 0x47,
  0xc2, 0x67, 0xc2, 0x87, 0xca, 0xa7, 0xc2, 0xa6, 0xe3, 0xa9, 0xf4, 0x0b,
  0xf4, 0x2a, 0xfc, 0x6b, 0xfc, 0xab, 0xfc, 0xcc, 0xfd, 0x0c, 0xfd, 0x2c,
  0xfd, 0x2e, 0xfd, 0x2f, 0xfd, 0x2e, 0xfd, 0x4e, 0xfd, 0x4e, 0xfd, 0x4e,
  0xfd, 0x4e, 0xfd, 0x6f, 0xfd, 0x4e, 0xfd, 0x0d, 0xfd, 0x4d, 0xfd, 0x8e,
  0xfd, 0xaf, 0xfe, 0x10, 0x00, 0x00, 0x00, 0x00, 0x00, 0x00, 0x00, 0x00,
  0x00, 0x00, 0x00, 0x00, 0x00, 0x00, 0x00, 0x00, 0x00, 0x00, 0x00, 0x00,
  0x00, 0x00, 0x00, 0x00, 0x00, 0x00, 0x00, 0x00, 0x00, 0x00, 0x00, 0x00,
  0x00, 0x00, 0x00, 0x00, 0x00, 0x00, 0x00, 0x00, 0x00, 0x00, 0x00, 0x00,
  0x00, 0x00, 0x00, 0x00, 0x00, 0x00, 0x00, 0x00, 0x00, 0x00, 0x00, 0x00,
  0x00, 0x00, 0x00, 0x00, 0x00, 0x00, 0x00, 0x00, 0x00, 0x00, 0x00, 0x00,
  0x00, 0x00, 0x00, 0x00, 0x00, 0x00, 0x00, 0x00, 0x00, 0x00, 0x00, 0x00,
  0x00, 0x00, 0x00, 0x00, 0x00, 0x00, 0x00, 0x00, 0x00, 0x00, 0x00, 0x00,
  0x00, 0x00, 0x00, 0x00, 0x00, 0x00, 0x00, 0x00, 0x00, 0x00, 0x00, 0x00,
  0x00, 0x00, 0x00, 0x00, 0x00, 0x00, 0x00, 0x00, 0x00, 0x00, 0x00, 0x00,
  0x00, 0x00, 0x00, 0x00, 0x00, 0x00, 0x00, 0x00, 0x00, 0x00, 0x00, 0x00,
  0x00, 0x00, 0x00, 0x00, 0x00, 0x00, 0xeb, 0xea, 0xeb, 0xea, 0xeb, 0xea,
  0xe3, 0xc9, 0xdb, 0x88, 0xd3, 0x27, 0xc2, 0xc5, 0xb2, 0x43, 0xa1, 0xc1,
  0x91, 0x60, 0x91, 0x20, 0x79, 0x20, 0x71, 0x20, 0x79, 0x20, 0x79, 0x41,
  0x81, 0x82, 0x81, 0xa2, 0x89, 0xc3, 0x89, 0xc3, 0x89, 0xe3, 0x92, 0x04,
  0x92, 0x04, 0x92, 0x04, 0x92, 0x04, 0x92, 0x04, 0x92, 0x04, 0x8a, 0x04,
  0x9a, 0x04, 0xb2, 0x23, 0xaa, 0x24, 0xb2, 0x44, 0xba, 0x65, 0xba, 0x85,
  0xc2, 0xa6, 0xc2, 0xc6, 0xc2, 0xe6, 0xdb, 0x69, 0xd3, 0x68, 0xd3, 0x48,
  0xcb, 0x28, 0xcb, 0x07, 0xc2, 0xc6, 0xc2, 0xc6, 0xc2, 0xa6, 0xaa, 0x84,
  0xa2, 0x84, 0xa2, 0x84, 0xa2, 0x84, 0xa2, 0x84, 0xa2, 0x84, 0xa2, 0x84,
  0xa2, 0x84, 0xa2, 0x64, 0x9a, 0x43, 0x9a, 0x43, 0x92, 0x23, 0x91, 0xe2,
  0x89, 0xe1, 0x89, 0xc1, 0x81, 0x80, 0x99, 0xc2, 0xca, 0x46, 0xc2, 0x45,
  0xca, 0x66, 0xca, 0x86, 0xd2, 0xa7, 0xda, 0xc7, 0xda, 0xe8, 0xdb, 0x08,
  0xf3, 0xcb, 0xf3, 0xcb, 0xfb, 0xcb, 0xfc, 0x0c, 0xfc, 0x2d, 0xfc, 0x4d,
  0xfc, 0x6e, 0xfc, 0x6e, 0xfc, 0xce, 0xfc, 0xce, 0xfc, 0xce, 0xfc, 0xce,
  0xfc, 0xce, 0xfc, 0xce, 0xfc, 0xce, 0xfc, 0xce, 0xfc, 0xee, 0xfc, 0xee,
  0xfc, 0xee, 0xfc, 0xce, 0xfc, 0x8d, 0xfc, 0x6c, 0xfc, 0x6c, 0xfc, 0x6c,
  0xfb, 0xeb, 0xfb, 0x8a, 0xfb, 0xab, 0xfb, 0xcb, 0xfb, 0xec, 0xfc, 0x2c,
  0xfc, 0x4d, 0xfc, 0x6d, 0xfc, 0x8e, 0xfc, 0xef, 0xfc, 0xef, 0xfd, 0x0f,
  0xfd, 0x0f, 0xfd, 0x0f, 0xfd, 0x0f, 0xfd, 0x0f, 0xfd, 0x0f, 0xfd, 0x90,
  0xfd, 0x90, 0xfd, 0x90, 0xfd, 0x90, 0xfd, 0x90, 0xfd, 0x90, 0xfd, 0x90,
  0xfd, 0x90, 0xfd, 0xd1, 0xfd, 0xf1, 0xfd, 0xd1, 0xfd, 0x90, 0xfd, 0x0d,
  0xec, 0x4b, 0xd3, 0x88, 0xc3, 0x05, 0xaa, 0x45, 0x99, 0xc5, 0xa1, 0xe5,
  0x99, 0xc5, 0x99, 0xc5, 0x99, 0xc5, 0x99, 0xc5, 0x99, 0xc5, 0x99, 0xc5,
  0x99, 0xc5, 0x99, 0xc5, 0x99, 0xc5, 0x99, 0xc5, 0x99, 0xc5, 0x99, 0xc5,
  0x99, 0xc5, 0x99, 0xc5, 0xb1, 0xe6, 0xb2, 0x06, 0xba, 0x26, 0xba, 0x47,
  0xc2, 0x67, 0xc2, 0x87, 0xca, 0xa7, 0xc2, 0xa6, 0xe3, 0xa9, 0xf4, 0x0b,
  0xf4, 0x2a, 0xfc, 0x6b, 0xfc, 0xab, 0xfc, 0xcc, 0xfd, 0x0c, 0xfd, 0x2c,
  0xfd, 0x2e, 0xfd, 0x2f, 0xfd, 0x2e, 0xfd, 0x4e, 0xfd, 0x4e, 0xfd, 0x4e,
  0xfd, 0x4e, 0xfd, 0x6f, 0xfd, 0x4e, 0xfd, 0x0d, 0xfd, 0x4d, 0xfd, 0x8e,
  0xfd, 0xaf, 0xfe, 0x10, 0xfe, 0x31, 0x00, 0x00, 0x00, 0x00, 0x00, 0x00,
  0x00, 0x00, 0x00, 0x00, 0x00, 0x00, 0x00, 0x00, 0x00, 0x00, 0x00, 0x00,
  0x00, 0x00, 0x00, 0x00, 0x00, 0x00, 0x00, 0x00, 0x00, 0x00, 0x00, 0x00,
  0x00, 0x00, 0x00, 0x00, 0x00, 0x00, 0x00, 0x00, 0x00, 0x00, 0x00, 0x00,
  0x00, 0x00, 0x00, 0x00, 0x00, 0x00, 0x00, 0x00, 0x00, 0x00, 0x00, 0x00,
  0x00, 0x00, 0x00, 0x00, 0x00, 0x00, 0x00, 0x00, 0x00, 0x00, 0x00, 0x00,
  0x00, 0x00, 0x00, 0x00, 0x00, 0x00, 0x00, 0x00, 0x00, 0x00, 0x00, 0x00,
  0x00, 0x00, 0x00, 0x00, 0x00, 0x00, 0x00, 0x00, 0x00, 0x00, 0x00, 0x00,
  0x00, 0x00, 0x00, 0x00, 0x00, 0x00, 0x00, 0x00, 0x00, 0x00, 0x00, 0x00,
  0x00, 0x00, 0x00, 0x00, 0x00, 0x00, 0x00, 0x00, 0x00, 0x00, 0x00, 0x00,
  0x00, 0x00, 0x00, 0x00, 0x00, 0x00, 0x00, 0x00, 0x00, 0x00, 0x00, 0x00,
  0x00, 0x00, 0x00, 0x00, 0xeb, 0xea, 0xeb, 0xea, 0xeb, 0xea, 0xe3, 0xe9,
  0xd3, 0x67, 0xd3, 0x27, 0xc2, 0xe5, 0xba, 0x84, 0xaa, 0x02, 0x99, 0xa0,
  0x91, 0x40, 0x91, 0x20, 0x79, 0x20, 0x71, 0x20, 0x79, 0x20, 0x79, 0x41,
  0x81, 0x82, 0x81, 0xa2, 0x89, 0xc3, 0x89, 0xc3, 0x89, 0xe3, 0x92, 0x04,
  0x92, 0x04, 0x92, 0x04, 0x92, 0x04, 0x92, 0x04, 0x92, 0x04, 0x92, 0x04,
  0x9a, 0x04, 0xaa, 0x03, 0xaa, 0x03, 0xaa, 0x24, 0xb2, 0x44, 0xba, 0x65,
  0xba, 0x85, 0xba, 0xa6, 0xc2, 0xc6, 0xcb, 0x27, 0xcb, 0x07, 0xca, 0xe7,
  0xc2, 0xc6, 0xc2, 0xa6, 0xba, 0x85, 0xba, 0x65, 0xba, 0x65, 0x9a, 0x02,
  0x91, 0xe2, 0x92, 0x02, 0x92, 0x02, 0x92, 0x02, 0x92, 0x02, 0x92, 0x02,
  0x92, 0x02, 0x89, 0xc1, 0x89, 0xa1, 0x81, 0xa1, 0x81, 0x80, 0x79, 0x60,
  0x79, 0x20, 0x79, 0x20, 0x68, 0xe0, 0x81, 0x20, 0xb1, 0x62, 0xa9, 0x62,
  0xb1, 0x82, 0xb1, 0xc3, 0xb9, 0xe4, 0xba, 0x04, 0xba, 0x04, 0xc2, 0x45,
  0xeb, 0x8a, 0xeb, 0x6a, 0xf3, 0x8a, 0xf3, 0xab, 0xfb, 0xcb, 0xfb, 0xec,
  0xfc, 0x0c, 0xfc, 0x0d, 0xfc, 0xce, 0xfc, 0xce, 0xfc, 0xce, 0xfc, 0xce,
  0xfc, 0xce, 0xfc, 0xce, 0xfc, 0xce, 0xfc, 0xce, 0xfc, 0xee, 0xfc, 0xee,
  0xfc, 0xee, 0xfc, 0xce, 0xfc, 0x8d, 0xfc, 0x6c, 0xfc, 0x6c, 0xfc, 0x6c,
  0xfb, 0xeb, 0xfb, 0x6a, 0xfb, 0xab, 0xfb, 0xcb, 0xfb, 0xec, 0xfc, 0x0c,
  0xfc, 0x4d, 0xfc, 0x6d, 0xfc, 0x8e, 0xfc, 0xef, 0xfc, 0xef, 0xfc, 0xef,
  0xfc, 0xef, 0xfd, 0x0f, 0xfd, 0x0f, 0xfd, 0x0f, 0xfd, 0x0f, 0xfd, 0x90,
  0xfd, 0x90, 0xfd, 0x90, 0xfd, 0x90, 0xfd, 0x90, 0xfd, 0x90, 0xfd, 0x90,
  0xfd, 0x90, 0xfd, 0xd1, 0xfd, 0xf1, 0xfd, 0xd1, 0xfd, 0x90, 0xfd, 0x0d,
  0xec, 0x4b, 0xd3, 0x88, 0xc3, 0x05, 0xaa, 0x45, 0x99, 0xc5, 0xa1, 0xe5,
  0x99, 0xc5, 0x99, 0xc5, 0x99, 0xc5, 0x99, 0xc5, 0x99, 0xc5, 0x99, 0xc5,
  0x99, 0xc5, 0x99, 0xc5, 0x99, 0xc5, 0x99, 0xc5, 0x99, 0xc5, 0x99, 0xc5,
  0x99, 0xc5, 0x99, 0xc5, 0xb1, 0xe6, 0xb2, 0x06, 0xba, 0x26, 0xba, 0x47,
  0xc2, 0x67, 0xc2, 0x87, 0xca, 0xa7, 0xc2, 0xa6, 0xe3, 0xa9, 0xf4, 0x0b,
  0xf4, 0x2a, 0xfc, 0x6b, 0xfc, 0xab, 0xfc, 0xcc, 0xfd, 0x0c, 0xfd, 0x2c,
  0xfd, 0x2e, 0xfd, 0x2f, 0xfd, 0x2e, 0xfd, 0x4e, 0xfd, 0x4e, 0xfd, 0x4e,
  0xfd, 0x4e, 0xfd, 0x6f, 0xfd, 0x4e, 0xfd, 0x0d, 0xfd, 0x4d, 0xfd, 0x8e,
  0xfd, 0xaf, 0xfe, 0x10, 0xfe, 0x31, 0xfe, 0x71, 0x00, 0x00, 0x00, 0x00,
  0x00, 0x00, 0x00, 0x00, 0x00, 0x00, 0x00, 0x00, 0x00, 0x00, 0x00, 0x00,
  0x00, 0x00, 0x00, 0x00, 0x00, 0x00, 0x00, 0x00, 0x00, 0x00, 0x00, 0x00,
  0x00, 0x00, 0x00, 0x00, 0x00, 0x00, 0x00, 0x00, 0x00, 0x00, 0x00, 0x00,
  0x00, 0x00, 0x00, 0x00, 0x00, 0x00, 0x00, 0x00, 0x00, 0x00, 0x00, 0x00,
  0x00, 0x00, 0x00, 0x00, 0x00, 0x00, 0x00, 0x00, 0x00, 0x00, 0x00, 0x00,
  0x00, 0x00, 0x00, 0x00, 0x00, 0x00, 0x00, 0x00, 0x00, 0x00, 0x00, 0x00,
  0x00, 0x00, 0x00, 0x00, 0x00, 0x00, 0x00, 0x00, 0x00, 0x00, 0x00, 0x00,
  0x00, 0x00, 0x00, 0x00, 0x00, 0x00, 0x00, 0x00, 0x00, 0x00, 0x00, 0x00,
  0x00, 0x00, 0x00, 0x00, 0x00, 0x00, 0x00, 0x00, 0x00, 0x00, 0x00, 0x00,
  0x00, 0x00, 0x00, 0x00, 0x00, 0x00, 0x00, 0x00, 0x00, 0x00, 0x00, 0x00,
  0x00, 0x00, 0xeb, 0xea, 0xeb, 0xea, 0xeb, 0xea, 0xeb, 0xea, 0xe3, 0xe9,
  0xca, 0xe6, 0xc2, 0xc5, 0xba, 0x84, 0xb2, 0x43, 0xa1, 0xe1, 0x99, 0x80,
  0x91, 0x40, 0x89, 0x00, 0x79, 0x20, 0x71, 0x20, 0x79, 0x20, 0x79, 0x41,
  0x81, 0x82, 0x81, 0xa2, 0x89, 0xc3, 0x89, 0xc3, 0x89, 0xe3, 0x92, 0x04,
  0x92, 0x04, 0x92, 0x04, 0x92, 0x04, 0x92, 0x04, 0x92, 0x04, 0x92, 0x04,
  0x9a, 0x03, 0xa9, 0xc2, 0xa1, 0xe3, 0xaa, 0x03, 0xaa, 0x24, 0xb2, 0x44,
  0xba, 0x65, 0xba, 0x85, 0xba, 0x85, 0xc2, 0xc6, 0xc2, 0xc6, 0xba, 0xa6,
  0xba, 0x85, 0xb2, 0x44, 0xb2, 0x44, 0xaa, 0x23, 0xb2, 0x23, 0x89, 0xc1,
  0x81, 0xa0, 0x81, 0xa1, 0x81, 0xa1, 0x81, 0xa1, 0x81, 0xa1, 0x81, 0xa1,
  0x81, 0xa1, 0x79, 0x80, 0x79, 0x60, 0x79, 0x40, 0x71, 0x20, 0x71, 0x20,
  0x68, 0xe0, 0x68, 0xc0, 0x60, 0xc0, 0x78, 0xc0, 0xa0, 0xc0, 0x98, 0xc0,
  0xa0, 0xe0, 0xa1, 0x00, 0xa9, 0x21, 0xa9, 0x41, 0xa9, 0x62, 0xb1, 0xa3,
  0xeb, 0x29, 0xe3, 0x09, 0xeb, 0x49, 0xeb, 0x4a, 0xf3, 0x8a, 0xf3, 0xab,
  0xfb, 0xcb, 0xfb, 0xab, 0xfc, 0xae, 0xfc, 0xce, 0xfc, 0xce, 0xfc, 0xce,
  0xfc, 0xce, 0xfc, 0xce, 0xfc, 0xce, 0xfc, 0xce, 0xfc, 0xee, 0xfc, 0xee,
  0xfc, 0xee, 0xfc, 0xce, 0xfc, 0x8d, 0xfc, 0x6c, 0xfc, 0x6c, 0xfc, 0x6c,
  0xfb, 0xeb, 0xfb, 0x6a, 0xfb, 0x8b, 0xfb, 0xab, 0xfb, 0xcc, 0xfc, 0x0c,
  0xfc, 0x2d, 0xfc, 0x4d, 0xfc, 0x6e, 0xfc, 0xef, 0xfc, 0xcf, 0xfc, 0xef,
  0xfc, 0xef, 0xfd, 0x0f, 0xfd, 0x0f, 0xfd, 0x0f, 0xfd, 0x0f, 0xfd, 0x90,
  0xfd, 0x90, 0xfd, 0x90, 0xfd, 0x90, 0xfd, 0x90, 0xfd, 0x90, 0xfd, 0x90,
  0xfd, 0x90, 0xfd, 0xd1, 0xfd, 0xf1, 0xfd, 0xd1, 0xfd, 0x90, 0xfd, 0x0d,
  0xec, 0x4b, 0xd3, 0x88, 0xc3, 0x05, 0xaa, 0x45, 0x99, 0xc5, 0xa1, 0xe5,
  0x99, 0xc5, 0x99, 0xc5, 0x99, 0xc5, 0x99, 0xc5, 0x99, 0xc5, 0x99, 0xc5,
  0x99, 0xc5, 0x99, 0xc5, 0x99, 0xc5, 0x99, 0xc5, 0x99, 0xc5, 0x99, 0xc5,
  0x99, 0xc5, 0x99, 0xc5, 0xb1, 0xe6, 0xb2, 0x06, 0xba, 0x26, 0xba, 0x47,
  0xc2, 0x67, 0xc2, 0x87, 0xca, 0xa7, 0xc2, 0xa6, 0xe3, 0xa9, 0xf4, 0x0b,
  0xf4, 0x2a, 0xfc, 0x6b, 0xfc, 0xab, 0xfc, 0xcc, 0xfd, 0x0c, 0xfd, 0x2c,
  0xfd, 0x2e, 0xfd, 0x2f, 0xfd, 0x2e, 0xfd, 0x4e, 0xfd, 0x4e, 0xfd, 0x4e,
  0xfd, 0x4e, 0xfd, 0x6f, 0xfd, 0x4e, 0xfd, 0x0d, 0xfd, 0x4d, 0xfd, 0x8e,
  0xfd, 0xaf, 0xfe, 0x10, 0xfe, 0x31, 0xfe, 0x71, 0xfe, 0x92, 0x00, 0x00,
  0x00, 0x00, 0x00, 0x00, 0x00, 0x00, 0x00, 0x00, 0x00, 0x00, 0x00, 0x00,
  0x00, 0x00, 0x00, 0x00, 0x00, 0x00, 0x00, 0x00, 0x00, 0x00, 0x00, 0x00,
  0x00, 0x00, 0x00, 0x00, 0x00, 0x00, 0x00, 0x00, 0x00, 0x00, 0x00, 0x00,
  0x00, 0x00, 0x00, 0x00, 0x00, 0x00, 0x00, 0x00, 0x00, 0x00, 0x00, 0x00,
  0x00, 0x00, 0x00, 0x00, 0x00, 0x00, 0x00, 0x00, 0x00, 0x00, 0x00, 0x00,
  0x00, 0x00, 0x00, 0x00, 0x00, 0x00, 0x00, 0x00, 0x00, 0x00, 0x00, 0x00,
  0x00, 0x00, 0x00, 0x00, 0x00, 0x00, 0x00, 0x00, 0x00, 0x00, 0x00, 0x00,
  0x00, 0x00, 0x00, 0x00, 0x00, 0x00, 0x00, 0x00, 0x00, 0x00, 0x00, 0x00,
  0x00, 0x00, 0x00, 0x00, 0x00, 0x00, 0x00, 0x00, 0x00, 0x00, 0x00, 0x00,
  0x00, 0x00, 0x00, 0x00, 0x00, 0x00, 0x00, 0x00, 0x00, 0x00, 0x00, 0x00,
  0xeb, 0xea, 0xeb, 0xea, 0xeb, 0xea, 0xeb, 0xea, 0xeb, 0xea, 0xe3, 0xe9,
  0xba, 0x84, 0xba, 0x64, 0xb2, 0x43, 0xaa, 0x02, 0xa1, 0xa1, 0x91, 0x60,
  0x91, 0x20, 0x89, 0x00, 0x79, 0x00, 0x71, 0x20, 0x79, 0x20, 0x79, 0x41,
  0x81, 0x82, 0x81, 0xa2, 0x89, 0xc3, 0x89, 0xc3, 0x89, 0xe3, 0x92, 0x04,
  0x92, 0x04, 0x92, 0x04, 0x92, 0x04, 0x92, 0x04, 0x92, 0x04, 0x92, 0x04,
  0x91, 0xe3, 0xa1, 0xa2, 0xa1, 0xc2, 0xa1, 0xe3, 0xaa, 0x03, 0xaa, 0x24,
  0xb2, 0x44, 0xb2, 0x65, 0xba, 0x65, 0xba, 0x85, 0xba, 0x65, 0xb2, 0x44,
  0xb2, 0x24, 0xaa, 0x03, 0xa1, 0xe3, 0xa1, 0xc2, 0xa1, 0xc2, 0x81, 0x80,
  0x79, 0x80, 0x79, 0x80, 0x79, 0x80, 0x79, 0x80, 0x79, 0x80, 0x79, 0x80,
  0x79, 0x80, 0x79, 0x60, 0x79, 0x60, 0x79, 0x40, 0x71, 0x20, 0x71, 0x00,
  0x68, 0xe0, 0x68, 0xc0, 0x60, 0xc0, 0x70, 0x80, 0x90, 0x40, 0x90, 0x60,
  0x90, 0x80, 0x98, 0xa0, 0x98, 0xc0, 0xa0, 0xe0, 0xa0, 0xe0, 0xa9, 0x21,
  0xda, 0xc8, 0xda, 0xc7, 0xe2, 0xe8, 0xe3, 0x08, 0xeb, 0x29, 0xeb, 0x4a,
  0xf3, 0x6a, 0xf3, 0x6a, 0xfc, 0xae, 0xfc, 0xce, 0xfc, 0xce, 0xfc, 0xce,
  0xfc, 0xce, 0xfc, 0xce, 0xfc, 0xce, 0xfc, 0xce, 0xfc, 0xee, 0xfc, 0xee,
  0xfc, 0xee, 0xfc, 0xce, 0xfc, 0x8d, 0xfc, 0x6c, 0xfc, 0x6c, 0xfc, 0x6c,
  0xfb, 0xeb, 0xfb, 0x6a, 0xfb, 0x8b, 0xfb, 0xab, 0xfb, 0xcc, 0xfc, 0x0c,
  0xfc, 0x2d, 0xfc, 0x4d, 0xfc, 0x6e, 0xfc, 0xef, 0xfc, 0xcf, 0xfc, 0xef,
  0xfc, 0xef, 0xfd, 0x0f, 0xfd, 0x0f, 0xfd, 0x0f, 0xfd, 0x0f, 0xfd, 0x90,
  0xfd, 0x90, 0xfd, 0x90, 0xfd, 0x90, 0xfd, 0x90, 0xfd, 0x90, 0xfd, 0x90,
  0xfd, 0x90, 0xfd, 0xd1, 0xfd, 0xf1, 0xfd, 0xd1, 0xfd, 0x90, 0xfd, 0x0d,
  0xec, 0x4b, 0xd3, 0x88, 0xc3, 0x05, 0xaa, 0x45, 0x99, 0xc5, 0xa1, 0xe5,
  0x99, 0xc5, 0x99, 0xc5, 0x99, 0xc5, 0x99, 0xc5, 0x99, 0xc5, 0x99, 0xc5,
  0x99, 0xc5, 0x99, 0xc5, 0x99, 0xc5, 0x99, 0xc5, 0x99, 0xc5, 0x99, 0xc5,
  0x99, 0xc5, 0x99, 0xc5, 0xb1, 0xe6, 0xb2, 0x06, 0xba, 0x26, 0xba, 0x47,
  0xc2, 0x67, 0xc2, 0x87, 0xca, 0xa7, 0xc2, 0xa6, 0xe3, 0xa9, 0xf4, 0x0b,
  0xf4, 0x2a, 0xfc, 0x6b, 0xfc, 0xab, 0xfc, 0xcc, 0xfd, 0x0c, 0xfd, 0x2c,
  0xfd, 0x2e, 0xfd, 0x2f, 0xfd, 0x2e, 0xfd, 0x4e, 0xfd, 0x4e, 0xfd, 0x4e,
  0xfd, 0x4e, 0xfd, 0x6f, 0xfd, 0x4e, 0xfd, 0x0d, 0xfd, 0x4d, 0xfd, 0x8e,
  0xfd, 0xaf, 0xfe, 0x10, 0xfe, 0x31, 0xfe, 0x71, 0xfe, 0x92, 0xfe, 0xf3,
  0x00, 0x00, 0x00, 0x00, 0x00, 0x00, 0x00, 0x00, 0x00, 0x00, 0x00, 0x00,
  0x00, 0x00, 0x00, 0x00, 0x00, 0x00, 0x00, 0x00, 0x00, 0x00, 0x00, 0x00,
  0x00, 0x00, 0x00, 0x00, 0x00, 0x00, 0x00, 0x00, 0x00, 0x00, 0x00, 0x00,
  0x00, 0x00, 0x00, 0x00, 0x00, 0x00, 0x00, 0x00, 0x00, 0x00, 0x00, 0x00,
  0x00, 0x00, 0x00, 0x00, 0x00, 0x00, 0x00, 0x00, 0x00, 0x00, 0x00, 0x00,
  0x00, 0x00, 0x00, 0x00, 0x00, 0x00, 0x00, 0x00, 0x00, 0x00, 0x00, 0x00,
  0x00, 0x00, 0x00, 0x00, 0x00, 0x00, 0x00, 0x00, 0x00, 0x00, 0x00, 0x00,
  0x00, 0x00, 0x00, 0x00, 0x00, 0x00, 0x00, 0x00, 0x00, 0x00, 0x00, 0x00,
  0x00, 0x00, 0x00, 0x00, 0x00, 0x00, 0x00, 0x00, 0x00, 0x00, 0x00, 0x00,
  0x00, 0x00, 0x00, 0x00, 0x00, 0x00, 0x00, 0x00, 0x00, 0x00, 0xeb, 0xea,
  0xeb, 0xea, 0xeb, 0xea, 0xeb, 0xea, 0xeb, 0xea, 0xec, 0x0a, 0xeb, 0xe9,
  0xb2, 0x43, 0xb2, 0x23, 0xaa, 0x02, 0xa1, 0xc1, 0x99, 0x80, 0x91, 0x40,
  0x89, 0x20, 0x89, 0x00, 0x71, 0x00, 0x71, 0x20, 0x71, 0x20, 0x79, 0x41,
  0x81, 0x82, 0x81, 0xa2, 0x89, 0xc3, 0x89, 0xc3, 0x89, 0xe3, 0x92, 0x04,
  0x92, 0x04, 0x92, 0x04, 0x92, 0x04, 0x92, 0x04, 0x92, 0x04, 0x92, 0x04,
  0x91, 0xe3, 0xa1, 0x81, 0xa1, 0xa2, 0xa1, 0xc2, 0xa9, 0xe3, 0xaa, 0x03,
  0xb2, 0x24, 0xb2, 0x44, 0xb2, 0x44, 0xb2, 0x44, 0xb2, 0x44, 0xb2, 0x23,
  0xaa, 0x03, 0xa1, 0xc2, 0xa1, 0xc2, 0x99, 0xa1, 0xa1, 0x81, 0x81, 0x80,
  0x79, 0x80, 0x79, 0x80, 0x79, 0x80, 0x79, 0x80, 0x79, 0x80, 0x79, 0x80,
  0x79, 0x80, 0x79, 0xa0, 0x81, 0xa0, 0x79, 0x80, 0x79, 0x60, 0x71, 0x40,
  0x71, 0x20, 0x69, 0x00, 0x61, 0x00, 0x70, 0x80, 0x88, 0x00, 0x88, 0x20,
  0x90, 0x20, 0x90, 0x60, 0x98, 0x80, 0x98, 0xa0, 0x98, 0xa0, 0xa9, 0x00,
  0xda, 0xa7, 0xda, 0x87, 0xda, 0xa7, 0xe2, 0xc8, 0xe2, 0xe8, 0xeb, 0x09,
  0xeb, 0x29, 0xeb, 0x29, 0xfc, 0xad, 0xfc, 0xee, 0xfc, 0xce, 0xfc, 0xce,
  0xfc, 0xce, 0xfc, 0xce, 0xfc, 0xce, 0xfc, 0xcd, 0xfc, 0xee, 0xfc, 0xee,
  0xfc, 0xce, 0xfc, 0xad, 0xfc, 0x8d, 0xfc, 0x6c, 0xfc, 0x4c, 0xfc, 0x4c,
  0xfb, 0xeb, 0xfb, 0x4a, 0xfb, 0x8b, 0xfb, 0xab, 0xfb, 0xcc, 0xfc, 0x0c,
  0xfc, 0x2d, 0xfc, 0x4d, 0xfc, 0x6e, 0xfc, 0xcf, 0xfc, 0xcf, 0xfc, 0xef,
  0xfc, 0xef, 0xfc, 0xef, 0xfc, 0xef, 0xfc, 0xef, 0xfc, 0xef, 0xfd, 0x90,
  0xfd, 0x90, 0xfd, 0x90, 0xfd, 0x90, 0xfd, 0x90, 0xfd, 0x90, 0xfd, 0x90,
  0xfd, 0x90, 0xfd, 0xd1, 0xfd, 0xf1, 0xfd, 0xd1, 0xfd, 0x90, 0xfd, 0x0e,
  0xec, 0x4b, 0xd3, 0x88, 0xc3, 0x25, 0xaa, 0x45, 0x99, 0xc5, 0xa1, 0xe5,
  0x99, 0xc5, 0x99, 0xc5, 0x99, 0xc5, 0x99, 0xc5, 0x99, 0xc5, 0x99, 0xc5,
  0x99, 0xc5, 0x99, 0xc5, 0x99, 0xc5, 0x99, 0xc5, 0x99, 0xc5, 0x99, 0xc5,
  0x99, 0xc5, 0x99, 0xc5, 0xb1, 0xe6, 0xb2, 0x06, 0xba, 0x26, 0xba, 0x47,
  0xc2, 0x67, 0xc2, 0x87, 0xca, 0xa7, 0xc2, 0xa6, 0xe3, 0xa9, 0xf4, 0x0b,
  0xf4, 0x2a, 0xfc, 0x6b, 0xfc, 0xab, 0xfc, 0xcc, 0xfd, 0x0c, 0xfd, 0x2c,
  0xfd, 0x2e, 0xfd, 0x2f, 0xfd, 0x2e, 0xfd, 0x4e, 0xfd, 0x4e, 0xfd, 0x4e,
  0xfd, 0x4e, 0xfd, 0x6f, 0xfd, 0x4e, 0xfd, 0x0d, 0xfd, 0x4d, 0xfd, 0x8e,
  0xfd, 0xaf, 0xfe, 0x10, 0xfe, 0x31, 0xfe, 0x71, 0xfe, 0x92, 0xfe, 0xf3,
  0xfe, 0xf3, 0x00, 0x00, 0x00, 0x00, 0x00, 0x00, 0x00, 0x00, 0x00, 0x00,
  0x00, 0x00, 0x00, 0x00, 0x00, 0x00, 0x00, 0x00, 0x00, 0x00, 0x00, 0x00,
  0x00, 0x00, 0x00, 0x00, 0x00, 0x00, 0x00, 0x00, 0x00, 0x00, 0x00, 0x00,
  0x00, 0x00, 0x00, 0x00, 0x00, 0x00, 0x00, 0x00, 0x00, 0x00, 0x00, 0x00,
  0x00, 0x00, 0x00, 0x00, 0x00, 0x00, 0x00, 0x00, 0x00, 0x00, 0x00, 0x00,
  0x00, 0x00, 0x00, 0x00, 0x00, 0x00, 0x00, 0x00, 0x00, 0x00, 0x00, 0x00,
  0x00, 0x00, 0x00, 0x00, 0x00, 0x00, 0x00, 0x00, 0x00, 0x00, 0x00, 0x00,
  0x00, 0x00, 0x00, 0x00, 0x00, 0x00, 0x00, 0x00, 0x00, 0x00, 0x00, 0x00,
  0x00, 0x00, 0x00, 0x00, 0x00, 0x00, 0x00, 0x00, 0x00, 0x00, 0x00, 0x00,
  0x00, 0x00, 0x00, 0x00, 0x00, 0x00, 0x00, 0x00, 0xe4, 0x0a, 0xe3, 0xea,
  0xe3, 0xea, 0xe3, 0xea, 0xe3, 0xe9, 0xe3, 0xc9, 0xe3, 0xea, 0xe3, 0xc9,
  0xaa, 0x02, 0xaa, 0x02, 0xa1, 0xe2, 0x99, 0xa1, 0x99, 0x80, 0x91, 0x40,
  0x89, 0x20, 0x89, 0x00, 0x79, 0x20, 0x71, 0x41, 0x79, 0x41, 0x79, 0x61,
  0x81, 0x82, 0x81, 0xa2, 0x81, 0xc3, 0x89, 0xc3, 0x89, 0xe3, 0x92, 0x04,
  0x92, 0x04, 0x92, 0x04, 0x92, 0x04, 0x92, 0x04, 0x92, 0x04, 0x92, 0x04,
  0x91, 0xe3, 0x99, 0x81, 0x99, 0xa2, 0xa1, 0xc2, 0xa1, 0xe3, 0xaa, 0x03,
  0xaa, 0x24, 0xb2, 0x44, 0xb2, 0x44, 0xaa, 0x24, 0xaa, 0x03, 0xaa, 0x03,
  0xa1, 0xe3, 0xa1, 0xc2, 0x99, 0xa2, 0x99, 0x82, 0x99, 0x81, 0x81, 0xa1,
  0x79, 0xa1, 0x79, 0xa0, 0x79, 0xa0, 0x79, 0xa0, 0x79, 0x80, 0x79, 0x80,
  0x79, 0x80, 0x81, 0xa1, 0x81, 0xa1, 0x79, 0x80, 0x79, 0x80, 0x79, 0x60,
  0x71, 0x40, 0x71, 0x00, 0x69, 0x20, 0x70, 0xc0, 0x88, 0x20, 0x88, 0x40,
  0x88, 0x40, 0x90, 0x60, 0x90, 0x80, 0x98, 0xa0, 0x98, 0xa0, 0xa0, 0xe0,
  0xd2, 0x66, 0xd2, 0x46, 0xd2, 0x66, 0xda, 0x87, 0xda, 0xc8, 0xe2, 0xe8,
  0xe2, 0xe9, 0xea, 0xe9, 0xfc, 0x8d, 0xfc, 0xce, 0xfc, 0xce, 0xfc, 0xce,
  0xfc, 0xce, 0xfc, 0xee, 0xfc, 0xef, 0xfc, 0xee, 0xfd, 0x0f, 0xfd, 0x0f,
  0xfc, 0xef, 0xfc, 0xce, 0xfc, 0xae, 0xfc, 0x8d, 0xfc, 0x6d, 0xfc, 0x6d,
  0xfb, 0xeb, 0xfb, 0x6b, 0xfb, 0xab, 0xfb, 0xab, 0xfb, 0xcc, 0xfc, 0x0c,
  0xfc, 0x2d, 0xfc, 0x4d, 0xfc, 0x6d, 0xfc, 0xcf, 0xfc, 0xae, 0xfc, 0xef,
  0xfc, 0xef, 0xfd, 0x0f, 0xfd, 0x0f, 0xfd, 0x0f, 0xfd, 0x0f, 0xfd, 0x90,
  0xfd, 0x90, 0xfd, 0x90, 0xfd, 0x90, 0xfd, 0x90, 0xfd, 0x90, 0xfd, 0x90,
  0xfd, 0x90, 0xfd, 0xd1, 0xfd, 0xd1, 0xfd, 0xb0, 0xfd, 0x6f, 0xfc, 0xed,
  0xec, 0x4b, 0xd3, 0x88, 0xc3, 0x05, 0xaa, 0x45, 0x99, 0xc5, 0xa1, 0xe5,
  0x99, 0xc5, 0x99, 0xc5, 0x99, 0xc5, 0x99, 0xc5, 0x99, 0xc5, 0x99, 0xc5,
  0x99, 0xc5, 0x99, 0xc5, 0x99, 0xc5, 0x99, 0xc5, 0x99, 0xc5, 0x99, 0xc5,
  0x99, 0xc5, 0x99, 0xc5, 0xb2, 0x06, 0xb2, 0x06, 0xb2, 0x26, 0xba, 0x26,
  0xba, 0x66, 0xc2, 0x87, 0xca, 0xc7, 0xca, 0xc6, 0xeb, 0xca, 0xf4, 0x0b,
  0xf4, 0x2a, 0xfc, 0x6b, 0xfc, 0xac, 0xfc, 0xcc, 0xfd, 0x0d, 0xfd, 0x2d,
  0xfd, 0x2e, 0xfd, 0x2e, 0xfd, 0x2e, 0xfd, 0x4e, 0xfd, 0x4e, 0xfd, 0x4e,
  0xfd, 0x4e, 0xfd, 0x6e, 0xfd, 0x4e, 0xfd, 0x0d, 0xfd, 0x4d, 0xfd, 0x8e,
  0xfd, 0xaf, 0xfe, 0x10, 0xfe, 0x30, 0xfe, 0x71, 0xfe, 0x71, 0xfe, 0xf3,
  0xfe, 0xf3, 0xfe, 0xf3, 0x00, 0x00, 0x00, 0x00, 0x00, 0x00, 0x00, 0x00,
  0x00, 0x00, 0x00, 0x00, 0x00, 0x00, 0x00, 0x00, 0x00, 0x00, 0x00, 0x00,
  0x00, 0x00, 0x00, 0x00, 0x00, 0x00, 0x00, 0x00, 0x00, 0x00, 0x00, 0x00,
  0x00, 0x00, 0x00, 0x00, 0x00, 0x00, 0x00, 0x00, 0x00, 0x00, 0x00, 0x00,
  0x00, 0x00, 0x00, 0x00, 0x00, 0x00, 0x00, 0x00, 0x00, 0x00, 0x00, 0x00,
  0x00, 0x00, 0x00, 0x00, 0x00, 0x00, 0x00, 0x00, 0x00, 0x00, 0x00, 0x00,
  0x00, 0x00, 0x00, 0x00, 0x00, 0x00, 0x00, 0x00, 0x00, 0x00, 0x00, 0x00,
  0x00, 0x00, 0x00, 0x00, 0x00, 0x00, 0x00, 0x00, 0x00, 0x00, 0x00, 0x00,
  0x00, 0x00, 0x00, 0x00, 0x00, 0x00, 0x00, 0x00, 0x00, 0x00, 0x00, 0x00,
  0x00, 0x00, 0x00, 0x00, 0x00, 0x00, 0xbb, 0x08, 0xcb, 0xeb, 0xc3, 0xaa,
  0xc3, 0x8a, 0xbb, 0x69, 0xb3, 0x49, 0xb3, 0x28, 0xb3, 0x08, 0xaa, 0xe7,
  0x81, 0x82, 0x81, 0x82, 0x81, 0x82, 0x81, 0x82, 0x81, 0x82, 0x81, 0xa2,
  0x81, 0xa2, 0x81, 0x82, 0x81, 0xe3, 0x81, 0xe4, 0x81, 0xe4, 0x81, 0xe4,
  0x81, 0xe4, 0x81, 0xe4, 0x81, 0xe4, 0x81, 0xe3, 0x81, 0xe4, 0x82, 0x04,
  0x82, 0x04, 0x82, 0x04, 0x82, 0x04, 0x82, 0x04, 0x82, 0x04, 0x82, 0x04,
  0x81, 0xe4, 0x79, 0xa3, 0x79, 0xc3, 0x81, 0xe4, 0x8a, 0x05, 0x8a, 0x46,
  0x92, 0x66, 0x9a, 0xa7, 0x9a, 0xa7, 0x81, 0xe4, 0x81, 0xe4, 0x81, 0xe4,
  0x81, 0xe4, 0x81, 0xe4, 0x82, 0x04, 0x82, 0x04, 0x82, 0x04, 0x8a, 0x25,
  0x82, 0x04, 0x81, 0xe4, 0x81, 0xe4, 0x81, 0xc3, 0x79, 0xa3, 0x79, 0xa3,
  0x79, 0x83, 0x71, 0x21, 0x70, 0xe0, 0x71, 0x01, 0x71, 0x01, 0x70, 0xe1,
  0x71, 0x01, 0x71, 0x01, 0x70, 0xe0, 0x81, 0x22, 0x91, 0x84, 0x89, 0x63,
  0x89, 0x43, 0x89, 0x02, 0x80, 0xe2, 0x80, 0xc1, 0x80, 0x80, 0x88, 0x81,
  0xa9, 0x44, 0xa9, 0x64, 0xb1, 0x65, 0xb9, 0xa6, 0xc9, 0xe7, 0xd2, 0x28,
  0xda, 0x49, 0xda, 0x49, 0xeb, 0xee, 0xf4, 0x2f, 0xf4, 0x70, 0xfc, 0xd1,
  0xfd, 0x13, 0xfd, 0x74, 0xfd, 0xb5, 0xfd, 0xf6, 0xfd, 0xb5, 0xfd, 0x94,
  0xfd, 0x74, 0xfd, 0x74, 0xfd, 0x33, 0xfd, 0x13, 0xfc, 0xf2, 0xfc, 0xf2,
  0xfc, 0x90, 0xfc, 0x2c, 0xfc, 0x2c, 0xfc, 0x0c, 0xfc, 0x0c, 0xfb, 0xec,
  0xfb, 0xec, 0xfb, 0xec, 0xfb, 0xec, 0xfc, 0x0c, 0xfc, 0x2d, 0xfc, 0x8d,
  0xfc, 0xcd, 0xfd, 0x2e, 0xfd, 0x4f, 0xfd, 0x8f, 0xfd, 0xaf, 0xfd, 0x6f,
  0xfd, 0x6f, 0xfd, 0x6f, 0xfd, 0x6f, 0xfd, 0x6f, 0xfd, 0x6f, 0xfd, 0x6f,
  0xfd, 0x6f, 0xfd, 0x4f, 0xfd, 0x4f, 0xfd, 0x2f, 0xfc, 0xee, 0xfc, 0x6c,
  0xe3, 0xc9, 0xcb, 0x06, 0xba, 0x63, 0xa2, 0x03, 0x99, 0xc4, 0x99, 0xc4,
  0x99, 0xc4, 0x99, 0xc4, 0x99, 0xc4, 0x99, 0xc4, 0x99, 0xc4, 0x99, 0xc4,
  0x99, 0xe4, 0x99, 0xe4, 0x99, 0xe4, 0x99, 0xe4, 0x99, 0xe4, 0x99, 0xe4,
  0x99, 0xe4, 0x99, 0xe4, 0xba, 0x23, 0xb2, 0x03, 0xb2, 0x02, 0xb2, 0x02,
  0xba, 0x23, 0xc2, 0x85, 0xd3, 0x07, 0xdb, 0x48, 0xfc, 0x2b, 0xfc, 0x8d,
  0xfc, 0x8d, 0xfc, 0x8d, 0xfc, 0xce, 0xfc, 0xee, 0xfd, 0x0f, 0xfd, 0x0f,
  0xfd, 0x2e, 0xfd, 0x2d, 0xfd, 0x4d, 0xfd, 0x4d, 0xfd, 0x4d, 0xfd, 0x4d,
  0xfd, 0x4d, 0xfd, 0x6e, 0xfd, 0x6d, 0xfd, 0x4c, 0xfd, 0x4d, 0xf5, 0x8d,
  0xfd, 0xad, 0xfd, 0xee, 0xfd, 0xee, 0xfe, 0x0f, 0xfe, 0x2f, 0xfe, 0x91,
  0xfe, 0x91, 0xfe, 0x91, 0xfe, 0x91, 0x00, 0x00, 0x00, 0x00, 0x00, 0x00,
  0x00, 0x00, 0x00, 0x00, 0x00, 0x00, 0x00, 0x00, 0x00, 0x00, 0x00, 0x00,
  0x00, 0x00, 0x00, 0x00, 0x00, 0x00, 0x00, 0x00, 0x00, 0x00, 0x00, 0x00,
  0x00, 0x00, 0x00, 0x00, 0x00, 0x00, 0x00, 0x00, 0x00, 0x00, 0x00, 0x00,
  0x00, 0x00, 0x00, 0x00, 0x00, 0x00, 0x00, 0x00, 0x00, 0x00, 0x00, 0x00,
  0x00, 0x00, 0x00, 0x00, 0x00, 0x00, 0x00, 0x00, 0x00, 0x00, 0x00, 0x00,
  0x00, 0x00, 0x00, 0x00, 0x00, 0x00, 0x00, 0x00, 0x00, 0x00, 0x00, 0x00,
  0x00, 0x00, 0x00, 0x00, 0x00, 0x00, 0x00, 0x00, 0x00, 0x00, 0x00, 0x00,
  0x00, 0x00, 0x00, 0x00, 0x00, 0x00, 0x00, 0x00, 0x00, 0x00, 0x00, 0x00,
  0x00, 0x00, 0x00, 0x00, 0x00, 0x00, 0xbb, 0x08, 0xc3, 0xcb, 0xc3, 0xaa,
  0xc3, 0x8a, 0xbb, 0x69, 0xbb, 0x49, 0xb3, 0x28, 0xb3, 0x08, 0xaa, 0xe7,
  0x81, 0x82, 0x81, 0x82, 0x81, 0x82, 0x81, 0x82, 0x81, 0x82, 0x81, 0x82,
  0x81, 0x82, 0x81, 0x82, 0x81, 0xe3, 0x81, 0xe4, 0x81, 0xe4, 0x81, 0xe4,
  0x81, 0xe4, 0x81, 0xe4, 0x81, 0xe4, 0x81, 0xe4, 0x81, 0xe4, 0x82, 0x04,
  0x82, 0x04, 0x82, 0x04, 0x82, 0x04, 0x82, 0x04, 0x82, 0x04, 0x82, 0x04,
  0x81, 0xe4, 0x79, 0xa3, 0x81, 0xc3, 0x81, 0xe4, 0x8a, 0x04, 0x8a, 0x25,
  0x92, 0x46, 0x92, 0x66, 0x92, 0x66, 0x81, 0xe4, 0x81, 0xe4, 0x81, 0xe4,
  0x81, 0xe4, 0x81, 0xe4, 0x81, 0xe4, 0x81, 0xe4, 0x81, 0xe4, 0x79, 0xc3,
  0x79, 0xc3, 0x79, 0xa3, 0x79, 0xa3, 0x79, 0xa3, 0x79, 0xa3, 0x79, 0x82,
  0x79, 0x82, 0x79, 0x62, 0x79, 0x42, 0x79, 0x42, 0x79, 0x42, 0x79, 0x42,
  0x79, 0x42, 0x81, 0x42, 0x79, 0x42, 0x81, 0x42, 0x89, 0x63, 0x89, 0x43,
  0x89, 0x02, 0x80, 0xe2, 0x80, 0xc1, 0x80, 0xa1, 0x80, 0x60, 0x80, 0x60,
  0xa1, 0x23, 0xa1, 0x23, 0xb1, 0x65, 0xb9, 0xa6, 0xca, 0x07, 0xda, 0x49,
  0xe2, 0x8a, 0xe2, 0x8a, 0xf4, 0x4f, 0xfc, 0x90, 0xfc, 0xb1, 0xfc, 0xf2,
  0xfd, 0x53, 0xfd, 0x94, 0xfd, 0xb5, 0xfd, 0xf6, 0xfd, 0xb5, 0xfd, 0x94,
  0xfd, 0x94, 0xfd, 0x74, 0xfd, 0x53, 0xfd, 0x33, 0xfc, 0xf2, 0xfd, 0x12,
  0xfc, 0xb0, 0xfc, 0x0c, 0xfc, 0x2c, 0xfc, 0x0c, 0xfc, 0x0c, 0xfb, 0xec,
  0xfb, 0xec, 0xfb, 0xec, 0xfc, 0x0c, 0xfc, 0x2c, 0xfc, 0x4d, 0xfc, 0x8d,
  0xfc, 0xce, 0xfd, 0x2e, 0xfd, 0x4f, 0xfd, 0x8f, 0xfd, 0xaf, 0xfd, 0x6f,
  0xfd, 0x6f, 0xfd, 0x6f, 0xfd, 0x6f, 0xfd, 0x6f, 0xfd, 0x6f, 0xfd, 0x6f,
  0xfd, 0x6f, 0xfd, 0x6f, 0xfd, 0x4f, 0xfd, 0x4f, 0xfd, 0x0e, 0xfc, 0x6c,
  0xe3, 0xc9, 0xcb, 0x06, 0xba, 0x84, 0xa2, 0x03, 0x99, 0xc4, 0x99, 0xc4,
  0x99, 0xc4, 0x99, 0xc4, 0x99, 0xc4, 0x99, 0xc4, 0x99, 0xc4, 0x99, 0xc4,
  0x99, 0xe4, 0x99, 0xe4, 0x99, 0xe4, 0x99, 0xe4, 0x99, 0xe4, 0x99, 0xe4,
  0x99, 0xe4, 0x99, 0xe4, 0xba, 0x23, 0xb2, 0x03, 0xb2, 0x03, 0xb2, 0x03,
  0xba, 0x23, 0xc2, 0x85, 0xd3, 0x07, 0xdb, 0x48, 0xfc, 0x2b, 0xfc, 0x8d,
  0xfc, 0x6c, 0xfc, 0x8d, 0xfc, 0xce, 0xfc, 0xee, 0xfd, 0x0e, 0xfd, 0x0f,
  0xfd, 0x2e, 0xfd, 0x2d, 0xfd, 0x4d, 0xfd, 0x4d, 0xfd, 0x4d, 0xfd, 0x4d,
  0xfd, 0x4d, 0xfd, 0x6e, 0xfd, 0x6d, 0xfd, 0x4c, 0xfd, 0x4d, 0xf5, 0x8d,
  0xfd, 0xae, 0xfd, 0xee, 0xfd, 0xef, 0xfe, 0x0f, 0xfe, 0x2f, 0xfe, 0xb2,
  0xfe, 0xb2, 0xfe, 0xb2, 0xfe, 0xb2, 0x00, 0x00, 0x00, 0x00, 0x00, 0x00,
  0x00, 0x00, 0x00, 0x00, 0x00, 0x00, 0x00, 0x00, 0x00, 0x00, 0x00, 0x00,
  0x00, 0x00, 0x00, 0x00, 0x00, 0x00, 0x00, 0x00, 0x00, 0x00, 0x00, 0x00,
  0x00, 0x00, 0x00, 0x00, 0x00, 0x00, 0x00, 0x00, 0x00, 0x00, 0x00, 0x00,
  0x00, 0x00, 0x00, 0x00, 0x00, 0x00, 0x00, 0x00, 0x00, 0x00, 0x00, 0x00,
  0x00, 0x00, 0x00, 0x00, 0x00, 0x00, 0x00, 0x00, 0x00, 0x00, 0x00, 0x00,
  0x00, 0x00, 0x00, 0x00, 0x00, 0x00, 0x00, 0x00, 0x00, 0x00, 0x00, 0x00,
  0x00, 0x00, 0x00, 0x00, 0x00, 0x00, 0x00, 0x00, 0x00, 0x00, 0x00, 0x00,
  0x00, 0x00, 0x00, 0x00, 0x00, 0x00, 0x00, 0x00, 0x00, 0x00, 0x00, 0x00,
  0x00, 0x00, 0x00, 0x00, 0xba, 0xa7, 0xba, 0xe8, 0xc3, 0xaa, 0xc3, 0x8a,
  0xbb, 0x69, 0xbb, 0x49, 0xb3, 0x28, 0xb3, 0x08, 0xaa, 0xe7, 0xaa, 0xc7,
  0x81, 0x82, 0x81, 0x82, 0x81, 0x82, 0x81, 0x82, 0x81, 0x82, 0x81, 0x82,
  0x81, 0x82, 0x81, 0x82, 0x81, 0xe4, 0x82, 0x04, 0x82, 0x04, 0x82, 0x04,
  0x82, 0x04, 0x82, 0x04, 0x82, 0x04, 0x82, 0x04, 0x82, 0x04, 0x82, 0x04,
  0x82, 0x04, 0x82, 0x04, 0x82, 0x04, 0x82, 0x04, 0x82, 0x04, 0x82, 0x04,
  0x81, 0xe4, 0x79, 0xa3, 0x81, 0xc3, 0x81, 0xe4, 0x81, 0xe4, 0x8a, 0x05,
  0x8a, 0x25, 0x8a, 0x45, 0x8a, 0x25, 0x81, 0xc4, 0x81, 0xc4, 0x81, 0xc4,
  0x81, 0xc4, 0x81, 0xc4, 0x81, 0xc4, 0x81, 0xc4, 0x81, 0xe4, 0x79, 0x82,
  0x71, 0x62, 0x79, 0x62, 0x79, 0x82, 0x79, 0x82, 0x79, 0xa3, 0x81, 0xa3,
  0x81, 0xa3, 0x89, 0xc4, 0x89, 0xe4, 0x89, 0xe4, 0x89, 0xe4, 0x89, 0xe4,
  0x89, 0xe4, 0x89, 0xe4, 0x89, 0xe4, 0x89, 0xc4, 0x89, 0x63, 0x89, 0x63,
  0x81, 0x42, 0x81, 0x22, 0x80, 0xe1, 0x78, 0xc1, 0x80, 0x80, 0x80, 0xa0,
  0x90, 0xe2, 0x99, 0x03, 0xa9, 0x64, 0xb9, 0xc6, 0xca, 0x48, 0xda, 0xca,
  0xeb, 0x0b, 0xf3, 0x2c, 0xf4, 0xf1, 0xfd, 0x32, 0xfd, 0x52, 0xfd, 0x93,
  0xfd, 0xd4, 0xfd, 0xf5, 0xfe, 0x36, 0xfe, 0x56, 0xfe, 0x15, 0xfd, 0xf5,
  0xfd, 0xd5, 0xfd, 0xb4, 0xfd, 0x93, 0xfd, 0x73, 0xfd, 0x52, 0xfd, 0x53,
  0xfc, 0xd0, 0xfc, 0x2c, 0xfc, 0x2c, 0xfc, 0x2c, 0xfc, 0x2c, 0xfc, 0x0c,
  0xfc, 0x0c, 0xfc, 0x0c, 0xfc, 0x0c, 0xfc, 0x2c, 0xfc, 0x4d, 0xfc, 0x8d,
  0xfc, 0xae, 0xfd, 0x0e, 0xfd, 0x4f, 0xfd, 0x8f, 0xfd, 0xaf, 0xfd, 0x6f,
  0xfd, 0x6f, 0xfd, 0x6f, 0xfd, 0x6f, 0xfd, 0x6f, 0xfd, 0x6f, 0xfd, 0x6f,
  0xfd, 0x6f, 0xfd, 0x6f, 0xfd, 0x4f, 0xfd, 0x4f, 0xfd, 0x0e, 0xfc, 0x6c,
  0xe3, 0xc9, 0xcb, 0x06, 0xba, 0x84, 0xa2, 0x03, 0x99, 0xc4, 0x99, 0xc4,
  0x99, 0xc4, 0x99, 0xc4, 0x99, 0xc4, 0x99, 0xc4, 0x99, 0xc4, 0x99, 0xc4,
  0x99, 0xe4, 0x99, 0xe4, 0x99, 0xe4, 0x99, 0xe4, 0x99, 0xe4, 0x99, 0xe4,
  0x99, 0xe4, 0x99, 0xe4, 0xba, 0x23, 0xb2, 0x03, 0xb2, 0x03, 0xb2, 0x03,
  0xba, 0x23, 0xc2, 0x85, 0xd3, 0x07, 0xdb, 0x48, 0xfc, 0x2b, 0xfc, 0x8d,
  0xfc, 0x6c, 0xfc, 0x8d, 0xfc, 0xce, 0xfc, 0xee, 0xfd, 0x0e, 0xfd, 0x0f,
  0xfd, 0x2e, 0xfd, 0x2d, 0xfd, 0x4d, 0xfd, 0x4d, 0xfd, 0x4d, 0xfd, 0x4d,
  0xfd, 0x4d, 0xfd, 0x6e, 0xfd, 0x6d, 0xfd, 0x4c, 0xfd, 0x4d, 0xf5, 0x8d,
  0xfd, 0xae, 0xfd, 0xee, 0xfd, 0xef, 0xfe, 0x0f, 0xfe, 0x2f, 0xfe, 0xb2,
  0xfe, 0xb2, 0xfe, 0xb2, 0xfe, 0xb2, 0xfe, 0xb2, 0x00, 0x00, 0x00, 0x00,
  0x00, 0x00, 0x00, 0x00, 0x00, 0x00, 0x00, 0x00, 0x00, 0x00, 0x00, 0x00,
  0x00, 0x00, 0x00, 0x00, 0x00, 0x00, 0x00, 0x00, 0x00, 0x00, 0x00, 0x00,
  0x00, 0x00, 0x00, 0x00, 0x00, 0x00, 0x00, 0x00, 0x00, 0x00, 0x00, 0x00,
  0x00, 0x00, 0x00, 0x00, 0x00, 0x00, 0x00, 0x00, 0x00, 0x00, 0x00, 0x00,
  0x00, 0x00, 0x00, 0x00, 0x00, 0x00, 0x00, 0x00, 0x00, 0x00, 0x00, 0x00,
  0x00, 0x00, 0x00, 0x00, 0x00, 0x00, 0x00, 0x00, 0x00, 0x00, 0x00, 0x00,
  0x00, 0x00, 0x00, 0x00, 0x00, 0x00, 0x00, 0x00, 0x00, 0x00, 0x00, 0x00,
  0x00, 0x00, 0x00, 0x00, 0x00, 0x00, 0x00, 0x00, 0x00, 0x00, 0x00, 0x00,
  0x00, 0x00, 0xba, 0xc7, 0xba, 0xa7, 0xba, 0xe8, 0xbb, 0x8a, 0xbb, 0x69,
  0xbb, 0x49, 0xb3, 0x28, 0xb3, 0x08, 0xaa, 0xe7, 0xaa, 0xc7, 0xa2, 0xa6,
  0x81, 0x82, 0x81, 0x82, 0x81, 0x82, 0x81, 0x82, 0x81, 0x82, 0x81, 0x82,
  0x81, 0x82, 0x81, 0x82, 0x8a, 0x04, 0x8a, 0x25, 0x8a, 0x25, 0x8a, 0x25,
  0x8a, 0x25, 0x8a, 0x25, 0x8a, 0x25, 0x8a, 0x25, 0x8a, 0x04, 0x81, 0xe4,
  0x82, 0x04, 0x82, 0x04, 0x82, 0x04, 0x82, 0x04, 0x82, 0x04, 0x82, 0x04,
  0x81, 0xe4, 0x79, 0xa3, 0x81, 0xc3, 0x81, 0xc3, 0x81, 0xc4, 0x81, 0xe4,
  0x81, 0xe4, 0x81, 0xe4, 0x81, 0xe4, 0x79, 0xa3, 0x79, 0xa3, 0x79, 0xa3,
  0x79, 0xa3, 0x79, 0xa3, 0x79, 0xa3, 0x79, 0xa3, 0x79, 0xa3, 0x71, 0x41,
  0x71, 0x41, 0x79, 0x62, 0x79, 0x83, 0x81, 0xc3, 0x89, 0xe4, 0x8a, 0x04,
  0x8a, 0x04, 0xa2, 0x87, 0xaa, 0xe8, 0xaa, 0xc8, 0xaa, 0xc8, 0xaa, 0xc8,
  0xaa, 0xc8, 0xaa, 0xc8, 0xaa, 0xc8, 0xa2, 0x87, 0x91, 0xe5, 0x99, 0xe5,
  0x91, 0xc4, 0x91, 0x84, 0x91, 0x63, 0x89, 0x43, 0x91, 0x02, 0x91, 0x02,
  0x91, 0x02, 0x99, 0x43, 0xb1, 0xa5, 0xc2, 0x27, 0xda, 0xca, 0xeb, 0x4c,
  0xfb, 0xae, 0xfb, 0xef, 0xfd, 0x73, 0xfd, 0xb4, 0xfd, 0xd4, 0xfd, 0xf5,
  0xfe, 0x36, 0xfe, 0x56, 0xfe, 0x77, 0xfe, 0x97, 0xfe, 0x36, 0xfd, 0xf5,
  0xfd, 0xf5, 0xfd, 0xd5, 0xfd, 0xb4, 0xfd, 0x93, 0xfd, 0x73, 0xfd, 0x93,
  0xfc, 0xf0, 0xfc, 0x0b, 0xfc, 0x2c, 0xfc, 0x2c, 0xfc, 0x2c, 0xfc, 0x0c,
  0xfc, 0x0c, 0xfc, 0x0c, 0xfc, 0x0c, 0xfc, 0x2c, 0xfc, 0x4d, 0xfc, 0x8d,
  0xfc, 0xae, 0xfd, 0x0e, 0xfd, 0x4f, 0xfd, 0x8f, 0xfd, 0xaf, 0xfd, 0x6f,
  0xfd, 0x6f, 0xfd, 0x6f, 0xfd, 0x6f, 0xfd, 0x6f, 0xfd, 0x6f, 0xfd, 0x6f,
  0xfd, 0x6f, 0xfd, 0x6f, 0xfd, 0x4f, 0xfd, 0x4f, 0xfd, 0x0e, 0xfc, 0x6c,
  0xe3, 0xc9, 0xcb, 0x06, 0xba, 0x84, 0xa2, 0x03, 0x99, 0xc4, 0x99, 0xc4,
  0x99, 0xc4, 0x99, 0xc4, 0x99, 0xc4, 0x99, 0xc4, 0x99, 0xc4, 0x99, 0xc4,
  0x99, 0xe4, 0x99, 0xe4, 0x99, 0xe4, 0x99, 0xe4, 0x99, 0xe4, 0x99, 0xe4,
  0x99, 0xe4, 0x99, 0xe4, 0xba, 0x23, 0xb2, 0x03, 0xb2, 0x03, 0xb2, 0x03,
  0xba, 0x23, 0xc2, 0x85, 0xd3, 0x07, 0xdb, 0x48, 0xfc, 0x2b, 0xfc, 0x8d,
  0xfc, 0x6c, 0xfc, 0x8d, 0xfc, 0xce, 0xfc, 0xee, 0xfd, 0x0e, 0xfd, 0x0f,
  0xfd, 0x2e, 0xfd, 0x2d, 0xfd, 0x4d, 0xfd, 0x4d, 0xfd, 0x4d, 0xfd, 0x4d,
  0xfd, 0x4d, 0xfd, 0x6e, 0xfd, 0x6d, 0xfd, 0x4c, 0xfd, 0x4d, 0xf5, 0x8d,
  0xfd, 0xae, 0xfd, 0xee, 0xfd, 0xef, 0xfe, 0x0f, 0xfe, 0x2f, 0xfe, 0xb2,
  0xfe, 0xb2, 0xfe, 0xb2, 0xfe, 0xb2, 0xfe, 0xb2, 0xfe, 0xb2, 0x00, 0x00,
  0x00, 0x00, 0x00, 0x00, 0x00, 0x00, 0x00, 0x00, 0x00, 0x00, 0x00, 0x00,
  0x00, 0x00, 0x00, 0x00, 0x00, 0x00, 0x00, 0x00, 0x00, 0x00, 0x00, 0x00,
  0x00, 0x00, 0x00, 0x00, 0x00, 0x00, 0x00, 0x00, 0x00, 0x00, 0x00, 0x00,
  0x00, 0x00, 0x00, 0x00, 0x00, 0x00, 0x00, 0x00, 0x00, 0x00, 0x00, 0x00,
  0x00, 0x00, 0x00, 0x00, 0x00, 0x00, 0x00, 0x00, 0x00, 0x00, 0x00, 0x00,
  0x00, 0x00, 0x00, 0x00, 0x00, 0x00, 0x00, 0x00, 0x00, 0x00, 0x00, 0x00,
  0x00, 0x00, 0x00, 0x00, 0x00, 0x00, 0x00, 0x00, 0x00, 0x00, 0x00, 0x00,
  0x00, 0x00, 0x00, 0x00, 0x00, 0x00, 0x00, 0x00, 0x00, 0x00, 0x00, 0x00,
  0xba, 0xc7, 0xba, 0xc7, 0xba, 0xa7, 0xba, 0xe7, 0xbb, 0x69, 0xbb, 0x28,
  0xb3, 0x28, 0xb3, 0x08, 0xaa, 0xe7, 0xaa, 0xc7, 0xa2, 0xa6, 0xa2, 0x86,
  0x81, 0x82, 0x81, 0x82, 0x81, 0x82, 0x81, 0x82, 0x81, 0x82, 0x81, 0x82,
  0x81, 0x82, 0x81, 0x82, 0x8a, 0x25, 0x92, 0x45, 0x8a, 0x45, 0x8a, 0x45,
  0x8a, 0x45, 0x8a, 0x45, 0x8a, 0x45, 0x92, 0x45, 0x8a, 0x24, 0x81, 0xe4,
  0x82, 0x04, 0x82, 0x04, 0x82, 0x04, 0x82, 0x04, 0x82, 0x04, 0x82, 0x04,
  0x81, 0xe4, 0x81, 0xc4, 0x81, 0xc3, 0x81, 0xc3, 0x79, 0xc3, 0x79, 0xa3,
  0x79, 0xa3, 0x79, 0xa3, 0x79, 0xa3, 0x79, 0x82, 0x79, 0x82, 0x79, 0x82,
  0x79, 0x82, 0x79, 0x82, 0x79, 0x82, 0x79, 0x82, 0x79, 0x82, 0x79, 0x62,
  0x81, 0x82, 0x89, 0xa3, 0x91, 0xe4, 0x9a, 0x25, 0xa2, 0x87, 0xaa, 0xc7,
  0xaa, 0xc8, 0xc3, 0xab, 0xd4, 0x0d, 0xcc, 0x0c, 0xcc, 0x0c, 0xcc, 0x0c,
  0xcc, 0x0c, 0xcc, 0x0c, 0xcc, 0x2d, 0xc3, 0xcb, 0xab, 0x09, 0xab, 0x09,
  0xaa, 0xe8, 0xaa, 0xc8, 0xa2, 0x87, 0xa2, 0x67, 0xa2, 0x46, 0xa2, 0x26,
  0xa2, 0x06, 0xb2, 0x47, 0xc2, 0xa9, 0xd3, 0x2b, 0xeb, 0xad, 0xfc, 0x4f,
  0xfc, 0xb1, 0xfc, 0xd2, 0xfe, 0x76, 0xfe, 0xb6, 0xfe, 0xb6, 0xfe, 0xb7,
  0xfe, 0xd7, 0xfe, 0xf8, 0xfe, 0xf8, 0xff, 0x18, 0xfe, 0xb7, 0xfe, 0x76,
  0xfe, 0x76, 0xfe, 0x55, 0xfe, 0x35, 0xf6, 0x14, 0xf5, 0xf3, 0xf6, 0x14,
  0xf5, 0x50, 0xfc, 0x4b, 0xfc, 0x6c, 0xfc, 0x4c, 0xfc, 0x4c, 0xfc, 0x2c,
  0xfc, 0x2c, 0xfc, 0x0c, 0xfc, 0x2c, 0xfc, 0x2c, 0xfc, 0x4d, 0xfc, 0x8d,
  0xfc, 0xce, 0xfd, 0x0e, 0xfd, 0x4f, 0xfd, 0x8f, 0xfd, 0x8f, 0xfd, 0x6f,
  0xfd, 0x6f, 0xfd, 0x6f, 0xfd, 0x6f, 0xfd, 0x6f, 0xfd, 0x6f, 0xfd, 0x6f,
  0xfd, 0x6f, 0xfd, 0x6f, 0xfd, 0x4f, 0xfd, 0x4f, 0xfd, 0x0e, 0xfc, 0x6c,
  0xe3, 0xc9, 0xcb, 0x06, 0xba, 0x84, 0xa2, 0x03, 0x99, 0xc4, 0x99, 0xc4,
  0x99, 0xc4, 0x99, 0xc4, 0x99, 0xc4, 0x99, 0xc4, 0x99, 0xc4, 0x99, 0xc4,
  0x99, 0xe4, 0x99, 0xe4, 0x99, 0xe4, 0x99, 0xe4, 0x99, 0xe4, 0x99, 0xe4,
  0x99, 0xe4, 0x99, 0xe4, 0xba, 0x23, 0xb2, 0x03, 0xb2, 0x03, 0xb2, 0x03,
  0xba, 0x23, 0xc2, 0x85, 0xd3, 0x07, 0xdb, 0x48, 0xfc, 0x2b, 0xfc, 0x8d,
  0xfc, 0x6c, 0xfc, 0x8d, 0xfc, 0xce, 0xfc, 0xee, 0xfd, 0x0e, 0xfd, 0x0f,
  0xfd, 0x2e, 0xfd, 0x2d, 0xfd, 0x4d, 0xfd, 0x4d, 0xfd, 0x4d, 0xfd, 0x4d,
  0xfd, 0x4d, 0xfd, 0x6e, 0xfd, 0x6d, 0xfd, 0x4c, 0xfd, 0x4d, 0xf5, 0x8d,
  0xfd, 0xae, 0xfd, 0xee, 0xfd, 0xef, 0xfe, 0x0f, 0xfe, 0x2f, 0xfe, 0xb2,
  0xfe, 0xb2, 0xfe, 0xb2, 0xfe, 0xb2, 0xfe, 0xb2, 0xfe, 0xb2, 0xfe, 0xb2,
  0x00, 0x00, 0x00, 0x00, 0x00, 0x00, 0x00, 0x00, 0x00, 0x00, 0x00, 0x00,
  0x00, 0x00, 0x00, 0x00, 0x00, 0x00, 0x00, 0x00, 0x00, 0x00, 0x00, 0x00,
  0x00, 0x00, 0x00, 0x00, 0x00, 0x00, 0x00, 0x00, 0x00, 0x00, 0x00, 0x00,
  0x00, 0x00, 0x00, 0x00, 0x00, 0x00, 0x00, 0x00, 0x00, 0x00, 0x00, 0x00,
  0x00, 0x00, 0x00, 0x00, 0x00, 0x00, 0x00, 0x00, 0x00, 0x00, 0x00, 0x00,
  0x00, 0x00, 0x00, 0x00, 0x00, 0x00, 0x00, 0x00, 0x00, 0x00, 0x00, 0x00,
  0x00, 0x00, 0x00, 0x00, 0x00, 0x00, 0x00, 0x00, 0x00, 0x00, 0x00, 0x00,
  0x00, 0x00, 0x00, 0x00, 0x00, 0x00, 0x00, 0x00, 0x00, 0x00, 0x00, 0x00,
  0xba, 0xc7, 0xba, 0xc7, 0xba, 0xa7, 0xba, 0xe7, 0xb3, 0x28, 0xb3, 0x28,
  0xb3, 0x08, 0xaa, 0xe7, 0xa2, 0xa6, 0xa2, 0xa6, 0xa2, 0x86, 0x9a, 0x65,
  0x81, 0x82, 0x81, 0x82, 0x81, 0x82, 0x81, 0x82, 0x81, 0x82, 0x81, 0x82,
  0x81, 0xa2, 0x81, 0x82, 0x92, 0x45, 0x92, 0x66, 0x92, 0x66, 0x92, 0x66,
  0x92, 0x66, 0x92, 0x66, 0x92, 0x66, 0x92, 0x86, 0x8a, 0x25, 0x81, 0xe4,
  0x82, 0x04, 0x82, 0x04, 0x82, 0x04, 0x82, 0x04, 0x82, 0x04, 0x82, 0x04,
  0x81, 0xe4, 0x81, 0xc4, 0x81, 0xc4, 0x79, 0xa3, 0x79, 0xa3, 0x71, 0x82,
  0x71, 0x62, 0x71, 0x42, 0x71, 0x42, 0x71, 0x62, 0x71, 0x62, 0x71, 0x62,
  0x71, 0x62, 0x71, 0x62, 0x71, 0x62, 0x71, 0x62, 0x71, 0x62, 0x89, 0xc4,
  0x92, 0x05, 0x9a, 0x45, 0xa2, 0xa7, 0xb3, 0x09, 0xc3, 0x6a, 0xcb, 0xcc,
  0xcb, 0xec, 0xec, 0xd0, 0xfd, 0x72, 0xf5, 0x51, 0xf5, 0x51, 0xf5, 0x51,
  0xf5, 0x51, 0xf5, 0x51, 0xf5, 0x72, 0xed, 0x10, 0xd4, 0x6e, 0xdc, 0x6e,
  0xd4, 0x2e, 0xd4, 0x0d, 0xd3, 0xec, 0xcb, 0xcc, 0xd3, 0x8c, 0xd3, 0x8b,
  0xd3, 0x4b, 0xdb, 0x8c, 0xeb, 0xcd, 0xfc, 0x4f, 0xfc, 0xb1, 0xfd, 0x33,
  0xfd, 0x94, 0xfd, 0x95, 0xfe, 0xf8, 0xff, 0x38, 0xff, 0x39, 0xff, 0x39,
  0xff, 0x39, 0xff, 0x39, 0xff, 0x39, 0xff, 0x59, 0xfe, 0xd7, 0xfe, 0x96,
  0xfe, 0x96, 0xfe, 0x76, 0xfe, 0x55, 0xfe, 0x35, 0xfe, 0x14, 0xf6, 0x35,
  0xfd, 0x51, 0xfc, 0x4b, 0xfc, 0x6c, 0xfc, 0x4c, 0xfc, 0x4c, 0xfc, 0x2c,
  0xfc, 0x2c, 0xfc, 0x0c, 0xfc, 0x2c, 0xfc, 0x2c, 0xfc, 0x4d, 0xfc, 0x8d,
  0xfc, 0xce, 0xfd, 0x0e, 0xfd, 0x4f, 0xfd, 0x8f, 0xfd, 0x8f, 0xfd, 0x6f,
  0xfd, 0x6f, 0xfd, 0x6f, 0xfd, 0x6f, 0xfd, 0x6f, 0xfd, 0x6f, 0xfd, 0x6f,
  0xfd, 0x6f, 0xfd, 0x6f, 0xfd, 0x4f, 0xfd, 0x4f, 0xfd, 0x0e, 0xfc, 0x6c,
  0xe3, 0xc9, 0xcb, 0x06, 0xba, 0x84, 0xa2, 0x03, 0x99, 0xc4, 0x99, 0xc4,
  0x99, 0xc4, 0x99, 0xc4, 0x99, 0xc4, 0x99, 0xc4, 0x99, 0xc4, 0x99, 0xc4,
  0x99, 0xe4, 0x99, 0xe4, 0x99, 0xe4, 0x99, 0xe4, 0x99, 0xe4, 0x99, 0xe4,
  0x99, 0xe4, 0x99, 0xe4, 0xba, 0x23, 0xb2, 0x03, 0xb2, 0x03, 0xb2, 0x03,
  0xba, 0x23, 0xc2, 0x85, 0xd3, 0x07, 0xdb, 0x48, 0xfc, 0x2b, 0xfc, 0x8d,
  0xfc, 0x6c, 0xfc, 0x8d, 0xfc, 0xce, 0xfc, 0xee, 0xfd, 0x0e, 0xfd, 0x0f,
  0xfd, 0x2e, 0xfd, 0x2d, 0xfd, 0x4d, 0xfd, 0x4d, 0xfd, 0x4d, 0xfd, 0x4d,
  0xfd, 0x4d, 0xfd, 0x6e, 0xfd, 0x6d, 0xfd, 0x4c, 0xfd, 0x4d, 0xf5, 0x8d,
  0xfd, 0xae, 0xfd, 0xee, 0xfd, 0xef, 0xfe, 0x0f, 0xfe, 0x2f, 0xfe, 0xb2,
  0xfe, 0xb2, 0xfe, 0xb2, 0xfe, 0xb2, 0xfe, 0xb2, 0xfe, 0xb2, 0xfe, 0xb2,
  0x00, 0x00, 0x00, 0x00, 0x00, 0x00, 0x00, 0x00, 0x00, 0x00, 0x00, 0x00,
  0x00, 0x00, 0x00, 0x00, 0x00, 0x00, 0x00, 0x00, 0x00, 0x00, 0x00, 0x00,
  0x00, 0x00, 0x00, 0x00, 0x00, 0x00, 0x00, 0x00, 0x00, 0x00, 0x00, 0x00,
  0x00, 0x00, 0x00, 0x00, 0x00, 0x00, 0x00, 0x00, 0x00, 0x00, 0x00, 0x00,
  0x00, 0x00, 0x00, 0x00, 0x00, 0x00, 0x00, 0x00, 0x00, 0x00, 0x00, 0x00,
  0x00, 0x00, 0x00, 0x00, 0x00, 0x00, 0x00, 0x00, 0x00, 0x00, 0x00, 0x00,
  0x00, 0x00, 0x00, 0x00, 0x00, 0x00, 0x00, 0x00, 0x00, 0x00, 0x00, 0x00,
  0x00, 0x00, 0x00, 0x00, 0x00, 0x00, 0x00, 0x00, 0x00, 0x00, 0xba, 0xc7,
  0xba, 0xc7, 0xba, 0xc7, 0xba, 0xa7, 0xba, 0xc7, 0xb3, 0x08, 0xb3, 0x08,
  0xaa, 0xe7, 0xaa, 0xc7, 0xa2, 0xa6, 0xa2, 0x86, 0x9a, 0x65, 0x9a, 0x45,
  0x81, 0x82, 0x81, 0x82, 0x81, 0x82, 0x81, 0x82, 0x81, 0x82, 0x81, 0x82,
  0x81, 0xa2, 0x81, 0x82, 0x92, 0x45, 0x92, 0x86, 0x92, 0x86, 0x92, 0x86,
  0x92, 0x86, 0x92, 0x86, 0x92, 0x86, 0x9a, 0x86, 0x8a, 0x25, 0x81, 0xe4,
  0x82, 0x04, 0x82, 0x04, 0x82, 0x04, 0x82, 0x04, 0x82, 0x04, 0x82, 0x04,
  0x81, 0xe4, 0x81, 0xe4, 0x81, 0xc4, 0x79, 0xa3, 0x79, 0x82, 0x71, 0x62,
  0x69, 0x21, 0x69, 0x01, 0x69, 0x01, 0x71, 0x42, 0x71, 0x42, 0x71, 0x42,
  0x71, 0x42, 0x71, 0x42, 0x71, 0x42, 0x71, 0x42, 0x69, 0x41, 0xa2, 0x26,
  0xb2, 0x87, 0xba, 0xc8, 0xc3, 0x4a, 0xd3, 0xcc, 0xe4, 0x4e, 0xec, 0xd0,
  0xf4, 0xf0, 0xfd, 0xf4, 0xfe, 0x96, 0xfe, 0x76, 0xfe, 0x76, 0xfe, 0x96,
  0xfe, 0x96, 0xfe, 0x96, 0xfe, 0xb6, 0xfe, 0x75, 0xfd, 0xf4, 0xf5, 0xf3,
  0xf5, 0xd3, 0xf5, 0xb3, 0xf5, 0x72, 0xed, 0x51, 0xf5, 0x31, 0xed, 0x11,
  0xf4, 0xf1, 0xf5, 0x11, 0xfd, 0x32, 0xfd, 0x93, 0xfd, 0xd5, 0xfe, 0x36,
  0xfe, 0x77, 0xfe, 0x78, 0xff, 0xba, 0xff, 0xda, 0xff, 0xda, 0xff, 0xba,
  0xff, 0xba, 0xff, 0xba, 0xff, 0xba, 0xff, 0xda, 0xff, 0x58, 0xfe, 0xf7,
  0xfe, 0xf7, 0xf6, 0xd6, 0xf6, 0xb5, 0xee, 0x95, 0xee, 0x74, 0xe6, 0x95,
  0xed, 0xb1, 0xfc, 0x6b, 0xfc, 0xac, 0xfc, 0x8c, 0xfc, 0x6c, 0xfc, 0x4c,
  0xfc, 0x4c, 0xfc, 0x2c, 0xfc, 0x2c, 0xfc, 0x4c, 0xfc, 0x6d, 0xfc, 0x8d,
  0xfc, 0xce, 0xfd, 0x0e, 0xfd, 0x4f, 0xfd, 0x6f, 0xfd, 0x8f, 0xfd, 0x6f,
  0xfd, 0x6f, 0xfd, 0x6f, 0xfd, 0x6f, 0xfd, 0x6f, 0xfd, 0x6f, 0xfd, 0x6f,
  0xfd, 0x6f, 0xfd, 0x6f, 0xfd, 0x4f, 0xfd, 0x4f, 0xfd, 0x0e, 0xfc, 0x6c,
  0xe3, 0xc9, 0xcb, 0x06, 0xba, 0x84, 0xa2, 0x03, 0x99, 0xc4, 0x99, 0xc4,
  0x99, 0xc4, 0x99, 0xc4, 0x99, 0xc4, 0x99, 0xc4, 0x99, 0xc4, 0x99, 0xc4,
  0x99, 0xe4, 0x99, 0xe4, 0x99, 0xe4, 0x99, 0xe4, 0x99, 0xe4, 0x99, 0xe4,
  0x99, 0xe4, 0x99, 0xe4, 0xba, 0x23, 0xb2, 0x03, 0xb2, 0x03, 0xb2, 0x03,
  0xba, 0x23, 0xc2, 0x85, 0xd3, 0x07, 0xdb, 0x48, 0xfc, 0x2b, 0xfc, 0x8d,
  0xfc, 0x6c, 0xfc, 0x8d, 0xfc, 0xce, 0xfc, 0xee, 0xfd, 0x0e, 0xfd, 0x0f,
  0xfd, 0x2e, 0xfd, 0x2d, 0xfd, 0x4d, 0xfd, 0x4d, 0xfd, 0x4d, 0xfd, 0x4d,
  0xfd, 0x4d, 0xfd, 0x6e, 0xfd, 0x6d, 0xfd, 0x4c, 0xfd, 0x4d, 0xf5, 0x8d,
  0xfd, 0xae, 0xfd, 0xee, 0xfd, 0xef, 0xfe, 0x0f, 0xfe, 0x2f, 0xfe, 0xb2,
  0xfe, 0xb2, 0xfe, 0xb2, 0xfe, 0xb2, 0xfe, 0xb2, 0xfe, 0xb2, 0xfe, 0xb2,
  0xfe, 0xb2, 0x00, 0x00, 0x00, 0x00, 0x00, 0x00, 0x00, 0x00, 0x00, 0x00,
  0x00, 0x00, 0x00, 0x00, 0x00, 0x00, 0x00, 0x00, 0x00, 0x00, 0x00, 0x00,
  0x00, 0x00, 0x00, 0x00, 0x00, 0x00, 0x00, 0x00, 0x00, 0x00, 0x00, 0x00,
  0x00, 0x00, 0x00, 0x00, 0x00, 0x00, 0x00, 0x00, 0x00, 0x00, 0x00, 0x00,
  0x00, 0x00, 0x00, 0x00, 0x00, 0x00, 0x00, 0x00, 0x00, 0x00, 0x00, 0x00,
  0x00, 0x00, 0x00, 0x00, 0x00, 0x00, 0x00, 0x00, 0x00, 0x00, 0x00, 0x00,
  0x00, 0x00, 0x00, 0x00, 0x00, 0x00, 0x00, 0x00, 0x00, 0x00, 0x00, 0x00,
  0x00, 0x00, 0x00, 0x00, 0x00, 0x00, 0x00, 0x00, 0xba, 0xe7, 0xba, 0xc7,
  0xba, 0xc7, 0xba, 0xc7, 0xba, 0xa7, 0xba, 0xe7, 0xab, 0x08, 0xaa, 0xe7,
  0xaa, 0xe7, 0xa2, 0xa6, 0xa2, 0xa6, 0xa2, 0x86, 0x9a, 0x65, 0x9a, 0x45,
  0x81, 0x82, 0x81, 0x82, 0x81, 0x82, 0x81, 0x82, 0x81, 0x82, 0x81, 0x82,
  0x81, 0x82, 0x79, 0x61, 0x92, 0x65, 0x9a, 0xa7, 0x9a, 0x86, 0x9a, 0x86,
  0x9a, 0x86, 0x9a, 0x86, 0x9a, 0x86, 0x9a, 0xa7, 0x8a, 0x45, 0x81, 0xe4,
  0x82, 0x04, 0x82, 0x04, 0x82, 0x04, 0x82, 0x04, 0x82, 0x04, 0x82, 0x04,
  0x81, 0xe4, 0x81, 0xe4, 0x81, 0xc4, 0x79, 0xa3, 0x71, 0x82, 0x71, 0x41,
  0x69, 0x01, 0x60, 0xe0, 0x60, 0xe0, 0x69, 0x41, 0x69, 0x41, 0x69, 0x41,
  0x69, 0x21, 0x69, 0x21, 0x69, 0x21, 0x69, 0x41, 0x69, 0x21, 0xaa, 0x87,
  0xba, 0xe9, 0xc3, 0x4a, 0xd3, 0xac, 0xe4, 0x6e, 0xf4, 0xf0, 0xfd, 0x72,
  0xfd, 0x93, 0xfe, 0x97, 0xff, 0x39, 0xff, 0x18, 0xff, 0x38, 0xff, 0x38,
  0xff, 0x38, 0xff, 0x38, 0xff, 0x59, 0xff, 0x18, 0xfe, 0xd7, 0xfe, 0xd7,
  0xfe, 0xb6, 0xfe, 0x96, 0xfe, 0x55, 0xfe, 0x35, 0xfe, 0x14, 0xfd, 0xf4,
  0xfd, 0xd4, 0xfd, 0xf5, 0xfe, 0x15, 0xfe, 0x56, 0xfe, 0x77, 0xfe, 0xb8,
  0xfe, 0xf9, 0xfe, 0xf9, 0xff, 0xfb, 0xff, 0xfb, 0xff, 0xfb, 0xff, 0xfb,
  0xff, 0xfa, 0xff, 0xfa, 0xff, 0xda, 0xff, 0xfa, 0xff, 0x58, 0xfe, 0xf7,
  0xfe, 0xf7, 0xf6, 0xd6, 0xf6, 0xb5, 0xee, 0x95, 0xee, 0x74, 0xe6, 0x95,
  0xed, 0x91, 0xfc, 0x4b, 0xfc, 0x8c, 0xfc, 0x6c, 0xfc, 0x6c, 0xfc, 0x4c,
  0xfc, 0x4c, 0xfc, 0x2c, 0xfc, 0x2c, 0xfc, 0x2c, 0xfc, 0x6d, 0xfc, 0x8d,
  0xfc, 0xce, 0xfd, 0x0e, 0xfd, 0x4f, 0xfd, 0x8f, 0xfd, 0x8f, 0xfd, 0x6f,
  0xfd, 0x6f, 0xfd, 0x6f, 0xfd, 0x6f, 0xfd, 0x6f, 0xfd, 0x6f, 0xfd, 0x6f,
  0xfd, 0x6f, 0xfd, 0x6f, 0xfd, 0x4f, 0xfd, 0x4f, 0xfd, 0x0e, 0xfc, 0x8c,
  0xe3, 0xc9, 0xcb, 0x06, 0xba, 0x84, 0xa2, 0x03, 0x99, 0xc4, 0x99, 0xc4,
  0x99, 0xc4, 0x99, 0xc4, 0x99, 0xc4, 0x99, 0xc4, 0x99, 0xc4, 0x99, 0xc4,
  0x99, 0xe4, 0x99, 0xe4, 0x99, 0xe4, 0x99, 0xe4, 0x99, 0xe4, 0x99, 0xe4,
  0x99, 0xe4, 0x99, 0xe4, 0xba, 0x44, 0xba, 0x23, 0xb2, 0x03, 0xb2, 0x03,
  0xba, 0x23, 0xc2, 0x85, 0xd3, 0x07, 0xdb, 0x48, 0xfc, 0x2b, 0xfc, 0x6c,
  0xfc, 0x6c, 0xfc, 0x8d, 0xfc, 0xce, 0xfc, 0xee, 0xfd, 0x0e, 0xfd, 0x0f,
  0xfd, 0x2e, 0xfd, 0x2d, 0xfd, 0x4d, 0xfd, 0x4d, 0xfd, 0x4d, 0xfd, 0x4d,
  0xfd, 0x4d, 0xfd, 0x6e, 0xfd, 0x6d, 0xfd, 0x4c, 0xfd, 0x4d, 0xf5, 0x8d,
  0xfd, 0xae, 0xfd, 0xee, 0xfd, 0xef, 0xfe, 0x0f, 0xfe, 0x2f, 0xfe, 0xb2,
  0xfe, 0xb2, 0xfe, 0xb2, 0xfe, 0xb2, 0xfe, 0xb2, 0xfe, 0xb2, 0xfe, 0xb2,
  0xfe, 0xb2, 0xfe, 0x71, 0x00, 0x00, 0x00, 0x00, 0x00, 0x00, 0x00, 0x00,
  0x00, 0x00, 0x00, 0x00, 0x00, 0x00, 0x00, 0x00, 0x00, 0x00, 0x00, 0x00,
  0x00, 0x00, 0x00, 0x00, 0x00, 0x00, 0x00, 0x00, 0x00, 0x00, 0x00, 0x00,
  0x00, 0x00, 0x00, 0x00, 0x00, 0x00, 0x00, 0x00, 0x00, 0x00, 0x00, 0x00,
  0x00, 0x00, 0x00, 0x00, 0x00, 0x00, 0x00, 0x00, 0x00, 0x00, 0x00, 0x00,
  0x00, 0x00, 0x00, 0x00, 0x00, 0x00, 0x00, 0x00, 0x00, 0x00, 0x00, 0x00,
  0x00, 0x00, 0x00, 0x00, 0x00, 0x00, 0x00, 0x00, 0x00, 0x00, 0x00, 0x00,
  0x00, 0x00, 0x00, 0x00, 0x00, 0x00, 0x9a, 0x44, 0xaa, 0x86, 0xb2, 0xc7,
  0xba, 0xc7, 0xb2, 0xa7, 0xb2, 0x66, 0xb2, 0x86, 0xaa, 0xe7, 0xaa, 0xc7,
  0xa2, 0xa6, 0xa2, 0x86, 0x9a, 0x65, 0x9a, 0x45, 0x92, 0x24, 0x92, 0x04,
  0x89, 0xe3, 0x89, 0xe3, 0x92, 0x04, 0x92, 0x24, 0x9a, 0x45, 0x9a, 0x65,
  0x9a, 0x65, 0xa2, 0x86, 0x9a, 0xa7, 0x9a, 0xa7, 0x9a, 0xa7, 0x9a, 0xa7,
  0x9a, 0xa7, 0x9a, 0xa7, 0x9a, 0xa7, 0x9a, 0xc7, 0x92, 0x66, 0x8a, 0x25,
  0x8a, 0x25, 0x8a, 0x25, 0x8a, 0x25, 0x8a, 0x25, 0x8a, 0x25, 0x8a, 0x25,
  0x8a, 0x25, 0x8a, 0x25, 0x8a, 0x05, 0x81, 0xe4, 0x79, 0xa3, 0x71, 0x82,
  0x71, 0x42, 0x69, 0x21, 0x69, 0x21, 0x71, 0x62, 0x71, 0x82, 0x79, 0x83,
  0x79, 0xa3, 0x81, 0xc4, 0x81, 0xe4, 0x8a, 0x05, 0x82, 0x04, 0xcb, 0x09,
  0xdb, 0x6c, 0xec, 0x0e, 0xfc, 0xb0, 0xfd, 0x73, 0xfd, 0xd4, 0xfe, 0x15,
  0xfd, 0xf4, 0xfe, 0xf8, 0xff, 0xbb, 0xff, 0xba, 0xff, 0xdb, 0xff, 0xfb,
  0xff, 0xfc, 0xff, 0xfc, 0xff, 0xfc, 0xff, 0xfb, 0xff, 0xda, 0xff, 0xda,
  0xff, 0xda, 0xff, 0xba, 0xff, 0xba, 0xff, 0xba, 0xff, 0x9a, 0xff, 0x9a,
  0xff, 0x18, 0xff, 0x18, 0xff, 0x18, 0xff, 0x18, 0xfe, 0xf9, 0xff, 0x19,
  0xfe, 0xf9, 0xfe, 0xf9, 0xff, 0xfb, 0xff, 0xfb, 0xff, 0xfb, 0xff, 0xfb,
  0xff, 0xfb, 0xff, 0xfb, 0xff, 0xfb, 0xff, 0xfb, 0xff, 0xfb, 0xff, 0xfa,
  0xff, 0xfa, 0xff, 0xfa, 0xff, 0xda, 0xff, 0xda, 0xff, 0xda, 0xff, 0xdb,
  0xff, 0x37, 0xfe, 0x11, 0xfe, 0x11, 0xfd, 0xb0, 0xfd, 0x4f, 0xfc, 0xce,
  0xfc, 0x8d, 0xfc, 0x2c, 0xfc, 0x2c, 0xfc, 0x8d, 0xfc, 0x8d, 0xfc, 0xad,
  0xfc, 0xad, 0xfc, 0xed, 0xfc, 0xed, 0xfd, 0x0d, 0xfd, 0x0d, 0xfd, 0x4f,
  0xfd, 0x6f, 0xfd, 0x6f, 0xfd, 0x6f, 0xfd, 0x6f, 0xfd, 0x6f, 0xfd, 0x6f,
  0xfd, 0x4f, 0xfd, 0x70, 0xfd, 0x4f, 0xfc, 0xee, 0xf4, 0x6b, 0xe3, 0xa9,
  0xcb, 0x06, 0xba, 0x64, 0xaa, 0x02, 0xa1, 0xe3, 0x99, 0xe4, 0x99, 0xe4,
  0x99, 0xe4, 0x99, 0xe4, 0x99, 0xe4, 0x99, 0xe4, 0x99, 0xe4, 0x99, 0xe4,
  0xa2, 0x05, 0xa2, 0x05, 0xa2, 0x05, 0xa2, 0x05, 0xa2, 0x05, 0xa2, 0x05,
  0xa2, 0x05, 0xa2, 0x05, 0xa9, 0xa1, 0xa9, 0xc2, 0xb1, 0xe2, 0xba, 0x23,
  0xc2, 0x85, 0xca, 0xc6, 0xdb, 0x27, 0xdb, 0x27, 0xf4, 0x4c, 0xfc, 0xce,
  0xfc, 0xad, 0xfc, 0xad, 0xfc, 0xad, 0xfc, 0xad, 0xfc, 0xce, 0xfc, 0xae,
  0xfc, 0xed, 0xfd, 0x0d, 0xfd, 0x0d, 0xfd, 0x0d, 0xfd, 0x0d, 0xfd, 0x2d,
  0xfd, 0x2d, 0xfd, 0x4d, 0xfd, 0x2d, 0xf5, 0x2c, 0xfd, 0x4c, 0xf5, 0x6d,
  0xfd, 0xad, 0xfd, 0xce, 0xfd, 0xee, 0xfe, 0x0f, 0xfe, 0x2f, 0xfe, 0x91,
  0xfe, 0x91, 0xfe, 0x91, 0xfe, 0x91, 0xfe, 0x91, 0xfe, 0x91, 0xfe, 0x91,
  0xfe, 0xb2, 0xfe, 0x71, 0xfe, 0x30, 0x00, 0x00, 0x00, 0x00, 0x00, 0x00,
  0x00, 0x00, 0x00, 0x00, 0x00, 0x00, 0x00, 0x00, 0x00, 0x00, 0x00, 0x00,
  0x00, 0x00, 0x00, 0x00, 0x00, 0x00, 0x00, 0x00, 0x00, 0x00, 0x00, 0x00,
  0x00, 0x00, 0x00, 0x00, 0x00, 0x00, 0x00, 0x00, 0x00, 0x00, 0x00, 0x00,
  0x00, 0x00, 0x00, 0x00, 0x00, 0x00, 0x00, 0x00, 0x00, 0x00, 0x00, 0x00,
  0x00, 0x00, 0x00, 0x00, 0x00, 0x00, 0x00, 0x00, 0x00, 0x00, 0x00, 0x00,
  0x00, 0x00, 0x00, 0x00, 0x00, 0x00, 0x00, 0x00, 0x00, 0x00, 0x00, 0x00,
  0x00, 0x00, 0x00, 0x00, 0x00, 0x00, 0x9a, 0x24, 0xaa, 0x86, 0xb2, 0xc7,
  0xba, 0xc7, 0xb2, 0xa7, 0xb2, 0x66, 0xaa, 0x66, 0xaa, 0xc7, 0xaa, 0xa6,
  0xa2, 0xa6, 0xa2, 0x86, 0x9a, 0x45, 0x9a, 0x45, 0x92, 0x24, 0x92, 0x04,
  0x89, 0xe3, 0x92, 0x04, 0x92, 0x04, 0x92, 0x24, 0x9a, 0x65, 0xa2, 0x86,
  0xa2, 0x86, 0xa2, 0xa6, 0x9a, 0xa7, 0x9a, 0xa7, 0x9a, 0xa7, 0x9a, 0xa7,
  0x9a, 0xa7, 0x9a, 0xa7, 0x9a, 0xa7, 0x9a, 0xc7, 0x92, 0x66, 0x8a, 0x25,
  0x8a, 0x45, 0x8a, 0x45, 0x8a, 0x45, 0x8a, 0x45, 0x8a, 0x45, 0x8a, 0x45,
  0x8a, 0x25, 0x81, 0xe4, 0x81, 0xe4, 0x79, 0xc3, 0x79, 0xa3, 0x71, 0x62,
  0x71, 0x42, 0x69, 0x21, 0x69, 0x21, 0x71, 0x62, 0x79, 0x82, 0x79, 0xa3,
  0x81, 0xe4, 0x8a, 0x25, 0x92, 0x66, 0x9a, 0x87, 0x92, 0x87, 0xd3, 0x4b,
  0xe3, 0xcd, 0xf4, 0x4f, 0xfd, 0x12, 0xfd, 0xb4, 0xfe, 0x15, 0xfe, 0x56,
  0xfe, 0x15, 0xff, 0x18, 0xff, 0xba, 0xff, 0xba, 0xff, 0xdb, 0xff, 0xfb,
  0xff, 0xfc, 0xff, 0xfc, 0xff, 0xfd, 0xff, 0xfc, 0xff, 0xfa, 0xff, 0xfa,
  0xff, 0xfa, 0xff, 0xda, 0xff, 0xda, 0xff, 0xda, 0xff, 0xba, 0xff, 0xba,
  0xff, 0x59, 0xff, 0x59, 0xff, 0x39, 0xff, 0x39, 0xff, 0x19, 0xff, 0x19,
  0xff, 0x19, 0xfe, 0xf9, 0xff, 0xfb, 0xff, 0xfb, 0xff, 0xfb, 0xff, 0xfb,
  0xff, 0xfb, 0xff, 0xfb, 0xff, 0xfb, 0xff, 0xfb, 0xff, 0xfb, 0xff, 0xfb,
  0xff, 0xfb, 0xff, 0xfb, 0xff, 0xfb, 0xff, 0xfb, 0xff, 0xfb, 0xff, 0xfc,
  0xff, 0x78, 0xfe, 0x52, 0xfe, 0x52, 0xfd, 0xd1, 0xfd, 0x6f, 0xfc, 0xee,
  0xfc, 0xad, 0xfc, 0x4c, 0xfc, 0x4c, 0xfc, 0xad, 0xfc, 0x8d, 0xfc, 0xad,
  0xfc, 0xad, 0xfc, 0xed, 0xfc, 0xed, 0xfd, 0x0d, 0xfd, 0x0d, 0xfd, 0x4f,
  0xfd, 0x6f, 0xfd, 0x6f, 0xfd, 0x6f, 0xfd, 0x6f, 0xfd, 0x6f, 0xfd, 0x6f,
  0xfd, 0x4f, 0xfd, 0x70, 0xfd, 0x4f, 0xfc, 0xee, 0xf4, 0x4b, 0xdb, 0x88,
  0xc2, 0xe5, 0xb2, 0x43, 0xa9, 0xe1, 0xa1, 0xe3, 0x99, 0xe4, 0x99, 0xe4,
  0x99, 0xe4, 0x99, 0xe4, 0x99, 0xe4, 0x99, 0xe4, 0x99, 0xe4, 0x99, 0xe4,
  0xa2, 0x05, 0xa2, 0x05, 0xa2, 0x05, 0xa2, 0x05, 0xa2, 0x05, 0xa2, 0x05,
  0xa2, 0x05, 0xa2, 0x05, 0xa9, 0xa1, 0xa9, 0xa1, 0xb2, 0x03, 0xba, 0x44,
  0xc2, 0x85, 0xd2, 0xe6, 0xdb, 0x27, 0xdb, 0x27, 0xf4, 0x6c, 0xfc, 0xce,
  0xfc, 0xad, 0xfc, 0xad, 0xfc, 0xad, 0xfc, 0xad, 0xfc, 0xad, 0xfc, 0xae,
  0xfc, 0xcd, 0xfd, 0x0c, 0xfd, 0x0d, 0xfd, 0x0d, 0xfd, 0x0d, 0xfd, 0x0d,
  0xfd, 0x2d, 0xfd, 0x4d, 0xfd, 0x2c, 0xf5, 0x2c, 0xfd, 0x4c, 0xf5, 0x6d,
  0xfd, 0xad, 0xfd, 0xce, 0xfd, 0xee, 0xfe, 0x0f, 0xfe, 0x2f, 0xfe, 0x91,
  0xfe, 0x91, 0xfe, 0x91, 0xfe, 0x91, 0xfe, 0x91, 0xfe, 0x91, 0xfe, 0x91,
  0xfe, 0xb2, 0xfe, 0x71, 0xfe, 0x30, 0x00, 0x00, 0x00, 0x00, 0x00, 0x00,
  0x00, 0x00, 0x00, 0x00, 0x00, 0x00, 0x00, 0x00, 0x00, 0x00, 0x00, 0x00,
  0x00, 0x00, 0x00, 0x00, 0x00, 0x00, 0x00, 0x00, 0x00, 0x00, 0x00, 0x00,
  0x00, 0x00, 0x00, 0x00, 0x00, 0x00, 0x00, 0x00, 0x00, 0x00, 0x00, 0x00,
  0x00, 0x00, 0x00, 0x00, 0x00, 0x00, 0x00, 0x00, 0x00, 0x00, 0x00, 0x00,
  0x00, 0x00, 0x00, 0x00, 0x00, 0x00, 0x00, 0x00, 0x00, 0x00, 0x00, 0x00,
  0x00, 0x00, 0x00, 0x00, 0x00, 0x00, 0x00, 0x00, 0x00, 0x00, 0x00, 0x00,
  0x00, 0x00, 0x00, 0x00, 0x92, 0x03, 0x9a, 0x24, 0xaa, 0x86, 0xb2, 0xc7,
  0xba, 0xc7, 0xb2, 0xa7, 0xb2, 0x66, 0xaa, 0x66, 0xaa, 0xc7, 0xaa, 0xa6,
  0xa2, 0xa6, 0xa2, 0x86, 0x9a, 0x45, 0x9a, 0x45, 0x92, 0x24, 0x92, 0x04,
  0x89, 0xe3, 0x92, 0x04, 0x92, 0x04, 0x92, 0x24, 0x9a, 0x45, 0xa2, 0x86,
  0xa2, 0x86, 0xa2, 0xa6, 0x9a, 0xa7, 0x9a, 0xa7, 0x9a, 0xa7, 0x9a, 0xa7,
  0x9a, 0xa7, 0x9a, 0xa7, 0x9a, 0xa7, 0x9a, 0xc7, 0x92, 0x66, 0x8a, 0x25,
  0x8a, 0x45, 0x8a, 0x45, 0x8a, 0x45, 0x8a, 0x45, 0x8a, 0x45, 0x92, 0x45,
  0x8a, 0x04, 0x79, 0x83, 0x79, 0x83, 0x71, 0x82, 0x71, 0x62, 0x71, 0x41,
  0x69, 0x21, 0x69, 0x01, 0x69, 0x01, 0x71, 0x82, 0x79, 0xa3, 0x81, 0xe4,
  0x8a, 0x45, 0x9a, 0x87, 0xa2, 0xe8, 0xb3, 0x49, 0xab, 0x6a, 0xe3, 0xac,
  0xfb, 0xee, 0xfc, 0x90, 0xfd, 0x33, 0xfd, 0xd5, 0xfe, 0x16, 0xfe, 0x56,
  0xfe, 0x56, 0xff, 0x18, 0xff, 0x9a, 0xff, 0x9a, 0xff, 0xda, 0xff, 0xfb,
  0xff, 0xfb, 0xff, 0xfc, 0xff, 0xfc, 0xff, 0xfc, 0xff, 0xfa, 0xff, 0xfa,
  0xff, 0xfa, 0xff, 0xfa, 0xff, 0xfa, 0xff, 0xfa, 0xff, 0xda, 0xff, 0xda,
  0xff, 0x79, 0xff, 0x99, 0xff, 0x79, 0xff, 0x79, 0xff, 0x59, 0xff, 0x59,
  0xff, 0x59, 0xff, 0x59, 0xff, 0xfb, 0xff, 0xfb, 0xff, 0xfb, 0xff, 0xfb,
  0xff, 0xfb, 0xff, 0xfb, 0xff, 0xfb, 0xff, 0xfb, 0xff, 0xfb, 0xff, 0xfb,
  0xff, 0xfb, 0xff, 0xfb, 0xff, 0xfb, 0xff, 0xfb, 0xff, 0xfb, 0xff, 0xfc,
  0xff, 0x98, 0xfe, 0xb2, 0xfe, 0x92, 0xfe, 0x31, 0xfd, 0xd0, 0xfd, 0x2f,
  0xfc, 0xee, 0xfc, 0x8d, 0xfc, 0x8c, 0xfc, 0xad, 0xfc, 0xad, 0xfc, 0xad,
  0xfc, 0xad, 0xfc, 0xed, 0xfc, 0xed, 0xfc, 0xed, 0xfc, 0xed, 0xfd, 0x4f,
  0xfd, 0x6f, 0xfd, 0x6f, 0xfd, 0x6f, 0xfd, 0x6f, 0xfd, 0x6f, 0xfd, 0x6f,
  0xfd, 0x4f, 0xfd, 0x70, 0xfd, 0x4f, 0xfc, 0xee, 0xf4, 0x4b, 0xdb, 0xa8,
  0xca, 0xe6, 0xb2, 0x63, 0xaa, 0x02, 0xa1, 0xe3, 0x99, 0xe4, 0x99, 0xe4,
  0x99, 0xe4, 0x99, 0xe4, 0x99, 0xe4, 0x99, 0xe4, 0x99, 0xe4, 0x99, 0xe4,
  0xa2, 0x05, 0xa2, 0x05, 0xa2, 0x05, 0xa2, 0x05, 0xa2, 0x05, 0xa2, 0x05,
  0xa2, 0x05, 0xa2, 0x05, 0xa9, 0xc2, 0xa9, 0xc2, 0xb2, 0x03, 0xba, 0x64,
  0xca, 0xa5, 0xd2, 0xe6, 0xdb, 0x48, 0xdb, 0x27, 0xfc, 0x6c, 0xfc, 0xce,
  0xfc, 0xad, 0xfc, 0xad, 0xfc, 0xad, 0xfc, 0xad, 0xfc, 0xad, 0xfc, 0xae,
  0xfc, 0xcd, 0xfd, 0x0c, 0xfd, 0x0d, 0xfd, 0x0d, 0xfd, 0x0d, 0xfd, 0x0d,
  0xfd, 0x2d, 0xfd, 0x4d, 0xfd, 0x2c, 0xf5, 0x2c, 0xfd, 0x4c, 0xf5, 0x6d,
  0xfd, 0xad, 0xfd, 0xce, 0xfd, 0xee, 0xfe, 0x0f, 0xfe, 0x2f, 0xfe, 0x91,
  0xfe, 0x91, 0xfe, 0x91, 0xfe, 0x91, 0xfe, 0x91, 0xfe, 0x91, 0xfe, 0x91,
  0xfe, 0xb2, 0xfe, 0x71, 0xfe, 0x30, 0xfe, 0x30, 0x00, 0x00, 0x00, 0x00,
  0x00, 0x00, 0x00, 0x00, 0x00, 0x00, 0x00, 0x00, 0x00, 0x00, 0x00, 0x00,
  0x00, 0x00, 0x00, 0x00, 0x00, 0x00, 0x00, 0x00, 0x00, 0x00, 0x00, 0x00,
  0x00, 0x00, 0x00, 0x00, 0x00, 0x00, 0x00, 0x00, 0x00, 0x00, 0x00, 0x00,
  0x00, 0x00, 0x00, 0x00, 0x00, 0x00, 0x00, 0x00, 0x00, 0x00, 0x00, 0x00,
  0x00, 0x00, 0x00, 0x00, 0x00, 0x00, 0x00, 0x00, 0x00, 0x00, 0x00, 0x00,
  0x00, 0x00, 0x00, 0x00, 0x00, 0x00, 0x00, 0x00, 0x00, 0x00, 0x00, 0x00,
  0x00, 0x00, 0x79, 0x81, 0x92, 0x03, 0x9a, 0x24, 0xaa, 0x86, 0xb2, 0xc7,
  0xba, 0xc7, 0xb2, 0xa7, 0xb2, 0x66, 0xaa, 0x66, 0xaa, 0xc7, 0xaa, 0xa6,
  0xa2, 0xa6, 0xa2, 0x86, 0x9a, 0x45, 0x9a, 0x45, 0x92, 0x24, 0x92, 0x04,
  0x89, 0xe3, 0x92, 0x04, 0x92, 0x04, 0x92, 0x24, 0x9a, 0x45, 0xa2, 0x86,
  0xa2, 0x86, 0xa2, 0xa6, 0x9a, 0xa7, 0x9a, 0xa7, 0x9a, 0xa7, 0x9a, 0xa7,
  0x9a, 0xa7, 0x9a, 0xa7, 0x9a, 0xa7, 0x9a, 0xc7, 0x92, 0x66, 0x8a, 0x25,
  0x8a, 0x45, 0x8a, 0x45, 0x8a, 0x45, 0x8a, 0x45, 0x8a, 0x45, 0x92, 0x45,
  0x81, 0xe4, 0x71, 0x41, 0x71, 0x62, 0x71, 0x42, 0x71, 0x41, 0x69, 0x41,
  0x69, 0x21, 0x69, 0x21, 0x69, 0x21, 0x79, 0xa3, 0x81, 0xe4, 0x8a, 0x45,
  0x9a, 0xa7, 0xab, 0x29, 0xbb, 0xab, 0xcc, 0x0c, 0xcc, 0x4d, 0xf4, 0x0e,
  0xfc, 0x4f, 0xfc, 0xf1, 0xfd, 0x74, 0xfe, 0x15, 0xfe, 0x56, 0xfe, 0x76,
  0xfe, 0x56, 0xfe, 0xf8, 0xff, 0x79, 0xff, 0x79, 0xff, 0xba, 0xff, 0xfa,
  0xff, 0xfb, 0xff, 0xfb, 0xff, 0xfc, 0xff, 0xfb, 0xff, 0xfa, 0xff, 0xfa,
  0xff, 0xfa, 0xff, 0xfa, 0xff, 0xfa, 0xff, 0xfa, 0xff, 0xfa, 0xff, 0xda,
  0xff, 0xba, 0xff, 0xba, 0xff, 0x9a, 0xff, 0x9a, 0xff, 0x9a, 0xff, 0x9a,
  0xff, 0x7a, 0xff, 0x7a, 0xff, 0xfb, 0xff, 0xfb, 0xff, 0xfb, 0xff, 0xfb,
  0xff, 0xfb, 0xff, 0xfb, 0xff, 0xfb, 0xff, 0xfb, 0xff, 0xfb, 0xff, 0xfb,
  0xff, 0xfb, 0xff, 0xfb, 0xff, 0xfb, 0xff, 0xfb, 0xff, 0xfb, 0xff, 0xfb,
  0xff, 0x98, 0xfe, 0xf3, 0xfe, 0xd3, 0xfe, 0x52, 0xfd, 0xf1, 0xfd, 0x70,
  0xfd, 0x2e, 0xfc, 0xcd, 0xfc, 0xad, 0xfc, 0xad, 0xfc, 0xad, 0xfc, 0xad,
  0xfc, 0xad, 0xfc, 0xed, 0xfc, 0xed, 0xfc, 0xed, 0xfc, 0xed, 0xfd, 0x4f,
  0xfd, 0x6f, 0xfd, 0x6f, 0xfd, 0x6f, 0xfd, 0x6f, 0xfd, 0x6f, 0xfd, 0x6f,
  0xfd, 0x4f, 0xfd, 0x70, 0xfd, 0x4f, 0xfc, 0xee, 0xf4, 0x4b, 0xdb, 0xa8,
  0xca, 0xe6, 0xb2, 0x63, 0xaa, 0x02, 0xa1, 0xe3, 0x99, 0xe4, 0x99, 0xe4,
  0x99, 0xe4, 0x99, 0xe4, 0x99, 0xe4, 0x99, 0xe4, 0x99, 0xe4, 0x99, 0xe4,
  0xa2, 0x05, 0xa2, 0x05, 0xa2, 0x05, 0xa2, 0x05, 0xa2, 0x05, 0xa2, 0x05,
  0xa2, 0x05, 0xa2, 0x05, 0xa9, 0xc2, 0xb1, 0xe2, 0xba, 0x23, 0xc2, 0x64,
  0xca, 0xc6, 0xd3, 0x07, 0xe3, 0x68, 0xe3, 0x68, 0xfc, 0x6c, 0xfc, 0xce,
  0xfc, 0xad, 0xfc, 0xad, 0xfc, 0xad, 0xfc, 0xad, 0xfc, 0xad, 0xfc, 0xae,
  0xfc, 0xcd, 0xfd, 0x0c, 0xfd, 0x0d, 0xfd, 0x0d, 0xfd, 0x0d, 0xfd, 0x0d,
  0xfd, 0x2d, 0xfd, 0x4d, 0xfd, 0x2c, 0xf5, 0x2c, 0xfd, 0x4c, 0xf5, 0x6d,
  0xfd, 0xad, 0xfd, 0xce, 0xfd, 0xee, 0xfe, 0x0f, 0xfe, 0x2f, 0xfe, 0x91,
  0xfe, 0x91, 0xfe, 0x91, 0xfe, 0x91, 0xfe, 0x91, 0xfe, 0x91, 0xfe, 0x91,
  0xfe, 0xb2, 0xfe, 0x71, 0xfe, 0x30, 0xfe, 0x30, 0xfe, 0x0f, 0x00, 0x00,
  0x00, 0x00, 0x00, 0x00, 0x00, 0x00, 0x00, 0x00, 0x00, 0x00, 0x00, 0x00,
  0x00, 0x00, 0x00, 0x00, 0x00, 0x00, 0x00, 0x00, 0x00, 0x00, 0x00, 0x00,
  0x00, 0x00, 0x00, 0x00, 0x00, 0x00, 0x00, 0x00, 0x00, 0x00, 0x00, 0x00,
  0x00, 0x00, 0x00, 0x00, 0x00, 0x00, 0x00, 0x00, 0x00, 0x00, 0x00, 0x00,
  0x00, 0x00, 0x00, 0x00, 0x00, 0x00, 0x00, 0x00, 0x00, 0x00, 0x00, 0x00,
  0x00, 0x00, 0x00, 0x00, 0x00, 0x00, 0x00, 0x00, 0x00, 0x00, 0x00, 0x00,
  0x00, 0x00, 0x79, 0x81, 0x92, 0x03, 0x9a, 0x24, 0xaa, 0x86, 0xb2, 0xc7,
  0xba, 0xc7, 0xb2, 0xa7, 0xb2, 0x66, 0xaa, 0x66, 0xaa, 0xc7, 0xaa, 0xa6,
  0xa2, 0xa6, 0xa2, 0x86, 0x9a, 0x45, 0x9a, 0x45, 0x92, 0x24, 0x92, 0x04,
  0x89, 0xe3, 0x92, 0x04, 0x92, 0x04, 0x92, 0x24, 0x9a, 0x45, 0xa2, 0x86,
  0xa2, 0x86, 0xa2, 0xa6, 0x9a, 0xa7, 0x9a, 0xa7, 0x9a, 0xa7, 0x9a, 0xa7,
  0x9a, 0xa7, 0x9a, 0xa7, 0x9a, 0xa7, 0x9a, 0xc7, 0x92, 0x66, 0x8a, 0x25,
  0x8a, 0x45, 0x8a, 0x45, 0x8a, 0x45, 0x8a, 0x45, 0x8a, 0x25, 0x92, 0x45,
  0x81, 0xe4, 0x69, 0x21, 0x71, 0x42, 0x71, 0x42, 0x71, 0x42, 0x71, 0x62,
  0x71, 0x62, 0x71, 0x62, 0x71, 0x62, 0x92, 0x45, 0x92, 0x66, 0xa2, 0xc8,
  0xb3, 0x49, 0xc3, 0xcc, 0xd4, 0x4d, 0xdc, 0xaf, 0xe4, 0xf0, 0xfc, 0x4f,
  0xfc, 0x70, 0xfd, 0x12, 0xfd, 0x94, 0xfe, 0x16, 0xfe, 0x36, 0xfe, 0x56,
  0xfe, 0x35, 0xfe, 0xd7, 0xff, 0x59, 0xff, 0x59, 0xff, 0x99, 0xff, 0xda,
  0xff, 0xfa, 0xff, 0xfb, 0xff, 0xfb, 0xff, 0xfb, 0xff, 0xfa, 0xff, 0xfa,
  0xff, 0xfa, 0xff, 0xfa, 0xff, 0xfa, 0xff, 0xfa, 0xff, 0xfa, 0xff, 0xfa,
  0xff, 0xfa, 0xff, 0xfa, 0xff, 0xda, 0xff, 0xda, 0xff, 0xda, 0xff, 0xda,
  0xff, 0xba, 0xff, 0xba, 0xff, 0xfb, 0xff, 0xfb, 0xff, 0xfb, 0xff, 0xfb,
  0xff, 0xfb, 0xff, 0xfb, 0xff, 0xfb, 0xff, 0xfb, 0xff, 0xfb, 0xff, 0xfb,
  0xff, 0xfb, 0xff, 0xfb, 0xff, 0xfb, 0xff, 0xfb, 0xff, 0xfb, 0xff, 0xfb,
  0xff, 0xb8, 0xff, 0x54, 0xff, 0x34, 0xfe, 0xb3, 0xfe, 0x52, 0xfd, 0xd0,
  0xfd, 0x8f, 0xfd, 0x0e, 0xfc, 0xee, 0xfc, 0xad, 0xfc, 0xad, 0xfc, 0xcd,
  0xfc, 0xcd, 0xfc, 0xcd, 0xfc, 0xcd, 0xfc, 0xed, 0xfc, 0xed, 0xfd, 0x4f,
  0xfd, 0x6f, 0xfd, 0x6f, 0xfd, 0x6f, 0xfd, 0x6f, 0xfd, 0x6f, 0xfd, 0x6f,
  0xfd, 0x4f, 0xfd, 0x70, 0xfd, 0x4f, 0xfc, 0xee, 0xf4, 0x4b, 0xdb, 0xa8,
  0xca, 0xe6, 0xb2, 0x63, 0xaa, 0x02, 0xa1, 0xe3, 0x99, 0xe4, 0x99, 0xe4,
  0x99, 0xe4, 0x99, 0xe4, 0x99, 0xe4, 0x99, 0xe4, 0x99, 0xe4, 0x99, 0xe4,
  0xa2, 0x05, 0xa2, 0x05, 0xa2, 0x05, 0xa2, 0x05, 0xa2, 0x05, 0xa2, 0x05,
  0xa2, 0x05, 0xa2, 0x05, 0xb2, 0x03, 0xb2, 0x23, 0xba, 0x44, 0xc2, 0xa5,
  0xd2, 0xe6, 0xdb, 0x48, 0xe3, 0x89, 0xe3, 0x89, 0xfc, 0x6c, 0xfc, 0xce,
  0xfc, 0xad, 0xfc, 0xad, 0xfc, 0xad, 0xfc, 0xad, 0xfc, 0xad, 0xfc, 0xae,
  0xfc, 0xcd, 0xfd, 0x0c, 0xfd, 0x0d, 0xfd, 0x0d, 0xfd, 0x0d, 0xfd, 0x0d,
  0xfd, 0x2d, 0xfd, 0x4d, 0xfd, 0x2c, 0xf5, 0x2c, 0xfd, 0x4c, 0xf5, 0x6d,
  0xfd, 0xad, 0xfd, 0xce, 0xfd, 0xee, 0xfe, 0x0f, 0xfe, 0x2f, 0xfe, 0x91,
  0xfe, 0x91, 0xfe, 0x91, 0xfe, 0x91, 0xfe, 0x91, 0xfe, 0x91, 0xfe, 0x91,
  0xfe, 0xb2, 0xfe, 0x71, 0xfe, 0x30, 0xfe, 0x30, 0xfe, 0x0f, 0x00, 0x00,
  0x00, 0x00, 0x00, 0x00, 0x00, 0x00, 0x00, 0x00, 0x00, 0x00, 0x00, 0x00,
  0x00, 0x00, 0x00, 0x00, 0x00, 0x00, 0x00, 0x00, 0x00, 0x00, 0x00, 0x00,
  0x00, 0x00, 0x00, 0x00, 0x00, 0x00, 0x00, 0x00, 0x00, 0x00, 0x00, 0x00,
  0x00, 0x00, 0x00, 0x00, 0x00, 0x00, 0x00, 0x00, 0x00, 0x00, 0x00, 0x00,
  0x00, 0x00, 0x00, 0x00, 0x00, 0x00, 0x00, 0x00, 0x00, 0x00, 0x00, 0x00,
  0x00, 0x00, 0x00, 0x00, 0x00, 0x00, 0x00, 0x00, 0x00, 0x00, 0x00, 0x00,
  0x69, 0x00, 0x79, 0x81, 0x92, 0x03, 0x9a, 0x24, 0xaa, 0x86, 0xb2, 0xc7,
  0xba, 0xc7, 0xb2, 0xa7, 0xb2, 0x66, 0xaa, 0x66, 0xaa, 0xc7, 0xaa, 0xa6,
  0xa2, 0xa6, 0xa2, 0x86, 0x9a, 0x45, 0x9a, 0x45, 0x92, 0x24, 0x92, 0x04,
  0x89, 0xe3, 0x92, 0x04, 0x92, 0x04, 0x92, 0x24, 0x9a, 0x45, 0xa2, 0x86,
  0xa2, 0x86, 0xa2, 0xa6, 0x9a, 0xa7, 0x9a, 0xa7, 0x9a, 0xa7, 0x9a, 0xa7,
  0x9a, 0xa7, 0x9a, 0xa7, 0x9a, 0xa7, 0x9a, 0xc7, 0x92, 0x66, 0x8a, 0x25,
  0x8a, 0x45, 0x8a, 0x45, 0x8a, 0x45, 0x8a, 0x45, 0x8a, 0x45, 0x92, 0x45,
  0x82, 0x04, 0x71, 0x42, 0x71, 0x62, 0x71, 0x82, 0x79, 0xa3, 0x79, 0xa3,
  0x81, 0xc4, 0x81, 0xc4, 0x81, 0xe4, 0xab, 0x09, 0xab, 0x29, 0xb3, 0x8a,
  0xc3, 0xec, 0xd4, 0x6e, 0xdc, 0xaf, 0xed, 0x10, 0xed, 0x51, 0xfc, 0x70,
  0xfc, 0x70, 0xfd, 0x12, 0xfd, 0x74, 0xfd, 0xd5, 0xfd, 0xf5, 0xfe, 0x15,
  0xfd, 0xd4, 0xfe, 0x97, 0xff, 0x38, 0xff, 0x38, 0xff, 0x79, 0xff, 0xb9,
  0xff, 0xfa, 0xff, 0xfa, 0xff, 0xfb, 0xff, 0xfb, 0xff, 0xfa, 0xff, 0xfa,
  0xff, 0xfa, 0xff, 0xfa, 0xff, 0xfa, 0xff, 0xfa, 0xff, 0xfa, 0xff, 0xfa,
  0xff, 0xfb, 0xff, 0xfb, 0xff, 0xfb, 0xff, 0xfb, 0xff, 0xfb, 0xff, 0xfb,
  0xff, 0xfb, 0xff, 0xfb, 0xff, 0xfb, 0xff, 0xfb, 0xff, 0xfb, 0xff, 0xfb,
  0xff, 0xfb, 0xff, 0xfb, 0xff, 0xfb, 0xff, 0xfb, 0xff, 0xfb, 0xff, 0xfb,
  0xff, 0xfb, 0xff, 0xfb, 0xff, 0xfb, 0xff, 0xfb, 0xff, 0xfb, 0xff, 0xfb,
  0xff, 0xd9, 0xff, 0x95, 0xff, 0x75, 0xfe, 0xf4, 0xfe, 0x93, 0xfe, 0x11,
  0xfd, 0xb0, 0xfd, 0x4f, 0xfd, 0x2f, 0xfc, 0xad, 0xfc, 0xad, 0xfc, 0xcd,
  0xfc, 0xcd, 0xfc, 0xcd, 0xfc, 0xcd, 0xfc, 0xed, 0xfc, 0xed, 0xfd, 0x4f,
  0xfd, 0x6f, 0xfd, 0x6f, 0xfd, 0x6f, 0xfd, 0x6f, 0xfd, 0x6f, 0xfd, 0x6f,
  0xfd, 0x4f, 0xfd, 0x70, 0xfd, 0x4f, 0xfc, 0xee, 0xf4, 0x4b, 0xdb, 0xa8,
  0xca, 0xe6, 0xb2, 0x63, 0xaa, 0x02, 0xa1, 0xe3, 0x99, 0xe4, 0x99, 0xe4,
  0x99, 0xe4, 0x99, 0xe4, 0x99, 0xe4, 0x99, 0xe4, 0x99, 0xe4, 0x99, 0xe4,
  0xa2, 0x05, 0xa2, 0x05, 0xa2, 0x05, 0xa2, 0x05, 0xa2, 0x05, 0xa2, 0x05,
  0xa2, 0x05, 0xa2, 0x05, 0xb2, 0x23, 0xba, 0x43, 0xc2, 0x64, 0xca, 0xc6,
  0xd3, 0x07, 0xe3, 0x68, 0xeb, 0xa9, 0xeb, 0xa9, 0xfc, 0x8d, 0xfc, 0xce,
  0xfc, 0xad, 0xfc, 0xad, 0xfc, 0xad, 0xfc, 0xad, 0xfc, 0xad, 0xfc, 0xae,
  0xfc, 0xcd, 0xfd, 0x0c, 0xfd, 0x0d, 0xfd, 0x0d, 0xfd, 0x0d, 0xfd, 0x0d,
  0xfd, 0x2d, 0xfd, 0x4d, 0xfd, 0x2c, 0xf5, 0x2c, 0xfd, 0x4c, 0xf5, 0x6d,
  0xfd, 0xad, 0xfd, 0xce, 0xfd, 0xee, 0xfe, 0x0f, 0xfe, 0x2f, 0xfe, 0x91,
  0xfe, 0x91, 0xfe, 0x91, 0xfe, 0x91, 0xfe, 0x91, 0xfe, 0x91, 0xfe, 0x91,
  0xfe, 0xb2, 0xfe, 0x71, 0xfe, 0x30, 0xfe, 0x30, 0xfe, 0x0f, 0xfd, 0xef,
  0x00, 0x00, 0x00, 0x00, 0x00, 0x00, 0x00, 0x00, 0x00, 0x00, 0x00, 0x00,
  0x00, 0x00, 0x00, 0x00, 0x00, 0x00, 0x00, 0x00, 0x00, 0x00, 0x00, 0x00,
  0x00, 0x00, 0x00, 0x00, 0x00, 0x00, 0x00, 0x00, 0x00, 0x00, 0x00, 0x00,
  0x00, 0x00, 0x00, 0x00, 0x00, 0x00, 0x00, 0x00, 0x00, 0x00, 0x00, 0x00,
  0x00, 0x00, 0x00, 0x00, 0x00, 0x00, 0x00, 0x00, 0x00, 0x00, 0x00, 0x00,
  0x00, 0x00, 0x00, 0x00, 0x00, 0x00, 0x00, 0x00, 0x00, 0x00, 0x00, 0x00,
  0x69, 0x00, 0x79, 0x81, 0x92, 0x03, 0x9a, 0x24, 0xaa, 0x86, 0xb2, 0xc7,
  0xba, 0xc7, 0xb2, 0xa7, 0xb2, 0x66, 0xaa, 0x66, 0xaa, 0xc7, 0xaa, 0xa6,
  0xa2, 0xa6, 0xa2, 0x86, 0x9a, 0x45, 0x9a, 0x45, 0x92, 0x24, 0x92, 0x04,
  0x89, 0xe3, 0x92, 0x04, 0x92, 0x04, 0x92, 0x24, 0x9a, 0x45, 0xa2, 0x86,
  0xa2, 0x86, 0xa2, 0xa6, 0x9a, 0xa7, 0x9a, 0xa7, 0x9a, 0xa7, 0x9a, 0xa7,
  0x9a, 0xa7, 0x9a, 0xa7, 0x9a, 0xa7, 0x9a, 0xc7, 0x92, 0x66, 0x8a, 0x25,
  0x8a, 0x45, 0x8a, 0x45, 0x8a, 0x45, 0x8a, 0x25, 0x8a, 0x25, 0x8a, 0x45,
  0x8a, 0x04, 0x79, 0x83, 0x81, 0xc3, 0x81, 0xe4, 0x8a, 0x04, 0x8a, 0x25,
  0x92, 0x46, 0x92, 0x46, 0x9a, 0x87, 0xc3, 0xec, 0xc3, 0xec, 0xcc, 0x2d,
  0xd4, 0x6e, 0xe4, 0xcf, 0xed, 0x10, 0xed, 0x31, 0xf5, 0x72, 0xfc, 0x2f,
  0xfc, 0x50, 0xfc, 0xd1, 0xfd, 0x33, 0xfd, 0x94, 0xfd, 0x94, 0xfd, 0x93,
  0xfd, 0x52, 0xfe, 0x56, 0xff, 0x18, 0xff, 0x18, 0xff, 0x58, 0xff, 0x99,
  0xff, 0xd9, 0xff, 0xfa, 0xff, 0xfa, 0xff, 0xfa, 0xff, 0xfa, 0xff, 0xfa,
  0xff, 0xfa, 0xff, 0xfa, 0xff, 0xfa, 0xff, 0xfa, 0xff, 0xfa, 0xff, 0xfa,
  0xff, 0xfb, 0xff, 0xfb, 0xff, 0xfb, 0xff, 0xfb, 0xff, 0xfb, 0xff, 0xfb,
  0xff, 0xfb, 0xff, 0xfb, 0xff, 0xfb, 0xff, 0xfb, 0xff, 0xfb, 0xff, 0xfb,
  0xff, 0xfb, 0xff, 0xfb, 0xff, 0xfb, 0xff, 0xfb, 0xff, 0xfb, 0xff, 0xfb,
  0xff, 0xfb, 0xff, 0xfb, 0xff, 0xfb, 0xff, 0xfb, 0xff, 0xfb, 0xff, 0xfb,
  0xff, 0xf9, 0xff, 0xd6, 0xff, 0x96, 0xff, 0x35, 0xfe, 0xd3, 0xfe, 0x52,
  0xfe, 0x11, 0xfd, 0x90, 0xfd, 0x6f, 0xfc, 0xad, 0xfc, 0xcd, 0xfc, 0xcd,
  0xfc, 0xcd, 0xfc, 0xcd, 0xfc, 0xcd, 0xfc, 0xed, 0xfc, 0xed, 0xfd, 0x4f,
  0xfd, 0x6f, 0xfd, 0x6f, 0xfd, 0x6f, 0xfd, 0x6f, 0xfd, 0x6f, 0xfd, 0x6f,
  0xfd, 0x4f, 0xfd, 0x70, 0xfd, 0x4f, 0xfc, 0xed, 0xf4, 0x4b, 0xdb, 0x88,
  0xc2, 0xe5, 0xb2, 0x63, 0xaa, 0x02, 0xa1, 0xe3, 0x99, 0xe4, 0x99, 0xe4,
  0x99, 0xe4, 0x99, 0xe4, 0x99, 0xe4, 0x99, 0xe4, 0x99, 0xe4, 0x99, 0xe4,
  0xa2, 0x05, 0xa2, 0x05, 0xa2, 0x05, 0xa2, 0x05, 0xa2, 0x05, 0xa2, 0x05,
  0xa2, 0x05, 0xa2, 0x05, 0xba, 0x23, 0xba, 0x64, 0xc2, 0x85, 0xd2, 0xe6,
  0xdb, 0x27, 0xe3, 0x89, 0xeb, 0xca, 0xeb, 0xca, 0xfc, 0x8d, 0xfc, 0xce,
  0xfc, 0xad, 0xfc, 0xad, 0xfc, 0xad, 0xfc, 0xad, 0xfc, 0xad, 0xfc, 0xae,
  0xfc, 0xcd, 0xfd, 0x0c, 0xfd, 0x0d, 0xfd, 0x0d, 0xfd, 0x0d, 0xfd, 0x0d,
  0xfd, 0x2d, 0xfd, 0x4d, 0xfd, 0x2c, 0xf5, 0x2c, 0xfd, 0x4c, 0xf5, 0x6d,
  0xfd, 0xad, 0xfd, 0xce, 0xfd, 0xee, 0xfe, 0x0f, 0xfe, 0x2f, 0xfe, 0x91,
  0xfe, 0x91, 0xfe, 0x91, 0xfe, 0x91, 0xfe, 0x91, 0xfe, 0x91, 0xfe, 0x91,
  0xfe, 0xb2, 0xfe, 0x71, 0xfe, 0x30, 0xfe, 0x30, 0xfe, 0x0f, 0xfd, 0xef,
  0x00, 0x00, 0x00, 0x00, 0x00, 0x00, 0x00, 0x00, 0x00, 0x00, 0x00, 0x00,
  0x00, 0x00, 0x00, 0x00, 0x00, 0x00, 0x00, 0x00, 0x00, 0x00, 0x00, 0x00,
  0x00, 0x00, 0x00, 0x00, 0x00, 0x00, 0x00, 0x00, 0x00, 0x00, 0x00, 0x00,
  0x00, 0x00, 0x00, 0x00, 0x00, 0x00, 0x00, 0x00, 0x00, 0x00, 0x00, 0x00,
  0x00, 0x00, 0x00, 0x00, 0x00, 0x00, 0x00, 0x00, 0x00, 0x00, 0x00, 0x00,
  0x00, 0x00, 0x00, 0x00, 0x00, 0x00, 0x00, 0x00, 0x00, 0x00, 0x69, 0x20,
  0x60, 0xe0, 0x79, 0x81, 0x92, 0x24, 0xa2, 0x45, 0xb2, 0xa6, 0xba, 0xe7,
  0xba, 0xc7, 0xba, 0xa7, 0xb2, 0x66, 0xb2, 0x66, 0xaa, 0xe7, 0xaa, 0xc7,
  0xa2, 0xa6, 0x9a, 0x86, 0x9a, 0x45, 0x92, 0x24, 0x92, 0x24, 0x92, 0x04,
  0x89, 0xc3, 0x89, 0xe3, 0x8a, 0x04, 0x92, 0x24, 0x9a, 0x45, 0x9a, 0x86,
  0xa2, 0x86, 0xa2, 0xa6, 0xa2, 0xa7, 0xa2, 0xa7, 0x9a, 0xa7, 0x9a, 0xa7,
  0x9a, 0xa7, 0x9a, 0xa7, 0x9a, 0xa7, 0xa2, 0xc7, 0x92, 0x66, 0x8a, 0x25,
  0x8a, 0x45, 0x8a, 0x45, 0x8a, 0x45, 0x8a, 0x45, 0x8a, 0x45, 0x92, 0x65,
  0x8a, 0x25, 0x79, 0xa3, 0x79, 0xe4, 0x82, 0x04, 0x82, 0x25, 0x8a, 0x46,
  0x92, 0x86, 0x92, 0x87, 0x9a, 0xc8, 0xd4, 0x8f, 0xd4, 0x8f, 0xdc, 0xaf,
  0xdc, 0xd0, 0xe5, 0x11, 0xed, 0x31, 0xed, 0x52, 0xed, 0x92, 0xfc, 0x0f,
  0xfc, 0x0f, 0xfc, 0x91, 0xfc, 0xf2, 0xfd, 0x53, 0xfd, 0x53, 0xfd, 0x52,
  0xfc, 0xf1, 0xfe, 0x35, 0xff, 0x38, 0xff, 0x38, 0xff, 0x79, 0xff, 0xb9,
  0xff, 0xfa, 0xff, 0xfa, 0xff, 0xfb, 0xff, 0xfb, 0xff, 0xfa, 0xff, 0xfa,
  0xff, 0xfa, 0xff, 0xfa, 0xff, 0xfa, 0xff, 0xfa, 0xff, 0xfa, 0xff, 0xfa,
  0xff, 0xfc, 0xff, 0xfc, 0xff, 0xfc, 0xff, 0xfc, 0xff, 0xfc, 0xff, 0xfc,
  0xff, 0xfc, 0xff, 0xfc, 0xff, 0xfa, 0xff, 0xfa, 0xff, 0xfa, 0xff, 0xfa,
  0xff, 0xfa, 0xff, 0xfa, 0xff, 0xfa, 0xff, 0xfa, 0xff, 0xfa, 0xff, 0xfa,
  0xff, 0xfa, 0xff, 0xfa, 0xff, 0xfa, 0xff, 0xfa, 0xff, 0xfa, 0xff, 0xfb,
  0xff, 0xf9, 0xff, 0xf6, 0xff, 0xd6, 0xff, 0x75, 0xfe, 0xf3, 0xfe, 0x72,
  0xfe, 0x11, 0xfd, 0x90, 0xfd, 0x4f, 0xfc, 0x8d, 0xfc, 0xad, 0xfc, 0xad,
  0xfc, 0xad, 0xfc, 0xcd, 0xfc, 0xcd, 0xfc, 0xed, 0xfc, 0xed, 0xfd, 0x6f,
  0xfd, 0x6f, 0xfd, 0x6f, 0xfd, 0x6f, 0xfd, 0x6f, 0xfd, 0x6f, 0xfd, 0x6f,
  0xfd, 0x6f, 0xfd, 0x90, 0xfd, 0x6f, 0xfd, 0x0e, 0xfc, 0x6c, 0xe3, 0xa9,
  0xcb, 0x06, 0xb2, 0x64, 0xaa, 0x02, 0xa1, 0xe3, 0x99, 0xe4, 0x99, 0xe4,
  0x99, 0xe4, 0x99, 0xe4, 0x99, 0xe4, 0x99, 0xe4, 0x99, 0xe4, 0x99, 0xe4,
  0xa2, 0x05, 0xa2, 0x05, 0xa2, 0x05, 0xa2, 0x05, 0xa2, 0x05, 0xa2, 0x05,
  0xa2, 0x05, 0xa2, 0x05, 0xba, 0x44, 0xc2, 0x64, 0xc2, 0xa5, 0xd2, 0xe6,
  0xdb, 0x28, 0xe3, 0x89, 0xeb, 0xaa, 0xeb, 0xca, 0xfc, 0x8d, 0xfc, 0xce,
  0xfc, 0xad, 0xfc, 0xad, 0xfc, 0xad, 0xfc, 0xad, 0xfc, 0xad, 0xfc, 0xae,
  0xfc, 0xcd, 0xfd, 0x0c, 0xfd, 0x0d, 0xfd, 0x0d, 0xfd, 0x0d, 0xfd, 0x0d,
  0xfd, 0x2d, 0xfd, 0x4d, 0xfd, 0x2c, 0xf5, 0x2c, 0xfd, 0x4d, 0xf5, 0x6d,
  0xfd, 0xae, 0xfd, 0xce, 0xfd, 0xef, 0xfe, 0x0f, 0xfe, 0x2f, 0xfe, 0x91,
  0xfe, 0x91, 0xfe, 0x91, 0xfe, 0x91, 0xfe, 0x91, 0xfe, 0x91, 0xfe, 0x91,
  0xfe, 0xb2, 0xfe, 0x51, 0xfe, 0x30, 0xfe, 0x30, 0xfe, 0x0f, 0xfd, 0xef,
  0xf5, 0xce, 0x00, 0x00, 0x00, 0x00, 0x00, 0x00, 0x00, 0x00, 0x00, 0x00,
  0x00, 0x00, 0x00, 0x00, 0x00, 0x00, 0x00, 0x00, 0x00, 0x00, 0x00, 0x00,
  0x00, 0x00, 0x00, 0x00, 0x00, 0x00, 0x00, 0x00, 0x00, 0x00, 0x00, 0x00,
  0x00, 0x00, 0x00, 0x00, 0x00, 0x00, 0x00, 0x00, 0x00, 0x00, 0x00, 0x00,
  0x00, 0x00, 0x00, 0x00, 0x00, 0x00, 0x00, 0x00, 0x00, 0x00, 0x00, 0x00,
  0x00, 0x00, 0x00, 0x00, 0x00, 0x00, 0x00, 0x00, 0x71, 0xa1, 0x71, 0x81,
  0x71, 0x81, 0x71, 0x81, 0x79, 0x81, 0x81, 0xc2, 0x8a, 0x03, 0x92, 0x44,
  0xa2, 0x85, 0xa2, 0xa6, 0xaa, 0xc6, 0xaa, 0xa6, 0xa2, 0x86, 0xa2, 0x86,
  0xa2, 0x86, 0xa2, 0x65, 0xa2, 0x65, 0xa2, 0x65, 0xa2, 0x65, 0x9a, 0x45,
  0xa2, 0x65, 0xa2, 0x65, 0xa2, 0x65, 0xa2, 0x65, 0xa2, 0x86, 0xa2, 0x86,
  0xa2, 0x86, 0xaa, 0x86, 0x92, 0xe6, 0x8a, 0xe6, 0x92, 0xe6, 0x92, 0xe6,
  0x92, 0xc6, 0x92, 0xc6, 0x92, 0xc6, 0x9a, 0xc6, 0x92, 0x65, 0x8a, 0x24,
  0x8a, 0x24, 0x8a, 0x04, 0x89, 0xe4, 0x89, 0xe3, 0x89, 0xc3, 0x89, 0xa3,
  0x91, 0xe3, 0xb2, 0x65, 0xb2, 0x65, 0xba, 0xa6, 0xc3, 0x07, 0xcb, 0x49,
  0xd3, 0x8a, 0xdb, 0xaa, 0xdb, 0xeb, 0xf4, 0xae, 0xf4, 0xae, 0xf4, 0xae,
  0xf4, 0xce, 0xfc, 0xcf, 0xfc, 0xcf, 0xfc, 0xef, 0xfc, 0xef, 0xfc, 0x4e,
  0xfc, 0x4e, 0xfc, 0x8f, 0xfc, 0xd0, 0xfc, 0xf0, 0xfd, 0x11, 0xfd, 0x31,
  0xfd, 0x10, 0xfd, 0xf3, 0xfe, 0x95, 0xfe, 0x95, 0xfe, 0xb5, 0xfe, 0xd5,
  0xfe, 0xd6, 0xfe, 0xf6, 0xfe, 0xf6, 0xff, 0x37, 0xff, 0xb9, 0xff, 0xb8,
  0xff, 0xb9, 0xff, 0xd9, 0xff, 0xfa, 0xff, 0xfa, 0xff, 0xfa, 0xff, 0xfa,
  0xff, 0xfa, 0xff, 0xfa, 0xff, 0xfa, 0xff, 0xfa, 0xff, 0xfa, 0xff, 0xfa,
  0xff, 0xfa, 0xff, 0xfa, 0xff, 0xfd, 0xff, 0xfd, 0xff, 0xfd, 0xff, 0xfd,
  0xff, 0xfd, 0xff, 0xfd, 0xff, 0xfd, 0xff, 0xfd, 0xff, 0xfd, 0xff, 0xfd,
  0xff, 0xfd, 0xff, 0xfd, 0xff, 0xfd, 0xff, 0xfd, 0xff, 0xfd, 0xff, 0xfe,
  0xff, 0xfb, 0xff, 0xd7, 0xff, 0xb7, 0xff, 0x77, 0xff, 0x36, 0xfe, 0xf5,
  0xfe, 0xb4, 0xfe, 0x94, 0xfe, 0x33, 0xfd, 0x4f, 0xfd, 0x4f, 0xfd, 0x2f,
  0xfd, 0x0f, 0xfd, 0x0f, 0xfc, 0xee, 0xfc, 0xce, 0xfc, 0xce, 0xfd, 0x2f,
  0xfd, 0x2f, 0xfd, 0x2f, 0xfd, 0x2f, 0xfd, 0x2f, 0xfd, 0x2f, 0xfd, 0x2f,
  0xfd, 0x2f, 0xfd, 0x2f, 0xfc, 0xee, 0xfc, 0x6c, 0xe3, 0xa9, 0xcb, 0x06,
  0xba, 0x64, 0xb2, 0x23, 0xa9, 0xe2, 0xa1, 0xe3, 0x99, 0xe4, 0x99, 0xe4,
  0x99, 0xe4, 0x99, 0xe4, 0x99, 0xe4, 0x99, 0xe4, 0x99, 0xe4, 0xa1, 0xe4,
  0xa2, 0x05, 0xa2, 0x05, 0xa2, 0x05, 0xa2, 0x05, 0xa2, 0x05, 0xa2, 0x05,
  0xa2, 0x05, 0xa2, 0x05, 0xba, 0x23, 0xc2, 0x43, 0xca, 0xa4, 0xdb, 0x06,
  0xe3, 0x68, 0xf3, 0xea, 0xfc, 0x4b, 0xfc, 0x6c, 0xfc, 0xcd, 0xfc, 0xcd,
  0xfc, 0xcd, 0xfc, 0xcd, 0xfc, 0xcd, 0xfc, 0xcd, 0xfc, 0xcd, 0xfc, 0xcd,
  0xfc, 0xed, 0xfc, 0xec, 0xfc, 0xec, 0xfd, 0x0c, 0xfd, 0x0c, 0xfd, 0x0c,
  0xfd, 0x0c, 0xfd, 0x2c, 0xfd, 0x2c, 0xf5, 0x0c, 0xfd, 0x2c, 0xf5, 0x6c,
  0xfd, 0x8d, 0xfd, 0xad, 0xfd, 0xce, 0xfd, 0xee, 0xfe, 0x0f, 0xfe, 0xb1,
  0xfe, 0xb1, 0xfe, 0xb1, 0xfe, 0xb1, 0xfe, 0xb1, 0xfe, 0xb1, 0xfe, 0xb1,
  0xfe, 0xb1, 0xfe, 0x71, 0xfe, 0x70, 0xfe, 0x50, 0xfe, 0x2f, 0xfe, 0x0f,
  0xfd, 0xee, 0xf5, 0xce, 0x00, 0x00, 0x00, 0x00, 0x00, 0x00, 0x00, 0x00,
  0x00, 0x00, 0x00, 0x00, 0x00, 0x00, 0x00, 0x00, 0x00, 0x00, 0x00, 0x00,
  0x00, 0x00, 0x00, 0x00, 0x00, 0x00, 0x00, 0x00, 0x00, 0x00, 0x00, 0x00,
  0x00, 0x00, 0x00, 0x00, 0x00, 0x00, 0x00, 0x00, 0x00, 0x00, 0x00, 0x00,
  0x00, 0x00, 0x00, 0x00, 0x00, 0x00, 0x00, 0x00, 0x00, 0x00, 0x00, 0x00,
  0x00, 0x00, 0x00, 0x00, 0x00, 0x00, 0x00, 0x00, 0x79, 0xc2, 0x79, 0xc2,
  0x81, 0xc2, 0x71, 0x81, 0x69, 0x20, 0x71, 0x60, 0x79, 0xc1, 0x82, 0x03,
  0x8a, 0x64, 0x9a, 0xa5, 0xa3, 0x06, 0xa2, 0xe6, 0xa2, 0x65, 0xa2, 0x65,
  0xa2, 0x65, 0xa2, 0x65, 0xa2, 0x65, 0xa2, 0x85, 0xa2, 0x85, 0xa2, 0x85,
  0xaa, 0xa6, 0xaa, 0xa6, 0xaa, 0xa6, 0xaa, 0xa6, 0xaa, 0xa6, 0xaa, 0xa6,
  0xaa, 0xa6, 0xaa, 0x86, 0x8a, 0xe6, 0x83, 0x06, 0x8b, 0x06, 0x8b, 0x06,
  0x8a, 0xe6, 0x8a, 0xe6, 0x92, 0xc6, 0x92, 0xe6, 0x8a, 0x65, 0x8a, 0x24,
  0x8a, 0x04, 0x89, 0xe3, 0x89, 0xc3, 0x89, 0xc3, 0x89, 0xa2, 0x89, 0x62,
  0x99, 0xe3, 0xd2, 0xe6, 0xca, 0xe6, 0xdb, 0x28, 0xe3, 0x89, 0xeb, 0xca,
  0xf4, 0x2b, 0xfc, 0x4c, 0xfc, 0x6d, 0xfc, 0xae, 0xfc, 0xae, 0xfc, 0xae,
  0xfc, 0xad, 0xfc, 0xad, 0xfc, 0xad, 0xfc, 0xad, 0xfc, 0xad, 0xfc, 0x6e,
  0xfc, 0x6e, 0xfc, 0x8e, 0xfc, 0xae, 0xfc, 0xcf, 0xfd, 0x10, 0xfd, 0x30,
  0xfd, 0x30, 0xfd, 0xf3, 0xfe, 0x54, 0xfe, 0x53, 0xfe, 0x54, 0xfe, 0x54,
  0xfe, 0x53, 0xfe, 0x53, 0xfe, 0x53, 0xfe, 0xb5, 0xff, 0x77, 0xff, 0x77,
  0xff, 0x98, 0xff, 0xb8, 0xff, 0xd9, 0xff, 0xfa, 0xff, 0xfa, 0xff, 0xfa,
  0xff, 0xfa, 0xff, 0xfa, 0xff, 0xfa, 0xff, 0xfa, 0xff, 0xfa, 0xff, 0xfa,
  0xff, 0xfa, 0xff, 0xf9, 0xff, 0xfe, 0xff, 0xff, 0xff, 0xff, 0xff, 0xff,
  0xff, 0xff, 0xff, 0xff, 0xff, 0xff, 0xff, 0xff, 0xff, 0xfe, 0xff, 0xfe,
  0xff, 0xfe, 0xff, 0xfe, 0xff, 0xfe, 0xff, 0xfe, 0xff, 0xfe, 0xff, 0xff,
  0xff, 0xfc, 0xff, 0xb7, 0xff, 0x98, 0xff, 0x77, 0xff, 0x57, 0xff, 0x36,
  0xff, 0x16, 0xfe, 0xf6, 0xfe, 0xb5, 0xfd, 0xb1, 0xfd, 0xb1, 0xfd, 0x71,
  0xfd, 0x50, 0xfd, 0x30, 0xfc, 0xef, 0xfc, 0xce, 0xf4, 0xce, 0xfd, 0x0f,
  0xfd, 0x0f, 0xfd, 0x0f, 0xfd, 0x0f, 0xfd, 0x0f, 0xfd, 0x0f, 0xfd, 0x0f,
  0xfd, 0x0f, 0xfd, 0x0f, 0xfc, 0xad, 0xf4, 0x0b, 0xdb, 0x48, 0xc2, 0xa5,
  0xb2, 0x23, 0xaa, 0x02, 0xa9, 0xe2, 0xa1, 0xe3, 0x99, 0xe4, 0xa1, 0xe4,
  0xa1, 0xe4, 0xa1, 0xe4, 0xa1, 0xe4, 0xa1, 0xe4, 0xa1, 0xe4, 0xa1, 0xe4,
  0xa2, 0x05, 0xa2, 0x05, 0xa2, 0x05, 0xa2, 0x05, 0xa2, 0x05, 0xa2, 0x05,
  0xa2, 0x05, 0xa2, 0x05, 0xba, 0x02, 0xc2, 0x22, 0xca, 0xa4, 0xdb, 0x06,
  0xeb, 0xa8, 0xfc, 0x2a, 0xfc, 0x8c, 0xfc, 0xcd, 0xfc, 0xed, 0xfc, 0xed,
  0xfc, 0xed, 0xfc, 0xed, 0xfc, 0xed, 0xfc, 0xed, 0xfc, 0xed, 0xfc, 0xed,
  0xfc, 0xed, 0xfc, 0xec, 0xfc, 0xec, 0xfc, 0xec, 0xfd, 0x0c, 0xfd, 0x0c,
  0xfd, 0x0c, 0xfd, 0x2c, 0xfd, 0x0c, 0xf5, 0x0b, 0xf5, 0x2c, 0xf5, 0x4c,
  0xfd, 0x6d, 0xfd, 0xad, 0xfd, 0xce, 0xfd, 0xee, 0xfe, 0x0e, 0xfe, 0xb1,
  0xfe, 0xb1, 0xfe, 0xb1, 0xfe, 0xb1, 0xfe, 0xb1, 0xfe, 0xb1, 0xfe, 0xb1,
  0xfe, 0xb1, 0xfe, 0x91, 0xfe, 0x70, 0xfe, 0x70, 0xfe, 0x50, 0xfe, 0x2f,
  0xfe, 0x0e, 0xf5, 0xee, 0x00, 0x00, 0x00, 0x00, 0x00, 0x00, 0x00, 0x00,
  0x00, 0x00, 0x00, 0x00, 0x00, 0x00, 0x00, 0x00, 0x00, 0x00, 0x00, 0x00,
  0x00, 0x00, 0x00, 0x00, 0x00, 0x00, 0x00, 0x00, 0x00, 0x00, 0x00, 0x00,
  0x00, 0x00, 0x00, 0x00, 0x00, 0x00, 0x00, 0x00, 0x00, 0x00, 0x00, 0x00,
  0x00, 0x00, 0x00, 0x00, 0x00, 0x00, 0x00, 0x00, 0x00, 0x00, 0x00, 0x00,
  0x00, 0x00, 0x00, 0x00, 0x00, 0x00, 0x79, 0xa1, 0x79, 0xa1, 0x79, 0xa1,
  0x79, 0xc2, 0x71, 0x81, 0x69, 0x40, 0x71, 0x81, 0x81, 0xc2, 0x8a, 0x03,
  0x92, 0x64, 0x9a, 0xa5, 0xa2, 0xe6, 0xa2, 0xc6, 0xa2, 0x65, 0xa2, 0x65,
  0xa2, 0x65, 0xa2, 0x65, 0xa2, 0x65, 0xa2, 0x65, 0xa2, 0x65, 0xa2, 0x65,
  0xaa, 0xa6, 0xaa, 0xa6, 0xaa, 0xa6, 0xaa, 0xa6, 0xaa, 0xa6, 0xaa, 0xa6,
  0xaa, 0xa6, 0xaa, 0x86, 0x92, 0xe6, 0x8b, 0x06, 0x8a, 0xe6, 0x8a, 0xe6,
  0x92, 0xe6, 0x92, 0xe6, 0x92, 0xc6, 0x9a, 0xc6, 0x92, 0x65, 0x8a, 0x24,
  0x92, 0x24, 0x92, 0x24, 0x92, 0x24, 0x9a, 0x04, 0x9a, 0x04, 0x99, 0xe4,
  0xaa, 0x45, 0xd3, 0x28, 0xd3, 0x28, 0xdb, 0x69, 0xe3, 0xaa, 0xeb, 0xeb,
  0xf4, 0x2c, 0xfc, 0x4c, 0xfc, 0x6d, 0xfc, 0xae, 0xfc, 0xae, 0xfc, 0xae,
  0xfc, 0xae, 0xfc, 0xae, 0xfc, 0xae, 0xfc, 0xae, 0xfc, 0xae, 0xfc, 0x6e,
  0xfc, 0x6e, 0xfc, 0x8e, 0xfc, 0xaf, 0xfc, 0xef, 0xfd, 0x10, 0xfd, 0x30,
  0xfd, 0x30, 0xfd, 0xf3, 0xfe, 0x54, 0xfe, 0x54, 0xfe, 0x74, 0xfe, 0x74,
  0xfe, 0x74, 0xfe, 0x74, 0xfe, 0x74, 0xfe, 0xd5, 0xff, 0x77, 0xff, 0x57,
  0xff, 0x98, 0xff, 0xb8, 0xff, 0xd9, 0xff, 0xf9, 0xff, 0xfa, 0xff, 0xfa,
  0xff, 0xfa, 0xff, 0xfa, 0xff, 0xfa, 0xff, 0xfa, 0xff, 0xfa, 0xff, 0xfa,
  0xff, 0xfa, 0xff, 0xf9, 0xff, 0xfd, 0xff, 0xfe, 0xff, 0xfe, 0xff, 0xfe,
  0xff, 0xfe, 0xff, 0xfe, 0xff, 0xfe, 0xff, 0xfe, 0xff, 0xfd, 0xff, 0xfd,
  0xff, 0xfd, 0xff, 0xfd, 0xff, 0xfd, 0xff, 0xfd, 0xff, 0xfd, 0xff, 0xfe,
  0xff, 0xfb, 0xff, 0xb7, 0xff, 0x98, 0xff, 0x77, 0xff, 0x57, 0xff, 0x36,
  0xfe, 0xf5, 0xfe, 0xd5, 0xfe, 0x94, 0xfd, 0xb1, 0xfd, 0xb1, 0xfd, 0x91,
  0xfd, 0x70, 0xfd, 0x30, 0xfd, 0x0f, 0xfc, 0xef, 0xfc, 0xef, 0xfd, 0x2f,
  0xfd, 0x2f, 0xfd, 0x2f, 0xfd, 0x2f, 0xfd, 0x2f, 0xfd, 0x2f, 0xfd, 0x2f,
  0xfd, 0x2f, 0xfd, 0x0f, 0xfc, 0xcd, 0xf4, 0x2b, 0xdb, 0x68, 0xc2, 0xc5,
  0xb2, 0x23, 0xb2, 0x03, 0xa9, 0xe2, 0xa1, 0xe3, 0x99, 0xe4, 0xa1, 0xe4,
  0xa1, 0xe4, 0xa1, 0xe4, 0xa1, 0xe4, 0xa1, 0xe4, 0xa1, 0xe4, 0xa1, 0xe4,
  0xa2, 0x05, 0xa2, 0x05, 0xa2, 0x05, 0xa2, 0x05, 0xa2, 0x05, 0xa2, 0x05,
  0xa2, 0x05, 0xa2, 0x05, 0xba, 0x02, 0xc2, 0x43, 0xca, 0xa4, 0xdb, 0x06,
  0xeb, 0x88, 0xfc, 0x0a, 0xfc, 0x6b, 0xfc, 0xac, 0xfc, 0xcd, 0xfc, 0xed,
  0xfc, 0xed, 0xfc, 0xed, 0xfc, 0xed, 0xfc, 0xed, 0xfc, 0xed, 0xfc, 0xed,
  0xfc, 0xed, 0xfc, 0xec, 0xfc, 0xec, 0xfc, 0xec, 0xfd, 0x0c, 0xfd, 0x0c,
  0xfd, 0x0c, 0xfd, 0x2c, 0xfd, 0x0c, 0xf5, 0x0b, 0xf5, 0x2c, 0xf5, 0x4c,
  0xfd, 0x6d, 0xfd, 0xad, 0xfd, 0xce, 0xfd, 0xee, 0xfe, 0x0e, 0xfe, 0xb1,
  0xfe, 0xb1, 0xfe, 0xb1, 0xfe, 0xb1, 0xfe, 0xb1, 0xfe, 0xb1, 0xfe, 0xb1,
  0xfe, 0xb1, 0xfe, 0x91, 0xfe, 0x70, 0xfe, 0x70, 0xfe, 0x50, 0xfe, 0x2f,
  0xfd, 0xee, 0xf5, 0xee, 0xf5, 0xae, 0x00, 0x00, 0x00, 0x00, 0x00, 0x00,
  0x00, 0x00, 0x00, 0x00, 0x00, 0x00, 0x00, 0x00, 0x00, 0x00, 0x00, 0x00,
  0x00, 0x00, 0x00, 0x00, 0x00, 0x00, 0x00, 0x00, 0x00, 0x00, 0x00, 0x00,
  0x00, 0x00, 0x00, 0x00, 0x00, 0x00, 0x00, 0x00, 0x00, 0x00, 0x00, 0x00,
  0x00, 0x00, 0x00, 0x00, 0x00, 0x00, 0x00, 0x00, 0x00, 0x00, 0x00, 0x00,
  0x00, 0x00, 0x00, 0x00, 0x00, 0x00, 0x79, 0xa1, 0x79, 0xa1, 0x79, 0xa1,
  0x79, 0xc2, 0x71, 0x81, 0x69, 0x40, 0x71, 0x81, 0x79, 0xc2, 0x8a, 0x03,
  0x92, 0x64, 0x9a, 0xa5, 0xa2, 0xe6, 0xa2, 0xc6, 0xa2, 0x65, 0xa2, 0x65,
  0xa2, 0x65, 0xa2, 0x65, 0xa2, 0x65, 0xa2, 0x65, 0xa2, 0x65, 0xa2, 0x65,
  0xaa, 0xa6, 0xaa, 0xa6, 0xaa, 0xa6, 0xaa, 0xa6, 0xaa, 0xa6, 0xaa, 0xa6,
  0xaa, 0xa6, 0xaa, 0x86, 0x92, 0xe6, 0x8b, 0x06, 0x8a, 0xe6, 0x8a, 0xe6,
  0x92, 0xe6, 0x92, 0xe6, 0x92, 0xc6, 0x9a, 0xc6, 0x92, 0x65, 0x92, 0x44,
  0x92, 0x45, 0x9a, 0x65, 0xa2, 0x65, 0xaa, 0x86, 0xaa, 0xa6, 0xaa, 0x86,
  0xc2, 0xe7, 0xe3, 0xaa, 0xe3, 0xaa, 0xeb, 0xca, 0xf4, 0x0b, 0xfc, 0x4c,
  0xfc, 0x6d, 0xfc, 0x8d, 0xfc, 0xae, 0xfc, 0xae, 0xfc, 0xae, 0xfc, 0xae,
  0xfc, 0xae, 0xfc, 0xae, 0xfc, 0xae, 0xfc, 0xae, 0xfc, 0xae, 0xfc, 0x6e,
  0xfc, 0x6e, 0xfc, 0x8e, 0xfc, 0xaf, 0xfc, 0xef, 0xfd, 0x10, 0xfd, 0x30,
  0xfd, 0x30, 0xfd, 0xf3, 0xfe, 0x54, 0xfe, 0x54, 0xfe, 0x74, 0xfe, 0x74,
  0xfe, 0x74, 0xfe, 0x74, 0xfe, 0x74, 0xfe, 0xb5, 0xff, 0x57, 0xff, 0x57,
  0xff, 0x57, 0xff, 0x98, 0xff, 0xb8, 0xff, 0xd9, 0xff, 0xd9, 0xff, 0xf9,
  0xff, 0xfa, 0xff, 0xfa, 0xff, 0xfa, 0xff, 0xfa, 0xff, 0xfa, 0xff, 0xfa,
  0xff, 0xfa, 0xff, 0xfa, 0xff, 0xfd, 0xff, 0xfd, 0xff, 0xfd, 0xff, 0xfd,
  0xff, 0xfd, 0xff, 0xfd, 0xff, 0xfd, 0xff, 0xfd, 0xff, 0xfd, 0xff, 0xfd,
  0xff, 0xfd, 0xff, 0xfd, 0xff, 0xfd, 0xff, 0xfd, 0xff, 0xfc, 0xff, 0xfd,
  0xff, 0xfb, 0xff, 0xb7, 0xff, 0x98, 0xff, 0x77, 0xff, 0x57, 0xff, 0x36,
  0xfe, 0xf5, 0xfe, 0xd5, 0xfe, 0xb5, 0xfd, 0xd2, 0xfd, 0xd2, 0xfd, 0xb1,
  0xfd, 0x91, 0xfd, 0x50, 0xfd, 0x30, 0xfd, 0x0f, 0xfc, 0xef, 0xfd, 0x2f,
  0xfd, 0x2f, 0xfd, 0x2f, 0xfd, 0x2f, 0xfd, 0x2f, 0xfd, 0x2f, 0xfd, 0x2f,
  0xfd, 0x2f, 0xfd, 0x0f, 0xfc, 0xcd, 0xf4, 0x2b, 0xdb, 0x68, 0xc2, 0xa5,
  0xb2, 0x23, 0xb2, 0x03, 0xa9, 0xe2, 0xa1, 0xe3, 0x99, 0xe4, 0xa1, 0xe4,
  0xa1, 0xe4, 0xa1, 0xe4, 0xa1, 0xe4, 0xa1, 0xe4, 0xa1, 0xe4, 0xa1, 0xe4,
  0xa2, 0x05, 0xa2, 0x05, 0xa2, 0x05, 0xa2, 0x05, 0xa2, 0x05, 0xa2, 0x05,
  0xa2, 0x05, 0xa2, 0x05, 0xba, 0x02, 0xc2, 0x43, 0xca, 0xa4, 0xdb, 0x06,
  0xeb, 0x88, 0xfc, 0x0a, 0xfc, 0x6b, 0xfc, 0xac, 0xfc, 0xcd, 0xfc, 0xed,
  0xfc, 0xed, 0xfc, 0xed, 0xfc, 0xed, 0xfc, 0xed, 0xfc, 0xed, 0xfc, 0xed,
  0xfc, 0xed, 0xfc, 0xec, 0xfc, 0xec, 0xfc, 0xec, 0xfd, 0x0c, 0xfd, 0x0c,
  0xfd, 0x0c, 0xfd, 0x2c, 0xfd, 0x0c, 0xf5, 0x0b, 0xf5, 0x2c, 0xf5, 0x4c,
  0xfd, 0x6d, 0xfd, 0xad, 0xfd, 0xce, 0xfd, 0xee, 0xfe, 0x0e, 0xfe, 0xb1,
  0xfe, 0xb1, 0xfe, 0xb1, 0xfe, 0xb1, 0xfe, 0xb1, 0xfe, 0xb1, 0xfe, 0xb1,
  0xfe, 0xb1, 0xfe, 0x91, 0xfe, 0x70, 0xfe, 0x70, 0xfe, 0x50, 0xfe, 0x2f,
  0xfd, 0xee, 0xf5, 0xee, 0xf5, 0xae, 0x00, 0x00, 0x00, 0x00, 0x00, 0x00,
  0x00, 0x00, 0x00, 0x00, 0x00, 0x00, 0x00, 0x00, 0x00, 0x00, 0x00, 0x00,
  0x00, 0x00, 0x00, 0x00, 0x00, 0x00, 0x00, 0x00, 0x00, 0x00, 0x00, 0x00,
  0x00, 0x00, 0x00, 0x00, 0x00, 0x00, 0x00, 0x00, 0x00, 0x00, 0x00, 0x00,
  0x00, 0x00, 0x00, 0x00, 0x00, 0x00, 0x00, 0x00, 0x00, 0x00, 0x00, 0x00,
  0x00, 0x00, 0x00, 0x00, 0x79, 0xa1, 0x79, 0xa1, 0x79, 0xa1, 0x79, 0xa1,
  0x79, 0xc2, 0x71, 0x81, 0x69, 0x40, 0x71, 0x81, 0x79, 0xc2, 0x8a, 0x03,
  0x92, 0x64, 0x9a, 0xa5, 0xa2, 0xe6, 0xa2, 0xc6, 0xa2, 0x65, 0xa2, 0x65,
  0xa2, 0x65, 0xa2, 0x65, 0xa2, 0x65, 0xa2, 0x65, 0xa2, 0x65, 0xa2, 0x65,
  0xaa, 0xa6, 0xaa, 0xa6, 0xaa, 0xa6, 0xaa, 0xa6, 0xaa, 0xa6, 0xaa, 0xa6,
  0xaa, 0xa6, 0xaa, 0x86, 0x92, 0xe6, 0x8a, 0xe6, 0x92, 0xe6, 0x92, 0xe6,
  0x92, 0xc6, 0x92, 0xc6, 0x9a, 0xc6, 0x9a, 0xc6, 0x9a, 0x85, 0x9a, 0x45,
  0xa2, 0x65, 0xaa, 0xa6, 0xb2, 0xc7, 0xba, 0xe8, 0xc3, 0x29, 0xc3, 0x49,
  0xdb, 0xaa, 0xfc, 0x4c, 0xf4, 0x2c, 0xfc, 0x4c, 0xfc, 0x6d, 0xfc, 0xad,
  0xfc, 0xae, 0xfc, 0xce, 0xfc, 0xce, 0xfc, 0xae, 0xfc, 0xae, 0xfc, 0xae,
  0xfc, 0xae, 0xfc, 0xae, 0xfc, 0xae, 0xfc, 0xae, 0xfc, 0xae, 0xfc, 0x6e,
  0xfc, 0x6e, 0xfc, 0x8e, 0xfc, 0xaf, 0xfc, 0xef, 0xfd, 0x10, 0xfd, 0x30,
  0xfd, 0x30, 0xfd, 0xf3, 0xfe, 0x54, 0xfe, 0x54, 0xfe, 0x74, 0xfe, 0x74,
  0xfe, 0x74, 0xfe, 0x74, 0xfe, 0x74, 0xfe, 0xb5, 0xff, 0x16, 0xff, 0x16,
  0xff, 0x37, 0xff, 0x57, 0xff, 0x78, 0xff, 0x98, 0xff, 0xb9, 0xff, 0xd9,
  0xff, 0xfa, 0xff, 0xfa, 0xff, 0xfa, 0xff, 0xfa, 0xff, 0xfa, 0xff, 0xfa,
  0xff, 0xfa, 0xff, 0xfa, 0xff, 0xfc, 0xff, 0xfc, 0xff, 0xfc, 0xff, 0xfc,
  0xff, 0xfc, 0xff, 0xfc, 0xff, 0xfc, 0xff, 0xfc, 0xff, 0xfc, 0xff, 0xfc,
  0xff, 0xfc, 0xff, 0xfc, 0xff, 0xfc, 0xff, 0xfc, 0xff, 0xfc, 0xff, 0xfc,
  0xff, 0xfa, 0xff, 0xb7, 0xff, 0x98, 0xff, 0x77, 0xff, 0x57, 0xff, 0x36,
  0xff, 0x15, 0xfe, 0xd5, 0xfe, 0xb5, 0xfd, 0xf2, 0xfd, 0xf2, 0xfd, 0xd2,
  0xfd, 0xb1, 0xfd, 0x71, 0xfd, 0x50, 0xfd, 0x30, 0xfd, 0x0f, 0xfd, 0x2f,
  0xfd, 0x2f, 0xfd, 0x2f, 0xfd, 0x2f, 0xfd, 0x2f, 0xfd, 0x2f, 0xfd, 0x2f,
  0xfd, 0x2f, 0xfd, 0x0f, 0xfc, 0xcd, 0xf4, 0x2b, 0xdb, 0x68, 0xc2, 0xa5,
  0xb2, 0x23, 0xb2, 0x03, 0xa9, 0xe2, 0xa1, 0xe3, 0x99, 0xe4, 0xa1, 0xe4,
  0xa1, 0xe4, 0xa1, 0xe4, 0xa1, 0xe4, 0xa1, 0xe4, 0xa1, 0xe4, 0xa1, 0xe4,
  0xa2, 0x05, 0xa2, 0x05, 0xa2, 0x05, 0xa2, 0x05, 0xa2, 0x05, 0xa2, 0x05,
  0xa2, 0x05, 0xa2, 0x05, 0xba, 0x02, 0xc2, 0x43, 0xca, 0xa4, 0xdb, 0x06,
  0xeb, 0x88, 0xfc, 0x0a, 0xfc, 0x6b, 0xfc, 0xac, 0xfc, 0xcd, 0xfc, 0xed,
  0xfc, 0xed, 0xfc, 0xed, 0xfc, 0xed, 0xfc, 0xed, 0xfc, 0xed, 0xfc, 0xed,
  0xfc, 0xed, 0xfc, 0xec, 0xfc, 0xec, 0xfc, 0xec, 0xfd, 0x0c, 0xfd, 0x0c,
  0xfd, 0x0c, 0xfd, 0x2c, 0xfd, 0x0c, 0xf5, 0x0b, 0xf5, 0x2c, 0xf5, 0x4c,
  0xfd, 0x6d, 0xfd, 0xad, 0xfd, 0xce, 0xfd, 0xee, 0xfe, 0x0e, 0xfe, 0xb1,
  0xfe, 0xb1, 0xfe, 0xb1, 0xfe, 0xb1, 0xfe, 0xb1, 0xfe, 0xb1, 0xfe, 0xb1,
  0xfe, 0xb1, 0xfe, 0x91, 0xfe, 0x70, 0xfe, 0x70, 0xfe, 0x50, 0xfe, 0x2f,
  0xfd, 0xee, 0xf5, 0xee, 0xf5, 0xae, 0xfe, 0x2e, 0x00, 0x00, 0x00, 0x00,
  0x00, 0x00, 0x00, 0x00, 0x00, 0x00, 0x00, 0x00, 0x00, 0x00, 0x00, 0x00,
  0x00, 0x00, 0x00, 0x00, 0x00, 0x00, 0x00, 0x00, 0x00, 0x00, 0x00, 0x00,
  0x00, 0x00, 0x00, 0x00, 0x00, 0x00, 0x00, 0x00, 0x00, 0x00, 0x00, 0x00,
  0x00, 0x00, 0x00, 0x00, 0x00, 0x00, 0x00, 0x00, 0x00, 0x00, 0x00, 0x00,
  0x00, 0x00, 0x00, 0x00, 0x79, 0xa1, 0x79, 0xa1, 0x79, 0xa1, 0x79, 0xa1,
  0x79, 0xc2, 0x71, 0x81, 0x69, 0x40, 0x71, 0x81, 0x79, 0xc2, 0x8a, 0x03,
  0x92, 0x64, 0x9a, 0xa5, 0xa2, 0xe6, 0xa2, 0xc6, 0xa2, 0x65, 0xa2, 0x65,
  0xa2, 0x65, 0xa2, 0x65, 0xa2, 0x65, 0xa2, 0x65, 0xa2, 0x65, 0xa2, 0x65,
  0xaa, 0xa6, 0xaa, 0xa6, 0xaa, 0xa6, 0xaa, 0xa6, 0xaa, 0xa6, 0xaa, 0xa6,
  0xaa, 0xa6, 0xaa, 0x86, 0x92, 0xc6, 0x8a, 0xe6, 0x92, 0xe6, 0x92, 0xe6,
  0x92, 0xc6, 0x92, 0xc6, 0x9a, 0xa6, 0x9a, 0xc6, 0x9a, 0x85, 0x9a, 0x65,
  0xaa, 0xa6, 0xb2, 0xc7, 0xc3, 0x29, 0xd3, 0x8a, 0xdb, 0xcb, 0xdb, 0xec,
  0xec, 0x4d, 0xfc, 0xee, 0xfc, 0xce, 0xfc, 0xce, 0xfc, 0xef, 0xfc, 0xef,
  0xfd, 0x0f, 0xfd, 0x0f, 0xfd, 0x0f, 0xfc, 0xae, 0xfc, 0xae, 0xfc, 0xae,
  0xfc, 0xae, 0xfc, 0xae, 0xfc, 0xae, 0xfc, 0xae, 0xfc, 0xae, 0xfc, 0x6e,
  0xfc, 0x6e, 0xfc, 0x8e, 0xfc, 0xaf, 0xfc, 0xef, 0xfd, 0x10, 0xfd, 0x30,
  0xfd, 0x30, 0xfd, 0xf3, 0xfe, 0x54, 0xfe, 0x54, 0xfe, 0x74, 0xfe, 0x74,
  0xfe, 0x74, 0xfe, 0x74, 0xfe, 0x74, 0xfe, 0x94, 0xfe, 0xf6, 0xfe, 0xf6,
  0xff, 0x16, 0xff, 0x37, 0xff, 0x57, 0xff, 0x78, 0xff, 0x98, 0xff, 0x98,
  0xff, 0xfa, 0xff, 0xfa, 0xff, 0xfa, 0xff, 0xfa, 0xff, 0xfa, 0xff, 0xfa,
  0xff, 0xfa, 0xff, 0xfa, 0xff, 0xfb, 0xff, 0xfc, 0xff, 0xfb, 0xff, 0xfb,
  0xff, 0xfb, 0xff, 0xfb, 0xff, 0xfb, 0xff, 0xfb, 0xff, 0xfb, 0xff, 0xfb,
  0xff, 0xfb, 0xff, 0xfb, 0xff, 0xfb, 0xff, 0xfb, 0xff, 0xfb, 0xff, 0xfb,
  0xff, 0xda, 0xff, 0xb7, 0xff, 0x98, 0xff, 0x77, 0xff, 0x57, 0xff, 0x36,
  0xff, 0x15, 0xfe, 0xd5, 0xfe, 0xb5, 0xfe, 0x13, 0xfe, 0x13, 0xfd, 0xf2,
  0xfd, 0xd2, 0xfd, 0x91, 0xfd, 0x71, 0xfd, 0x50, 0xfd, 0x50, 0xfd, 0x2f,
  0xfd, 0x2f, 0xfd, 0x2f, 0xfd, 0x2f, 0xfd, 0x2f, 0xfd, 0x2f, 0xfd, 0x2f,
  0xfd, 0x2f, 0xfd, 0x0f, 0xfc, 0xcd, 0xf4, 0x2b, 0xdb, 0x68, 0xc2, 0xa5,
  0xb2, 0x23, 0xb2, 0x03, 0xa9, 0xe2, 0xa1, 0xe3, 0x99, 0xe4, 0xa1, 0xe4,
  0xa1, 0xe4, 0xa1, 0xe4, 0xa1, 0xe4, 0xa1, 0xe4, 0xa1, 0xe4, 0xa1, 0xe4,
  0xa2, 0x05, 0xa2, 0x05, 0xa2, 0x05, 0xa2, 0x05, 0xa2, 0x05, 0xa2, 0x05,
  0xa2, 0x05, 0xa2, 0x05, 0xba, 0x02, 0xc2, 0x43, 0xca, 0xa4, 0xdb, 0x06,
  0xeb, 0x88, 0xfc, 0x0a, 0xfc, 0x6b, 0xfc, 0xac, 0xfc, 0xcd, 0xfc, 0xed,
  0xfc, 0xed, 0xfc, 0xed, 0xfc, 0xed, 0xfc, 0xed, 0xfc, 0xed, 0xfc, 0xed,
  0xfc, 0xed, 0xfc, 0xec, 0xfc, 0xec, 0xfc, 0xec, 0xfd, 0x0c, 0xfd, 0x0c,
  0xfd, 0x0c, 0xfd, 0x2c, 0xfd, 0x0c, 0xf5, 0x0b, 0xf5, 0x2c, 0xf5, 0x4c,
  0xfd, 0x6d, 0xfd, 0xad, 0xfd, 0xce, 0xfd, 0xee, 0xfe, 0x0e, 0xfe, 0xb1,
  0xfe, 0xb1, 0xfe, 0xb1, 0xfe, 0xb1, 0xfe, 0xb1, 0xfe, 0xb1, 0xfe, 0xb1,
  0xfe, 0xb1, 0xfe, 0x91, 0xfe, 0x70, 0xfe, 0x70, 0xfe, 0x50, 0xfe, 0x2f,
  0xfd, 0xee, 0xf5, 0xee, 0xf5, 0xae, 0xfe, 0x2e, 0x00, 0x00, 0x00, 0x00,
  0x00, 0x00, 0x00, 0x00, 0x00, 0x00, 0x00, 0x00, 0x00, 0x00, 0x00, 0x00,
  0x00, 0x00, 0x00, 0x00, 0x00, 0x00, 0x00, 0x00, 0x00, 0x00, 0x00, 0x00,
  0x00, 0x00, 0x00, 0x00, 0x00, 0x00, 0x00, 0x00, 0x00, 0x00, 0x00, 0x00,
  0x00, 0x00, 0x00, 0x00, 0x00, 0x00, 0x00, 0x00, 0x00, 0x00, 0x00, 0x00,
  0x00, 0x00, 0x79, 0xa1, 0x79, 0xa1, 0x79, 0xa1, 0x79, 0xa1, 0x79, 0xa1,
  0x79, 0xc2, 0x71, 0x81, 0x69, 0x40, 0x71, 0x81, 0x79, 0xc2, 0x8a, 0x03,
  0x92, 0x64, 0x9a, 0xa5, 0xa2, 0xe6, 0xa2, 0xc6, 0xa2, 0x65, 0xa2, 0x65,
  0xa2, 0x65, 0xa2, 0x65, 0xa2, 0x65, 0xa2, 0x65, 0xa2, 0x65, 0xa2, 0x65,
  0xaa, 0xa6, 0xaa, 0xa6, 0xaa, 0xa6, 0xaa, 0xa6, 0xaa, 0xa6, 0xaa, 0xa6,
  0xaa, 0xa6, 0xaa, 0x86, 0x92, 0xc6, 0x92, 0xe6, 0x92, 0xc6, 0x92, 0xc6,
  0x9a, 0xc6, 0x9a, 0xc6, 0x9a, 0xa6, 0xa2, 0xa6, 0xa2, 0x86, 0xa2, 0x86,
  0xb2, 0xc7, 0xc3, 0x08, 0xcb, 0x6a, 0xe3, 0xec, 0xec, 0x4e, 0xf4, 0x6f,
  0xfc, 0xcf, 0xfd, 0x70, 0xfd, 0x50, 0xfd, 0x50, 0xfd, 0x50, 0xfd, 0x50,
  0xfd, 0x50, 0xfd, 0x50, 0xfd, 0x30, 0xfc, 0xae, 0xfc, 0xae, 0xfc, 0xae,
  0xfc, 0xae, 0xfc, 0xae, 0xfc, 0xae, 0xfc, 0xae, 0xfc, 0xae, 0xfc, 0x6e,
  0xfc, 0x6e, 0xfc, 0x8e, 0xfc, 0xaf, 0xfc, 0xef, 0xfd, 0x10, 0xfd, 0x30,
  0xfd, 0x30, 0xfd, 0xf3, 0xfe, 0x54, 0xfe, 0x54, 0xfe, 0x74, 0xfe, 0x74,
  0xfe, 0x74, 0xfe, 0x74, 0xfe, 0x74, 0xfe, 0x94, 0xfe, 0xb5, 0xfe, 0xd5,
  0xfe, 0xf6, 0xfe, 0xf6, 0xff, 0x37, 0xff, 0x57, 0xff, 0x58, 0xff, 0x78,
  0xff, 0xfa, 0xff, 0xda, 0xff, 0xda, 0xff, 0xda, 0xff, 0xda, 0xff, 0xda,
  0xff, 0xda, 0xff, 0xda, 0xff, 0xda, 0xff, 0xda, 0xff, 0xda, 0xff, 0xda,
  0xff, 0xda, 0xff, 0xda, 0xff, 0xda, 0xff, 0xda, 0xff, 0xba, 0xff, 0xba,
  0xff, 0xba, 0xff, 0xba, 0xff, 0xba, 0xff, 0xba, 0xff, 0xba, 0xff, 0xba,
  0xff, 0xb9, 0xff, 0xb7, 0xff, 0x97, 0xff, 0x77, 0xff, 0x57, 0xff, 0x36,
  0xff, 0x15, 0xfe, 0xd5, 0xfe, 0xb5, 0xfe, 0x33, 0xfe, 0x33, 0xfe, 0x13,
  0xfd, 0xf2, 0xfd, 0xb2, 0xfd, 0x91, 0xfd, 0x71, 0xfd, 0x50, 0xfd, 0x2f,
  0xfd, 0x2f, 0xfd, 0x2f, 0xfd, 0x2f, 0xfd, 0x2f, 0xfd, 0x2f, 0xfd, 0x2f,
  0xfd, 0x2f, 0xfd, 0x0f, 0xfc, 0xad, 0xf4, 0x2b, 0xdb, 0x68, 0xc2, 0xa5,
  0xb2, 0x23, 0xb2, 0x03, 0xa9, 0xe2, 0xa1, 0xe3, 0x99, 0xe4, 0xa1, 0xe4,
  0xa1, 0xe4, 0xa1, 0xe4, 0xa1, 0xe4, 0xa1, 0xe4, 0xa1, 0xe4, 0xa1, 0xe4,
  0xa2, 0x05, 0xa2, 0x05, 0xa2, 0x05, 0xa2, 0x05, 0xa2, 0x05, 0xa2, 0x05,
  0xa2, 0x05, 0xa2, 0x05, 0xba, 0x02, 0xc2, 0x43, 0xca, 0xa4, 0xdb, 0x06,
  0xeb, 0xa8, 0xfc, 0x0a, 0xfc, 0x6b, 0xfc, 0xac, 0xfc, 0xcd, 0xfc, 0xed,
  0xfc, 0xed, 0xfc, 0xed, 0xfc, 0xed, 0xfc, 0xed, 0xfc, 0xed, 0xfc, 0xed,
  0xfc, 0xed, 0xfc, 0xec, 0xfc, 0xec, 0xfc, 0xec, 0xfd, 0x0c, 0xfd, 0x0c,
  0xfd, 0x0c, 0xfd, 0x2c, 0xfd, 0x0c, 0xf5, 0x0b, 0xf5, 0x2c, 0xf5, 0x4c,
  0xfd, 0x6d, 0xfd, 0xad, 0xfd, 0xce, 0xfd, 0xee, 0xfe, 0x0e, 0xfe, 0xb1,
  0xfe, 0xb1, 0xfe, 0xb1, 0xfe, 0xb1, 0xfe, 0xb1, 0xfe, 0xb1, 0xfe, 0xb1,
  0xfe, 0xb1, 0xfe, 0x91, 0xfe, 0x70, 0xfe, 0x70, 0xfe, 0x50, 0xfe, 0x2f,
  0xfd, 0xee, 0xf5, 0xee, 0xf5, 0xce, 0xfe, 0x2e, 0xfe, 0x8f, 0x00, 0x00,
  0x00, 0x00, 0x00, 0x00, 0x00, 0x00, 0x00, 0x00, 0x00, 0x00, 0x00, 0x00,
  0x00, 0x00, 0x00, 0x00, 0x00, 0x00, 0x00, 0x00, 0x00, 0x00, 0x00, 0x00,
  0x00, 0x00, 0x00, 0x00, 0x00, 0x00, 0x00, 0x00, 0x00, 0x00, 0x00, 0x00,
  0x00, 0x00, 0x00, 0x00, 0x00, 0x00, 0x00, 0x00, 0x00, 0x00, 0x00, 0x00,
  0x00, 0x00, 0x79, 0xa1, 0x79, 0xa1, 0x79, 0xa1, 0x79, 0xa1, 0x79, 0xa1,
  0x79, 0xc2, 0x71, 0x60, 0x69, 0x40, 0x71, 0x81, 0x81, 0xe2, 0x8a, 0x23,
  0x92, 0x85, 0x9a, 0xc6, 0xa3, 0x06, 0xa2, 0xc6, 0xa2, 0x65, 0xa2, 0x65,
  0xa2, 0x65, 0xa2, 0x65, 0xa2, 0x65, 0xa2, 0x65, 0xa2, 0x65, 0xa2, 0x65,
  0xaa, 0xa6, 0xaa, 0xa6, 0xaa, 0xa6, 0xaa, 0xa6, 0xaa, 0xa6, 0xaa, 0xa6,
  0xaa, 0xa6, 0xaa, 0xa6, 0x9a, 0xc6, 0x92, 0xc6, 0x9a, 0xc6, 0x9a, 0xc6,
  0x9a, 0xa6, 0x9a, 0xa6, 0xa2, 0xa6, 0xa2, 0xa6, 0xa2, 0x66, 0xa2, 0x66,
  0xb2, 0xa7, 0xc3, 0x29, 0xdb, 0xab, 0xec, 0x0d, 0xfc, 0x8f, 0xfc, 0xd0,
  0xfd, 0x31, 0xfd, 0xb1, 0xfd, 0x91, 0xfd, 0x91, 0xfd, 0x91, 0xfd, 0x91,
  0xfd, 0x71, 0xfd, 0x71, 0xfd, 0x50, 0xfc, 0x8d, 0xfc, 0xad, 0xfc, 0xad,
  0xfc, 0xad, 0xfc, 0xad, 0xfc, 0xad, 0xfc, 0xad, 0xfc, 0xad, 0xfc, 0x6e,
  0xfc, 0x6e, 0xfc, 0x8e, 0xfc, 0xaf, 0xfc, 0xcf, 0xfd, 0x10, 0xfd, 0x30,
  0xfd, 0x30, 0xfd, 0xf3, 0xfe, 0x54, 0xfe, 0x54, 0xfe, 0x74, 0xfe, 0x74,
  0xfe, 0x74, 0xfe, 0x74, 0xfe, 0x94, 0xfe, 0x94, 0xfe, 0x95, 0xfe, 0xb5,
  0xfe, 0xb5, 0xfe, 0xf6, 0xff, 0x17, 0xff, 0x37, 0xff, 0x57, 0xff, 0x78,
  0xff, 0xfa, 0xff, 0xfa, 0xff, 0xfa, 0xff, 0xfa, 0xff, 0xfa, 0xff, 0xfa,
  0xff, 0xfa, 0xff, 0xfa, 0xff, 0xda, 0xff, 0xba, 0xff, 0xba, 0xff, 0xba,
  0xff, 0xba, 0xff, 0xba, 0xff, 0xba, 0xff, 0xba, 0xff, 0xba, 0xff, 0xba,
  0xff, 0xba, 0xff, 0xba, 0xff, 0xba, 0xff, 0xba, 0xff, 0xba, 0xff, 0xba,
  0xff, 0xb9, 0xff, 0xd8, 0xff, 0xb8, 0xff, 0x98, 0xff, 0x77, 0xff, 0x36,
  0xff, 0x16, 0xfe, 0xf5, 0xfe, 0xb5, 0xfe, 0x54, 0xfe, 0x54, 0xfe, 0x13,
  0xfd, 0xf2, 0xfd, 0xd2, 0xfd, 0x91, 0xfd, 0x71, 0xfd, 0x71, 0xfd, 0x2f,
  0xfd, 0x2f, 0xfd, 0x2f, 0xfd, 0x2f, 0xfd, 0x2f, 0xfd, 0x2f, 0xfd, 0x2f,
  0xfd, 0x0f, 0xfd, 0x2f, 0xfc, 0xce, 0xf4, 0x2b, 0xdb, 0x68, 0xca, 0xc5,
  0xba, 0x43, 0xb2, 0x03, 0xa9, 0xe2, 0xa1, 0xe3, 0x99, 0xe4, 0xa1, 0xe4,
  0xa1, 0xe4, 0xa1, 0xe4, 0xa1, 0xe4, 0xa1, 0xe4, 0xa1, 0xe4, 0xa1, 0xe4,
  0xa2, 0x25, 0xa2, 0x25, 0xa2, 0x25, 0xa2, 0x25, 0xa2, 0x05, 0xa2, 0x05,
  0xa2, 0x05, 0xa2, 0x05, 0xba, 0x02, 0xc2, 0x22, 0xca, 0x84, 0xdb, 0x06,
  0xeb, 0x88, 0xfc, 0x0a, 0xfc, 0x6b, 0xfc, 0xac, 0xfc, 0xcd, 0xfc, 0xed,
  0xfc, 0xed, 0xfc, 0xed, 0xfc, 0xed, 0xfc, 0xed, 0xfc, 0xed, 0xfc, 0xed,
  0xfc, 0xec, 0xfc, 0xec, 0xfc, 0xec, 0xfc, 0xec, 0xfd, 0x0c, 0xfd, 0x0c,
  0xfd, 0x0c, 0xfd, 0x2c, 0xfd, 0x2c, 0xf5, 0x0b, 0xfd, 0x2c, 0xf5, 0x6c,
  0xfd, 0x6d, 0xfd, 0xad, 0xfd, 0xce, 0xfd, 0xee, 0xfe, 0x0e, 0xfe, 0xb1,
  0xfe, 0xb1, 0xfe, 0xb1, 0xfe, 0xb1, 0xfe, 0xb1, 0xfe, 0xb1, 0xfe, 0xb1,
  0xfe, 0xb1, 0xfe, 0x91, 0xfe, 0x70, 0xfe, 0x70, 0xfe, 0x4f, 0xfe, 0x0f,
  0xfd, 0xee, 0xf5, 0xce, 0xf5, 0xad, 0xfe, 0x0e, 0xfe, 0x8e, 0x00, 0x00,
  0x00, 0x00, 0x00, 0x00, 0x00, 0x00, 0x00, 0x00, 0x00, 0x00, 0x00, 0x00,
  0x00, 0x00, 0x00, 0x00, 0x00, 0x00, 0x00, 0x00, 0x00, 0x00, 0x00, 0x00,
  0x00, 0x00, 0x00, 0x00, 0x00, 0x00, 0x00, 0x00, 0x00, 0x00, 0x00, 0x00,
  0x00, 0x00, 0x00, 0x00, 0x00, 0x00, 0x00, 0x00, 0x00, 0x00, 0x00, 0x00,
  0x79, 0xc2, 0x81, 0xc2, 0x81, 0xc2, 0x81, 0xc2, 0x81, 0xc2, 0x81, 0xc2,
  0x81, 0xe2, 0x79, 0xa1, 0x71, 0x40, 0x71, 0x60, 0x79, 0xa1, 0x79, 0xc2,
  0x8a, 0x23, 0x92, 0x85, 0x9a, 0xc6, 0xa2, 0xc6, 0xa2, 0x65, 0xa2, 0x85,
  0xa2, 0x85, 0xa2, 0x85, 0xa2, 0x85, 0xa2, 0x85, 0xa2, 0x85, 0xa2, 0x85,
  0xa2, 0x85, 0xa2, 0x85, 0xa2, 0x85, 0xa2, 0x85, 0xa2, 0x85, 0xa2, 0x85,
  0xa2, 0x85, 0xaa, 0x85, 0x9a, 0xa6, 0x92, 0xc6, 0x9a, 0xa6, 0x9a, 0xa6,
  0x9a, 0xa6, 0x9a, 0xa6, 0xa2, 0x86, 0xa2, 0x86, 0xaa, 0xa6, 0xb2, 0xc7,
  0xc3, 0x08, 0xd3, 0x6a, 0xe3, 0xcc, 0xf4, 0x4e, 0xfc, 0xb0, 0xfc, 0xf1,
  0xfd, 0x72, 0xfe, 0x13, 0xfd, 0xf2, 0xfd, 0xd2, 0xfd, 0xb2, 0xfd, 0x91,
  0xfd, 0x91, 0xfd, 0x71, 0xfd, 0x50, 0xfc, 0xef, 0xfc, 0xef, 0xfc, 0xef,
  0xfc, 0xef, 0xfc, 0xef, 0xfc, 0xef, 0xfc, 0xef, 0xfd, 0x0f, 0xfc, 0x8e,
  0xfc, 0x8e, 0xfc, 0xaf, 0xfc, 0xcf, 0xfc, 0xf0, 0xfd, 0x30, 0xfd, 0x51,
  0xfd, 0x50, 0xfd, 0xf3, 0xfe, 0x54, 0xfe, 0x54, 0xfe, 0x54, 0xfe, 0x54,
  0xfe, 0x54, 0xfe, 0x54, 0xfe, 0x53, 0xfe, 0x74, 0xfe, 0x95, 0xfe, 0xb5,
  0xfe, 0xb5, 0xfe, 0xd6, 0xfe, 0xd6, 0xfe, 0xf6, 0xfe, 0xf6, 0xff, 0x17,
  0xff, 0x58, 0xff, 0x58, 0xff, 0x58, 0xff, 0x58, 0xff, 0x58, 0xff, 0x58,
  0xff, 0x58, 0xff, 0x58, 0xff, 0x78, 0xff, 0x79, 0xff, 0x78, 0xff, 0x78,
  0xff, 0x78, 0xff, 0x78, 0xff, 0x78, 0xff, 0x79, 0xff, 0x58, 0xff, 0x38,
  0xff, 0x38, 0xff, 0x38, 0xff, 0x38, 0xff, 0x38, 0xff, 0x38, 0xff, 0x38,
  0xff, 0x57, 0xff, 0x56, 0xff, 0x56, 0xff, 0x36, 0xff, 0x16, 0xfe, 0xf5,
  0xfe, 0xd5, 0xfe, 0xb5, 0xfe, 0x94, 0xfe, 0x53, 0xfe, 0x33, 0xfe, 0x13,
  0xfe, 0x13, 0xfd, 0xd2, 0xfd, 0xd2, 0xfd, 0xb2, 0xfd, 0xb2, 0xfd, 0x2f,
  0xfd, 0x2f, 0xfd, 0x2f, 0xfd, 0x2f, 0xfd, 0x2f, 0xfd, 0x2f, 0xfd, 0x2f,
  0xfd, 0x2f, 0xfc, 0xce, 0xfc, 0x6c, 0xeb, 0xca, 0xd3, 0x27, 0xc2, 0x85,
  0xb2, 0x23, 0xaa, 0x02, 0xb1, 0xe2, 0xa9, 0xe3, 0x99, 0xe4, 0xa1, 0xe4,
  0xa1, 0xe4, 0xa1, 0xe4, 0xa1, 0xe4, 0xa1, 0xe4, 0xa1, 0xe4, 0xa1, 0xe4,
  0x99, 0xe4, 0xa1, 0xe4, 0xa1, 0xe4, 0xa2, 0x04, 0xa2, 0x05, 0xa2, 0x25,
  0xa2, 0x25, 0xaa, 0x25, 0xba, 0x02, 0xc2, 0x43, 0xd2, 0xc5, 0xe3, 0x47,
  0xf3, 0xe9, 0xfc, 0x4b, 0xfc, 0x8c, 0xfc, 0xac, 0xfc, 0xed, 0xfc, 0xed,
  0xfc, 0xed, 0xfc, 0xed, 0xfc, 0xed, 0xfc, 0xed, 0xfc, 0xed, 0xfc, 0xed,
  0xfc, 0xed, 0xfd, 0x0c, 0xfd, 0x0c, 0xfc, 0xec, 0xfc, 0xec, 0xfc, 0xec,
  0xfc, 0xeb, 0xfc, 0xeb, 0xfc, 0xeb, 0xf5, 0x0b, 0xf5, 0x0c, 0xf5, 0x4c,
  0xf5, 0x6c, 0xf5, 0xad, 0xfd, 0xce, 0xfd, 0xee, 0xfd, 0xee, 0xfe, 0xb1,
  0xfe, 0xb1, 0xfe, 0xb1, 0xfe, 0xb1, 0xfe, 0xb1, 0xfe, 0xb1, 0xfe, 0xb1,
  0xfe, 0xb1, 0xfe, 0x91, 0xfe, 0x90, 0xfe, 0x70, 0xfe, 0x70, 0xfe, 0x50,
  0xfe, 0x2f, 0xfe, 0x2f, 0xfe, 0x0f, 0xfe, 0x6f, 0xfe, 0xaf, 0xfe, 0xaf,
  0x00, 0x00, 0x00, 0x00, 0x00, 0x00, 0x00, 0x00, 0x00, 0x00, 0x00, 0x00,
  0x00, 0x00, 0x00, 0x00, 0x00, 0x00, 0x00, 0x00, 0x00, 0x00, 0x00, 0x00,
  0x00, 0x00, 0x00, 0x00, 0x00, 0x00, 0x00, 0x00, 0x00, 0x00, 0x00, 0x00,
  0x00, 0x00, 0x00, 0x00, 0x00, 0x00, 0x00, 0x00, 0x00, 0x00, 0x00, 0x00,
  0x81, 0xe3, 0x82, 0x03, 0x82, 0x03, 0x82, 0x03, 0x82, 0x03, 0x82, 0x03,
  0x8a, 0x03, 0x79, 0xc2, 0x71, 0x81, 0x71, 0x60, 0x69, 0x40, 0x69, 0x40,
  0x79, 0xa1, 0x8a, 0x03, 0x92, 0x85, 0xa2, 0xa6, 0xaa, 0xa6, 0xaa, 0xa6,
  0xaa, 0xa6, 0xaa, 0xa6, 0xaa, 0xa6, 0xaa, 0xa6, 0xaa, 0xa6, 0xaa, 0xa6,
  0xa2, 0x65, 0xa2, 0x65, 0xa2, 0x65, 0xa2, 0x65, 0xa2, 0x65, 0xa2, 0x65,
  0xa2, 0x65, 0xa2, 0x45, 0x9a, 0xa6, 0x9a, 0xa6, 0x9a, 0xa6, 0x9a, 0xa6,
  0xa2, 0x86, 0xa2, 0x86, 0xa2, 0x86, 0xa2, 0x65, 0xba, 0xc8, 0xcb, 0x49,
  0xd3, 0x6a, 0xe3, 0xab, 0xf4, 0x0d, 0xfc, 0x6f, 0xfc, 0xb0, 0xfc, 0xd1,
  0xfd, 0x72, 0xfe, 0x74, 0xfe, 0x34, 0xfe, 0x13, 0xfd, 0xf2, 0xfd, 0xb2,
  0xfd, 0x71, 0xfd, 0x70, 0xfd, 0x50, 0xfd, 0x70, 0xfd, 0x50, 0xfd, 0x50,
  0xfd, 0x50, 0xfd, 0x50, 0xfd, 0x50, 0xfd, 0x50, 0xfd, 0x70, 0xfc, 0xcf,
  0xfc, 0xaf, 0xfc, 0xcf, 0xfc, 0xf0, 0xfd, 0x30, 0xfd, 0x51, 0xfd, 0x92,
  0xfd, 0x91, 0xfe, 0x13, 0xfe, 0x54, 0xfe, 0x54, 0xfe, 0x54, 0xfe, 0x54,
  0xfe, 0x53, 0xfe, 0x33, 0xfe, 0x33, 0xfe, 0x74, 0xfe, 0xb6, 0xfe, 0xb5,
  0xfe, 0xb5, 0xfe, 0xb5, 0xfe, 0x95, 0xfe, 0x95, 0xfe, 0x95, 0xfe, 0x95,
  0xfe, 0x54, 0xfe, 0x54, 0xfe, 0x54, 0xfe, 0x54, 0xfe, 0x54, 0xfe, 0x54,
  0xfe, 0x54, 0xfe, 0x54, 0xfe, 0xf6, 0xff, 0x17, 0xff, 0x17, 0xff, 0x17,
  0xff, 0x17, 0xff, 0x17, 0xff, 0x17, 0xff, 0x17, 0xfe, 0xb5, 0xfe, 0x95,
  0xfe, 0x95, 0xfe, 0x95, 0xfe, 0x95, 0xfe, 0x95, 0xfe, 0x95, 0xfe, 0x95,
  0xfe, 0xb4, 0xfe, 0xb3, 0xfe, 0xb4, 0xfe, 0x94, 0xfe, 0xb4, 0xfe, 0x94,
  0xfe, 0x94, 0xfe, 0x94, 0xfe, 0x74, 0xfe, 0x12, 0xfe, 0x13, 0xfe, 0x13,
  0xfe, 0x13, 0xfd, 0xf3, 0xfd, 0xf3, 0xfd, 0xf3, 0xfe, 0x13, 0xfd, 0x50,
  0xfd, 0x2f, 0xfd, 0x2f, 0xfd, 0x2f, 0xfd, 0x2f, 0xfd, 0x2f, 0xfd, 0x2f,
  0xfd, 0x50, 0xfc, 0x6c, 0xeb, 0xca, 0xdb, 0x48, 0xca, 0xc6, 0xba, 0x44,
  0xb2, 0x02, 0xa9, 0xe2, 0xb2, 0x02, 0xaa, 0x03, 0xa2, 0x05, 0xa2, 0x04,
  0xa2, 0x04, 0xa2, 0x04, 0xa2, 0x04, 0xa2, 0x04, 0xa2, 0x04, 0xa1, 0xe4,
  0x91, 0x82, 0x91, 0xa3, 0x99, 0xa3, 0x99, 0xe4, 0xa2, 0x04, 0xa2, 0x25,
  0xaa, 0x45, 0xaa, 0x46, 0xba, 0x22, 0xca, 0x84, 0xdb, 0x26, 0xf3, 0xe9,
  0xfc, 0x6b, 0xfc, 0xac, 0xfc, 0xcd, 0xfc, 0xcd, 0xfc, 0xed, 0xfc, 0xed,
  0xfc, 0xed, 0xfc, 0xed, 0xfc, 0xed, 0xfc, 0xed, 0xfc, 0xed, 0xfc, 0xed,
  0xfd, 0x0d, 0xfd, 0x2d, 0xfd, 0x0d, 0xfd, 0x0c, 0xfc, 0xec, 0xfc, 0xcb,
  0xfc, 0xaa, 0xf4, 0xaa, 0xf4, 0xaa, 0xf4, 0xeb, 0xf5, 0x0b, 0xed, 0x2b,
  0xf5, 0x4c, 0xf5, 0x8c, 0xfd, 0xad, 0xf5, 0xcd, 0xfd, 0xee, 0xfe, 0x91,
  0xfe, 0x91, 0xfe, 0x91, 0xfe, 0x91, 0xfe, 0x91, 0xfe, 0x91, 0xfe, 0x91,
  0xfe, 0x91, 0xfe, 0x91, 0xfe, 0xb1, 0xfe, 0xb1, 0xfe, 0xb1, 0xfe, 0xb1,
  0xfe, 0xb1, 0xfe, 0xb1, 0xfe, 0xb1, 0xfe, 0xd1, 0xfe, 0xf0, 0xfe, 0xf0,
  0x00, 0x00, 0x00, 0x00, 0x00, 0x00, 0x00, 0x00, 0x00, 0x00, 0x00, 0x00,
  0x00, 0x00, 0x00, 0x00, 0x00, 0x00, 0x00, 0x00, 0x00, 0x00, 0x00, 0x00,
  0x00, 0x00, 0x00, 0x00, 0x00, 0x00, 0x00, 0x00, 0x00, 0x00, 0x00, 0x00,
  0x00, 0x00, 0x00, 0x00, 0x00, 0x00, 0x00, 0x00, 0x00, 0x00, 0x8a, 0x43,
  0x81, 0xe2, 0x82, 0x03, 0x82, 0x03, 0x82, 0x03, 0x82, 0x03, 0x82, 0x03,
  0x82, 0x03, 0x79, 0xc2, 0x71, 0x60, 0x71, 0x60, 0x69, 0x40, 0x71, 0x60,
  0x79, 0xc2, 0x8a, 0x23, 0x92, 0x85, 0xa2, 0xa6, 0xaa, 0x86, 0xaa, 0xa6,
  0xaa, 0xa6, 0xaa, 0xa6, 0xaa, 0xa6, 0xaa, 0xa6, 0xaa, 0xa6, 0xaa, 0xa6,
  0xa2, 0x65, 0xa2, 0x65, 0xa2, 0x65, 0xa2, 0x65, 0xa2, 0x65, 0xa2, 0x65,
  0xa2, 0x65, 0xa2, 0x65, 0x9a, 0x86, 0x9a, 0xa6, 0xa2, 0x86, 0xa2, 0x86,
  0xa2, 0x86, 0xa2, 0x86, 0xaa, 0x86, 0xa2, 0x65, 0xba, 0xc7, 0xcb, 0x29,
  0xd3, 0x4a, 0xe3, 0x8b, 0xf4, 0x0d, 0xfc, 0x6f, 0xfc, 0xd0, 0xfc, 0xd1,
  0xfd, 0x72, 0xfe, 0x54, 0xfe, 0x33, 0xfe, 0x13, 0xfd, 0xf3, 0xfd, 0xd2,
  0xfd, 0xb1, 0xfd, 0x91, 0xfd, 0x71, 0xfd, 0x30, 0xfd, 0x30, 0xfd, 0x30,
  0xfd, 0x30, 0xfd, 0x30, 0xfd, 0x30, 0xfd, 0x30, 0xfd, 0x30, 0xfc, 0xcf,
  0xfc, 0xcf, 0xfc, 0xf0, 0xfd, 0x10, 0xfd, 0x51, 0xfd, 0x71, 0xfd, 0x92,
  0xfd, 0x92, 0xfe, 0x34, 0xfe, 0x75, 0xfe, 0x74, 0xfe, 0x74, 0xfe, 0x74,
  0xfe, 0x94, 0xfe, 0x94, 0xfe, 0x94, 0xfe, 0x95, 0xfe, 0x95, 0xfe, 0x95,
  0xfe, 0x95, 0xfe, 0x95, 0xfe, 0x95, 0xfe, 0x95, 0xfe, 0x95, 0xfe, 0x95,
  0xfe, 0x95, 0xfe, 0x95, 0xfe, 0x95, 0xfe, 0x95, 0xfe, 0x95, 0xfe, 0x95,
  0xfe, 0x95, 0xfe, 0x75, 0xfe, 0xf6, 0xff, 0x16, 0xff, 0x16, 0xff, 0x16,
  0xff, 0x16, 0xff, 0x16, 0xff, 0x16, 0xff, 0x16, 0xfe, 0xd5, 0xfe, 0xb5,
  0xfe, 0xb5, 0xfe, 0xb5, 0xfe, 0xb5, 0xfe, 0xb5, 0xfe, 0xb5, 0xfe, 0xb5,
  0xfe, 0xb5, 0xfe, 0xd4, 0xfe, 0xd4, 0xfe, 0xb4, 0xfe, 0xb4, 0xfe, 0xb4,
  0xfe, 0xb4, 0xfe, 0x94, 0xfe, 0x74, 0xfe, 0x13, 0xfe, 0x13, 0xfe, 0x13,
  0xfe, 0x13, 0xfd, 0xf3, 0xfd, 0xf3, 0xfd, 0xf3, 0xfd, 0xf3, 0xfd, 0x50,
  0xfd, 0x2f, 0xfd, 0x2f, 0xfd, 0x2f, 0xfd, 0x2f, 0xfd, 0x2f, 0xfd, 0x2f,
  0xfd, 0x50, 0xfc, 0x8c, 0xeb, 0xea, 0xdb, 0x68, 0xca, 0xe6, 0xba, 0x44,
  0xb2, 0x03, 0xa9, 0xe2, 0xb2, 0x02, 0xaa, 0x03, 0xa2, 0x05, 0xa2, 0x04,
  0xa2, 0x04, 0xa2, 0x04, 0xa2, 0x04, 0xa2, 0x04, 0xa2, 0x04, 0xa1, 0xe4,
  0x91, 0xa3, 0x99, 0xc3, 0x99, 0xc4, 0xa1, 0xe4, 0xa2, 0x25, 0xaa, 0x25,
  0xaa, 0x46, 0xaa, 0x66, 0xc2, 0x43, 0xca, 0xa4, 0xe3, 0x47, 0xf3, 0xe9,
  0xfc, 0x6b, 0xfc, 0xac, 0xfc, 0xcd, 0xfc, 0xac, 0xfc, 0xed, 0xfc, 0xed,
  0xfc, 0xed, 0xfc, 0xed, 0xfc, 0xed, 0xfc, 0xed, 0xfc, 0xed, 0xfc, 0xed,
  0xfd, 0x0d, 0xfd, 0x2d, 0xfd, 0x0d, 0xfd, 0x0c, 0xfc, 0xec, 0xfc, 0xcb,
  0xfc, 0xab, 0xf4, 0xaa, 0xf4, 0xaa, 0xf4, 0xeb, 0xf5, 0x0b, 0xed, 0x2c,
  0xf5, 0x4c, 0xf5, 0x8d, 0xfd, 0xad, 0xfd, 0xcd, 0xfd, 0xee, 0xfe, 0x91,
  0xfe, 0x91, 0xfe, 0x91, 0xfe, 0x91, 0xfe, 0x91, 0xfe, 0x91, 0xfe, 0x91,
  0xfe, 0x91, 0xfe, 0x91, 0xfe, 0x91, 0xfe, 0x91, 0xfe, 0x91, 0xfe, 0x91,
  0xfe, 0x91, 0xfe, 0x91, 0xfe, 0x91, 0xfe, 0xb0, 0xfe, 0xf0, 0xfe, 0xd0,
  0xfe, 0xd0, 0x00, 0x00, 0x00, 0x00, 0x00, 0x00, 0x00, 0x00, 0x00, 0x00,
  0x00, 0x00, 0x00, 0x00, 0x00, 0x00, 0x00, 0x00, 0x00, 0x00, 0x00, 0x00,
  0x00, 0x00, 0x00, 0x00, 0x00, 0x00, 0x00, 0x00, 0x00, 0x00, 0x00, 0x00,
  0x00, 0x00, 0x00, 0x00, 0x00, 0x00, 0x00, 0x00, 0x00, 0x00, 0x8a, 0x43,
  0x81, 0xe2, 0x82, 0x03, 0x82, 0x03, 0x82, 0x03, 0x82, 0x03, 0x82, 0x03,
  0x82, 0x03, 0x79, 0xc2, 0x71, 0x60, 0x71, 0x60, 0x69, 0x40, 0x71, 0x60,
  0x79, 0xa1, 0x8a, 0x23, 0x92, 0x85, 0xa2, 0xa6, 0xaa, 0x86, 0xaa, 0xa6,
  0xaa, 0xa6, 0xaa, 0xa6, 0xaa, 0xa6, 0xaa, 0xa6, 0xaa, 0xa6, 0xaa, 0xa6,
  0xa2, 0x65, 0xa2, 0x65, 0xa2, 0x65, 0xa2, 0x65, 0xa2, 0x65, 0xa2, 0x65,
  0xa2, 0x65, 0xa2, 0x65, 0xa2, 0x86, 0xa2, 0x86, 0xa2, 0x86, 0xa2, 0x86,
  0xa2, 0x86, 0xaa, 0x66, 0xaa, 0x66, 0xaa, 0x46, 0xba, 0xa7, 0xd3, 0x09,
  0xd3, 0x2a, 0xe3, 0x8b, 0xf3, 0xed, 0xfc, 0x4e, 0xfc, 0xb0, 0xfc, 0xb1,
  0xfd, 0x52, 0xfe, 0x54, 0xfd, 0xf3, 0xfd, 0xf3, 0xfd, 0xf2, 0xfd, 0xd2,
  0xfd, 0xd2, 0xfd, 0xb2, 0xfd, 0x91, 0xfd, 0x0f, 0xfd, 0x2f, 0xfd, 0x2f,
  0xfd, 0x2f, 0xfd, 0x2f, 0xfd, 0x2f, 0xfd, 0x2f, 0xfd, 0x2f, 0xfc, 0xf0,
  0xfc, 0xf0, 0xfd, 0x10, 0xfd, 0x31, 0xfd, 0x51, 0xfd, 0x92, 0xfd, 0xb2,
  0xfd, 0xb2, 0xfe, 0x34, 0xfe, 0x75, 0xfe, 0x75, 0xfe, 0x95, 0xfe, 0xb5,
  0xfe, 0xb5, 0xfe, 0xd5, 0xfe, 0xf5, 0xfe, 0xd6, 0xfe, 0x75, 0xfe, 0x95,
  0xfe, 0x95, 0xfe, 0x95, 0xfe, 0x95, 0xfe, 0x95, 0xfe, 0x95, 0xfe, 0x95,
  0xfe, 0x75, 0xfe, 0x75, 0xfe, 0x75, 0xfe, 0x75, 0xfe, 0x75, 0xfe, 0x75,
  0xfe, 0x75, 0xfe, 0x55, 0xfe, 0xd5, 0xfe, 0xd5, 0xfe, 0xd5, 0xfe, 0xd5,
  0xfe, 0xd5, 0xfe, 0xd5, 0xfe, 0xd5, 0xfe, 0xd5, 0xfe, 0xb4, 0xfe, 0x94,
  0xfe, 0x94, 0xfe, 0x94, 0xfe, 0x94, 0xfe, 0x94, 0xfe, 0x94, 0xfe, 0x94,
  0xfe, 0xb4, 0xfe, 0xd4, 0xfe, 0xb4, 0xfe, 0xb4, 0xfe, 0xb4, 0xfe, 0xb4,
  0xfe, 0xb4, 0xfe, 0x94, 0xfe, 0x74, 0xfe, 0x13, 0xfe, 0x13, 0xfe, 0x13,
  0xfe, 0x13, 0xfd, 0xf3, 0xfd, 0xf3, 0xfd, 0xf3, 0xfd, 0xf3, 0xfd, 0x50,
  0xfd, 0x2f, 0xfd, 0x2f, 0xfd, 0x2f, 0xfd, 0x2f, 0xfd, 0x2f, 0xfd, 0x2f,
  0xfd, 0x50, 0xfc, 0x6c, 0xeb, 0xea, 0xdb, 0x68, 0xca, 0xc6, 0xba, 0x44,
  0xb2, 0x03, 0xa9, 0xe2, 0xb2, 0x02, 0xaa, 0x03, 0xa2, 0x05, 0xa2, 0x04,
  0xa2, 0x04, 0xa2, 0x04, 0xa2, 0x04, 0xa2, 0x04, 0xa2, 0x04, 0xa1, 0xe4,
  0x99, 0xc3, 0x99, 0xe4, 0xa1, 0xe4, 0xa2, 0x05, 0xaa, 0x25, 0xaa, 0x46,
  0xb2, 0x66, 0xb2, 0x66, 0xca, 0x84, 0xd2, 0xe5, 0xe3, 0x67, 0xfc, 0x0a,
  0xfc, 0x6b, 0xfc, 0xac, 0xfc, 0xcd, 0xfc, 0xac, 0xfc, 0xed, 0xfc, 0xed,
  0xfc, 0xed, 0xfc, 0xed, 0xfc, 0xed, 0xfc, 0xed, 0xfc, 0xed, 0xfc, 0xed,
  0xfd, 0x0d, 0xfd, 0x2d, 0xfd, 0x0d, 0xfd, 0x0c, 0xfc, 0xec, 0xfc, 0xcb,
  0xfc, 0xab, 0xf4, 0xaa, 0xf4, 0xaa, 0xf4, 0xeb, 0xf5, 0x0b, 0xed, 0x2c,
  0xf5, 0x4c, 0xf5, 0x8d, 0xfd, 0xad, 0xfd, 0xcd, 0xfd, 0xee, 0xfe, 0x91,
  0xfe, 0x91, 0xfe, 0x91, 0xfe, 0x91, 0xfe, 0x91, 0xfe, 0x91, 0xfe, 0x91,
  0xfe, 0x91, 0xfe, 0x91, 0xfe, 0x91, 0xfe, 0x91, 0xfe, 0x91, 0xfe, 0x91,
  0xfe, 0x91, 0xfe, 0x91, 0xfe, 0x91, 0xfe, 0xb0, 0xfe, 0xf0, 0xfe, 0xd0,
  0xfe, 0xd0, 0x00, 0x00, 0x00, 0x00, 0x00, 0x00, 0x00, 0x00, 0x00, 0x00,
  0x00, 0x00, 0x00, 0x00, 0x00, 0x00, 0x00, 0x00, 0x00, 0x00, 0x00, 0x00,
  0x00, 0x00, 0x00, 0x00, 0x00, 0x00, 0x00, 0x00, 0x00, 0x00, 0x00, 0x00,
  0x00, 0x00, 0x00, 0x00, 0x00, 0x00, 0x00, 0x00, 0xa3, 0x65, 0x8a, 0x43,
  0x81, 0xe2, 0x82, 0x03, 0x82, 0x03, 0x82, 0x03, 0x82, 0x03, 0x82, 0x03,
  0x82, 0x03, 0x79, 0xc2, 0x71, 0x60, 0x71, 0x60, 0x69, 0x40, 0x71, 0x60,
  0x79, 0xa1, 0x8a, 0x23, 0x92, 0x85, 0xa2, 0xa6, 0xaa, 0x86, 0xaa, 0xa6,
  0xaa, 0xa6, 0xaa, 0xa6, 0xaa, 0xa6, 0xaa, 0xa6, 0xaa, 0xa6, 0xaa, 0xa6,
  0xa2, 0x65, 0xa2, 0x65, 0xa2, 0x65, 0xa2, 0x65, 0xa2, 0x65, 0xa2, 0x65,
  0xa2, 0x65, 0xa2, 0x65, 0xa2, 0x86, 0xa2, 0x86, 0xa2, 0x86, 0xa2, 0x86,
  0xaa, 0x66, 0xaa, 0x66, 0xaa, 0x66, 0xaa, 0x46, 0xba, 0x87, 0xc2, 0xc8,
  0xca, 0xe9, 0xdb, 0x2a, 0xeb, 0x8c, 0xfb, 0xed, 0xfc, 0x4f, 0xfc, 0x6f,
  0xfc, 0xf1, 0xfd, 0xf2, 0xfd, 0xb2, 0xfd, 0xb2, 0xfd, 0xb2, 0xfd, 0xb2,
  0xfd, 0xb2, 0xfd, 0xb2, 0xfd, 0x91, 0xfc, 0xef, 0xfc, 0xef, 0xfc, 0xef,
  0xfc, 0xef, 0xfc, 0xef, 0xfc, 0xef, 0xfc, 0xef, 0xfc, 0xef, 0xfc, 0xcf,
  0xfc, 0xcf, 0xfc, 0xf0, 0xfd, 0x10, 0xfd, 0x51, 0xfd, 0x71, 0xfd, 0x92,
  0xfd, 0xb2, 0xfe, 0x13, 0xfe, 0x54, 0xfe, 0x54, 0xfe, 0x94, 0xfe, 0xb5,
  0xfe, 0xd5, 0xfe, 0xf6, 0xff, 0x16, 0xfe, 0xf6, 0xfe, 0x75, 0xfe, 0x95,
  0xfe, 0x95, 0xfe, 0x95, 0xfe, 0x95, 0xfe, 0x95, 0xfe, 0x95, 0xfe, 0x95,
  0xfe, 0x75, 0xfe, 0x75, 0xfe, 0x75, 0xfe, 0x75, 0xfe, 0x75, 0xfe, 0x75,
  0xfe, 0x75, 0xfe, 0x55, 0xfe, 0xb4, 0xfe, 0xb4, 0xfe, 0xb4, 0xfe, 0xb4,
  0xfe, 0xb4, 0xfe, 0xb4, 0xfe, 0xb4, 0xfe, 0xb4, 0xfe, 0x94, 0xfe, 0x94,
  0xfe, 0x94, 0xfe, 0x94, 0xfe, 0x94, 0xfe, 0x94, 0xfe, 0x94, 0xfe, 0x94,
  0xfe, 0xb4, 0xfe, 0xd4, 0xfe, 0xb4, 0xfe, 0xb4, 0xfe, 0xb4, 0xfe, 0xb4,
  0xfe, 0xb4, 0xfe, 0x94, 0xfe, 0x74, 0xfe, 0x13, 0xfe, 0x13, 0xfe, 0x13,
  0xfe, 0x13, 0xfd, 0xf3, 0xfd, 0xf3, 0xfd, 0xf3, 0xfd, 0xf3, 0xfd, 0x50,
  0xfd, 0x2f, 0xfd, 0x2f, 0xfd, 0x2f, 0xfd, 0x2f, 0xfd, 0x2f, 0xfd, 0x2f,
  0xfd, 0x50, 0xfc, 0x6c, 0xeb, 0xea, 0xdb, 0x68, 0xca, 0xc6, 0xba, 0x44,
  0xb2, 0x03, 0xa9, 0xe2, 0xb2, 0x02, 0xaa, 0x03, 0xa2, 0x05, 0xa2, 0x04,
  0xa2, 0x04, 0xa2, 0x04, 0xa2, 0x04, 0xa2, 0x04, 0xa2, 0x04, 0xa1, 0xe4,
  0x99, 0xe4, 0xa1, 0xe4, 0xa2, 0x04, 0xaa, 0x25, 0xaa, 0x46, 0xb2, 0x66,
  0xb2, 0x87, 0xb2, 0xa7, 0xd2, 0xe5, 0xdb, 0x26, 0xeb, 0xa8, 0xfc, 0x2a,
  0xfc, 0x8c, 0xfc, 0xac, 0xfc, 0xcd, 0xfc, 0xac, 0xfc, 0xed, 0xfc, 0xed,
  0xfc, 0xed, 0xfc, 0xed, 0xfc, 0xed, 0xfc, 0xed, 0xfc, 0xed, 0xfc, 0xed,
  0xfd, 0x0d, 0xfd, 0x2d, 0xfd, 0x0d, 0xfd, 0x0c, 0xfc, 0xec, 0xfc, 0xcb,
  0xfc, 0xab, 0xf4, 0xaa, 0xf4, 0xaa, 0xf4, 0xeb, 0xf5, 0x0b, 0xed, 0x2c,
  0xf5, 0x4c, 0xf5, 0x8d, 0xfd, 0xad, 0xfd, 0xcd, 0xfd, 0xee, 0xfe, 0x91,
  0xfe, 0x91, 0xfe, 0x91, 0xfe, 0x91, 0xfe, 0x91, 0xfe, 0x91, 0xfe, 0x91,
  0xfe, 0x91, 0xfe, 0x91, 0xfe, 0x91, 0xfe, 0x91, 0xfe, 0x91, 0xfe, 0x91,
  0xfe, 0x91, 0xfe, 0x91, 0xfe, 0x91, 0xfe, 0xb0, 0xfe, 0xf0, 0xfe, 0xd0,
  0xfe, 0xd0, 0xfe, 0xd0, 0x00, 0x00, 0x00, 0x00, 0x00, 0x00, 0x00, 0x00,
  0x00, 0x00, 0x00, 0x00, 0x00, 0x00, 0x00, 0x00, 0x00, 0x00, 0x00, 0x00,
  0x00, 0x00, 0x00, 0x00, 0x00, 0x00, 0x00, 0x00, 0x00, 0x00, 0x00, 0x00,
  0x00, 0x00, 0x00, 0x00, 0x00, 0x00, 0x00, 0x00, 0xa3, 0x65, 0x8a, 0x43,
  0x81, 0xe2, 0x82, 0x03, 0x82, 0x03, 0x82, 0x03, 0x82, 0x03, 0x82, 0x03,
  0x82, 0x03, 0x79, 0xc2, 0x71, 0x60, 0x71, 0x60, 0x69, 0x40, 0x71, 0x60,
  0x79, 0xa1, 0x8a, 0x23, 0x92, 0x85, 0xa2, 0xa6, 0xaa, 0x86, 0xaa, 0xa6,
  0xaa, 0xa6, 0xaa, 0xa6, 0xaa, 0xa6, 0xaa, 0xa6, 0xaa, 0xa6, 0xaa, 0xa6,
  0xa2, 0x65, 0xa2, 0x65, 0xa2, 0x65, 0xa2, 0x65, 0xa2, 0x65, 0xa2, 0x65,
  0xa2, 0x65, 0xa2, 0x65, 0xa2, 0x86, 0xa2, 0x86, 0xa2, 0x66, 0xaa, 0x66,
  0xaa, 0x66, 0xaa, 0x66, 0xb2, 0x46, 0xb2, 0x46, 0xb2, 0x26, 0xb2, 0x26,
  0xc2, 0x67, 0xd2, 0xa8, 0xdb, 0x0a, 0xf3, 0x6b, 0xfb, 0xcd, 0xfb, 0xee,
  0xfc, 0x6f, 0xfd, 0x50, 0xfd, 0x30, 0xfd, 0x30, 0xfd, 0x50, 0xfd, 0x50,
  0xfd, 0x71, 0xfd, 0x71, 0xfd, 0x71, 0xfc, 0xce, 0xfc, 0xce, 0xfc, 0xce,
  0xfc, 0xce, 0xfc, 0xce, 0xfc, 0xce, 0xfc, 0xce, 0xfc, 0xee, 0xfc, 0x8e,
  0xfc, 0x8e, 0xfc, 0xaf, 0xfc, 0xcf, 0xfc, 0xf0, 0xfd, 0x30, 0xfd, 0x51,
  0xfd, 0x51, 0xfd, 0xb2, 0xfd, 0xf2, 0xfe, 0x13, 0xfe, 0x53, 0xfe, 0x74,
  0xfe, 0xb5, 0xfe, 0xd6, 0xff, 0x16, 0xfe, 0xd6, 0xfe, 0x75, 0xfe, 0x95,
  0xfe, 0x75, 0xfe, 0x75, 0xfe, 0x75, 0xfe, 0x75, 0xfe, 0x75, 0xfe, 0x75,
  0xfe, 0x55, 0xfe, 0x55, 0xfe, 0x55, 0xfe, 0x55, 0xfe, 0x55, 0xfe, 0x55,
  0xfe, 0x55, 0xfe, 0x55, 0xfe, 0x73, 0xfe, 0x73, 0xfe, 0x73, 0xfe, 0x73,
  0xfe, 0x73, 0xfe, 0x73, 0xfe, 0x73, 0xfe, 0x73, 0xfe, 0x74, 0xfe, 0x94,
  0xfe, 0x94, 0xfe, 0x94, 0xfe, 0x94, 0xfe, 0x94, 0xfe, 0x94, 0xfe, 0x74,
  0xfe, 0x94, 0xfe, 0xd4, 0xfe, 0xb4, 0xfe, 0xb4, 0xfe, 0xb4, 0xfe, 0xb4,
  0xfe, 0xb4, 0xfe, 0x94, 0xfe, 0x74, 0xfe, 0x13, 0xfe, 0x13, 0xfe, 0x13,
  0xfe, 0x13, 0xfd, 0xf3, 0xfd, 0xf3, 0xfd, 0xf3, 0xfd, 0xf3, 0xfd, 0x50,
  0xfd, 0x2f, 0xfd, 0x2f, 0xfd, 0x2f, 0xfd, 0x2f, 0xfd, 0x2f, 0xfd, 0x2f,
  0xfd, 0x50, 0xfc, 0x6c, 0xeb, 0xea, 0xdb, 0x68, 0xca, 0xc6, 0xba, 0x44,
  0xb2, 0x03, 0xa9, 0xe2, 0xb2, 0x02, 0xaa, 0x03, 0xa2, 0x05, 0xa2, 0x04,
  0xa2, 0x04, 0xa2, 0x04, 0xa2, 0x04, 0xa2, 0x04, 0xa2, 0x04, 0xa2, 0x04,
  0xa2, 0x04, 0xa2, 0x25, 0xaa, 0x25, 0xaa, 0x46, 0xb2, 0x66, 0xb2, 0xa7,
  0xba, 0xa7, 0xba, 0xc7, 0xdb, 0x26, 0xeb, 0x88, 0xf3, 0xe9, 0xfc, 0x6b,
  0xfc, 0xac, 0xfc, 0xcd, 0xfc, 0xac, 0xfc, 0x8c, 0xfc, 0xcd, 0xfc, 0xed,
  0xfc, 0xed, 0xfc, 0xed, 0xfc, 0xed, 0xfc, 0xed, 0xfc, 0xed, 0xfc, 0xed,
  0xfd, 0x0d, 0xfd, 0x2d, 0xfd, 0x0d, 0xfd, 0x0c, 0xfc, 0xec, 0xfc, 0xcb,
  0xfc, 0xab, 0xf4, 0xaa, 0xf4, 0xaa, 0xf4, 0xeb, 0xf5, 0x0b, 0xed, 0x2c,
  0xf5, 0x4c, 0xf5, 0x8d, 0xfd, 0xad, 0xfd, 0xcd, 0xfd, 0xee, 0xfe, 0x91,
  0xfe, 0x91, 0xfe, 0x91, 0xfe, 0x91, 0xfe, 0x91, 0xfe, 0x91, 0xfe, 0x91,
  0xfe, 0x91, 0xfe, 0x91, 0xfe, 0x91, 0xfe, 0x91, 0xfe, 0x91, 0xfe, 0x91,
  0xfe, 0x91, 0xfe, 0x91, 0xfe, 0x91, 0xfe, 0xb0, 0xfe, 0xf0, 0xfe, 0xd0,
  0xfe, 0xd0, 0xfe, 0xd0, 0x00, 0x00, 0x00, 0x00, 0x00, 0x00, 0x00, 0x00,
  0x00, 0x00, 0x00, 0x00, 0x00, 0x00, 0x00, 0x00, 0x00, 0x00, 0x00, 0x00,
  0x00, 0x00, 0x00, 0x00, 0x00, 0x00, 0x00, 0x00, 0x00, 0x00, 0x00, 0x00,
  0x00, 0x00, 0x00, 0x00, 0x00, 0x00, 0x00, 0x00, 0xa3, 0x65, 0x8a, 0x43,
  0x81, 0xe2, 0x82, 0x03, 0x82, 0x03, 0x82, 0x03, 0x82, 0x03, 0x82, 0x03,
  0x82, 0x03, 0x79, 0xc2, 0x71, 0x60, 0x71, 0x60, 0x69, 0x40, 0x71, 0x60,
  0x79, 0xa1, 0x8a, 0x23, 0x92, 0x85, 0xa2, 0xa6, 0xaa, 0x86, 0xaa, 0xa6,
  0xaa, 0xa6, 0xaa, 0xa6, 0xaa, 0xa6, 0xaa, 0xa6, 0xaa, 0xa6, 0xaa, 0xa6,
  0xa2, 0x65, 0xa2, 0x65, 0xa2, 0x65, 0xa2, 0x65, 0xa2, 0x65, 0xa2, 0x65,
  0xa2, 0x65, 0xa2, 0x65, 0xa2, 0x86, 0xa2, 0x86, 0xa2, 0x66, 0xaa, 0x66,
  0xaa, 0x66, 0xaa, 0x66, 0xb2, 0x46, 0xb2, 0x66, 0xa9, 0xc4, 0xa1, 0x83,
  0xb1, 0xc4, 0xba, 0x06, 0xca, 0x67, 0xda, 0xc9, 0xeb, 0x2a, 0xf3, 0x4b,
  0xfb, 0xcc, 0xfc, 0x8d, 0xfc, 0x8d, 0xfc, 0xae, 0xfc, 0xce, 0xfc, 0xee,
  0xfc, 0xef, 0xfd, 0x0f, 0xfd, 0x0f, 0xfc, 0xae, 0xfc, 0xae, 0xfc, 0xae,
  0xfc, 0xae, 0xfc, 0xae, 0xfc, 0xae, 0xfc, 0xae, 0xfc, 0xae, 0xfc, 0x2d,
  0xfc, 0x0c, 0xfc, 0x2d, 0xfc, 0x4d, 0xfc, 0x8e, 0xfc, 0xae, 0xfc, 0xef,
  0xfc, 0xef, 0xfd, 0x30, 0xfd, 0x50, 0xfd, 0x91, 0xfd, 0xd2, 0xfe, 0x13,
  0xfe, 0x54, 0xfe, 0x95, 0xfe, 0xd5, 0xfe, 0xb5, 0xfe, 0x75, 0xfe, 0x75,
  0xfe, 0x75, 0xfe, 0x75, 0xfe, 0x75, 0xfe, 0x75, 0xfe, 0x75, 0xfe, 0x75,
  0xfe, 0x55, 0xfe, 0x55, 0xfe, 0x55, 0xfe, 0x55, 0xfe, 0x55, 0xfe, 0x55,
  0xfe, 0x55, 0xfe, 0x55, 0xfe, 0x53, 0xfe, 0x53, 0xfe, 0x53, 0xfe, 0x53,
  0xfe, 0x53, 0xfe, 0x53, 0xfe, 0x53, 0xfe, 0x53, 0xfe, 0x73, 0xfe, 0x94,
  0xfe, 0x74, 0xfe, 0x74, 0xfe, 0x74, 0xfe, 0x94, 0xfe, 0x94, 0xfe, 0x74,
  0xfe, 0x94, 0xfe, 0xd4, 0xfe, 0xb4, 0xfe, 0xb4, 0xfe, 0xb4, 0xfe, 0xb4,
  0xfe, 0xb4, 0xfe, 0x94, 0xfe, 0x74, 0xfe, 0x13, 0xfe, 0x13, 0xfe, 0x13,
  0xfe, 0x13, 0xfd, 0xf3, 0xfd, 0xf3, 0xfd, 0xf3, 0xfd, 0xf3, 0xfd, 0x50,
  0xfd, 0x2f, 0xfd, 0x2f, 0xfd, 0x2f, 0xfd, 0x2f, 0xfd, 0x2f, 0xfd, 0x2f,
  0xfd, 0x50, 0xfc, 0x6c, 0xeb, 0xea, 0xdb, 0x68, 0xca, 0xc6, 0xba, 0x44,
  0xb2, 0x03, 0xa9, 0xe2, 0xb2, 0x02, 0xaa, 0x03, 0xa2, 0x05, 0xa2, 0x04,
  0xa2, 0x04, 0xa2, 0x04, 0xa2, 0x04, 0xa2, 0x04, 0xa2, 0x04, 0xa2, 0x04,
  0xaa, 0x25, 0xaa, 0x25, 0xaa, 0x46, 0xb2, 0x66, 0xb2, 0xa7, 0xba, 0xc7,
  0xba, 0xc8, 0xba, 0xe8, 0xeb, 0x88, 0xf3, 0xc9, 0xfc, 0x2a, 0xfc, 0x8c,
  0xfc, 0xcd, 0xfc, 0xcd, 0xfc, 0xac, 0xfc, 0x8c, 0xfc, 0xcd, 0xfc, 0xed,
  0xfc, 0xed, 0xfc, 0xed, 0xfc, 0xed, 0xfc, 0xed, 0xfc, 0xed, 0xfc, 0xed,
  0xfd, 0x0d, 0xfd, 0x2d, 0xfd, 0x0d, 0xfd, 0x0c, 0xfc, 0xec, 0xfc, 0xcb,
  0xfc, 0xab, 0xf4, 0xaa, 0xf4, 0xaa, 0xf4, 0xeb, 0xf5, 0x0b, 0xed, 0x2c,
  0xf5, 0x4c, 0xf5, 0x8d, 0xfd, 0xad, 0xfd, 0xcd, 0xfd, 0xee, 0xfe, 0x91,
  0xfe, 0x91, 0xfe, 0x91, 0xfe, 0x91, 0xfe, 0x91, 0xfe, 0x91, 0xfe, 0x91,
  0xfe, 0x91, 0xfe, 0x91, 0xfe, 0x91, 0xfe, 0x91, 0xfe, 0x91, 0xfe, 0x91,
  0xfe, 0x91, 0xfe, 0x91, 0xfe, 0x91, 0xfe, 0xb0, 0xfe, 0xf0, 0xfe, 0xd0,
  0xfe, 0xd0, 0xfe, 0xd0, 0x00, 0x00, 0x00, 0x00, 0x00, 0x00, 0x00, 0x00,
  0x00, 0x00, 0x00, 0x00, 0x00, 0x00, 0x00, 0x00, 0x00, 0x00, 0x00, 0x00,
  0x00, 0x00, 0x00, 0x00, 0x00, 0x00, 0x00, 0x00, 0x00, 0x00, 0x00, 0x00,
  0x00, 0x00, 0x00, 0x00, 0x00, 0x00, 0xa3, 0x65, 0xa3, 0x65, 0x8a, 0x23,
  0x81, 0xe2, 0x81, 0xe3, 0x82, 0x03, 0x82, 0x03, 0x82, 0x03, 0x82, 0x03,
  0x82, 0x03, 0x79, 0xc2, 0x71, 0x60, 0x71, 0x60, 0x71, 0x40, 0x71, 0x60,
  0x79, 0xa2, 0x8a, 0x23, 0x9a, 0x85, 0xa2, 0xa6, 0xaa, 0x86, 0xaa, 0xa6,
  0xaa, 0xa6, 0xaa, 0xa6, 0xaa, 0xa6, 0xaa, 0xa6, 0xaa, 0xa6, 0xaa, 0xa6,
  0xa2, 0x65, 0xa2, 0x65, 0xa2, 0x65, 0xa2, 0x65, 0xa2, 0x65, 0xa2, 0x65,
  0xa2, 0x65, 0xa2, 0x65, 0xaa, 0x66, 0xaa, 0x66, 0xaa, 0x66, 0xaa, 0x66,
  0xaa, 0x66, 0xb2, 0x66, 0xb2, 0x46, 0xba, 0x86, 0xa1, 0x63, 0x90, 0xc1,
  0xa1, 0x42, 0xb1, 0x83, 0xb9, 0xe5, 0xd2, 0x47, 0xda, 0xa8, 0xea, 0xc9,
  0xeb, 0x4a, 0xec, 0x2b, 0xf4, 0x0b, 0xf4, 0x2c, 0xfc, 0x4c, 0xfc, 0x8d,
  0xfc, 0xad, 0xfc, 0xce, 0xfc, 0xee, 0xfc, 0xce, 0xfc, 0xce, 0xfc, 0xce,
  0xfc, 0xce, 0xfc, 0xce, 0xfc, 0xce, 0xfc, 0xae, 0xfc, 0xce, 0xeb, 0xeb,
  0xeb, 0xab, 0xeb, 0xeb, 0xec, 0x0c, 0xf4, 0x2c, 0xf4, 0x6d, 0xf4, 0x8d,
  0xf4, 0xae, 0xf4, 0xce, 0xf4, 0xee, 0xfd, 0x2f, 0xfd, 0x90, 0xfd, 0xd1,
  0xfe, 0x33, 0xfe, 0x94, 0xfe, 0xd4, 0xfe, 0xb5, 0xfe, 0x76, 0xfe, 0x76,
  0xfe, 0x76, 0xfe, 0x76, 0xfe, 0x75, 0xfe, 0x75, 0xfe, 0x75, 0xfe, 0x75,
  0xfe, 0x55, 0xfe, 0x55, 0xfe, 0x55, 0xfe, 0x55, 0xfe, 0x55, 0xfe, 0x55,
  0xfe, 0x55, 0xfe, 0x55, 0xfe, 0x32, 0xfe, 0x32, 0xfe, 0x32, 0xfe, 0x32,
  0xfe, 0x32, 0xfe, 0x32, 0xfe, 0x32, 0xfe, 0x32, 0xfe, 0x73, 0xfe, 0x93,
  0xfe, 0x73, 0xfe, 0x73, 0xfe, 0x73, 0xfe, 0x73, 0xfe, 0x73, 0xfe, 0x73,
  0xfe, 0x94, 0xfe, 0xd4, 0xfe, 0xd4, 0xfe, 0xb4, 0xfe, 0xb4, 0xfe, 0xb4,
  0xfe, 0xb4, 0xfe, 0x94, 0xfe, 0x94, 0xfe, 0x13, 0xfe, 0x13, 0xfe, 0x13,
  0xfe, 0x13, 0xfd, 0xf3, 0xfd, 0xf3, 0xfd, 0xf3, 0xfd, 0xf3, 0xfd, 0x50,
  0xfd, 0x2f, 0xfd, 0x2f, 0xfd, 0x2f, 0xfd, 0x2f, 0xfd, 0x2f, 0xfd, 0x2f,
  0xfd, 0x50, 0xfc, 0x8c, 0xeb, 0xea, 0xdb, 0x68, 0xca, 0xe6, 0xba, 0x44,
  0xb2, 0x03, 0xa9, 0xe2, 0xb2, 0x02, 0xaa, 0x03, 0xa2, 0x05, 0xa2, 0x04,
  0xa2, 0x04, 0xa2, 0x04, 0xa2, 0x04, 0xa2, 0x04, 0xa2, 0x04, 0xa2, 0x04,
  0xaa, 0x45, 0xaa, 0x46, 0xaa, 0x66, 0xb2, 0x87, 0xb2, 0xa7, 0xba, 0xc8,
  0xc2, 0xe8, 0xc2, 0xe8, 0xeb, 0xa9, 0xfc, 0x09, 0xfc, 0x6b, 0xfc, 0xac,
  0xfc, 0xed, 0xfc, 0xed, 0xfc, 0xac, 0xfc, 0x6b, 0xfc, 0xcd, 0xfc, 0xed,
  0xfc, 0xed, 0xfc, 0xed, 0xfc, 0xed, 0xfc, 0xed, 0xfc, 0xed, 0xfc, 0xed,
  0xfd, 0x0d, 0xfd, 0x2d, 0xfd, 0x0d, 0xfd, 0x0c, 0xfc, 0xec, 0xfc, 0xcb,
  0xfc, 0xab, 0xf4, 0xaa, 0xf4, 0xaa, 0xf4, 0xeb, 0xf5, 0x0b, 0xed, 0x2c,
  0xf5, 0x4c, 0xf5, 0x8c, 0xfd, 0xad, 0xfd, 0xcd, 0xfd, 0xee, 0xfe, 0x91,
  0xfe, 0x91, 0xfe, 0x91, 0xfe, 0x91, 0xfe, 0x91, 0xfe, 0x91, 0xfe, 0x91,
  0xfe, 0x91, 0xfe, 0x91, 0xfe, 0x91, 0xfe, 0x91, 0xfe, 0x91, 0xfe, 0x91,
  0xfe, 0x91, 0xfe, 0x91, 0xfe, 0x91, 0xfe, 0xb0, 0xfe, 0xf0, 0xfe, 0xd0,
  0xfe, 0xd0, 0xfe, 0xd0, 0xfe, 0xd0, 0x00, 0x00, 0x00, 0x00, 0x00, 0x00,
  0x00, 0x00, 0x00, 0x00, 0x00, 0x00, 0x00, 0x00, 0x00, 0x00, 0x00, 0x00,
  0x00, 0x00, 0x00, 0x00, 0x00, 0x00, 0x00, 0x00, 0x00, 0x00, 0x00, 0x00,
  0x00, 0x00, 0x00, 0x00, 0x00, 0x00, 0xab, 0x86, 0xab, 0x85, 0x8a, 0x63,
  0x82, 0x03, 0x82, 0x03, 0x82, 0x03, 0x82, 0x02, 0x82, 0x02, 0x82, 0x02,
  0x82, 0x03, 0x79, 0xc2, 0x71, 0x60, 0x71, 0x60, 0x69, 0x40, 0x71, 0x60,
  0x79, 0xa1, 0x8a, 0x23, 0x92, 0x85, 0x9a, 0xa5, 0xaa, 0x86, 0xaa, 0xa6,
  0xaa, 0xa6, 0xaa, 0xa6, 0xaa, 0xa6, 0xaa, 0xa6, 0xaa, 0xa6, 0xaa, 0xa6,
  0xa2, 0x45, 0xa2, 0x45, 0xa2, 0x45, 0xa2, 0x45, 0xa2, 0x45, 0xa2, 0x45,
  0xa2, 0x45, 0xa2, 0x44, 0xa2, 0x66, 0xa2, 0x66, 0xaa, 0x66, 0xa2, 0x66,
  0xaa, 0x46, 0xaa, 0x46, 0xaa, 0x26, 0xb2, 0x46, 0x99, 0x43, 0x80, 0xa0,
  0x91, 0x02, 0xa1, 0x23, 0xa9, 0x84, 0xb9, 0xe5, 0xc2, 0x27, 0xca, 0x47,
  0xd2, 0xa8, 0xdb, 0x69, 0xe3, 0x49, 0xe3, 0x8a, 0xeb, 0xab, 0xf3, 0xeb,
  0xfc, 0x2c, 0xfc, 0x2d, 0xfc, 0x4d, 0xfc, 0x4d, 0xfc, 0x4d, 0xfc, 0x4d,
  0xfc, 0x4d, 0xfc, 0x4d, 0xfc, 0x4d, 0xfc, 0x2d, 0xfc, 0x4d, 0xeb, 0x4a,
  0xeb, 0x2a, 0xeb, 0x4a, 0xeb, 0x6b, 0xeb, 0x8b, 0xf3, 0xab, 0xf3, 0xec,
  0xf3, 0xec, 0xec, 0x2d, 0xf4, 0x6d, 0xf4, 0x8e, 0xf4, 0xef, 0xfd, 0x30,
  0xfd, 0x91, 0xfd, 0xd3, 0xfe, 0x13, 0xfe, 0x14, 0xfe, 0x55, 0xfe, 0x54,
  0xfe, 0x55, 0xfe, 0x55, 0xfe, 0x75, 0xfe, 0x75, 0xfe, 0x75, 0xfe, 0x75,
  0xfe, 0x55, 0xfe, 0x55, 0xfe, 0x54, 0xfe, 0x54, 0xfe, 0x54, 0xfe, 0x54,
  0xfe, 0x54, 0xfe, 0x54, 0xfe, 0x12, 0xfd, 0xf2, 0xfe, 0x12, 0xfe, 0x12,
  0xfe, 0x12, 0xfe, 0x12, 0xfe, 0x12, 0xfe, 0x12, 0xfe, 0x32, 0xfe, 0x53,
  0xfe, 0x53, 0xfe, 0x53, 0xfe, 0x53, 0xfe, 0x53, 0xfe, 0x53, 0xfe, 0x53,
  0xfe, 0x73, 0xfe, 0xb4, 0xfe, 0xb4, 0xfe, 0xb4, 0xfe, 0xb4, 0xfe, 0x94,
  0xfe, 0x94, 0xfe, 0x74, 0xfe, 0x73, 0xfe, 0x12, 0xfe, 0x12, 0xfe, 0x12,
  0xfe, 0x12, 0xfd, 0xf2, 0xfd, 0xf2, 0xfd, 0xf2, 0xfd, 0xf3, 0xfd, 0x50,
  0xfd, 0x2f, 0xfd, 0x4f, 0xfd, 0x50, 0xfd, 0x4f, 0xfd, 0x2f, 0xfd, 0x2f,
  0xfd, 0x2f, 0xf4, 0x6c, 0xeb, 0xca, 0xdb, 0x48, 0xca, 0xc6, 0xba, 0x44,
  0xb2, 0x03, 0xa9, 0xe2, 0xb2, 0x02, 0xaa, 0x03, 0xa2, 0x05, 0xa2, 0x04,
  0xa2, 0x04, 0xa2, 0x04, 0xa2, 0x04, 0xa2, 0x04, 0xa1, 0xe4, 0xa2, 0x05,
  0xaa, 0x66, 0xaa, 0x66, 0xb2, 0x86, 0xba, 0xa7, 0xba, 0xc7, 0xba, 0xe8,
  0xc3, 0x08, 0xc3, 0x08, 0xf3, 0xc9, 0xfc, 0x0a, 0xfc, 0x6b, 0xfc, 0xac,
  0xfc, 0xed, 0xfc, 0xed, 0xfc, 0xcc, 0xfc, 0x8c, 0xfc, 0xcd, 0xfd, 0x0d,
  0xfc, 0xed, 0xfc, 0xed, 0xfc, 0xed, 0xfc, 0xed, 0xfc, 0xed, 0xfc, 0xed,
  0xfd, 0x0d, 0xfd, 0x2d, 0xfd, 0x0d, 0xfd, 0x0c, 0xfc, 0xec, 0xfc, 0xcb,
  0xfc, 0xab, 0xf4, 0xaa, 0xf4, 0xaa, 0xf4, 0xeb, 0xf5, 0x0b, 0xed, 0x2c,
  0xf5, 0x6c, 0xf5, 0x8d, 0xfd, 0xad, 0xfd, 0xce, 0xfd, 0xee, 0xfe, 0x91,
  0xfe, 0x91, 0xfe, 0x91, 0xfe, 0x91, 0xfe, 0xb1, 0xfe, 0xb1, 0xfe, 0xb1,
  0xfe, 0xb1, 0xfe, 0xb1, 0xfe, 0xb1, 0xfe, 0xb1, 0xfe, 0xb1, 0xfe, 0xb1,
  0xfe, 0xb1, 0xfe, 0xb1, 0xfe, 0xb1, 0xfe, 0xd0, 0xfe, 0xf0, 0xfe, 0xf0,
  0xfe, 0xf0, 0xfe, 0xf0, 0xfe, 0xf0, 0x00, 0x00, 0x00, 0x00, 0x00, 0x00,
  0x00, 0x00, 0x00, 0x00, 0x00, 0x00, 0x00, 0x00, 0x00, 0x00, 0x00, 0x00,
  0x00, 0x00, 0x00, 0x00, 0x00, 0x00, 0x00, 0x00, 0x00, 0x00, 0x00, 0x00,
  0x00, 0x00, 0x00, 0x00, 0xbc, 0x27, 0xbc, 0x07, 0xbc, 0x06, 0xa3, 0x46,
  0x92, 0xc5, 0x8a, 0x84, 0x82, 0x22, 0x79, 0xe1, 0x79, 0xe1, 0x7a, 0x02,
  0x82, 0x43, 0x79, 0xe1, 0x61, 0x60, 0x61, 0x40, 0x61, 0x20, 0x61, 0x40,
  0x69, 0x80, 0x7a, 0x01, 0x82, 0x43, 0x92, 0x84, 0xaa, 0xa5, 0xaa, 0xa5,
  0xaa, 0xa5, 0xaa, 0xa5, 0xaa, 0xa5, 0xaa, 0xa5, 0xaa, 0xa5, 0xaa, 0xa5,
  0x92, 0x03, 0x92, 0x03, 0x92, 0x03, 0x92, 0x03, 0x92, 0x03, 0x92, 0x03,
  0x92, 0x03, 0x92, 0x02, 0x9a, 0x07, 0x9a, 0x08, 0x99, 0xe7, 0x91, 0xe6,
  0x91, 0xa6, 0x89, 0x85, 0x81, 0x65, 0x81, 0x65, 0x81, 0x44, 0x81, 0x44,
  0x79, 0x44, 0x79, 0x24, 0x79, 0x24, 0x79, 0x24, 0x79, 0x23, 0x71, 0x03,
  0x91, 0x24, 0xc9, 0x66, 0xc9, 0x66, 0xd1, 0x87, 0xd9, 0xc8, 0xe1, 0xe9,
  0xea, 0x2a, 0xfa, 0x2b, 0xfa, 0x4b, 0xfa, 0x4b, 0xfa, 0x4b, 0xfa, 0x2b,
  0xfa, 0x2b, 0xfa, 0x2b, 0xfa, 0x2b, 0xfa, 0x2b, 0xfa, 0x2c, 0xf9, 0x89,
  0xf9, 0x69, 0xf9, 0x69, 0xf9, 0x69, 0xf9, 0x69, 0xf9, 0x69, 0xf9, 0x69,
  0xf9, 0x48, 0xfa, 0x2b, 0xfa, 0xae, 0xfa, 0xae, 0xfa, 0xce, 0xfa, 0xee,
  0xfb, 0x0f, 0xfb, 0x2f, 0xfb, 0x10, 0xfb, 0xef, 0xfd, 0x6e, 0xfd, 0x4f,
  0xfd, 0x8f, 0xfd, 0xd0, 0xfe, 0x31, 0xfe, 0x52, 0xfe, 0xb3, 0xfe, 0xb3,
  0xfe, 0xd3, 0xfe, 0xb3, 0xfe, 0xb2, 0xfe, 0x71, 0xfe, 0x50, 0xfe, 0x30,
  0xf6, 0x0f, 0xf6, 0x0f, 0xfd, 0x30, 0xfd, 0x10, 0xfd, 0x30, 0xfd, 0x30,
  0xfd, 0x30, 0xfd, 0x30, 0xfd, 0x50, 0xfd, 0x50, 0xfd, 0x4f, 0xfd, 0x4f,
  0xfd, 0x6f, 0xfd, 0x6f, 0xfd, 0x6f, 0xfd, 0x6f, 0xfd, 0x8f, 0xfd, 0x6f,
  0xfd, 0xd0, 0xfe, 0x31, 0xfe, 0x11, 0xfe, 0x31, 0xfe, 0x31, 0xfe, 0x31,
  0xfe, 0x31, 0xfe, 0x31, 0xfe, 0x11, 0xfe, 0x10, 0xfe, 0x10, 0xfe, 0x10,
  0xfe, 0x10, 0xfe, 0x10, 0xfe, 0x10, 0xfe, 0x10, 0xfe, 0x10, 0xfd, 0x50,
  0xfd, 0x70, 0xfd, 0x91, 0xfd, 0xb1, 0xfd, 0x91, 0xfd, 0x4f, 0xfc, 0xce,
  0xfc, 0xad, 0xe3, 0xa9, 0xd3, 0x07, 0xca, 0xc6, 0xba, 0x64, 0xaa, 0x02,
  0xa9, 0xe2, 0xaa, 0x02, 0xb2, 0x23, 0xb2, 0x24, 0xaa, 0x04, 0xaa, 0x04,
  0xaa, 0x04, 0xaa, 0x04, 0xaa, 0x04, 0xaa, 0x04, 0xaa, 0x04, 0xaa, 0x24,
  0xba, 0x86, 0xba, 0xa6, 0xc2, 0xa7, 0xc2, 0xc7, 0xca, 0xe8, 0xcb, 0x28,
  0xd3, 0x29, 0xd3, 0x49, 0xfc, 0x4a, 0xfc, 0x6a, 0xfc, 0x6a, 0xfc, 0x8b,
  0xfc, 0xab, 0xfc, 0xcc, 0xfc, 0xec, 0xfd, 0x0d, 0xfd, 0x2d, 0xfd, 0x2d,
  0xfd, 0x2d, 0xfd, 0x2d, 0xfd, 0x2d, 0xfd, 0x2d, 0xfd, 0x2d, 0xfd, 0x2d,
  0xfd, 0x2d, 0xfd, 0x0d, 0xfd, 0x0d, 0xfc, 0xec, 0xfc, 0xcc, 0xf4, 0xab,
  0xf4, 0xab, 0xec, 0x8a, 0xec, 0xab, 0xf5, 0x4c, 0xf5, 0x2c, 0xf5, 0x6d,
  0xf5, 0x8d, 0xf5, 0xce, 0xfd, 0xef, 0xfe, 0x0f, 0xfe, 0x0f, 0xf6, 0x4f,
  0xfe, 0x6f, 0xfe, 0x90, 0xfe, 0xb0, 0xfe, 0xd1, 0xfe, 0xf1, 0xff, 0x12,
  0xff, 0x12, 0xff, 0x33, 0xff, 0x33, 0xff, 0x33, 0xff, 0x33, 0xff, 0x33,
  0xff, 0x33, 0xff, 0x33, 0xff, 0x33, 0xff, 0x31, 0xff, 0x30, 0xff, 0x30,
  0xff, 0x51, 0xff, 0x51, 0xff, 0x51, 0xff, 0x51, 0x00, 0x00, 0x00, 0x00,
  0x00, 0x00, 0x00, 0x00, 0x00, 0x00, 0x00, 0x00, 0x00, 0x00, 0x00, 0x00,
  0x00, 0x00, 0x00, 0x00, 0x00, 0x00, 0x00, 0x00, 0x00, 0x00, 0x00, 0x00,
  0x00, 0x00, 0x00, 0x00, 0xbc, 0x27, 0xbc, 0x06, 0xbc, 0x06, 0xa3, 0x26,
  0x92, 0xc5, 0x8a, 0x84, 0x82, 0x22, 0x79, 0xe1, 0x79, 0xe1, 0x7a, 0x02,
  0x82, 0x43, 0x79, 0xe1, 0x69, 0x80, 0x69, 0x60, 0x61, 0x40, 0x61, 0x40,
  0x69, 0x80, 0x79, 0xe1, 0x82, 0x43, 0x92, 0x84, 0xaa, 0xa5, 0xaa, 0xa5,
  0xaa, 0xa5, 0xaa, 0xa5, 0xaa, 0xa5, 0xaa, 0xa5, 0xaa, 0xa5, 0xaa, 0xa5,
  0x92, 0x03, 0x92, 0x03, 0x92, 0x03, 0x92, 0x03, 0x92, 0x03, 0x92, 0x03,
  0x92, 0x03, 0x92, 0x02, 0x9a, 0x06, 0x9a, 0x07, 0x99, 0xe7, 0x91, 0xc6,
  0x91, 0xa6, 0x89, 0x85, 0x89, 0x65, 0x89, 0x64, 0x81, 0x44, 0x79, 0x03,
  0x79, 0x23, 0x79, 0x23, 0x81, 0x23, 0x81, 0x23, 0x81, 0x23, 0x79, 0x23,
  0x91, 0x44, 0xc9, 0x66, 0xc1, 0x86, 0xc9, 0x87, 0xd1, 0xc8, 0xe2, 0x09,
  0xea, 0x4a, 0xf2, 0x4a, 0xf2, 0x6b, 0xfa, 0x4b, 0xfa, 0x4b, 0xfa, 0x4b,
  0xfa, 0x4b, 0xfa, 0x2b, 0xfa, 0x2b, 0xfa, 0x2b, 0xfa, 0x2b, 0xf1, 0xa9,
  0xf1, 0x88, 0xf1, 0x88, 0xf1, 0x88, 0xf1, 0x88, 0xf1, 0x88, 0xf1, 0x89,
  0xf1, 0x68, 0xfa, 0x2b, 0xfa, 0xad, 0xfa, 0x8d, 0xfa, 0xcd, 0xfa, 0xee,
  0xfb, 0x0e, 0xfb, 0x2f, 0xfb, 0x0f, 0xfb, 0xef, 0xfd, 0x6e, 0xfd, 0x4f,
  0xfd, 0x90, 0xfd, 0xd1, 0xfe, 0x12, 0xfe, 0x52, 0xfe, 0x93, 0xfe, 0x93,
  0xfe, 0x93, 0xfe, 0x72, 0xfe, 0x92, 0xfe, 0x51, 0xfe, 0x31, 0xfe, 0x30,
  0xf6, 0x10, 0xf6, 0x0f, 0xfd, 0x50, 0xfd, 0x30, 0xfd, 0x30, 0xfd, 0x30,
  0xfd, 0x50, 0xfd, 0x50, 0xfd, 0x50, 0xfd, 0x70, 0xfd, 0x70, 0xfd, 0x70,
  0xfd, 0x70, 0xfd, 0x90, 0xfd, 0x90, 0xfd, 0x90, 0xfd, 0x90, 0xfd, 0x90,
  0xfd, 0xd0, 0xfe, 0x31, 0xfe, 0x11, 0xfe, 0x11, 0xfe, 0x11, 0xfe, 0x11,
  0xfe, 0x11, 0xfe, 0x11, 0xfe, 0x11, 0xfe, 0x11, 0xfe, 0x11, 0xfe, 0x11,
  0xfe, 0x11, 0xfe, 0x11, 0xfe, 0x11, 0xfe, 0x11, 0xfe, 0x11, 0xfd, 0x50,
  0xfd, 0x70, 0xfd, 0x91, 0xfd, 0xb1, 0xfd, 0x91, 0xfd, 0x4f, 0xfc, 0xee,
  0xfc, 0xad, 0xe3, 0xc9, 0xd3, 0x27, 0xca, 0xc6, 0xba, 0x64, 0xb2, 0x03,
  0xa9, 0xe2, 0xaa, 0x02, 0xb2, 0x23, 0xb2, 0x24, 0xaa, 0x04, 0xaa, 0x04,
  0xaa, 0x04, 0xaa, 0x04, 0xaa, 0x04, 0xaa, 0x04, 0xaa, 0x04, 0xaa, 0x24,
  0xba, 0x86, 0xba, 0x86, 0xba, 0xa7, 0xc2, 0xc7, 0xca, 0xe8, 0xcb, 0x28,
  0xcb, 0x29, 0xd3, 0x49, 0xfc, 0x4a, 0xfc, 0x4a, 0xfc, 0x6a, 0xfc, 0x8b,
  0xfc, 0xab, 0xfc, 0xcc, 0xfc, 0xec, 0xfc, 0xed, 0xfd, 0x2d, 0xfd, 0x2d,
  0xfd, 0x2d, 0xfd, 0x2d, 0xfd, 0x2d, 0xfd, 0x2d, 0xfd, 0x2d, 0xfd, 0x2d,
  0xfd, 0x2d, 0xfd, 0x0d, 0xfd, 0x0d, 0xfc, 0xec, 0xfc, 0xcc, 0xf4, 0xab,
  0xf4, 0xab, 0xec, 0x8a, 0xec, 0xab, 0xf5, 0x2c, 0xf5, 0x2c, 0xf5, 0x6d,
  0xf5, 0x8d, 0xf5, 0xce, 0xfd, 0xee, 0xfe, 0x0f, 0xfe, 0x0f, 0xf6, 0x4f,
  0xfe, 0x6f, 0xfe, 0x90, 0xfe, 0xb0, 0xfe, 0xd1, 0xfe, 0xf1, 0xff, 0x12,
  0xff, 0x12, 0xff, 0x32, 0xff, 0x33, 0xff, 0x33, 0xff, 0x33, 0xff, 0x33,
  0xff, 0x33, 0xff, 0x32, 0xff, 0x33, 0xff, 0x31, 0xff, 0x30, 0xff, 0x30,
  0xff, 0x31, 0xff, 0x31, 0xff, 0x51, 0xff, 0x51, 0x00, 0x00, 0x00, 0x00,
  0x00, 0x00, 0x00, 0x00, 0x00, 0x00, 0x00, 0x00, 0x00, 0x00, 0x00, 0x00,
  0x00, 0x00, 0x00, 0x00, 0x00, 0x00, 0x00, 0x00, 0x00, 0x00, 0x00, 0x00,
  0x00, 0x00, 0x00, 0x00, 0xbc, 0x27, 0xbc, 0x06, 0xbc, 0x06, 0xa3, 0x26,
  0x92, 0xc5, 0x8a, 0x84, 0x82, 0x22, 0x79, 0xe1, 0x79, 0xe1, 0x7a, 0x02,
  0x82, 0x43, 0x7a, 0x02, 0x69, 0xa0, 0x69, 0x80, 0x61, 0x40, 0x61, 0x40,
  0x69, 0x80, 0x71, 0xc1, 0x7a, 0x02, 0x8a, 0x64, 0xaa, 0xa6, 0xaa, 0xa5,
  0xaa, 0xa5, 0xaa, 0xa5, 0xaa, 0xa5, 0xaa, 0xa5, 0xaa, 0xa5, 0xaa, 0xa5,
  0x92, 0x03, 0x92, 0x03, 0x92, 0x03, 0x92, 0x03, 0x92, 0x03, 0x92, 0x03,
  0x92, 0x03, 0x92, 0x02, 0x99, 0xe6, 0x99, 0xe7, 0x91, 0xe6, 0x91, 0xc6,
  0x89, 0xa5, 0x89, 0x85, 0x81, 0x44, 0x81, 0x44, 0x79, 0x23, 0x79, 0x03,
  0x79, 0x03, 0x79, 0x03, 0x79, 0x03, 0x79, 0x03, 0x79, 0x03, 0x71, 0x03,
  0x89, 0x04, 0xb9, 0x25, 0xb9, 0x45, 0xc1, 0x66, 0xc9, 0xa7, 0xd1, 0xc8,
  0xda, 0x08, 0xe2, 0x09, 0xea, 0x2a, 0xea, 0x0a, 0xea, 0x0a, 0xf2, 0x0a,
  0xf2, 0x0a, 0xf9, 0xea, 0xf9, 0xea, 0xf9, 0xea, 0xf9, 0xea, 0xf1, 0x68,
  0xf1, 0x48, 0xf1, 0x48, 0xf1, 0x48, 0xf1, 0x48, 0xf1, 0x48, 0xf1, 0x68,
  0xf1, 0x47, 0xf9, 0xca, 0xfa, 0x2b, 0xfa, 0x2b, 0xfa, 0x6c, 0xfa, 0x6c,
  0xfa, 0x8d, 0xfa, 0xcd, 0xfa, 0xad, 0xfb, 0x6e, 0xfc, 0xee, 0xfc, 0xcf,
  0xfd, 0x10, 0xfd, 0x50, 0xfd, 0xb1, 0xfd, 0xd2, 0xfe, 0x33, 0xfe, 0x53,
  0xfe, 0x32, 0xfe, 0x12, 0xfe, 0x32, 0xfe, 0x11, 0xfe, 0x11, 0xfe, 0x10,
  0xfd, 0xf0, 0xfd, 0xf0, 0xfd, 0x30, 0xfd, 0x30, 0xfd, 0x30, 0xfd, 0x30,
  0xfd, 0x30, 0xfd, 0x50, 0xfd, 0x50, 0xfd, 0x50, 0xfd, 0x50, 0xfd, 0x50,
  0xfd, 0x70, 0xfd, 0x70, 0xfd, 0x70, 0xfd, 0x90, 0xfd, 0x90, 0xfd, 0x8f,
  0xfd, 0xb0, 0xfe, 0x11, 0xfd, 0xf1, 0xfd, 0xf1, 0xfd, 0xf1, 0xfd, 0xf1,
  0xfd, 0xf1, 0xfd, 0xf1, 0xfd, 0xf1, 0xfd, 0xf1, 0xfd, 0xf1, 0xfd, 0xf1,
  0xfd, 0xf1, 0xfd, 0xf1, 0xfd, 0xf1, 0xfd, 0xf1, 0xfd, 0xf1, 0xfd, 0x50,
  0xfd, 0x70, 0xfd, 0x91, 0xfd, 0xb1, 0xfd, 0x91, 0xfd, 0x4f, 0xfc, 0xee,
  0xfc, 0xad, 0xe3, 0xc9, 0xd3, 0x27, 0xca, 0xc6, 0xba, 0x64, 0xb2, 0x03,
  0xa9, 0xe2, 0xaa, 0x02, 0xb2, 0x23, 0xb2, 0x24, 0xaa, 0x04, 0xaa, 0x04,
  0xaa, 0x04, 0xaa, 0x04, 0xaa, 0x04, 0xaa, 0x04, 0xaa, 0x04, 0xaa, 0x24,
  0xba, 0x86, 0xba, 0x86, 0xba, 0xa7, 0xc2, 0xc7, 0xca, 0xe8, 0xcb, 0x28,
  0xcb, 0x29, 0xd3, 0x49, 0xfc, 0x4a, 0xfc, 0x4a, 0xfc, 0x6a, 0xfc, 0x8b,
  0xfc, 0xab, 0xfc, 0xcc, 0xfc, 0xec, 0xfc, 0xed, 0xfd, 0x2d, 0xfd, 0x2d,
  0xfd, 0x2d, 0xfd, 0x2d, 0xfd, 0x2d, 0xfd, 0x2d, 0xfd, 0x2d, 0xfd, 0x2d,
  0xfd, 0x2d, 0xfd, 0x0d, 0xfd, 0x0d, 0xfc, 0xec, 0xfc, 0xcc, 0xf4, 0xab,
  0xf4, 0xab, 0xec, 0x8a, 0xec, 0xab, 0xf5, 0x2c, 0xf5, 0x2c, 0xf5, 0x6d,
  0xf5, 0x8d, 0xf5, 0xce, 0xfd, 0xee, 0xfe, 0x0f, 0xfe, 0x0f, 0xf6, 0x4f,
  0xfe, 0x6f, 0xfe, 0x90, 0xfe, 0xb0, 0xfe, 0xd1, 0xfe, 0xf1, 0xff, 0x12,
  0xff, 0x12, 0xff, 0x32, 0xff, 0x33, 0xff, 0x33, 0xff, 0x33, 0xff, 0x33,
  0xff, 0x33, 0xff, 0x32, 0xff, 0x33, 0xff, 0x31, 0xff, 0x30, 0xff, 0x30,
  0xff, 0x30, 0xff, 0x31, 0xff, 0x51, 0xff, 0x51, 0x00, 0x00, 0x00, 0x00,
  0x00, 0x00, 0x00, 0x00, 0x00, 0x00, 0x00, 0x00, 0x00, 0x00, 0x00, 0x00,
  0x00, 0x00, 0x00, 0x00, 0x00, 0x00, 0x00, 0x00, 0x00, 0x00, 0x00, 0x00,
  0x00, 0x00, 0xc4, 0x47, 0xbc, 0x27, 0xbc, 0x06, 0xbc, 0x06, 0xa3, 0x26,
  0x92, 0xc5, 0x8a, 0x84, 0x82, 0x22, 0x79, 0xe1, 0x79, 0xe1, 0x7a, 0x02,
  0x82, 0x43, 0x7a, 0x22, 0x71, 0xc1, 0x71, 0xa0, 0x69, 0x60, 0x61, 0x40,
  0x69, 0x60, 0x71, 0xa0, 0x79, 0xe1, 0x8a, 0x43, 0xaa, 0xc6, 0xaa, 0xa5,
  0xaa, 0xa5, 0xaa, 0xa5, 0xaa, 0xa5, 0xaa, 0xa5, 0xaa, 0xa5, 0xaa, 0xa5,
  0x92, 0x03, 0x92, 0x03, 0x92, 0x03, 0x92, 0x03, 0x92, 0x03, 0x92, 0x03,
  0x92, 0x03, 0x92, 0x02, 0x91, 0xe6, 0x91, 0xc6, 0x91, 0xc6, 0x89, 0xa5,
  0x89, 0x85, 0x81, 0x44, 0x81, 0x24, 0x81, 0x24, 0x79, 0x03, 0x70, 0xe2,
  0x78, 0xe3, 0x78, 0xe3, 0x78, 0xe3, 0x78, 0xe3, 0x78, 0xe3, 0x70, 0xe2,
  0x88, 0xe3, 0xb0, 0xe4, 0xa9, 0x04, 0xb1, 0x25, 0xb9, 0x46, 0xc9, 0x87,
  0xd1, 0xc7, 0xd9, 0xc8, 0xd9, 0xe8, 0xe1, 0xa8, 0xe1, 0xa8, 0xe9, 0x88,
  0xe9, 0x88, 0xe9, 0x88, 0xe9, 0x88, 0xe9, 0x88, 0xe9, 0x88, 0xe9, 0x27,
  0xe9, 0x27, 0xe9, 0x27, 0xe9, 0x27, 0xe9, 0x27, 0xe9, 0x27, 0xe9, 0x27,
  0xe9, 0x07, 0xf1, 0x68, 0xf9, 0xa9, 0xf9, 0xc9, 0xf9, 0xea, 0xf9, 0xea,
  0xfa, 0x2b, 0xfa, 0x4b, 0xfa, 0x2c, 0xfb, 0x0c, 0xfc, 0x8d, 0xfc, 0x6d,
  0xfc, 0xae, 0xfc, 0xef, 0xfd, 0x50, 0xfd, 0x91, 0xfd, 0xd1, 0xfd, 0xd1,
  0xfd, 0xd1, 0xfd, 0xd1, 0xfd, 0xf1, 0xfd, 0xf1, 0xfe, 0x10, 0xfd, 0xf0,
  0xfe, 0x10, 0xfe, 0x10, 0xfd, 0x30, 0xfd, 0x30, 0xfd, 0x30, 0xfd, 0x30,
  0xfd, 0x30, 0xfd, 0x50, 0xfd, 0x50, 0xfd, 0x50, 0xfd, 0x50, 0xfd, 0x50,
  0xfd, 0x70, 0xfd, 0x70, 0xfd, 0x70, 0xfd, 0x90, 0xfd, 0x90, 0xfd, 0x90,
  0xfd, 0xb0, 0xfd, 0xd0, 0xfd, 0xd0, 0xfd, 0xd0, 0xfd, 0xd0, 0xfd, 0xd0,
  0xfd, 0xd0, 0xfd, 0xd0, 0xfd, 0xd0, 0xfd, 0xf1, 0xfd, 0xf1, 0xfd, 0xf1,
  0xfd, 0xf1, 0xfd, 0xf1, 0xfd, 0xf1, 0xfd, 0xf1, 0xfd, 0xf1, 0xfd, 0x50,
  0xfd, 0x70, 0xfd, 0x91, 0xfd, 0xb1, 0xfd, 0x91, 0xfd, 0x4f, 0xfc, 0xee,
  0xfc, 0xad, 0xe3, 0xc9, 0xd3, 0x27, 0xca, 0xc6, 0xba, 0x64, 0xb2, 0x03,
  0xa9, 0xe2, 0xaa, 0x02, 0xb2, 0x23, 0xb2, 0x24, 0xaa, 0x04, 0xaa, 0x04,
  0xaa, 0x04, 0xaa, 0x04, 0xaa, 0x04, 0xaa, 0x04, 0xaa, 0x04, 0xaa, 0x24,
  0xba, 0x86, 0xba, 0x86, 0xba, 0xa7, 0xc2, 0xc7, 0xca, 0xe8, 0xcb, 0x28,
  0xcb, 0x29, 0xd3, 0x49, 0xfc, 0x4a, 0xfc, 0x4a, 0xfc, 0x6a, 0xfc, 0x8b,
  0xfc, 0xab, 0xfc, 0xcc, 0xfc, 0xec, 0xfc, 0xed, 0xfd, 0x2d, 0xfd, 0x2d,
  0xfd, 0x2d, 0xfd, 0x2d, 0xfd, 0x2d, 0xfd, 0x2d, 0xfd, 0x2d, 0xfd, 0x2d,
  0xfd, 0x2d, 0xfd, 0x0d, 0xfd, 0x0d, 0xfc, 0xec, 0xfc, 0xcc, 0xf4, 0xab,
  0xf4, 0xab, 0xec, 0x8a, 0xec, 0xab, 0xf5, 0x2c, 0xf5, 0x2c, 0xf5, 0x6d,
  0xf5, 0x8d, 0xf5, 0xce, 0xfd, 0xee, 0xfe, 0x0f, 0xfe, 0x0f, 0xf6, 0x4f,
  0xfe, 0x6f, 0xfe, 0x90, 0xfe, 0xb0, 0xfe, 0xd1, 0xfe, 0xf1, 0xff, 0x12,
  0xff, 0x12, 0xff, 0x32, 0xff, 0x33, 0xff, 0x33, 0xff, 0x33, 0xff, 0x33,
  0xff, 0x33, 0xff, 0x32, 0xff, 0x33, 0xff, 0x31, 0xff, 0x30, 0xff, 0x30,
  0xff, 0x30, 0xff, 0x31, 0xff, 0x51, 0xff, 0x51, 0xff, 0x51, 0x00, 0x00,
  0x00, 0x00, 0x00, 0x00, 0x00, 0x00, 0x00, 0x00, 0x00, 0x00, 0x00, 0x00,
  0x00, 0x00, 0x00, 0x00, 0x00, 0x00, 0x00, 0x00, 0x00, 0x00, 0x00, 0x00,
  0x00, 0x00, 0xc4, 0x47, 0xbc, 0x27, 0xbc, 0x06, 0xbc, 0x06, 0xa3, 0x26,
  0x92, 0xc5, 0x8a, 0x84, 0x82, 0x22, 0x79, 0xe1, 0x79, 0xe1, 0x7a, 0x02,
  0x82, 0x43, 0x82, 0x22, 0x7a, 0x02, 0x71, 0xc1, 0x69, 0x80, 0x61, 0x40,
  0x61, 0x60, 0x69, 0x80, 0x71, 0xc1, 0x82, 0x22, 0xaa, 0xc6, 0xaa, 0xa5,
  0xaa, 0xa5, 0xaa, 0xa5, 0xaa, 0xa5, 0xaa, 0xa5, 0xaa, 0xa5, 0xaa, 0xa5,
  0x92, 0x03, 0x92, 0x03, 0x92, 0x03, 0x92, 0x03, 0x92, 0x03, 0x92, 0x03,
  0x92, 0x03, 0x92, 0x02, 0x91, 0xc5, 0x89, 0xa6, 0x89, 0xa5, 0x89, 0x85,
  0x81, 0x44, 0x81, 0x24, 0x79, 0x03, 0x79, 0x03, 0x70, 0xe2, 0x70, 0xc2,
  0x70, 0xc2, 0x70, 0xc2, 0x70, 0xc2, 0x70, 0xc2, 0x70, 0xc2, 0x70, 0xc2,
  0x78, 0xc2, 0x98, 0xa2, 0x98, 0xc3, 0xa0, 0xe4, 0xa9, 0x24, 0xb1, 0x65,
  0xb9, 0x86, 0xc9, 0xa7, 0xc9, 0xa7, 0xc9, 0x66, 0xc9, 0x66, 0xd1, 0x46,
  0xd1, 0x46, 0xd1, 0x46, 0xd1, 0x46, 0xd9, 0x46, 0xd1, 0x46, 0xe0, 0xe6,
  0xe0, 0xe6, 0xe0, 0xe6, 0xe0, 0xe6, 0xe0, 0xe6, 0xe0, 0xe6, 0xe0, 0xe6,
  0xe0, 0xe6, 0xe9, 0x07, 0xe9, 0x27, 0xe9, 0x27, 0xf1, 0x48, 0xf9, 0x88,
  0xf9, 0x89, 0xf9, 0xc9, 0xf9, 0xaa, 0xfa, 0x4a, 0xfb, 0x6b, 0xfb, 0x4b,
  0xfb, 0xac, 0xfb, 0xed, 0xfc, 0x4e, 0xfc, 0x6f, 0xfc, 0xcf, 0xfc, 0xef,
  0xfd, 0x50, 0xfd, 0x50, 0xfd, 0x90, 0xfd, 0x90, 0xfd, 0xd1, 0xfd, 0xd1,
  0xfd, 0xf1, 0xfe, 0x11, 0xfd, 0x30, 0xfd, 0x10, 0xfd, 0x10, 0xfd, 0x10,
  0xfd, 0x30, 0xfd, 0x30, 0xfd, 0x50, 0xfd, 0x50, 0xfd, 0x50, 0xfd, 0x50,
  0xfd, 0x50, 0xfd, 0x50, 0xfd, 0x70, 0xfd, 0x70, 0xfd, 0x70, 0xfd, 0x70,
  0xfd, 0x90, 0xfd, 0x8f, 0xfd, 0x8f, 0xfd, 0x8f, 0xfd, 0x8f, 0xfd, 0x8f,
  0xfd, 0x8f, 0xfd, 0x8f, 0xfd, 0xb0, 0xfd, 0xf1, 0xfd, 0xf1, 0xfd, 0xf1,
  0xfd, 0xf1, 0xfd, 0xf1, 0xfd, 0xf1, 0xfd, 0xf1, 0xfd, 0xf1, 0xfd, 0x50,
  0xfd, 0x70, 0xfd, 0x91, 0xfd, 0xb1, 0xfd, 0x91, 0xfd, 0x4f, 0xfc, 0xee,
  0xfc, 0xad, 0xe3, 0xc9, 0xd3, 0x27, 0xca, 0xc6, 0xba, 0x64, 0xb2, 0x03,
  0xa9, 0xe2, 0xaa, 0x02, 0xb2, 0x23, 0xb2, 0x24, 0xaa, 0x04, 0xaa, 0x04,
  0xaa, 0x04, 0xaa, 0x04, 0xaa, 0x04, 0xaa, 0x04, 0xaa, 0x04, 0xaa, 0x24,
  0xba, 0x86, 0xba, 0x86, 0xba, 0xa7, 0xc2, 0xc7, 0xca, 0xe8, 0xcb, 0x28,
  0xcb, 0x29, 0xd3, 0x49, 0xfc, 0x4a, 0xfc, 0x4a, 0xfc, 0x6a, 0xfc, 0x8b,
  0xfc, 0xab, 0xfc, 0xcc, 0xfc, 0xec, 0xfc, 0xed, 0xfd, 0x2d, 0xfd, 0x2d,
  0xfd, 0x2d, 0xfd, 0x2d, 0xfd, 0x2d, 0xfd, 0x2d, 0xfd, 0x2d, 0xfd, 0x2d,
  0xfd, 0x2d, 0xfd, 0x0d, 0xfd, 0x0d, 0xfc, 0xec, 0xfc, 0xcc, 0xf4, 0xab,
  0xf4, 0xab, 0xec, 0x8a, 0xec, 0xab, 0xf5, 0x2c, 0xf5, 0x2c, 0xf5, 0x6d,
  0xf5, 0x8d, 0xf5, 0xce, 0xfd, 0xee, 0xfe, 0x0f, 0xfe, 0x0f, 0xf6, 0x4f,
  0xfe, 0x6f, 0xfe, 0x90, 0xfe, 0xb0, 0xfe, 0xd1, 0xfe, 0xf1, 0xff, 0x12,
  0xff, 0x12, 0xff, 0x32, 0xff, 0x33, 0xff, 0x33, 0xff, 0x33, 0xff, 0x33,
  0xff, 0x33, 0xff, 0x32, 0xff, 0x33, 0xff, 0x31, 0xff, 0x30, 0xff, 0x30,
  0xff, 0x30, 0xff, 0x31, 0xff, 0x51, 0xff, 0x51, 0xff, 0x52, 0x00, 0x00,
  0x00, 0x00, 0x00, 0x00, 0x00, 0x00, 0x00, 0x00, 0x00, 0x00, 0x00, 0x00,
  0x00, 0x00, 0x00, 0x00, 0x00, 0x00, 0x00, 0x00, 0x00, 0x00, 0x00, 0x00,
  0x00, 0x00, 0xc4, 0x47, 0xbc, 0x27, 0xbc, 0x06, 0xbc, 0x06, 0xa3, 0x26,
  0x92, 0xc5, 0x8a, 0x84, 0x82, 0x22, 0x79, 0xe1, 0x79, 0xe1, 0x7a, 0x02,
  0x82, 0x22, 0x82, 0x43, 0x82, 0x22, 0x79, 0xe1, 0x69, 0x80, 0x61, 0x40,
  0x61, 0x40, 0x69, 0x80, 0x69, 0x80, 0x82, 0x02, 0xaa, 0xc6, 0xa2, 0xa5,
  0xaa, 0xa5, 0xaa, 0xa5, 0xaa, 0xa5, 0xaa, 0xa5, 0xaa, 0xa5, 0xaa, 0xa5,
  0x92, 0x03, 0x92, 0x03, 0x92, 0x03, 0x92, 0x03, 0x92, 0x03, 0x92, 0x03,
  0x92, 0x03, 0x92, 0x02, 0x89, 0xa5, 0x89, 0x85, 0x89, 0x65, 0x81, 0x44,
  0x81, 0x24, 0x79, 0x03, 0x78, 0xe3, 0x70, 0xe2, 0x70, 0xa2, 0x68, 0x81,
  0x68, 0xa1, 0x68, 0xa1, 0x68, 0xa1, 0x68, 0xa1, 0x68, 0xa1, 0x68, 0xa1,
  0x70, 0x81, 0x90, 0x61, 0x90, 0x81, 0x98, 0xa2, 0xa0, 0xe3, 0xa9, 0x04,
  0xb1, 0x45, 0xb9, 0x46, 0xc1, 0x46, 0xb9, 0x05, 0xb9, 0x05, 0xc0, 0xe5,
  0xc0, 0xe5, 0xc8, 0xe5, 0xc8, 0xe5, 0xc8, 0xc5, 0xc8, 0xc5, 0xd8, 0xc5,
  0xe0, 0xa5, 0xd8, 0xa5, 0xd8, 0xa5, 0xd8, 0xa5, 0xd8, 0xa5, 0xd8, 0xa5,
  0xd8, 0xa5, 0xd8, 0xa5, 0xd8, 0xa5, 0xe0, 0xc5, 0xe0, 0xe6, 0xe9, 0x06,
  0xe9, 0x27, 0xf1, 0x47, 0xf1, 0x48, 0xf9, 0xc8, 0xfa, 0xa8, 0xfa, 0xa8,
  0xfa, 0xc9, 0xfb, 0x2a, 0xfb, 0x8b, 0xfb, 0xcc, 0xfc, 0x0c, 0xfc, 0x4d,
  0xfc, 0xef, 0xfc, 0xef, 0xfd, 0x4f, 0xfd, 0x70, 0xfd, 0xb0, 0xfd, 0xd1,
  0xfd, 0xf1, 0xfe, 0x11, 0xfd, 0x30, 0xfd, 0x10, 0xfd, 0x10, 0xfd, 0x10,
  0xfd, 0x30, 0xfd, 0x30, 0xfd, 0x50, 0xfd, 0x50, 0xfd, 0x50, 0xfd, 0x50,
  0xfd, 0x50, 0xfd, 0x50, 0xfd, 0x70, 0xfd, 0x70, 0xfd, 0x70, 0xfd, 0x70,
  0xfd, 0x6f, 0xfd, 0x6f, 0xfd, 0x6f, 0xfd, 0x6f, 0xfd, 0x6f, 0xfd, 0x6f,
  0xfd, 0x6f, 0xfd, 0x6f, 0xfd, 0x8f, 0xfd, 0xf1, 0xfd, 0xf1, 0xfd, 0xf1,
  0xfd, 0xf1, 0xfd, 0xf1, 0xfd, 0xf1, 0xfd, 0xf1, 0xfd, 0xf1, 0xfd, 0x50,
  0xfd, 0x70, 0xfd, 0x91, 0xfd, 0xb1, 0xfd, 0x91, 0xfd, 0x4f, 0xfc, 0xee,
  0xfc, 0xad, 0xe3, 0xc9, 0xd3, 0x27, 0xca, 0xc6, 0xba, 0x64, 0xb2, 0x03,
  0xa9, 0xe2, 0xaa, 0x02, 0xb2, 0x23, 0xb2, 0x24, 0xaa, 0x04, 0xaa, 0x04,
  0xaa, 0x04, 0xaa, 0x04, 0xaa, 0x04, 0xaa, 0x04, 0xaa, 0x04, 0xaa, 0x24,
  0xba, 0x86, 0xba, 0x86, 0xba, 0xa7, 0xc2, 0xc7, 0xca, 0xe8, 0xcb, 0x28,
  0xcb, 0x29, 0xd3, 0x49, 0xfc, 0x4a, 0xfc, 0x4a, 0xfc, 0x6a, 0xfc, 0x8b,
  0xfc, 0xab, 0xfc, 0xcc, 0xfc, 0xec, 0xfc, 0xed, 0xfd, 0x2d, 0xfd, 0x2d,
  0xfd, 0x2d, 0xfd, 0x2d, 0xfd, 0x2d, 0xfd, 0x2d, 0xfd, 0x2d, 0xfd, 0x2d,
  0xfd, 0x2d, 0xfd, 0x0d, 0xfd, 0x0d, 0xfc, 0xec, 0xfc, 0xcc, 0xf4, 0xab,
  0xf4, 0xab, 0xec, 0x8a, 0xec, 0xab, 0xf5, 0x2c, 0xf5, 0x2c, 0xf5, 0x6d,
  0xf5, 0x8d, 0xf5, 0xce, 0xfd, 0xee, 0xfe, 0x0f, 0xfe, 0x0f, 0xf6, 0x4f,
  0xfe, 0x6f, 0xfe, 0x90, 0xfe, 0xb0, 0xfe, 0xd1, 0xfe, 0xf1, 0xff, 0x12,
  0xff, 0x12, 0xff, 0x32, 0xff, 0x33, 0xff, 0x33, 0xff, 0x33, 0xff, 0x33,
  0xff, 0x33, 0xff, 0x32, 0xff, 0x33, 0xff, 0x31, 0xff, 0x30, 0xff, 0x30,
  0xff, 0x30, 0xff, 0x31, 0xff, 0x51, 0xff, 0x51, 0xff, 0x52, 0x00, 0x00,
  0x00, 0x00, 0x00, 0x00, 0x00, 0x00, 0x00, 0x00, 0x00, 0x00, 0x00, 0x00,
  0x00, 0x00, 0x00, 0x00, 0x00, 0x00, 0x00, 0x00, 0x00, 0x00, 0x00, 0x00,
  0xc4, 0x68, 0xc4, 0x47, 0xbc, 0x27, 0xbc, 0x06, 0xbc, 0x06, 0xa3, 0x26,
  0x92, 0xc5, 0x8a, 0x84, 0x82, 0x22, 0x79, 0xe1, 0x79, 0xe1, 0x7a, 0x02,
  0x82, 0x22, 0x8a, 0x63, 0x82, 0x43, 0x7a, 0x02, 0x69, 0xa0, 0x61, 0x40,
  0x61, 0x40, 0x61, 0x60, 0x61, 0x60, 0x79, 0xe1, 0xaa, 0xc6, 0xa2, 0xa5,
  0xaa, 0xa5, 0xaa, 0xa5, 0xaa, 0xa5, 0xaa, 0xa5, 0xaa, 0xa5, 0xaa, 0xa5,
  0x92, 0x03, 0x92, 0x03, 0x92, 0x03, 0x92, 0x03, 0x92, 0x03, 0x92, 0x03,
  0x92, 0x03, 0x92, 0x03, 0x89, 0x84, 0x89, 0x65, 0x81, 0x44, 0x81, 0x44,
  0x79, 0x23, 0x78, 0xe3, 0x70, 0xc2, 0x70, 0xc2, 0x68, 0xa1, 0x68, 0x81,
  0x68, 0x81, 0x68, 0x81, 0x68, 0x81, 0x68, 0x81, 0x68, 0x81, 0x68, 0x81,
  0x70, 0x81, 0x78, 0x40, 0x78, 0x60, 0x80, 0xa1, 0x88, 0xe2, 0x91, 0x03,
  0x99, 0x44, 0xa9, 0x45, 0xa9, 0x45, 0xa8, 0xe4, 0xa8, 0xe4, 0xa8, 0xe4,
  0xa8, 0xe4, 0xb0, 0xc4, 0xb0, 0xc4, 0xb0, 0xc4, 0xb0, 0xc4, 0xc8, 0xa4,
  0xd0, 0xa4, 0xc8, 0xa4, 0xc8, 0xa4, 0xc8, 0xa4, 0xc8, 0xa4, 0xc8, 0xa4,
  0xd0, 0xa5, 0xc8, 0x84, 0xc0, 0x63, 0xc8, 0x84, 0xc8, 0xa4, 0xd0, 0xc5,
  0xd0, 0xe5, 0xd9, 0x06, 0xd9, 0x06, 0xe9, 0x26, 0xf9, 0x86, 0xf9, 0xa6,
  0xf9, 0xc7, 0xfa, 0x28, 0xfa, 0x69, 0xfa, 0xaa, 0xfb, 0x0a, 0xfb, 0x4b,
  0xfc, 0x8f, 0xfc, 0x8f, 0xfc, 0xf0, 0xfd, 0x10, 0xfd, 0x71, 0xfd, 0x91,
  0xfd, 0xb2, 0xfd, 0xd2, 0xfd, 0x10, 0xfc, 0xf0, 0xfd, 0x10, 0xfd, 0x10,
  0xfd, 0x10, 0xfd, 0x10, 0xfd, 0x30, 0xfd, 0x30, 0xfd, 0x30, 0xfd, 0x30,
  0xfd, 0x50, 0xfd, 0x50, 0xfd, 0x50, 0xfd, 0x50, 0xfd, 0x50, 0xfd, 0x70,
  0xfd, 0x4f, 0xfd, 0x4e, 0xfd, 0x4f, 0xfd, 0x4f, 0xfd, 0x4f, 0xfd, 0x4f,
  0xfd, 0x4f, 0xfd, 0x4e, 0xfd, 0x4f, 0xfd, 0xd1, 0xfd, 0xd1, 0xfd, 0xd1,
  0xfd, 0xd1, 0xfd, 0xd1, 0xfd, 0xd1, 0xfd, 0xd1, 0xfd, 0xd1, 0xfd, 0x50,
  0xfd, 0x70, 0xfd, 0x91, 0xfd, 0xb1, 0xfd, 0x91, 0xfd, 0x4f, 0xfc, 0xee,
  0xfc, 0xad, 0xe3, 0xc9, 0xd3, 0x27, 0xca, 0xc6, 0xba, 0x64, 0xb2, 0x03,
  0xa9, 0xe2, 0xaa, 0x02, 0xb2, 0x23, 0xb2, 0x24, 0xaa, 0x04, 0xaa, 0x04,
  0xaa, 0x04, 0xaa, 0x04, 0xaa, 0x04, 0xaa, 0x04, 0xaa, 0x04, 0xaa, 0x24,
  0xba, 0x86, 0xba, 0x86, 0xba, 0xa7, 0xc2, 0xc7, 0xca, 0xe8, 0xcb, 0x28,
  0xcb, 0x29, 0xd3, 0x49, 0xfc, 0x4a, 0xfc, 0x4a, 0xfc, 0x6a, 0xfc, 0x8b,
  0xfc, 0xab, 0xfc, 0xcc, 0xfc, 0xec, 0xfc, 0xed, 0xfd, 0x2d, 0xfd, 0x2d,
  0xfd, 0x2d, 0xfd, 0x2d, 0xfd, 0x2d, 0xfd, 0x2d, 0xfd, 0x2d, 0xfd, 0x2d,
  0xfd, 0x2d, 0xfd, 0x0d, 0xfd, 0x0d, 0xfc, 0xec, 0xfc, 0xcc, 0xf4, 0xab,
  0xf4, 0xab, 0xec, 0x8a, 0xec, 0xab, 0xf5, 0x2c, 0xf5, 0x2c, 0xf5, 0x6d,
  0xf5, 0x8d, 0xf5, 0xce, 0xfd, 0xee, 0xfe, 0x0f, 0xfe, 0x0f, 0xf6, 0x4f,
  0xfe, 0x6f, 0xfe, 0x90, 0xfe, 0xb0, 0xfe, 0xd1, 0xfe, 0xf1, 0xff, 0x12,
  0xff, 0x12, 0xff, 0x32, 0xff, 0x33, 0xff, 0x33, 0xff, 0x33, 0xff, 0x33,
  0xff, 0x33, 0xff, 0x32, 0xff, 0x33, 0xff, 0x31, 0xff, 0x2f, 0xff, 0x30,
  0xff, 0x50, 0xff, 0x50, 0xff, 0x31, 0xff, 0x51, 0xff, 0x32, 0xff, 0x73,
  0x00, 0x00, 0x00, 0x00, 0x00, 0x00, 0x00, 0x00, 0x00, 0x00, 0x00, 0x00,
  0x00, 0x00, 0x00, 0x00, 0x00, 0x00, 0x00, 0x00, 0x00, 0x00, 0x00, 0x00,
  0xc4, 0x68, 0xc4, 0x47, 0xbc, 0x27, 0xbc, 0x06, 0xbc, 0x06, 0xa3, 0x26,
  0x92, 0xc5, 0x8a, 0x84, 0x82, 0x22, 0x79, 0xe1, 0x79, 0xe1, 0x7a, 0x02,
  0x82, 0x22, 0x8a, 0x63, 0x8a, 0x63, 0x7a, 0x02, 0x71, 0xa0, 0x61, 0x40,
  0x61, 0x20, 0x61, 0x40, 0x61, 0x60, 0x79, 0xc1, 0xaa, 0xc6, 0xa2, 0xa5,
  0xaa, 0xa5, 0xaa, 0xa5, 0xaa, 0xa5, 0xaa, 0xa5, 0xaa, 0xa5, 0xaa, 0xa5,
  0x92, 0x03, 0x92, 0x03, 0x92, 0x03, 0x92, 0x03, 0x92, 0x03, 0x92, 0x03,
  0x92, 0x03, 0x92, 0x23, 0x89, 0x84, 0x81, 0x64, 0x81, 0x44, 0x81, 0x24,
  0x79, 0x03, 0x70, 0xe2, 0x70, 0xc2, 0x70, 0xc2, 0x68, 0x81, 0x68, 0x81,
  0x68, 0x81, 0x68, 0x81, 0x68, 0x81, 0x68, 0x81, 0x68, 0x81, 0x68, 0x81,
  0x68, 0x60, 0x70, 0x20, 0x78, 0x60, 0x80, 0xa1, 0x88, 0xc2, 0x90, 0xe3,
  0x99, 0x24, 0xa9, 0x24, 0xa9, 0x44, 0xa0, 0xc3, 0xa0, 0xc3, 0xa8, 0xa3,
  0xa8, 0xa3, 0xa8, 0xa3, 0xa8, 0xa3, 0xa8, 0x83, 0xa8, 0x83, 0xc8, 0x84,
  0xc8, 0x84, 0xc8, 0x84, 0xc8, 0x84, 0xc8, 0x84, 0xc8, 0x84, 0xc8, 0x84,
  0xc8, 0xa4, 0xc0, 0x43, 0xc0, 0x23, 0xc0, 0x43, 0xc8, 0x64, 0xc8, 0x84,
  0xd0, 0xa5, 0xd0, 0xc5, 0xd0, 0xe6, 0xe1, 0x05, 0xf1, 0x04, 0xf1, 0x25,
  0xf1, 0x66, 0xf9, 0xa6, 0xf2, 0x07, 0xfa, 0x48, 0xf2, 0xa9, 0xf2, 0xe9,
  0xfc, 0x6f, 0xfc, 0x6f, 0xfc, 0xcf, 0xfc, 0xf0, 0xfd, 0x71, 0xfd, 0x92,
  0xfd, 0xd2, 0xfd, 0xf3, 0xfd, 0x10, 0xfc, 0xf0, 0xfd, 0x10, 0xfd, 0x10,
  0xfd, 0x10, 0xfd, 0x10, 0xfd, 0x30, 0xfd, 0x30, 0xfd, 0x30, 0xfd, 0x30,
  0xfd, 0x50, 0xfd, 0x50, 0xfd, 0x50, 0xfd, 0x50, 0xfd, 0x70, 0xfd, 0x70,
  0xfd, 0x4f, 0xfd, 0x2e, 0xfd, 0x2e, 0xfd, 0x2e, 0xfd, 0x2e, 0xfd, 0x2e,
  0xfd, 0x2e, 0xfd, 0x2e, 0xfd, 0x4f, 0xfd, 0xd1, 0xfd, 0xd1, 0xfd, 0xd1,
  0xfd, 0xd1, 0xfd, 0xd1, 0xfd, 0xd1, 0xfd, 0xd1, 0xfd, 0xd1, 0xfd, 0x50,
  0xfd, 0x70, 0xfd, 0x91, 0xfd, 0xb1, 0xfd, 0x91, 0xfd, 0x4f, 0xfc, 0xee,
  0xfc, 0xad, 0xe3, 0xc9, 0xd3, 0x27, 0xca, 0xc6, 0xba, 0x64, 0xb2, 0x03,
  0xa9, 0xe2, 0xaa, 0x02, 0xb2, 0x23, 0xb2, 0x24, 0xaa, 0x04, 0xaa, 0x04,
  0xaa, 0x04, 0xaa, 0x04, 0xaa, 0x04, 0xaa, 0x04, 0xaa, 0x04, 0xaa, 0x24,
  0xba, 0x86, 0xba, 0x86, 0xba, 0xa7, 0xc2, 0xc7, 0xca, 0xe8, 0xcb, 0x28,
  0xcb, 0x29, 0xd3, 0x49, 0xfc, 0x4a, 0xfc, 0x4a, 0xfc, 0x6a, 0xfc, 0x8b,
  0xfc, 0xab, 0xfc, 0xcc, 0xfc, 0xec, 0xfc, 0xed, 0xfd, 0x2d, 0xfd, 0x2d,
  0xfd, 0x2d, 0xfd, 0x2d, 0xfd, 0x2d, 0xfd, 0x2d, 0xfd, 0x2d, 0xfd, 0x2d,
  0xfd, 0x2d, 0xfd, 0x0d, 0xfd, 0x0d, 0xfc, 0xec, 0xfc, 0xcc, 0xf4, 0xab,
  0xf4, 0xab, 0xec, 0x8a, 0xec, 0xab, 0xf5, 0x2c, 0xf5, 0x2c, 0xf5, 0x6d,
  0xf5, 0x8d, 0xf5, 0xce, 0xfd, 0xee, 0xfe, 0x0f, 0xfe, 0x0f, 0xf6, 0x4f,
  0xfe, 0x6f, 0xfe, 0x90, 0xfe, 0xb0, 0xfe, 0xd1, 0xfe, 0xf1, 0xff, 0x12,
  0xff, 0x12, 0xff, 0x32, 0xff, 0x33, 0xff, 0x33, 0xff, 0x33, 0xff, 0x33,
  0xff, 0x33, 0xff, 0x32, 0xff, 0x33, 0xff, 0x31, 0xff, 0x2f, 0xff, 0x30,
  0xff, 0x50, 0xff, 0x50, 0xff, 0x31, 0xff, 0x31, 0xff, 0x32, 0xff, 0x73,
  0x00, 0x00, 0x00, 0x00, 0x00, 0x00, 0x00, 0x00, 0x00, 0x00, 0x00, 0x00,
  0x00, 0x00, 0x00, 0x00, 0x00, 0x00, 0x00, 0x00, 0x00, 0x00, 0x00, 0x00,
  0xcc, 0x88, 0xc4, 0x68, 0xc4, 0x47, 0xbc, 0x27, 0xbc, 0x27, 0xab, 0x67,
  0x9b, 0x06, 0x92, 0xc5, 0x8a, 0x63, 0x82, 0x22, 0x82, 0x22, 0x82, 0x43,
  0x8a, 0x84, 0x82, 0x22, 0x71, 0xc1, 0x71, 0xc1, 0x71, 0xc1, 0x71, 0xc1,
  0x71, 0xc1, 0x71, 0xc1, 0x71, 0xc1, 0x81, 0xe2, 0xa2, 0x65, 0x9a, 0x64,
  0xa2, 0x64, 0xa2, 0x64, 0xa2, 0x64, 0xa2, 0x64, 0xa2, 0x64, 0x9a, 0x64,
  0x91, 0xe2, 0x89, 0xe2, 0x89, 0xc2, 0x89, 0xa1, 0x81, 0x81, 0x81, 0x60,
  0x79, 0x40, 0x79, 0x40, 0x81, 0x23, 0x81, 0x24, 0x79, 0x03, 0x78, 0xe3,
  0x70, 0xc2, 0x70, 0xa2, 0x68, 0x81, 0x68, 0x81, 0x50, 0x20, 0x48, 0x00,
  0x48, 0x00, 0x48, 0x00, 0x48, 0x00, 0x48, 0x00, 0x48, 0x00, 0x48, 0x00,
  0x48, 0x00, 0x50, 0x00, 0x50, 0x00, 0x50, 0x00, 0x58, 0x00, 0x60, 0x20,
  0x68, 0x20, 0x70, 0x40, 0x70, 0x40, 0x78, 0x60, 0x80, 0x61, 0x88, 0x61,
  0x88, 0x81, 0x90, 0xa2, 0x98, 0xc2, 0xa0, 0xc3, 0xa0, 0xe3, 0xa0, 0x42,
  0xa8, 0x42, 0xa8, 0x62, 0xa8, 0x83, 0xb0, 0xa3, 0xb0, 0xc4, 0xb8, 0xc4,
  0xb8, 0xe5, 0xb0, 0xa4, 0xa8, 0x83, 0xb0, 0x83, 0xb0, 0x83, 0xb0, 0x83,
  0xb0, 0x83, 0xb0, 0x83, 0xa8, 0xa3, 0xb8, 0x63, 0xd8, 0x22, 0xd0, 0x62,
  0xd0, 0x83, 0xd8, 0xc4, 0xd9, 0x04, 0xd9, 0x45, 0xd1, 0x85, 0xd9, 0xc6,
  0xf3, 0x0b, 0xf3, 0x0b, 0xeb, 0x6c, 0xf3, 0xad, 0xf4, 0x0d, 0xfc, 0x4e,
  0xfc, 0x8f, 0xfc, 0xaf, 0xfc, 0x4e, 0xfc, 0x4e, 0xfc, 0x6e, 0xfc, 0x8e,
  0xfc, 0xcf, 0xfc, 0xcf, 0xfd, 0x10, 0xfd, 0x30, 0xfc, 0xef, 0xfc, 0xae,
  0xfc, 0xae, 0xfc, 0xad, 0xfc, 0x8d, 0xfc, 0x6c, 0xf4, 0x4c, 0xf4, 0x4c,
  0xf4, 0x6c, 0xfc, 0x8c, 0xfc, 0x8c, 0xfc, 0xad, 0xfc, 0xed, 0xfd, 0x0e,
  0xfd, 0x0e, 0xfd, 0x2f, 0xfd, 0x4f, 0xfd, 0x4f, 0xfd, 0x4f, 0xfd, 0x4f,
  0xfd, 0x4f, 0xfd, 0x4f, 0xfd, 0x4f, 0xfd, 0x4f, 0xfd, 0x4f, 0xfd, 0x70,
  0xfd, 0x70, 0xfd, 0x91, 0xfd, 0x91, 0xfd, 0x70, 0xfd, 0x0e, 0xfc, 0x8d,
  0xfc, 0x4c, 0xe3, 0xc9, 0xdb, 0x48, 0xca, 0xe6, 0xba, 0x44, 0xa9, 0xe2,
  0xa1, 0xc1, 0xa1, 0xc1, 0xa1, 0xc1, 0xb2, 0x24, 0xc2, 0xc7, 0xba, 0xa6,
  0xba, 0xa7, 0xba, 0xa7, 0xba, 0xa7, 0xba, 0xa7, 0xba, 0xa7, 0xc2, 0xa7,
  0xc2, 0xc7, 0xba, 0xa6, 0xba, 0x66, 0xba, 0x66, 0xba, 0xa6, 0xc2, 0xe7,
  0xd3, 0x49, 0xdb, 0x8a, 0xfc, 0x6a, 0xfc, 0x8b, 0xfc, 0x8b, 0xfc, 0xab,
  0xfc, 0xcc, 0xfc, 0xed, 0xfd, 0x0d, 0xfd, 0x2d, 0xfd, 0x2d, 0xfd, 0x2d,
  0xfd, 0x2d, 0xfd, 0x2d, 0xfd, 0x2d, 0xfd, 0x2d, 0xfd, 0x2d, 0xfd, 0x4e,
  0xfc, 0xcc, 0xf4, 0x4a, 0xf4, 0x6b, 0xf4, 0x6a, 0xf4, 0x8a, 0xf4, 0x8a,
  0xec, 0x8a, 0xec, 0x8a, 0xec, 0xab, 0xed, 0x0c, 0xed, 0x0c, 0xed, 0x4c,
  0xf5, 0x6d, 0xf5, 0x8d, 0xf5, 0xae, 0xf5, 0xce, 0xf5, 0xee, 0xfe, 0x90,
  0xfe, 0x90, 0xfe, 0xb0, 0xfe, 0xd1, 0xfe, 0xf2, 0xff, 0x12, 0xff, 0x33,
  0xff, 0x33, 0xff, 0x73, 0xff, 0x73, 0xff, 0x73, 0xff, 0x73, 0xff, 0x73,
  0xff, 0x73, 0xff, 0x73, 0xff, 0x74, 0xff, 0x72, 0xff, 0x70, 0xff, 0x71,
  0xff, 0x91, 0xff, 0xb2, 0xff, 0xd4, 0xff, 0xf5, 0xff, 0xf6, 0xff, 0xf7,
  0x00, 0x00, 0x00, 0x00, 0x00, 0x00, 0x00, 0x00, 0x00, 0x00, 0x00, 0x00,
  0x00, 0x00, 0x00, 0x00, 0x00, 0x00, 0x00, 0x00, 0x00, 0x00, 0xcc, 0xa9,
  0xcc, 0x88, 0xc4, 0x68, 0xc4, 0x47, 0xbc, 0x27, 0xbc, 0x27, 0xab, 0x67,
  0x9b, 0x06, 0x92, 0xc5, 0x8a, 0x63, 0x82, 0x22, 0x82, 0x22, 0x82, 0x43,
  0x8a, 0x84, 0x82, 0x22, 0x71, 0xa0, 0x71, 0xc1, 0x71, 0xc1, 0x71, 0xc1,
  0x71, 0xc1, 0x71, 0xc1, 0x71, 0xc1, 0x81, 0xe2, 0xa2, 0x64, 0x9a, 0x44,
  0x9a, 0x64, 0x9a, 0x64, 0x9a, 0x64, 0x9a, 0x64, 0x9a, 0x64, 0x9a, 0x44,
  0x91, 0xe2, 0x89, 0xe2, 0x89, 0xc2, 0x89, 0xa1, 0x81, 0x81, 0x79, 0x40,
  0x79, 0x40, 0x79, 0x20, 0x79, 0x02, 0x78, 0xe3, 0x70, 0xe2, 0x70, 0xc2,
  0x68, 0xa1, 0x68, 0x81, 0x60, 0x60, 0x60, 0x40, 0x50, 0x20, 0x40, 0x00,
  0x48, 0x00, 0x48, 0x00, 0x48, 0x00, 0x48, 0x00, 0x48, 0x00, 0x48, 0x00,
  0x48, 0x00, 0x48, 0x00, 0x48, 0x00, 0x50, 0x00, 0x58, 0x00, 0x60, 0x00,
  0x60, 0x00, 0x68, 0x20, 0x68, 0x20, 0x78, 0x40, 0x78, 0x60, 0x88, 0x61,
  0x88, 0x81, 0x90, 0x82, 0x98, 0xa2, 0x98, 0xc3, 0xa0, 0xc3, 0xa0, 0x21,
  0xa0, 0x21, 0xa8, 0x42, 0xa8, 0x62, 0xb0, 0x83, 0xb0, 0xa3, 0xb8, 0xc4,
  0xb8, 0xe4, 0xb0, 0xa3, 0xb0, 0x83, 0xb0, 0x83, 0xb0, 0x83, 0xb0, 0x83,
  0xb0, 0x83, 0xb0, 0x83, 0xa8, 0x83, 0xb8, 0x62, 0xd8, 0x02, 0xd0, 0x42,
  0xd0, 0x62, 0xd8, 0xa3, 0xd8, 0xe4, 0xd9, 0x05, 0xd1, 0x45, 0xd1, 0x86,
  0xea, 0xca, 0xea, 0xca, 0xe3, 0x0a, 0xeb, 0x4b, 0xeb, 0xac, 0xf3, 0xed,
  0xf4, 0x2e, 0xf4, 0x4e, 0xfc, 0x2d, 0xfc, 0x4d, 0xfc, 0x4e, 0xfc, 0x8e,
  0xfc, 0xaf, 0xfc, 0xcf, 0xfd, 0x10, 0xfd, 0x30, 0xfc, 0xef, 0xfc, 0xae,
  0xfc, 0xae, 0xfc, 0xad, 0xfc, 0x8d, 0xfc, 0x6c, 0xfc, 0x4c, 0xf4, 0x4c,
  0xf4, 0x4c, 0xfc, 0x8c, 0xfc, 0x8c, 0xfc, 0xac, 0xfc, 0xcd, 0xfc, 0xed,
  0xfd, 0x0e, 0xfd, 0x2e, 0xfd, 0x2f, 0xfd, 0x4f, 0xfd, 0x4f, 0xfd, 0x4f,
  0xfd, 0x4f, 0xfd, 0x4f, 0xfd, 0x4f, 0xfd, 0x4f, 0xfd, 0x4f, 0xfd, 0x50,
  0xfd, 0x70, 0xfd, 0x90, 0xfd, 0x91, 0xfd, 0x50, 0xfc, 0xee, 0xfc, 0x8c,
  0xf4, 0x4b, 0xe3, 0xa9, 0xd3, 0x47, 0xca, 0xe6, 0xba, 0x44, 0xa9, 0xe2,
  0xa1, 0xc1, 0xa9, 0xc2, 0xa1, 0xc1, 0xb2, 0x44, 0xc2, 0xc7, 0xba, 0xa7,
  0xc2, 0xc7, 0xc2, 0xc7, 0xc2, 0xc7, 0xc2, 0xc7, 0xc2, 0xc7, 0xc2, 0xc7,
  0xc2, 0xc7, 0xba, 0xa6, 0xba, 0x66, 0xb2, 0x66, 0xba, 0x86, 0xc2, 0xe7,
  0xd3, 0x49, 0xdb, 0x8a, 0xfc, 0x6a, 0xfc, 0x8b, 0xfc, 0x8b, 0xfc, 0xab,
  0xfc, 0xcc, 0xfc, 0xed, 0xfd, 0x0d, 0xfd, 0x2d, 0xfd, 0x2d, 0xfd, 0x2d,
  0xfd, 0x2d, 0xfd, 0x2d, 0xfd, 0x2d, 0xfd, 0x2d, 0xfd, 0x2d, 0xfd, 0x4e,
  0xfc, 0xcc, 0xf4, 0x4a, 0xf4, 0x6a, 0xf4, 0x6a, 0xf4, 0x6a, 0xf4, 0x8a,
  0xec, 0x8a, 0xec, 0x8a, 0xec, 0xab, 0xed, 0x0c, 0xed, 0x0c, 0xed, 0x4c,
  0xf5, 0x6d, 0xf5, 0x8d, 0xf5, 0xae, 0xf5, 0xce, 0xf5, 0xee, 0xfe, 0x90,
  0xfe, 0x90, 0xfe, 0xb0, 0xfe, 0xd1, 0xfe, 0xf2, 0xff, 0x12, 0xff, 0x33,
  0xff, 0x33, 0xff, 0x73, 0xff, 0x73, 0xff, 0x73, 0xff, 0x73, 0xff, 0x73,
  0xff, 0x73, 0xff, 0x73, 0xff, 0x74, 0xff, 0x72, 0xff, 0x70, 0xff, 0x91,
  0xff, 0xb1, 0xff, 0xb3, 0xff, 0xf4, 0xff, 0xf5, 0xff, 0xf6, 0xff, 0xf8,
  0xff, 0xfb, 0x00, 0x00, 0x00, 0x00, 0x00, 0x00, 0x00, 0x00, 0x00, 0x00,
  0x00, 0x00, 0x00, 0x00, 0x00, 0x00, 0x00, 0x00, 0x00, 0x00, 0xcc, 0xa9,
  0xcc, 0x88, 0xc4, 0x68, 0xc4, 0x47, 0xbc, 0x27, 0xbc, 0x27, 0xab, 0x67,
  0x9b, 0x06, 0x92, 0xc5, 0x8a, 0x63, 0x82, 0x22, 0x82, 0x22, 0x82, 0x43,
  0x8a, 0x84, 0x82, 0x22, 0x71, 0xa0, 0x71, 0xc1, 0x71, 0xc1, 0x71, 0xc1,
  0x71, 0xc1, 0x71, 0xc1, 0x71, 0xc1, 0x81, 0xe2, 0xa2, 0x64, 0x9a, 0x44,
  0x9a, 0x64, 0x9a, 0x64, 0x9a, 0x64, 0x9a, 0x64, 0x9a, 0x64, 0x9a, 0x44,
  0x91, 0xe2, 0x89, 0xe2, 0x89, 0xc2, 0x89, 0xa1, 0x81, 0x81, 0x79, 0x60,
  0x79, 0x40, 0x79, 0x40, 0x70, 0xc1, 0x70, 0xa2, 0x68, 0xa1, 0x68, 0x61,
  0x60, 0x40, 0x60, 0x20, 0x58, 0x20, 0x58, 0x00, 0x50, 0x00, 0x48, 0x00,
  0x48, 0x00, 0x48, 0x00, 0x48, 0x00, 0x48, 0x00, 0x48, 0x00, 0x48, 0x00,
  0x40, 0x00, 0x38, 0x00, 0x38, 0x00, 0x40, 0x00, 0x48, 0x00, 0x50, 0x20,
  0x50, 0x40, 0x58, 0x40, 0x60, 0x40, 0x68, 0x60, 0x70, 0x60, 0x78, 0x60,
  0x78, 0xa1, 0x80, 0xa1, 0x88, 0xc2, 0x88, 0xe2, 0x90, 0xe3, 0x88, 0x81,
  0x88, 0x61, 0x88, 0x81, 0x90, 0xa2, 0x90, 0xe3, 0x98, 0xe3, 0x99, 0x04,
  0xa1, 0x24, 0x99, 0x03, 0x90, 0xe3, 0x98, 0xe3, 0x98, 0xe3, 0x98, 0xe3,
  0x98, 0xe3, 0x98, 0xe3, 0x91, 0x03, 0xa0, 0xc3, 0xc0, 0x63, 0xb8, 0x83,
  0xc0, 0xa3, 0xc0, 0xa4, 0xc0, 0xe4, 0xc1, 0x05, 0xc1, 0x25, 0xc9, 0x45,
  0xe2, 0x49, 0xe2, 0x49, 0xe2, 0x8a, 0xea, 0xcb, 0xeb, 0x2c, 0xf3, 0x4d,
  0xf3, 0x8d, 0xfb, 0x8e, 0xfc, 0x0d, 0xfc, 0x2d, 0xfc, 0x2d, 0xfc, 0x4e,
  0xfc, 0x8f, 0xfc, 0xaf, 0xfc, 0xcf, 0xfc, 0xf0, 0xfc, 0xcf, 0xfc, 0xae,
  0xfc, 0xae, 0xfc, 0xae, 0xfc, 0x8d, 0xfc, 0x6d, 0xfc, 0x4c, 0xfc, 0x4c,
  0xfc, 0x4c, 0xfc, 0x4b, 0xfc, 0x6c, 0xfc, 0x8c, 0xfc, 0xad, 0xfc, 0xcd,
  0xfc, 0xee, 0xfc, 0xee, 0xfd, 0x0e, 0xfd, 0x2f, 0xfd, 0x2f, 0xfd, 0x2f,
  0xfd, 0x2f, 0xfd, 0x2f, 0xfd, 0x2f, 0xfd, 0x2f, 0xfd, 0x2f, 0xfd, 0x4f,
  0xfd, 0x50, 0xfd, 0x70, 0xfd, 0x70, 0xfd, 0x4f, 0xfc, 0xee, 0xfc, 0x6c,
  0xf4, 0x2b, 0xe3, 0x89, 0xd3, 0x27, 0xc2, 0xc5, 0xb2, 0x43, 0xa9, 0xe2,
  0xa9, 0xc2, 0xa9, 0xe2, 0xa9, 0xe2, 0xb2, 0x64, 0xc2, 0xc7, 0xc2, 0xa7,
  0xc2, 0xa7, 0xc2, 0xa7, 0xc2, 0xa7, 0xc2, 0xa7, 0xc2, 0xa7, 0xc2, 0xc7,
  0xc2, 0xc7, 0xba, 0xa6, 0xba, 0x66, 0xb2, 0x66, 0xba, 0x86, 0xc2, 0xe7,
  0xd3, 0x49, 0xdb, 0x8a, 0xfc, 0x6a, 0xfc, 0x8b, 0xfc, 0x8b, 0xfc, 0xab,
  0xfc, 0xcc, 0xfc, 0xed, 0xfd, 0x0d, 0xfd, 0x2d, 0xfd, 0x2d, 0xfd, 0x2d,
  0xfd, 0x2d, 0xfd, 0x2d, 0xfd, 0x2d, 0xfd, 0x2d, 0xfd, 0x2d, 0xfd, 0x4e,
  0xfc, 0xcc, 0xf4, 0x4a, 0xf4, 0x6a, 0xf4, 0x6a, 0xf4, 0x6a, 0xf4, 0x8a,
  0xec, 0x8a, 0xec, 0x8a, 0xec, 0xab, 0xed, 0x0c, 0xed, 0x0c, 0xed, 0x4c,
  0xf5, 0x6d, 0xf5, 0x8d, 0xf5, 0xae, 0xf5, 0xce, 0xf5, 0xee, 0xfe, 0x90,
  0xfe, 0x90, 0xfe, 0xb0, 0xfe, 0xd1, 0xfe, 0xf2, 0xff, 0x12, 0xff, 0x33,
  0xff, 0x33, 0xff, 0x73, 0xff, 0x73, 0xff, 0x73, 0xff, 0x73, 0xff, 0x73,
  0xff, 0x73, 0xff, 0x73, 0xff, 0x74, 0xff, 0x71, 0xff, 0x6f, 0xff, 0x90,
  0xff, 0xb1, 0xff, 0xb2, 0xff, 0xd4, 0xff, 0xf5, 0xff, 0xf7, 0xff, 0xf8,
  0xff, 0xfb, 0x00, 0x00, 0x00, 0x00, 0x00, 0x00, 0x00, 0x00, 0x00, 0x00,
  0x00, 0x00, 0x00, 0x00, 0x00, 0x00, 0x00, 0x00, 0x00, 0x00, 0xcc, 0xa9,
  0xcc, 0x88, 0xc4, 0x68, 0xc4, 0x47, 0xbc, 0x27, 0xbc, 0x27, 0xab, 0x67,
  0x9b, 0x06, 0x92, 0xc5, 0x8a, 0x63, 0x82, 0x22, 0x82, 0x22, 0x82, 0x43,
  0x8a, 0x84, 0x82, 0x22, 0x71, 0xa0, 0x71, 0xc1, 0x71, 0xc1, 0x71, 0xc1,
  0x71, 0xc1, 0x71, 0xc1, 0x71, 0xc1, 0x81, 0xe2, 0xa2, 0x64, 0x9a, 0x44,
  0x9a, 0x64, 0x9a, 0x64, 0x9a, 0x64, 0x9a, 0x64, 0x9a, 0x64, 0x9a, 0x44,
  0x91, 0xe2, 0x89, 0xe2, 0x89, 0xc2, 0x89, 0xa1, 0x81, 0x81, 0x79, 0x60,
  0x79, 0x40, 0x79, 0x40, 0x68, 0xa1, 0x68, 0x61, 0x60, 0x60, 0x60, 0x40,
  0x58, 0x20, 0x58, 0x00, 0x50, 0x00, 0x50, 0x00, 0x48, 0x00, 0x48, 0x00,
  0x48, 0x00, 0x48, 0x00, 0x48, 0x00, 0x48, 0x00, 0x48, 0x00, 0x48, 0x00,
  0x40, 0x00, 0x30, 0x00, 0x38, 0x00, 0x40, 0x00, 0x40, 0x00, 0x48, 0x00,
  0x50, 0x20, 0x58, 0x20, 0x58, 0x20, 0x68, 0x40, 0x68, 0x40, 0x70, 0x40,
  0x78, 0x80, 0x80, 0x81, 0x80, 0xa1, 0x88, 0xc2, 0x88, 0xe2, 0x80, 0x61,
  0x80, 0x61, 0x80, 0x81, 0x88, 0xa2, 0x90, 0xc2, 0x90, 0xe3, 0x90, 0xe3,
  0x99, 0x03, 0x99, 0x03, 0x90, 0xe3, 0x90, 0xe3, 0x90, 0xe3, 0x90, 0xe3,
  0x90, 0xe3, 0x98, 0xe3, 0x91, 0x03, 0xa0, 0xc3, 0xc0, 0x43, 0xb8, 0x63,
  0xb8, 0x63, 0xb8, 0x83, 0xb8, 0xa3, 0xb8, 0xa3, 0xb8, 0xc3, 0xb8, 0xe4,
  0xc9, 0xc7, 0xd1, 0xc7, 0xd2, 0x08, 0xd2, 0x29, 0xda, 0x8a, 0xe2, 0xcb,
  0xe2, 0xeb, 0xeb, 0x0c, 0xfb, 0xcc, 0xfb, 0xcc, 0xfb, 0xed, 0xfc, 0x0d,
  0xfc, 0x4e, 0xfc, 0x6e, 0xfc, 0xaf, 0xfc, 0xaf, 0xfc, 0xaf, 0xfc, 0xae,
  0xfc, 0x8e, 0xfc, 0x8d, 0xfc, 0x6d, 0xfc, 0x6c, 0xfc, 0x4c, 0xfc, 0x2c,
  0xfc, 0x2b, 0xfc, 0x2b, 0xfc, 0x4b, 0xfc, 0x4c, 0xfc, 0x8c, 0xfc, 0xad,
  0xfc, 0xcd, 0xfc, 0xcd, 0xfc, 0xee, 0xfd, 0x2f, 0xfd, 0x2f, 0xfd, 0x2f,
  0xfd, 0x2f, 0xfd, 0x2f, 0xfd, 0x2f, 0xfd, 0x2f, 0xfd, 0x2f, 0xfd, 0x2f,
  0xfd, 0x2f, 0xfd, 0x50, 0xfd, 0x50, 0xfd, 0x2f, 0xfc, 0xad, 0xfc, 0x4b,
  0xec, 0x0a, 0xdb, 0x68, 0xcb, 0x06, 0xc2, 0xa5, 0xb2, 0x23, 0xa9, 0xe2,
  0xa9, 0xe2, 0xaa, 0x02, 0xb2, 0x03, 0xba, 0x65, 0xc2, 0xc7, 0xc2, 0xa7,
  0xc2, 0xa7, 0xc2, 0xa7, 0xc2, 0xa7, 0xc2, 0xa7, 0xc2, 0xa7, 0xc2, 0xc7,
  0xc2, 0xc7, 0xba, 0xa6, 0xba, 0x66, 0xb2, 0x66, 0xba, 0x86, 0xc2, 0xe7,
  0xd3, 0x49, 0xdb, 0x8a, 0xfc, 0x6a, 0xfc, 0x8b, 0xfc, 0x8b, 0xfc, 0xab,
  0xfc, 0xcc, 0xfc, 0xed, 0xfd, 0x0d, 0xfd, 0x2d, 0xfd, 0x2d, 0xfd, 0x2d,
  0xfd, 0x2d, 0xfd, 0x2d, 0xfd, 0x2d, 0xfd, 0x2d, 0xfd, 0x2d, 0xfd, 0x4e,
  0xfc, 0xcc, 0xf4, 0x4a, 0xf4, 0x6a, 0xf4, 0x6a, 0xf4, 0x6a, 0xf4, 0x8a,
  0xec, 0x8a, 0xec, 0x8a, 0xec, 0xab, 0xed, 0x0c, 0xed, 0x0c, 0xed, 0x4c,
  0xf5, 0x6d, 0xf5, 0x8d, 0xf5, 0xae, 0xf5, 0xce, 0xf5, 0xee, 0xfe, 0x90,
  0xfe, 0x90, 0xfe, 0xb0, 0xfe, 0xd1, 0xfe, 0xf2, 0xff, 0x12, 0xff, 0x33,
  0xff, 0x33, 0xff, 0x73, 0xff, 0x73, 0xff, 0x73, 0xff, 0x73, 0xff, 0x73,
  0xff, 0x73, 0xff, 0x73, 0xff, 0x74, 0xff, 0x71, 0xff, 0x6f, 0xff, 0x90,
  0xff, 0xb1, 0xff, 0xb2, 0xff, 0xd4, 0xff, 0xf5, 0xff, 0xf7, 0xff, 0xf8,
  0xff, 0xfc, 0x00, 0x00, 0x00, 0x00, 0x00, 0x00, 0x00, 0x00, 0x00, 0x00,
  0x00, 0x00, 0x00, 0x00, 0x00, 0x00, 0x00, 0x00, 0xd4, 0xc9, 0xcc, 0xa9,
  0xcc, 0x88, 0xc4, 0x68, 0xc4, 0x47, 0xbc, 0x27, 0xbc, 0x27, 0xab, 0x67,
  0x9b, 0x06, 0x92, 0xc5, 0x8a, 0x63, 0x82, 0x22, 0x82, 0x22, 0x82, 0x43,
  0x8a, 0x84, 0x82, 0x22, 0x71, 0xa0, 0x71, 0xc1, 0x71, 0xc1, 0x71, 0xc1,
  0x71, 0xc1, 0x71, 0xc1, 0x71, 0xc1, 0x81, 0xe2, 0xa2, 0x64, 0x9a, 0x44,
  0x9a, 0x64, 0x9a, 0x64, 0x9a, 0x64, 0x9a, 0x64, 0x9a, 0x64, 0x9a, 0x44,
  0x91, 0xe2, 0x89, 0xe2, 0x89, 0xc2, 0x89, 0xa1, 0x81, 0x81, 0x79, 0x60,
  0x79, 0x40, 0x79, 0x40, 0x68, 0xa1, 0x60, 0x61, 0x60, 0x40, 0x60, 0x20,
  0x58, 0x00, 0x58, 0x00, 0x50, 0x00, 0x50, 0x00, 0x48, 0x00, 0x48, 0x00,
  0x48, 0x00, 0x48, 0x00, 0x48, 0x00, 0x48, 0x00, 0x48, 0x00, 0x48, 0x00,
  0x40, 0x00, 0x20, 0x00, 0x28, 0x00, 0x30, 0x00, 0x30, 0x00, 0x38, 0x00,
  0x40, 0x20, 0x48, 0x20, 0x48, 0x20, 0x58, 0x40, 0x58, 0x60, 0x60, 0x60,
  0x68, 0x80, 0x70, 0x80, 0x78, 0xa1, 0x78, 0xc1, 0x78, 0xc2, 0x68, 0xa0,
  0x68, 0xa0, 0x68, 0xa0, 0x70, 0xc1, 0x71, 0x02, 0x79, 0x22, 0x79, 0x22,
  0x79, 0x43, 0x81, 0x43, 0x81, 0x43, 0x81, 0x43, 0x81, 0x43, 0x81, 0x43,
  0x81, 0x43, 0x81, 0x43, 0x79, 0x63, 0x89, 0x23, 0xa0, 0xa3, 0x98, 0xc3,
  0x98, 0xa3, 0x98, 0xa3, 0x98, 0xa2, 0x98, 0xa2, 0x98, 0x82, 0xa0, 0xa3,
  0xb9, 0x25, 0xb9, 0x25, 0xc1, 0x46, 0xc9, 0x87, 0xd1, 0xc8, 0xd9, 0xe9,
  0xe2, 0x09, 0xe2, 0x2a, 0xfb, 0x2a, 0xfb, 0x6a, 0xfb, 0x6b, 0xfb, 0x8b,
  0xfb, 0xcc, 0xfb, 0xec, 0xfc, 0x0d, 0xfc, 0x2d, 0xfc, 0x4d, 0xfc, 0x4d,
  0xfc, 0x4d, 0xfc, 0x2c, 0xfc, 0x2c, 0xfc, 0x0b, 0xfb, 0xeb, 0xf3, 0xca,
  0xf3, 0xea, 0xfc, 0x0a, 0xfc, 0x0b, 0xfc, 0x2b, 0xfc, 0x4c, 0xfc, 0x6c,
  0xfc, 0x8d, 0xfc, 0xad, 0xfc, 0xcd, 0xfd, 0x2f, 0xfd, 0x0f, 0xfd, 0x0f,
  0xfd, 0x0f, 0xfd, 0x0f, 0xfd, 0x0f, 0xfd, 0x0f, 0xfd, 0x0f, 0xfc, 0xee,
  0xfd, 0x0e, 0xfd, 0x2f, 0xfd, 0x2f, 0xfd, 0x0e, 0xfc, 0xad, 0xf4, 0x2b,
  0xeb, 0xea, 0xd3, 0x27, 0xc2, 0xc5, 0xba, 0x84, 0xb2, 0x23, 0xa9, 0xe2,
  0xa9, 0xe2, 0xb2, 0x23, 0xba, 0x43, 0xba, 0x85, 0xc2, 0xc7, 0xc2, 0xa7,
  0xc2, 0xa7, 0xc2, 0xa7, 0xc2, 0xa7, 0xc2, 0xa7, 0xc2, 0xa7, 0xc2, 0xc7,
  0xc2, 0xc7, 0xba, 0xa6, 0xba, 0x66, 0xb2, 0x66, 0xba, 0x86, 0xc2, 0xe7,
  0xd3, 0x49, 0xdb, 0x8a, 0xfc, 0x6a, 0xfc, 0x8b, 0xfc, 0x8b, 0xfc, 0xab,
  0xfc, 0xcc, 0xfc, 0xed, 0xfd, 0x0d, 0xfd, 0x2d, 0xfd, 0x2d, 0xfd, 0x2d,
  0xfd, 0x2d, 0xfd, 0x2d, 0xfd, 0x2d, 0xfd, 0x2d, 0xfd, 0x2d, 0xfd, 0x4e,
  0xfc, 0xcc, 0xf4, 0x4a, 0xf4, 0x6a, 0xf4, 0x6a, 0xf4, 0x6a, 0xf4, 0x8a,
  0xec, 0x8a, 0xec, 0x8a, 0xec, 0xab, 0xed, 0x0c, 0xed, 0x0c, 0xed, 0x4c,
  0xf5, 0x6d, 0xf5, 0x8d, 0xf5, 0xae, 0xf5, 0xce, 0xf5, 0xee, 0xfe, 0x90,
  0xfe, 0x90, 0xfe, 0xb0, 0xfe, 0xd1, 0xfe, 0xf2, 0xff, 0x12, 0xff, 0x33,
  0xff, 0x33, 0xff, 0x73, 0xff, 0x73, 0xff, 0x73, 0xff, 0x73, 0xff, 0x73,
  0xff, 0x73, 0xff, 0x73, 0xff, 0x74, 0xff, 0x71, 0xff, 0x6f, 0xff, 0x90,
  0xff, 0xb1, 0xff, 0xb2, 0xff, 0xd4, 0xff, 0xf6, 0xff, 0xf7, 0xff, 0xf9,
  0xff, 0xfc, 0xff, 0xfd, 0x00, 0x00, 0x00, 0x00, 0x00, 0x00, 0x00, 0x00,
  0x00, 0x00, 0x00, 0x00, 0x00, 0x00, 0x00, 0x00, 0xd4, 0xc9, 0xcc, 0xa9,
  0xcc, 0x88, 0xc4, 0x68, 0xc4, 0x47, 0xbc, 0x27, 0xbc, 0x27, 0xab, 0x67,
  0x9b, 0x06, 0x92, 0xc5, 0x8a, 0x63, 0x82, 0x22, 0x82, 0x22, 0x82, 0x43,
  0x8a, 0x84, 0x82, 0x22, 0x71, 0xa0, 0x71, 0xc1, 0x71, 0xc1, 0x71, 0xc1,
  0x71, 0xc1, 0x71, 0xc1, 0x71, 0xc1, 0x81, 0xe2, 0xa2, 0x64, 0x9a, 0x44,
  0x9a, 0x64, 0x9a, 0x64, 0x9a, 0x64, 0x9a, 0x64, 0x9a, 0x64, 0x9a, 0x44,
  0x91, 0xe2, 0x89, 0xe2, 0x89, 0xc2, 0x89, 0xa1, 0x81, 0x81, 0x79, 0x60,
  0x79, 0x40, 0x79, 0x40, 0x70, 0xc1, 0x68, 0x81, 0x68, 0x81, 0x60, 0x60,
  0x60, 0x40, 0x58, 0x20, 0x58, 0x00, 0x58, 0x00, 0x48, 0x00, 0x48, 0x00,
  0x48, 0x00, 0x48, 0x00, 0x48, 0x00, 0x48, 0x00, 0x48, 0x00, 0x48, 0x00,
  0x38, 0x00, 0x20, 0x00, 0x28, 0x00, 0x28, 0x00, 0x30, 0x00, 0x38, 0x00,
  0x38, 0x00, 0x40, 0x00, 0x40, 0x00, 0x50, 0x40, 0x50, 0x40, 0x60, 0x40,
  0x60, 0x60, 0x68, 0x60, 0x70, 0x80, 0x70, 0xa1, 0x78, 0xc1, 0x60, 0x80,
  0x60, 0x80, 0x60, 0xa0, 0x68, 0xc0, 0x68, 0xe1, 0x71, 0x02, 0x71, 0x22,
  0x71, 0x22, 0x79, 0x43, 0x79, 0x63, 0x79, 0x63, 0x79, 0x63, 0x79, 0x63,
  0x79, 0x63, 0x79, 0x63, 0x79, 0x63, 0x81, 0x23, 0x98, 0xa3, 0x90, 0xc2,
  0x90, 0xa2, 0x90, 0x82, 0x90, 0x61, 0x90, 0x41, 0x90, 0x21, 0x90, 0x21,
  0xa0, 0x83, 0xa8, 0xa3, 0xb0, 0xa4, 0xb8, 0xe4, 0xc1, 0x25, 0xc9, 0x46,
  0xd1, 0x87, 0xd1, 0x87, 0xfa, 0x88, 0xfa, 0xa8, 0xfa, 0xc8, 0xfa, 0xe9,
  0xfb, 0x29, 0xfb, 0x4a, 0xfb, 0x6a, 0xfb, 0x8a, 0xfb, 0xcb, 0xfb, 0xcb,
  0xfb, 0xcb, 0xfb, 0xaa, 0xf3, 0xaa, 0xf3, 0x89, 0xeb, 0x69, 0xe3, 0x48,
  0xeb, 0x89, 0xf3, 0xea, 0xf3, 0xea, 0xfc, 0x0b, 0xfc, 0x2b, 0xfc, 0x4c,
  0xfc, 0x6c, 0xfc, 0x6c, 0xfc, 0xad, 0xfd, 0x2f, 0xfd, 0x0f, 0xfd, 0x0f,
  0xfd, 0x0f, 0xfd, 0x0f, 0xfd, 0x0f, 0xfd, 0x0f, 0xfd, 0x0f, 0xfc, 0xce,
  0xfc, 0xee, 0xfd, 0x0f, 0xfd, 0x0f, 0xfc, 0xce, 0xfc, 0x6c, 0xec, 0x0a,
  0xe3, 0xc9, 0xcb, 0x06, 0xc2, 0xa5, 0xba, 0x64, 0xb2, 0x03, 0xaa, 0x02,
  0xaa, 0x02, 0xb2, 0x43, 0xba, 0x84, 0xc2, 0xa6, 0xc2, 0xa7, 0xc2, 0xa7,
  0xc2, 0xa7, 0xc2, 0xa7, 0xc2, 0xa7, 0xc2, 0xa7, 0xc2, 0xa7, 0xc2, 0xc7,
  0xc2, 0xc7, 0xba, 0xa6, 0xba, 0x66, 0xb2, 0x66, 0xba, 0x86, 0xc2, 0xe7,
  0xd3, 0x49, 0xdb, 0x8a, 0xfc, 0x6a, 0xfc, 0x8b, 0xfc, 0x8b, 0xfc, 0xab,
  0xfc, 0xcc, 0xfc, 0xed, 0xfd, 0x0d, 0xfd, 0x2d, 0xfd, 0x2d, 0xfd, 0x2d,
  0xfd, 0x2d, 0xfd, 0x2d, 0xfd, 0x2d, 0xfd, 0x2d, 0xfd, 0x2d, 0xfd, 0x4e,
  0xfc, 0xcc, 0xf4, 0x4a, 0xf4, 0x6a, 0xf4, 0x6a, 0xf4, 0x6a, 0xf4, 0x8a,
  0xec, 0x8a, 0xec, 0x8a, 0xec, 0xab, 0xed, 0x0c, 0xed, 0x0c, 0xed, 0x4c,
  0xf5, 0x6d, 0xf5, 0x8d, 0xf5, 0xae, 0xf5, 0xce, 0xf5, 0xee, 0xfe, 0x90,
  0xfe, 0x90, 0xfe, 0xb0, 0xfe, 0xd1, 0xfe, 0xf2, 0xff, 0x12, 0xff, 0x33,
  0xff, 0x33, 0xff, 0x73, 0xff, 0x73, 0xff, 0x73, 0xff, 0x73, 0xff, 0x73,
  0xff, 0x73, 0xff, 0x73, 0xff, 0x74, 0xff, 0x71, 0xff, 0x6f, 0xff, 0x90,
  0xff, 0xb1, 0xff, 0xb2, 0xff, 0xd4, 0xff, 0xf6, 0xff, 0xf8, 0xff, 0xf9,
  0xff, 0xfd, 0xff, 0xfd, 0x00, 0x00, 0x00, 0x00, 0x00, 0x00, 0x00, 0x00,
  0x00, 0x00, 0x00, 0x00, 0x00, 0x00, 0x00, 0x00, 0xd4, 0xc9, 0xcc, 0xa9,
  0xcc, 0x88, 0xc4, 0x68, 0xc4, 0x47, 0xbc, 0x27, 0xbc, 0x27, 0xa3, 0x66,
  0x9b, 0x06, 0x92, 0xc5, 0x8a, 0x63, 0x82, 0x22, 0x82, 0x22, 0x82, 0x43,
  0x8a, 0x84, 0x82, 0x22, 0x71, 0xc1, 0x71, 0xc1, 0x71, 0xc1, 0x71, 0xc1,
  0x71, 0xc1, 0x71, 0xc1, 0x71, 0xc1, 0x79, 0xe2, 0xa2, 0x64, 0x9a, 0x44,
  0x9a, 0x64, 0x9a, 0x64, 0x9a, 0x64, 0x9a, 0x64, 0x9a, 0x64, 0x9a, 0x44,
  0x91, 0xe2, 0x89, 0xe2, 0x89, 0xc2, 0x89, 0xa1, 0x81, 0x81, 0x81, 0x60,
  0x79, 0x40, 0x79, 0x40, 0x79, 0x02, 0x70, 0xe3, 0x70, 0xc2, 0x70, 0xa2,
  0x68, 0x81, 0x60, 0x60, 0x60, 0x40, 0x60, 0x40, 0x50, 0x20, 0x48, 0x00,
  0x48, 0x00, 0x48, 0x00, 0x48, 0x00, 0x48, 0x00, 0x48, 0x00, 0x48, 0x00,
  0x38, 0x00, 0x18, 0x00, 0x20, 0x00, 0x20, 0x00, 0x28, 0x00, 0x30, 0x00,
  0x30, 0x00, 0x38, 0x00, 0x40, 0x00, 0x48, 0x20, 0x48, 0x20, 0x58, 0x20,
  0x58, 0x40, 0x60, 0x60, 0x68, 0x80, 0x68, 0xa0, 0x70, 0xa0, 0x50, 0xa0,
  0x50, 0xa0, 0x50, 0xa0, 0x58, 0xc0, 0x59, 0x01, 0x61, 0x01, 0x61, 0x22,
  0x61, 0x42, 0x69, 0x62, 0x71, 0x83, 0x71, 0x83, 0x71, 0x83, 0x71, 0x83,
  0x71, 0x83, 0x71, 0x83, 0x69, 0xa3, 0x79, 0x63, 0x88, 0xe3, 0x80, 0xe2,
  0x80, 0xc2, 0x78, 0x82, 0x80, 0x61, 0x78, 0x20, 0x80, 0x00, 0x80, 0x00,
  0x90, 0x01, 0x90, 0x21, 0xa0, 0x22, 0xa8, 0x63, 0xb0, 0x84, 0xb8, 0xc5,
  0xc0, 0xe5, 0xc0, 0xe6, 0xe1, 0xc5, 0xea, 0x05, 0xea, 0x05, 0xf2, 0x26,
  0xf2, 0x67, 0xf2, 0x87, 0xf2, 0xc8, 0xf2, 0xc8, 0xfb, 0x29, 0xfb, 0x49,
  0xf3, 0x29, 0xeb, 0x28, 0xe3, 0x08, 0xda, 0xe7, 0xda, 0xe7, 0xd2, 0xa6,
  0xe3, 0x28, 0xf3, 0xca, 0xf3, 0xa9, 0xfb, 0xca, 0xfb, 0xeb, 0xfc, 0x2b,
  0xfc, 0x2c, 0xfc, 0x4c, 0xfc, 0x6c, 0xfd, 0x0f, 0xfd, 0x0f, 0xfd, 0x0f,
  0xfd, 0x0f, 0xfd, 0x0f, 0xfd, 0x0f, 0xfd, 0x0f, 0xfd, 0x0f, 0xfc, 0xce,
  0xfc, 0xce, 0xfc, 0xee, 0xfc, 0xee, 0xfc, 0xcd, 0xfc, 0x4c, 0xeb, 0xea,
  0xe3, 0xa9, 0xca, 0xe6, 0xba, 0x84, 0xba, 0x44, 0xb2, 0x03, 0xaa, 0x02,
  0xb2, 0x23, 0xba, 0x64, 0xc2, 0xa5, 0xc2, 0xa6, 0xba, 0xa7, 0xc2, 0xa7,
  0xc2, 0xa7, 0xc2, 0xa7, 0xc2, 0xa7, 0xc2, 0xa7, 0xc2, 0xa7, 0xc2, 0xc7,
  0xc2, 0xc7, 0xba, 0xa6, 0xba, 0x66, 0xba, 0x66, 0xba, 0xa6, 0xc2, 0xe7,
  0xd3, 0x49, 0xdb, 0x8a, 0xfc, 0x6a, 0xfc, 0x8b, 0xfc, 0x8b, 0xfc, 0xab,
  0xfc, 0xcc, 0xfc, 0xed, 0xfd, 0x0d, 0xfd, 0x2d, 0xfd, 0x2d, 0xfd, 0x2d,
  0xfd, 0x2d, 0xfd, 0x2d, 0xfd, 0x2d, 0xfd, 0x2d, 0xfd, 0x2d, 0xfd, 0x4e,
  0xfc, 0xcc, 0xf4, 0x4a, 0xf4, 0x6a, 0xf4, 0x6a, 0xf4, 0x6a, 0xf4, 0x8a,
  0xec, 0x8a, 0xec, 0x8a, 0xec, 0xab, 0xed, 0x0c, 0xed, 0x0c, 0xed, 0x4c,
  0xf5, 0x6d, 0xf5, 0x8d, 0xf5, 0xae, 0xf5, 0xce, 0xf5, 0xee, 0xfe, 0x90,
  0xfe, 0x90, 0xfe, 0xb0, 0xfe, 0xd1, 0xfe, 0xf2, 0xff, 0x12, 0xff, 0x33,
  0xff, 0x33, 0xff, 0x73, 0xff, 0x73, 0xff, 0x73, 0xff, 0x73, 0xff, 0x73,
  0xff, 0x73, 0xff, 0x73, 0xff, 0x74, 0xff, 0x71, 0xff, 0x6f, 0xff, 0x90,
  0xff, 0xb1, 0xff, 0xb3, 0xff, 0xd5, 0xff, 0xf6, 0xff, 0xf8, 0xff, 0xf9,
  0xff, 0xfd, 0xff, 0xfd, 0x00, 0x00, 0x00, 0x00, 0x00, 0x00, 0x00, 0x00,
  0x00, 0x00, 0x00, 0x00, 0x00, 0x00, 0x00, 0x00, 0xd4, 0xc9, 0xcc, 0xa9,
  0xcc, 0x89, 0xc4, 0x88, 0xc4, 0x48, 0xc4, 0x47, 0xbc, 0x47, 0xab, 0x87,
  0x9b, 0x06, 0x92, 0xc5, 0x8a, 0x63, 0x82, 0x22, 0x82, 0x22, 0x82, 0x43,
  0x8a, 0x84, 0x7a, 0x22, 0x71, 0xa0, 0x71, 0xc1, 0x71, 0xc1, 0x71, 0xc1,
  0x71, 0xc1, 0x71, 0xc1, 0x71, 0xc1, 0x82, 0x02, 0xa2, 0x64, 0xa2, 0x44,
  0xa2, 0x44, 0xa2, 0x44, 0xa2, 0x44, 0xa2, 0x44, 0xa2, 0x44, 0xa2, 0x44,
  0x91, 0xe2, 0x89, 0xc2, 0x89, 0xc2, 0x81, 0x81, 0x81, 0x60, 0x79, 0x40,
  0x79, 0x20, 0x71, 0x20, 0x79, 0x03, 0x79, 0x03, 0x78, 0xe3, 0x70, 0xc2,
  0x70, 0xa2, 0x68, 0x81, 0x68, 0x61, 0x68, 0x61, 0x50, 0x20, 0x40, 0x00,
  0x48, 0x00, 0x48, 0x00, 0x48, 0x00, 0x48, 0x00, 0x48, 0x00, 0x48, 0x00,
  0x38, 0x00, 0x08, 0x00, 0x18, 0x00, 0x18, 0x00, 0x20, 0x00, 0x28, 0x00,
  0x28, 0x00, 0x38, 0x00, 0x38, 0x00, 0x48, 0x20, 0x48, 0x20, 0x50, 0x20,
  0x58, 0x40, 0x60, 0x60, 0x60, 0x80, 0x68, 0xa0, 0x70, 0xa0, 0x48, 0x80,
  0x48, 0xa0, 0x48, 0xc0, 0x50, 0xe0, 0x59, 0x00, 0x59, 0x41, 0x61, 0x61,
  0x61, 0x62, 0x69, 0xa3, 0x69, 0xc3, 0x69, 0xc3, 0x69, 0xc3, 0x69, 0xc3,
  0x69, 0xc3, 0x69, 0xc3, 0x69, 0xc3, 0x71, 0x83, 0x81, 0x03, 0x81, 0x03,
  0x78, 0xc2, 0x78, 0xa2, 0x78, 0x41, 0x70, 0x00, 0x78, 0x00, 0x78, 0x00,
  0x88, 0x00, 0x88, 0x00, 0xa0, 0x01, 0xa8, 0x02, 0xb8, 0x23, 0xc0, 0x64,
  0xc8, 0x85, 0xc8, 0xa5, 0xe1, 0x63, 0xe1, 0x83, 0xe1, 0xa4, 0xe9, 0xc4,
  0xea, 0x05, 0xea, 0x25, 0xea, 0x66, 0xea, 0x46, 0xf2, 0xc7, 0xf3, 0x08,
  0xeb, 0x07, 0xe2, 0xe7, 0xda, 0xc6, 0xda, 0xc6, 0xd2, 0xa5, 0xca, 0x64,
  0xdb, 0x07, 0xfb, 0xea, 0xf3, 0xca, 0xfb, 0xea, 0xfc, 0x0b, 0xfc, 0x2b,
  0xfc, 0x4c, 0xfc, 0x4c, 0xfc, 0x8d, 0xfd, 0x30, 0xfd, 0x2f, 0xfd, 0x2f,
  0xfd, 0x0f, 0xfd, 0x0f, 0xfd, 0x0f, 0xfc, 0xef, 0xfc, 0xef, 0xfc, 0x8d,
  0xfc, 0xad, 0xfc, 0xce, 0xfc, 0xee, 0xfc, 0xad, 0xfc, 0x4c, 0xeb, 0xca,
  0xe3, 0x89, 0xc2, 0xc5, 0xba, 0x44, 0xb2, 0x23, 0xa9, 0xe2, 0xa9, 0xe2,
  0xb2, 0x02, 0xba, 0x64, 0xc2, 0xa5, 0xc2, 0xc6, 0xba, 0xa7, 0xc2, 0xc7,
  0xc2, 0xc7, 0xc2, 0xc7, 0xc2, 0xc7, 0xc2, 0xc7, 0xc2, 0xc7, 0xc2, 0xc7,
  0xc2, 0xc7, 0xba, 0xa7, 0xb2, 0x66, 0xb2, 0x45, 0xba, 0x66, 0xc2, 0xc7,
  0xcb, 0x29, 0xd3, 0x6a, 0xfc, 0x6a, 0xfc, 0x6b, 0xfc, 0x8b, 0xfc, 0xab,
  0xfc, 0xcc, 0xfc, 0xec, 0xfd, 0x0d, 0xfd, 0x0d, 0xfd, 0x2d, 0xfd, 0x2d,
  0xfd, 0x2d, 0xfd, 0x2d, 0xfd, 0x2e, 0xfd, 0x2e, 0xfd, 0x2d, 0xfd, 0x4e,
  0xfc, 0xcc, 0xfc, 0x4a, 0xf4, 0x6a, 0xf4, 0x6a, 0xf4, 0x6a, 0xf4, 0x6a,
  0xf4, 0x8a, 0xec, 0x8a, 0xec, 0xab, 0xed, 0x0c, 0xed, 0x0c, 0xed, 0x4c,
  0xf5, 0x6d, 0xf5, 0x8d, 0xf5, 0xae, 0xf5, 0xce, 0xf5, 0xee, 0xfe, 0x90,
  0xfe, 0x90, 0xfe, 0xb0, 0xfe, 0xd1, 0xfe, 0xf1, 0xff, 0x12, 0xff, 0x32,
  0xff, 0x33, 0xff, 0x53, 0xff, 0x53, 0xff, 0x53, 0xff, 0x53, 0xff, 0x53,
  0xff, 0x53, 0xff, 0x53, 0xff, 0x54, 0xff, 0x51, 0xff, 0x6e, 0xff, 0x6f,
  0xff, 0x90, 0xff, 0xb2, 0xff, 0xd4, 0xff, 0xf5, 0xff, 0xf7, 0xff, 0xf9,
  0xff, 0xfd, 0xff, 0xfd, 0x00, 0x00, 0x00, 0x00, 0x00, 0x00, 0x00, 0x00,
  0x00, 0x00, 0x00, 0x00, 0x00, 0x00, 0xd4, 0xa9, 0xcc, 0xa9, 0xcc, 0x68,
  0xc4, 0x48, 0xbc, 0x07, 0xb3, 0xe6, 0xb3, 0xa5, 0xb3, 0xc5, 0x9a, 0xe5,
  0x8a, 0xa4, 0x8a, 0xa4, 0x8a, 0x84, 0x8a, 0x63, 0x8a, 0x63, 0x8a, 0x84,
  0x8a, 0x84, 0x82, 0x63, 0x7a, 0x22, 0x7a, 0x22, 0x7a, 0x01, 0x71, 0xe1,
  0x71, 0xc1, 0x69, 0xa0, 0x69, 0x60, 0x71, 0xc1, 0x8a, 0xc5, 0x8a, 0xa4,
  0x8a, 0xa4, 0x8a, 0xa4, 0x92, 0x84, 0x92, 0x84, 0x92, 0x84, 0x92, 0x84,
  0x8a, 0x23, 0x8a, 0x03, 0x92, 0x03, 0x91, 0xe3, 0x91, 0xe2, 0x89, 0xc2,
  0x91, 0xc2, 0x91, 0xa2, 0x89, 0xe5, 0x89, 0xe5, 0x81, 0xc5, 0x81, 0xa4,
  0x79, 0x83, 0x71, 0x43, 0x71, 0x22, 0x71, 0x22, 0x60, 0xa0, 0x50, 0x40,
  0x58, 0x40, 0x50, 0x20, 0x50, 0x00, 0x50, 0x00, 0x48, 0x00, 0x48, 0x00,
  0x40, 0x00, 0x38, 0x00, 0x38, 0x00, 0x38, 0x00, 0x38, 0x00, 0x40, 0x00,
  0x40, 0x00, 0x40, 0x00, 0x40, 0x00, 0x48, 0x00, 0x48, 0x00, 0x50, 0x00,
  0x58, 0x00, 0x58, 0x20, 0x60, 0x20, 0x60, 0x20, 0x68, 0x20, 0x58, 0x60,
  0x50, 0x80, 0x50, 0x60, 0x50, 0x60, 0x50, 0x40, 0x50, 0x40, 0x50, 0x60,
  0x48, 0x40, 0x58, 0xc1, 0x69, 0x21, 0x61, 0x01, 0x69, 0x01, 0x69, 0x01,
  0x69, 0x01, 0x69, 0x01, 0x61, 0x01, 0x68, 0xc1, 0x68, 0x61, 0x68, 0x60,
  0x68, 0x60, 0x68, 0x40, 0x68, 0x20, 0x60, 0x20, 0x60, 0x20, 0x68, 0x20,
  0x70, 0x60, 0x70, 0x60, 0x78, 0x60, 0x78, 0x61, 0x78, 0x61, 0x80, 0x81,
  0x80, 0x81, 0x80, 0x81, 0xa8, 0xc2, 0xb0, 0xe3, 0xb0, 0xe3, 0xb1, 0x23,
  0xb9, 0x44, 0xb9, 0x64, 0xb9, 0x85, 0xc1, 0xa5, 0xc1, 0xa5, 0xc1, 0xa6,
  0xc1, 0xa5, 0xb9, 0xa5, 0xb9, 0xa5, 0xb9, 0xa5, 0xb9, 0xa5, 0xb1, 0x65,
  0xc2, 0x05, 0xda, 0xe6, 0xd2, 0xc6, 0xda, 0xe7, 0xdb, 0x27, 0xe3, 0x48,
  0xe3, 0x69, 0xeb, 0x69, 0xeb, 0xa9, 0xfc, 0x4c, 0xfc, 0x4c, 0xfc, 0x6d,
  0xfc, 0xae, 0xfc, 0xef, 0xfd, 0x30, 0xfd, 0x50, 0xfd, 0x71, 0xfd, 0x50,
  0xfd, 0x30, 0xfd, 0x0f, 0xfc, 0xee, 0xfc, 0x8d, 0xec, 0x4c, 0xe3, 0xea,
  0xe3, 0xca, 0xcb, 0x27, 0xba, 0xc6, 0xba, 0xc6, 0xba, 0xa6, 0xba, 0xa6,
  0xba, 0xc6, 0xc2, 0xc6, 0xc2, 0xe7, 0xc2, 0xc6, 0xba, 0x84, 0xba, 0x85,
  0xba, 0x85, 0xba, 0x85, 0xba, 0x85, 0xba, 0x85, 0xba, 0x85, 0xba, 0x85,
  0xc2, 0xa5, 0xc2, 0xa5, 0xc2, 0xc6, 0xcb, 0x06, 0xd3, 0x48, 0xdb, 0x89,
  0xeb, 0xea, 0xec, 0x0a, 0xfc, 0xab, 0xfc, 0xab, 0xfc, 0xcc, 0xfc, 0xec,
  0xfd, 0x0d, 0xfd, 0x2d, 0xfd, 0x4e, 0xfd, 0x4e, 0xfd, 0x6e, 0xfd, 0x4e,
  0xfd, 0x4e, 0xfd, 0x2d, 0xfd, 0x0d, 0xfc, 0xec, 0xfc, 0xec, 0xfc, 0xcc,
  0xf4, 0xcb, 0xe4, 0xaa, 0xe4, 0xaa, 0xe4, 0xaa, 0xe4, 0xaa, 0xe4, 0xaa,
  0xe4, 0xaa, 0xe4, 0xaa, 0xe4, 0xca, 0xed, 0x0b, 0xed, 0x2c, 0xed, 0x4c,
  0xf5, 0x6d, 0xf5, 0x8d, 0xfd, 0xae, 0xfd, 0xce, 0xfd, 0xce, 0xfe, 0xb1,
  0xfe, 0xb1, 0xfe, 0xd1, 0xfe, 0xf2, 0xff, 0x32, 0xff, 0x53, 0xff, 0x73,
  0xff, 0x93, 0xff, 0xb4, 0xff, 0xd4, 0xff, 0xd4, 0xff, 0xd4, 0xff, 0xd4,
  0xff, 0xd4, 0xff, 0xd4, 0xff, 0xd4, 0xff, 0xd5, 0xff, 0xd5, 0xff, 0xd6,
  0xff, 0xf6, 0xff, 0xf7, 0xff, 0xf9, 0xff, 0xf9, 0xff, 0xfb, 0xff, 0xfc,
  0xff, 0xff, 0xff, 0xff, 0xff, 0xff, 0x00, 0x00, 0x00, 0x00, 0x00, 0x00,
  0x00, 0x00, 0x00, 0x00, 0x00, 0x00, 0xcc, 0x89, 0xcc, 0x89, 0xc4, 0x48,
  0xc4, 0x27, 0xbb, 0xe6, 0xb3, 0xa5, 0xab, 0x64, 0xab, 0x84, 0x8a, 0xa4,
  0x82, 0x84, 0x8a, 0x84, 0x8a, 0xa4, 0x8a, 0xa4, 0x8a, 0xa4, 0x8a, 0xa4,
  0x8a, 0xa4, 0x8a, 0x84, 0x82, 0x63, 0x82, 0x63, 0x7a, 0x22, 0x7a, 0x01,
  0x71, 0xc1, 0x69, 0xa0, 0x61, 0x60, 0x69, 0xc1, 0x83, 0x05, 0x82, 0xc4,
  0x82, 0xc4, 0x82, 0xc4, 0x8a, 0xa4, 0x8a, 0xa4, 0x8a, 0xa4, 0x8a, 0x84,
  0x8a, 0x23, 0x8a, 0x23, 0x92, 0x23, 0x92, 0x23, 0x9a, 0x03, 0x9a, 0x03,
  0x9a, 0x03, 0x9a, 0x03, 0x92, 0x66, 0x8a, 0x66, 0x8a, 0x45, 0x82, 0x05,
  0x81, 0xe4, 0x79, 0xc3, 0x79, 0x83, 0x79, 0x83, 0x69, 0x01, 0x58, 0xa0,
  0x60, 0xa0, 0x58, 0x80, 0x58, 0x40, 0x50, 0x20, 0x50, 0x00, 0x50, 0x00,
  0x50, 0x00, 0x50, 0x00, 0x50, 0x00, 0x50, 0x00, 0x50, 0x00, 0x48, 0x00,
  0x48, 0x00, 0x48, 0x00, 0x48, 0x00, 0x48, 0x00, 0x48, 0x00, 0x48, 0x00,
  0x50, 0x00, 0x58, 0x00, 0x58, 0x00, 0x58, 0x00, 0x60, 0x00, 0x58, 0x80,
  0x58, 0x80, 0x58, 0x60, 0x50, 0x40, 0x48, 0x20, 0x48, 0x00, 0x40, 0x00,
  0x40, 0x00, 0x50, 0x40, 0x60, 0xa0, 0x58, 0x80, 0x58, 0xa0, 0x58, 0xa0,
  0x58, 0xa0, 0x58, 0xa0, 0x58, 0xa0, 0x58, 0x60, 0x58, 0x00, 0x58, 0x20,
  0x58, 0x20, 0x58, 0x20, 0x58, 0x20, 0x58, 0x20, 0x58, 0x20, 0x58, 0x20,
  0x60, 0x60, 0x60, 0x60, 0x58, 0x60, 0x58, 0x60, 0x58, 0x60, 0x58, 0x60,
  0x58, 0x60, 0x58, 0x60, 0x88, 0x61, 0x90, 0x62, 0x90, 0x82, 0x98, 0xa2,
  0x98, 0xc3, 0xa0, 0xe4, 0xa1, 0x04, 0xa9, 0x04, 0xa9, 0x04, 0xa9, 0x04,
  0xa9, 0x04, 0xa9, 0x04, 0xa9, 0x04, 0xa9, 0x04, 0xa9, 0x04, 0xa8, 0xe4,
  0xb1, 0x84, 0xc2, 0x64, 0xc2, 0x44, 0xca, 0x85, 0xd2, 0xa6, 0xd2, 0xc7,
  0xdb, 0x07, 0xdb, 0x28, 0xe3, 0x48, 0xf3, 0xca, 0xf3, 0xca, 0xfc, 0x2c,
  0xfc, 0x6d, 0xfc, 0xce, 0xfd, 0x30, 0xfd, 0x71, 0xfd, 0x91, 0xfd, 0x91,
  0xfd, 0x71, 0xfd, 0x30, 0xfc, 0xee, 0xf4, 0x8d, 0xec, 0x2c, 0xe3, 0xeb,
  0xe3, 0xeb, 0xcb, 0x48, 0xc3, 0x07, 0xc3, 0x07, 0xc3, 0x07, 0xc3, 0x07,
  0xc3, 0x07, 0xc3, 0x07, 0xc3, 0x07, 0xc2, 0xc6, 0xba, 0x63, 0xba, 0x84,
  0xba, 0x84, 0xba, 0x84, 0xba, 0x84, 0xba, 0x84, 0xba, 0x84, 0xba, 0x84,
  0xba, 0x84, 0xc2, 0xa4, 0xcb, 0x06, 0xdb, 0x47, 0xe3, 0xa8, 0xeb, 0xe9,
  0xf4, 0x2a, 0xf4, 0x4b, 0xfc, 0xcc, 0xfc, 0xcc, 0xfc, 0xec, 0xfd, 0x0d,
  0xfd, 0x2d, 0xfd, 0x4e, 0xfd, 0x6e, 0xfd, 0x6e, 0xfd, 0x6e, 0xfd, 0x4e,
  0xfd, 0x4e, 0xfd, 0x2d, 0xfd, 0x0d, 0xfc, 0xcc, 0xfc, 0xcc, 0xfc, 0xab,
  0xec, 0xaa, 0xdc, 0xca, 0xdc, 0xca, 0xdc, 0xca, 0xdc, 0xca, 0xdc, 0xca,
  0xdc, 0xca, 0xdc, 0xca, 0xe4, 0xca, 0xed, 0x0b, 0xed, 0x2c, 0xed, 0x4c,
  0xf5, 0x6d, 0xfd, 0x8d, 0xfd, 0xae, 0xfd, 0xae, 0xfd, 0xce, 0xfe, 0xd1,
  0xfe, 0xd1, 0xfe, 0xf1, 0xff, 0x12, 0xff, 0x53, 0xff, 0x73, 0xff, 0x94,
  0xff, 0xb4, 0xff, 0xf4, 0xff, 0xf4, 0xff, 0xf4, 0xff, 0xf4, 0xff, 0xf4,
  0xff, 0xf4, 0xff, 0xf5, 0xff, 0xf4, 0xff, 0xf7, 0xff, 0xf9, 0xff, 0xf9,
  0xff, 0xf9, 0xff, 0xfa, 0xff, 0xfb, 0xff, 0xfb, 0xff, 0xfc, 0xff, 0xfd,
  0xff, 0xff, 0xff, 0xff, 0xff, 0xff, 0x00, 0x00, 0x00, 0x00, 0x00, 0x00,
  0x00, 0x00, 0x00, 0x00, 0x00, 0x00, 0xcc, 0xa9, 0xcc, 0x89, 0xc4, 0x68,
  0xc4, 0x27, 0xbb, 0xe6, 0xb3, 0xc5, 0xab, 0x85, 0xab, 0x84, 0x92, 0xc4,
  0x8a, 0x84, 0x8a, 0x84, 0x8a, 0x84, 0x8a, 0x84, 0x8a, 0x84, 0x8a, 0x84,
  0x8a, 0xa4, 0x8a, 0x83, 0x82, 0x63, 0x82, 0x43, 0x82, 0x42, 0x7a, 0x22,
  0x7a, 0x01, 0x71, 0xe1, 0x71, 0xa0, 0x72, 0x01, 0x82, 0xe5, 0x82, 0xc4,
  0x82, 0xc4, 0x82, 0xc4, 0x8a, 0xa4, 0x8a, 0xa4, 0x92, 0x84, 0x92, 0x84,
  0x8a, 0x23, 0x8a, 0x23, 0x92, 0x03, 0x92, 0x03, 0x92, 0x03, 0x92, 0x03,
  0x99, 0xe3, 0x99, 0xe3, 0x92, 0x25, 0x92, 0x26, 0x92, 0x25, 0x8a, 0x05,
  0x89, 0xc4, 0x89, 0xa4, 0x81, 0x83, 0x89, 0x83, 0x79, 0x22, 0x70, 0xc1,
  0x70, 0xc1, 0x70, 0xa0, 0x68, 0x80, 0x68, 0x40, 0x68, 0x20, 0x60, 0x20,
  0x60, 0x00, 0x60, 0x00, 0x60, 0x00, 0x60, 0x00, 0x60, 0x00, 0x60, 0x00,
  0x60, 0x00, 0x60, 0x00, 0x60, 0x00, 0x58, 0x00, 0x58, 0x00, 0x60, 0x00,
  0x60, 0x00, 0x68, 0x00, 0x68, 0x00, 0x70, 0x00, 0x70, 0x00, 0x68, 0x80,
  0x68, 0xa0, 0x68, 0x80, 0x60, 0x60, 0x60, 0x40, 0x58, 0x20, 0x58, 0x00,
  0x58, 0x00, 0x58, 0x20, 0x60, 0x40, 0x60, 0x40, 0x60, 0x40, 0x60, 0x40,
  0x60, 0x40, 0x60, 0x40, 0x60, 0x40, 0x60, 0x20, 0x60, 0x00, 0x60, 0x00,
  0x60, 0x00, 0x60, 0x00, 0x60, 0x00, 0x60, 0x00, 0x60, 0x00, 0x60, 0x00,
  0x60, 0x00, 0x60, 0x00, 0x60, 0x00, 0x60, 0x00, 0x60, 0x00, 0x60, 0x00,
  0x60, 0x00, 0x60, 0x00, 0x80, 0x00, 0x88, 0x00, 0x88, 0x20, 0x90, 0x41,
  0x90, 0x61, 0x98, 0x82, 0x98, 0xa2, 0xa0, 0xa3, 0xa0, 0xc3, 0xa0, 0xc3,
  0xa0, 0xc3, 0xa0, 0xc3, 0xa0, 0xc3, 0xa0, 0xc3, 0xa0, 0xc3, 0xa0, 0xa3,
  0xa9, 0x23, 0xba, 0x02, 0xba, 0x03, 0xc2, 0x44, 0xca, 0x85, 0xd2, 0xc6,
  0xdb, 0x07, 0xe3, 0x48, 0xe3, 0x69, 0xeb, 0xaa, 0xf3, 0xca, 0xfc, 0x0b,
  0xfc, 0x6d, 0xfc, 0xae, 0xfc, 0xef, 0xfd, 0x30, 0xfd, 0x50, 0xfd, 0x70,
  0xfd, 0x50, 0xfd, 0x0f, 0xfc, 0xce, 0xf4, 0x6d, 0xec, 0x2c, 0xdb, 0xea,
  0xdb, 0xca, 0xcb, 0x28, 0xc2, 0xe7, 0xc3, 0x07, 0xc3, 0x07, 0xc2, 0xe7,
  0xc3, 0x07, 0xc3, 0x07, 0xc3, 0x07, 0xc2, 0xc6, 0xba, 0x63, 0xba, 0x84,
  0xba, 0x84, 0xba, 0x84, 0xba, 0x84, 0xba, 0x84, 0xba, 0x84, 0xba, 0x84,
  0xba, 0x84, 0xc2, 0xa5, 0xca, 0xe6, 0xd3, 0x47, 0xe3, 0x88, 0xeb, 0xe9,
  0xf4, 0x2a, 0xf4, 0x4b, 0xfc, 0xab, 0xfc, 0xcc, 0xfc, 0xcc, 0xfc, 0xec,
  0xfd, 0x2d, 0xfd, 0x4e, 0xfd, 0x4e, 0xfd, 0x6e, 0xfd, 0x6e, 0xfd, 0x4e,
  0xfd, 0x4e, 0xfd, 0x2d, 0xfd, 0x0d, 0xfc, 0xec, 0xfc, 0xcc, 0xfc, 0xab,
  0xf4, 0xab, 0xdc, 0xca, 0xe4, 0xca, 0xe4, 0xca, 0xe4, 0xca, 0xe4, 0xca,
  0xe4, 0xca, 0xdc, 0xca, 0xe4, 0xca, 0xed, 0x0b, 0xed, 0x2c, 0xed, 0x4c,
  0xf5, 0x6d, 0xf5, 0x8d, 0xfd, 0xae, 0xfd, 0xae, 0xfd, 0xce, 0xfe, 0xb1,
  0xfe, 0xd1, 0xfe, 0xf1, 0xff, 0x12, 0xff, 0x52, 0xff, 0x73, 0xff, 0x93,
  0xff, 0xb4, 0xff, 0xf4, 0xff, 0xf4, 0xff, 0xf4, 0xff, 0xf4, 0xff, 0xf4,
  0xff, 0xf4, 0xff, 0xf4, 0xff, 0xf4, 0xff, 0xf6, 0xff, 0xf8, 0xff, 0xf8,
  0xff, 0xf9, 0xff, 0xfa, 0xff, 0xfa, 0xff, 0xfb, 0xff, 0xfc, 0xff, 0xfd,
  0xff, 0xff, 0xff, 0xff, 0xff, 0xff, 0x00, 0x00, 0x00, 0x00, 0x00, 0x00,
  0x00, 0x00, 0x00, 0x00, 0x00, 0x00, 0xcc, 0xa9, 0xcc, 0x89, 0xc4, 0x68,
  0xc4, 0x27, 0xbb, 0xe6, 0xb3, 0xc5, 0xab, 0x85, 0xab, 0x84, 0x92, 0xc4,
  0x8a, 0x84, 0x8a, 0x84, 0x8a, 0x84, 0x8a, 0x84, 0x8a, 0x84, 0x8a, 0x84,
  0x8a, 0x84, 0x8a, 0x84, 0x82, 0x63, 0x82, 0x63, 0x82, 0x63, 0x82, 0x43,
  0x82, 0x42, 0x7a, 0x22, 0x7a, 0x02, 0x7a, 0x43, 0x82, 0xe5, 0x82, 0xc4,
  0x82, 0xc4, 0x82, 0xc4, 0x8a, 0xa4, 0x8a, 0xa4, 0x92, 0x84, 0x92, 0x84,
  0x8a, 0x23, 0x8a, 0x23, 0x92, 0x03, 0x92, 0x03, 0x92, 0x03, 0x92, 0x03,
  0x99, 0xe3, 0x99, 0xe3, 0x9a, 0x25, 0x9a, 0x46, 0x9a, 0x26, 0x92, 0x26,
  0x92, 0x05, 0x91, 0xe5, 0x91, 0xe5, 0x91, 0xc5, 0x89, 0x84, 0x89, 0x63,
  0x89, 0x43, 0x81, 0x22, 0x81, 0x02, 0x80, 0xc1, 0x78, 0xa1, 0x78, 0xa0,
  0x78, 0x80, 0x80, 0x40, 0x80, 0x40, 0x80, 0x40, 0x80, 0x40, 0x80, 0x40,
  0x80, 0x40, 0x80, 0x40, 0x78, 0x40, 0x70, 0x20, 0x70, 0x20, 0x78, 0x40,
  0x78, 0x40, 0x80, 0x61, 0x88, 0x81, 0x88, 0xa1, 0x88, 0xa1, 0x81, 0x02,
  0x79, 0x02, 0x78, 0xe2, 0x70, 0xc1, 0x70, 0xa0, 0x68, 0x80, 0x68, 0x60,
  0x68, 0x40, 0x60, 0x40, 0x60, 0x20, 0x60, 0x20, 0x60, 0x20, 0x60, 0x20,
  0x60, 0x20, 0x60, 0x20, 0x60, 0x20, 0x60, 0x20, 0x68, 0x00, 0x68, 0x00,
  0x68, 0x00, 0x68, 0x00, 0x68, 0x00, 0x68, 0x00, 0x68, 0x00, 0x68, 0x00,
  0x60, 0x00, 0x60, 0x00, 0x60, 0x00, 0x60, 0x00, 0x60, 0x00, 0x60, 0x00,
  0x60, 0x00, 0x60, 0x00, 0x78, 0x00, 0x80, 0x00, 0x80, 0x00, 0x88, 0x00,
  0x88, 0x20, 0x90, 0x41, 0x90, 0x61, 0x90, 0x61, 0x98, 0x82, 0x98, 0x82,
  0x98, 0x82, 0x98, 0x82, 0x98, 0x82, 0x98, 0x82, 0x98, 0x82, 0x98, 0x62,
  0x98, 0xc1, 0xa1, 0x20, 0xa1, 0x41, 0xa9, 0xa1, 0xb9, 0xe3, 0xc2, 0x44,
  0xca, 0xa6, 0xd2, 0xc6, 0xdb, 0x07, 0xeb, 0x69, 0xeb, 0x89, 0xf3, 0xca,
  0xfc, 0x2c, 0xfc, 0x6d, 0xfc, 0xce, 0xfd, 0x0f, 0xfd, 0x30, 0xfd, 0x50,
  0xfd, 0x30, 0xfc, 0xef, 0xfc, 0xae, 0xec, 0x4c, 0xe4, 0x0b, 0xdb, 0xca,
  0xdb, 0xaa, 0xcb, 0x28, 0xc2, 0xe7, 0xc3, 0x07, 0xc3, 0x07, 0xc3, 0x07,
  0xc3, 0x07, 0xc3, 0x07, 0xc3, 0x07, 0xc2, 0xc6, 0xba, 0x63, 0xba, 0x84,
  0xba, 0x84, 0xba, 0x84, 0xba, 0x84, 0xba, 0x84, 0xba, 0x84, 0xba, 0x84,
  0xba, 0x84, 0xc2, 0xa5, 0xca, 0xe6, 0xd3, 0x47, 0xe3, 0xa8, 0xeb, 0xe9,
  0xf4, 0x2a, 0xf4, 0x4b, 0xfc, 0xab, 0xfc, 0xcc, 0xfc, 0xcc, 0xfc, 0xec,
  0xfd, 0x2d, 0xfd, 0x4e, 0xfd, 0x4e, 0xfd, 0x6e, 0xfd, 0x6e, 0xfd, 0x4e,
  0xfd, 0x4e, 0xfd, 0x2d, 0xfd, 0x0d, 0xfc, 0xec, 0xfc, 0xcc, 0xfc, 0xab,
  0xf4, 0xab, 0xdc, 0xca, 0xe4, 0xca, 0xe4, 0xca, 0xe4, 0xca, 0xe4, 0xca,
  0xe4, 0xca, 0xdc, 0xca, 0xe4, 0xca, 0xed, 0x0b, 0xed, 0x2c, 0xed, 0x4c,
  0xf5, 0x6d, 0xf5, 0x8d, 0xfd, 0xae, 0xfd, 0xae, 0xfd, 0xce, 0xfe, 0xb1,
  0xfe, 0xd1, 0xfe, 0xf1, 0xff, 0x12, 0xff, 0x52, 0xff, 0x73, 0xff, 0x93,
  0xff, 0xb4, 0xff, 0xf4, 0xff, 0xf4, 0xff, 0xf4, 0xff, 0xf4, 0xff, 0xf4,
  0xff, 0xf4, 0xff, 0xf4, 0xff, 0xf4, 0xff, 0xf6, 0xff, 0xf9, 0xff, 0xf9,
  0xff, 0xf9, 0xff, 0xfa, 0xff, 0xfb, 0xff, 0xfb, 0xff, 0xfd, 0xff, 0xfd,
  0xff, 0xff, 0xff, 0xff, 0xff, 0xff, 0x00, 0x00, 0x00, 0x00, 0x00, 0x00,
  0x00, 0x00, 0x00, 0x00, 0x00, 0x00, 0xcc, 0xa9, 0xcc, 0x89, 0xc4, 0x68,
  0xc4, 0x27, 0xbb, 0xe6, 0xb3, 0xc5, 0xab, 0x85, 0xab, 0x84, 0x92, 0xc4,
  0x8a, 0x84, 0x8a, 0x84, 0x8a, 0x84, 0x8a, 0x84, 0x8a, 0x84, 0x8a, 0x84,
  0x8a, 0x84, 0x8a, 0x84, 0x8a, 0x84, 0x8a, 0x84, 0x8a, 0x84, 0x8a, 0x84,
  0x8a, 0x84, 0x8a, 0x84, 0x8a, 0x84, 0x8a, 0xa4, 0x82, 0xc4, 0x82, 0xc4,
  0x82, 0xc4, 0x82, 0xc4, 0x8a, 0xa4, 0x8a, 0xa4, 0x92, 0x84, 0x92, 0x84,
  0x8a, 0x23, 0x8a, 0x23, 0x92, 0x03, 0x92, 0x03, 0x92, 0x03, 0x92, 0x03,
  0x99, 0xe3, 0x99, 0xe3, 0xa2, 0x26, 0xa2, 0x26, 0xa2, 0x26, 0xa2, 0x26,
  0xa2, 0x26, 0xa2, 0x26, 0xaa, 0x06, 0xaa, 0x06, 0xa9, 0xe6, 0xa1, 0xc5,
  0xa9, 0xa5, 0xa1, 0x85, 0xa1, 0x64, 0xa1, 0x24, 0x99, 0x03, 0x99, 0x03,
  0x98, 0xe3, 0xa8, 0xc3, 0xa0, 0xc3, 0xa0, 0xc3, 0xa0, 0xc3, 0xa0, 0xc3,
  0xa0, 0xc3, 0xa0, 0xc3, 0xa8, 0xe3, 0xa8, 0xe3, 0xa9, 0x03, 0xa9, 0x04,
  0xb1, 0x44, 0xb9, 0x65, 0xb9, 0x86, 0xb9, 0xa6, 0xc1, 0xa6, 0xa9, 0x85,
  0xa1, 0x65, 0x99, 0x44, 0x99, 0x24, 0x91, 0x03, 0x90, 0xe3, 0x88, 0xc2,
  0x88, 0xc2, 0x80, 0x61, 0x78, 0x40, 0x78, 0x40, 0x78, 0x40, 0x78, 0x40,
  0x78, 0x40, 0x78, 0x40, 0x78, 0x40, 0x80, 0x40, 0x80, 0x41, 0x80, 0x41,
  0x80, 0x41, 0x80, 0x41, 0x80, 0x41, 0x80, 0x41, 0x80, 0x41, 0x80, 0x40,
  0x70, 0x00, 0x70, 0x00, 0x70, 0x00, 0x70, 0x00, 0x70, 0x00, 0x70, 0x00,
  0x70, 0x00, 0x70, 0x00, 0x80, 0x00, 0x80, 0x00, 0x80, 0x00, 0x88, 0x20,
  0x90, 0x41, 0x90, 0x41, 0x98, 0x62, 0x98, 0x82, 0x98, 0xa2, 0xa0, 0xc3,
  0xa0, 0xc3, 0xa0, 0xc3, 0xa0, 0xc3, 0xa0, 0xc3, 0xa0, 0xc3, 0xa0, 0xc3,
  0x98, 0xa1, 0x88, 0xa0, 0x90, 0xc0, 0x99, 0x20, 0xa9, 0x61, 0xb1, 0xc2,
  0xba, 0x03, 0xc2, 0x24, 0xca, 0x65, 0xe3, 0x48, 0xe3, 0x48, 0xeb, 0xaa,
  0xfb, 0xeb, 0xfc, 0x2c, 0xfc, 0x8d, 0xfc, 0xce, 0xfc, 0xef, 0xfd, 0x2f,
  0xfd, 0x0f, 0xfc, 0xce, 0xf4, 0x8d, 0xec, 0x2c, 0xdb, 0xea, 0xd3, 0x89,
  0xd3, 0x89, 0xcb, 0x28, 0xc2, 0xe7, 0xc3, 0x07, 0xc3, 0x07, 0xc3, 0x07,
  0xc3, 0x07, 0xc3, 0x07, 0xc3, 0x07, 0xc2, 0xc6, 0xba, 0x63, 0xba, 0x84,
  0xba, 0x84, 0xba, 0x84, 0xba, 0x84, 0xba, 0x84, 0xba, 0x84, 0xba, 0x84,
  0xba, 0x84, 0xc2, 0xa5, 0xca, 0xe6, 0xd3, 0x47, 0xe3, 0xa8, 0xeb, 0xe9,
  0xf4, 0x2a, 0xf4, 0x4b, 0xfc, 0xab, 0xfc, 0xcc, 0xfc, 0xcc, 0xfc, 0xec,
  0xfd, 0x2d, 0xfd, 0x4e, 0xfd, 0x4e, 0xfd, 0x6e, 0xfd, 0x6e, 0xfd, 0x4e,
  0xfd, 0x4e, 0xfd, 0x2d, 0xfd, 0x0d, 0xfc, 0xec, 0xfc, 0xcc, 0xfc, 0xab,
  0xf4, 0xab, 0xdc, 0xca, 0xe4, 0xca, 0xe4, 0xca, 0xe4, 0xca, 0xe4, 0xca,
  0xe4, 0xca, 0xdc, 0xca, 0xe4, 0xca, 0xed, 0x0b, 0xed, 0x2c, 0xed, 0x4c,
  0xf5, 0x6d, 0xf5, 0x8d, 0xfd, 0xae, 0xfd, 0xae, 0xfd, 0xce, 0xfe, 0xb1,
  0xfe, 0xd1, 0xfe, 0xf1, 0xff, 0x12, 0xff, 0x52, 0xff, 0x73, 0xff, 0x93,
  0xff, 0xb4, 0xff, 0xf4, 0xff, 0xf4, 0xff, 0xf4, 0xff, 0xf4, 0xff, 0xf4,
  0xff, 0xf4, 0xff, 0xf4, 0xff, 0xf4, 0xff, 0xf7, 0xff, 0xfa, 0xff, 0xfa,
  0xff, 0xfa, 0xff, 0xfb, 0xff, 0xfb, 0xff, 0xfc, 0xff, 0xfd, 0xff, 0xfe,
  0xff, 0xff, 0xff, 0xff, 0xff, 0xff, 0x00, 0x00, 0x00, 0x00, 0x00, 0x00,
  0x00, 0x00, 0x00, 0x00, 0xdd, 0x0b, 0xcc, 0xa9, 0xcc, 0x89, 0xc4, 0x68,
  0xc4, 0x27, 0xbb, 0xe6, 0xb3, 0xc5, 0xab, 0x85, 0xab, 0x84, 0x92, 0xc4,
  0x8a, 0x84, 0x8a, 0x84, 0x8a, 0x84, 0x8a, 0x84, 0x8a, 0x84, 0x8a, 0x84,
  0x8a, 0x84, 0x8a, 0x84, 0x8a, 0x84, 0x8a, 0xa4, 0x8a, 0xa4, 0x92, 0xc4,
  0x92, 0xc5, 0x92, 0xe5, 0x9a, 0xe5, 0x92, 0xe5, 0x82, 0xc4, 0x82, 0xc4,
  0x82, 0xc4, 0x82, 0xc4, 0x8a, 0xa4, 0x8a, 0xa4, 0x92, 0x84, 0x92, 0x84,
  0x8a, 0x23, 0x8a, 0x23, 0x92, 0x03, 0x92, 0x03, 0x92, 0x03, 0x92, 0x03,
  0x99, 0xe3, 0x99, 0xe3, 0xa2, 0x26, 0xaa, 0x27, 0xaa, 0x27, 0xaa, 0x47,
  0xb2, 0x47, 0xb2, 0x68, 0xba, 0x68, 0xc2, 0x68, 0xc2, 0x48, 0xc2, 0x48,
  0xc2, 0x27, 0xc1, 0xe7, 0xb9, 0xc6, 0xb9, 0xa6, 0xb9, 0x86, 0xb1, 0x65,
  0xb9, 0x65, 0xc9, 0x86, 0xc1, 0x86, 0xc9, 0x86, 0xc9, 0x86, 0xc9, 0x86,
  0xc9, 0x86, 0xc1, 0x66, 0xc9, 0x86, 0xda, 0x08, 0xda, 0x08, 0xe2, 0x29,
  0xe2, 0x49, 0xea, 0x6a, 0xea, 0x8a, 0xf2, 0xab, 0xf2, 0xcb, 0xca, 0x49,
  0xc2, 0x28, 0xc2, 0x08, 0xc1, 0xe7, 0xb9, 0xc7, 0xb1, 0xa6, 0xb1, 0x86,
  0xb1, 0x86, 0xa1, 0x24, 0xa0, 0xe3, 0xa0, 0xe3, 0xa0, 0xe3, 0xa0, 0xe3,
  0xa0, 0xe3, 0xa0, 0xe3, 0xa1, 0x03, 0xa1, 0x03, 0xa1, 0x04, 0xa1, 0x04,
  0xa1, 0x04, 0xa1, 0x04, 0xa1, 0x04, 0xa1, 0x04, 0xa1, 0x04, 0xa0, 0xe4,
  0x90, 0x82, 0x90, 0x82, 0x90, 0x82, 0x90, 0x82, 0x90, 0x82, 0x90, 0x82,
  0x90, 0x82, 0x90, 0x82, 0x90, 0x61, 0x98, 0x61, 0x98, 0x82, 0x98, 0xa2,
  0xa0, 0xc3, 0xa8, 0xe4, 0xa9, 0x04, 0xa9, 0x04, 0xb1, 0x45, 0xb9, 0x66,
  0xb1, 0x65, 0xb1, 0x65, 0xb1, 0x65, 0xb1, 0x65, 0xb1, 0x65, 0xb9, 0x66,
  0xa9, 0x23, 0x90, 0xe0, 0x99, 0x00, 0xa1, 0x20, 0xa1, 0x61, 0xa9, 0x81,
  0xb1, 0xc2, 0xb1, 0xc2, 0xba, 0x03, 0xdb, 0x07, 0xdb, 0x28, 0xe3, 0x69,
  0xf3, 0xaa, 0xfc, 0x0b, 0xfc, 0x4c, 0xfc, 0x8d, 0xfc, 0xae, 0xfc, 0xef,
  0xfc, 0xef, 0xfc, 0xae, 0xf4, 0x6c, 0xe4, 0x0b, 0xdb, 0xca, 0xd3, 0x69,
  0xcb, 0x68, 0xc3, 0x07, 0xc2, 0xe7, 0xc3, 0x07, 0xc3, 0x07, 0xc3, 0x07,
  0xc3, 0x07, 0xc3, 0x07, 0xc3, 0x07, 0xc2, 0xc6, 0xba, 0x63, 0xba, 0x84,
  0xba, 0x84, 0xba, 0x84, 0xba, 0x84, 0xba, 0x84, 0xba, 0x84, 0xba, 0x84,
  0xba, 0x84, 0xc2, 0xa5, 0xca, 0xe6, 0xd3, 0x47, 0xe3, 0xa8, 0xeb, 0xe9,
  0xf4, 0x2a, 0xf4, 0x4b, 0xfc, 0xab, 0xfc, 0xcc, 0xfc, 0xcc, 0xfc, 0xec,
  0xfd, 0x2d, 0xfd, 0x4e, 0xfd, 0x4e, 0xfd, 0x6e, 0xfd, 0x6e, 0xfd, 0x4e,
  0xfd, 0x4e, 0xfd, 0x2d, 0xfd, 0x0d, 0xfc, 0xec, 0xfc, 0xcc, 0xfc, 0xab,
  0xf4, 0xab, 0xdc, 0xca, 0xe4, 0xca, 0xe4, 0xca, 0xe4, 0xca, 0xe4, 0xca,
  0xe4, 0xca, 0xdc, 0xca, 0xe4, 0xca, 0xed, 0x0b, 0xed, 0x2c, 0xed, 0x4c,
  0xf5, 0x6d, 0xf5, 0x8d, 0xfd, 0xae, 0xfd, 0xae, 0xfd, 0xce, 0xfe, 0xb1,
  0xfe, 0xd1, 0xfe, 0xf1, 0xff, 0x12, 0xff, 0x52, 0xff, 0x73, 0xff, 0x93,
  0xff, 0xb4, 0xff, 0xf4, 0xff, 0xf4, 0xff, 0xf4, 0xff, 0xf4, 0xff, 0xf4,
  0xff, 0xf4, 0xff, 0xf4, 0xff, 0xf4, 0xff, 0xf7, 0xff, 0xfb, 0xff, 0xfa,
  0xff, 0xfa, 0xff, 0xfb, 0xff, 0xfc, 0xff, 0xfc, 0xff, 0xfe, 0xff, 0xfe,
  0xff, 0xff, 0xff, 0xff, 0xff, 0xff, 0xff, 0xff, 0x00, 0x00, 0x00, 0x00,
  0x00, 0x00, 0x00, 0x00, 0xdd, 0x0b, 0xcc, 0xa9, 0xcc, 0x89, 0xc4, 0x68,
  0xc4, 0x27, 0xbb, 0xe6, 0xb3, 0xc5, 0xab, 0x85, 0xab, 0x84, 0x92, 0xc4,
  0x8a, 0x84, 0x8a, 0x84, 0x8a, 0x84, 0x8a, 0x84, 0x8a, 0x84, 0x8a, 0x84,
  0x8a, 0x84, 0x8a, 0x84, 0x8a, 0x84, 0x8a, 0xa4, 0x92, 0xc5, 0x92, 0xe5,
  0x9b, 0x06, 0x9b, 0x26, 0xa3, 0x47, 0x9b, 0x26, 0x82, 0xc4, 0x82, 0xc4,
  0x8a, 0xc4, 0x82, 0xc4, 0x8a, 0xa4, 0x8a, 0xa4, 0x92, 0x84, 0x92, 0x84,
  0x8a, 0x23, 0x8a, 0x23, 0x92, 0x03, 0x92, 0x03, 0x92, 0x03, 0x92, 0x03,
  0x99, 0xe3, 0x99, 0xe3, 0xaa, 0x06, 0xaa, 0x27, 0xb2, 0x27, 0xb2, 0x47,
  0xba, 0x68, 0xc2, 0x89, 0xca, 0xa9, 0xd2, 0xa9, 0xd2, 0xaa, 0xda, 0xaa,
  0xda, 0x8a, 0xda, 0x49, 0xda, 0x28, 0xd1, 0xe8, 0xd1, 0xe8, 0xd1, 0xa7,
  0xd9, 0xc7, 0xe9, 0xe9, 0xe9, 0xe9, 0xe9, 0xe9, 0xe9, 0xe9, 0xe9, 0xe9,
  0xe9, 0xe9, 0xe9, 0xe8, 0xe9, 0xe9, 0xf2, 0x8b, 0xf2, 0x8b, 0xf2, 0xab,
  0xfa, 0xcc, 0xfa, 0xec, 0xfb, 0x0d, 0xfb, 0x2d, 0xfb, 0x2d, 0xf2, 0xec,
  0xea, 0xec, 0xea, 0xcb, 0xea, 0xab, 0xe2, 0x8a, 0xe2, 0x6a, 0xda, 0x49,
  0xda, 0x49, 0xd2, 0x08, 0xc9, 0xe8, 0xd1, 0xe8, 0xd1, 0xe8, 0xd1, 0xe8,
  0xd1, 0xe8, 0xd1, 0xe8, 0xd1, 0xe8, 0xc9, 0xe8, 0xc1, 0xc7, 0xc9, 0xc7,
  0xc1, 0xc7, 0xc1, 0xc7, 0xc1, 0xc7, 0xc1, 0xc7, 0xc1, 0xc7, 0xc1, 0xc7,
  0xb9, 0x86, 0xb9, 0x86, 0xb9, 0x86, 0xb9, 0x86, 0xb9, 0x86, 0xb9, 0x86,
  0xb9, 0x86, 0xb9, 0x86, 0xb1, 0x45, 0xb1, 0x65, 0xb9, 0x66, 0xb9, 0x86,
  0xb9, 0xa6, 0xc1, 0xe7, 0xc9, 0xe8, 0xc1, 0xe7, 0xd2, 0x49, 0xd2, 0x69,
  0xd2, 0x69, 0xd2, 0x69, 0xd2, 0x69, 0xd2, 0x69, 0xd2, 0x69, 0xd2, 0x6a,
  0xca, 0x47, 0xba, 0x23, 0xba, 0x24, 0xba, 0x24, 0xba, 0x24, 0xba, 0x24,
  0xba, 0x24, 0xba, 0x03, 0xc2, 0x44, 0xd2, 0xe7, 0xda, 0xe7, 0xe3, 0x28,
  0xeb, 0x89, 0xf3, 0xca, 0xfc, 0x2c, 0xfc, 0x4c, 0xfc, 0x6d, 0xfc, 0xce,
  0xfc, 0xce, 0xf4, 0x8d, 0xec, 0x4c, 0xe3, 0xeb, 0xd3, 0xa9, 0xcb, 0x68,
  0xcb, 0x48, 0xc3, 0x07, 0xc2, 0xe7, 0xc3, 0x07, 0xc3, 0x07, 0xc3, 0x07,
  0xc3, 0x07, 0xc3, 0x07, 0xc3, 0x07, 0xc2, 0xc6, 0xba, 0x63, 0xba, 0x84,
  0xba, 0x84, 0xba, 0x84, 0xba, 0x84, 0xba, 0x84, 0xba, 0x84, 0xba, 0x84,
  0xc2, 0x84, 0xc2, 0xc5, 0xcb, 0x06, 0xd3, 0x47, 0xe3, 0xa8, 0xeb, 0xe9,
  0xf4, 0x2a, 0xf4, 0x4b, 0xfc, 0xab, 0xfc, 0xcc, 0xfc, 0xcc, 0xfc, 0xec,
  0xfd, 0x2d, 0xfd, 0x4e, 0xfd, 0x4e, 0xfd, 0x6e, 0xfd, 0x6e, 0xfd, 0x4e,
  0xfd, 0x4e, 0xfd, 0x2d, 0xfd, 0x0d, 0xfc, 0xcc, 0xfc, 0xcc, 0xfc, 0xab,
  0xf4, 0xab, 0xdc, 0xca, 0xe4, 0xca, 0xe4, 0xca, 0xe4, 0xca, 0xe4, 0xca,
  0xe4, 0xca, 0xdc, 0xca, 0xe4, 0xca, 0xed, 0x0b, 0xed, 0x2c, 0xed, 0x4c,
  0xf5, 0x6d, 0xf5, 0x8d, 0xfd, 0xae, 0xfd, 0xae, 0xfd, 0xce, 0xfe, 0xb1,
  0xfe, 0xd1, 0xfe, 0xf1, 0xff, 0x12, 0xff, 0x52, 0xff, 0x73, 0xff, 0x93,
  0xff, 0xb4, 0xff, 0xf4, 0xff, 0xf4, 0xff, 0xf4, 0xff, 0xf4, 0xff, 0xf4,
  0xff, 0xf4, 0xff, 0xf5, 0xff, 0xf4, 0xff, 0xf8, 0xff, 0xfc, 0xff, 0xfb,
  0xff, 0xfc, 0xff, 0xfc, 0xff, 0xfd, 0xff, 0xfd, 0xff, 0xfe, 0xff, 0xff,
  0xff, 0xff, 0xff, 0xff, 0xff, 0xff, 0xff, 0xff, 0x00, 0x00, 0x00, 0x00,
  0x00, 0x00, 0x00, 0x00, 0xdd, 0x0b, 0xd4, 0xa9, 0xcc, 0xa9, 0xcc, 0x68,
  0xc4, 0x47, 0xbc, 0x07, 0xb3, 0xc6, 0xab, 0x85, 0xab, 0xa5, 0x92, 0xc4,
  0x8a, 0x84, 0x8a, 0xa4, 0x8a, 0xa4, 0x8a, 0xa4, 0x8a, 0xa4, 0x8a, 0xa4,
  0x8a, 0xa4, 0x8a, 0xa4, 0x8a, 0xa4, 0x92, 0xc5, 0x92, 0xe5, 0x9b, 0x26,
  0xa3, 0x47, 0xa3, 0x67, 0xab, 0xa8, 0xa3, 0x67, 0x7a, 0xa3, 0x82, 0xa4,
  0x82, 0xa4, 0x82, 0xa4, 0x8a, 0xa4, 0x8a, 0xa4, 0x92, 0x84, 0x92, 0x84,
  0x8a, 0x23, 0x8a, 0x23, 0x92, 0x03, 0x92, 0x03, 0x92, 0x03, 0x92, 0x03,
  0x99, 0xe3, 0x91, 0xe3, 0xaa, 0x06, 0xb2, 0x27, 0xba, 0x47, 0xba, 0x68,
  0xca, 0x89, 0xd2, 0xa9, 0xda, 0xaa, 0xda, 0xaa, 0xea, 0xaa, 0xea, 0xab,
  0xea, 0x8a, 0xf2, 0x6a, 0xea, 0x4a, 0xea, 0x09, 0xe9, 0xe9, 0xe1, 0xc8,
  0xf1, 0xe9, 0xfa, 0x4b, 0xfa, 0x4a, 0xfa, 0x4a, 0xfa, 0x4a, 0xfa, 0x4a,
  0xfa, 0x4a, 0xfa, 0x4a, 0xfa, 0x4b, 0xfa, 0x6b, 0xfa, 0x8b, 0xfa, 0x8c,
  0xfa, 0xcc, 0xfa, 0xed, 0xfb, 0x0e, 0xfb, 0x2e, 0xfb, 0x2e, 0xfb, 0x8f,
  0xfb, 0x8f, 0xfb, 0x6f, 0xfb, 0x4e, 0xfb, 0x2d, 0xfb, 0x0d, 0xfa, 0xec,
  0xfa, 0xcc, 0xfa, 0xcc, 0xfa, 0xac, 0xfa, 0xac, 0xfa, 0xac, 0xfa, 0xac,
  0xfa, 0xac, 0xfa, 0xab, 0xfa, 0xac, 0xf2, 0x8b, 0xe2, 0x4a, 0xea, 0x4a,
  0xe2, 0x4a, 0xe2, 0x4a, 0xe2, 0x4a, 0xe2, 0x4a, 0xe2, 0x4a, 0xe2, 0x4a,
  0xe2, 0x29, 0xe2, 0x29, 0xe2, 0x29, 0xe2, 0x29, 0xe2, 0x29, 0xe2, 0x29,
  0xe2, 0x29, 0xe2, 0x29, 0xc9, 0xe8, 0xc1, 0xe7, 0xca, 0x08, 0xd2, 0x29,
  0xd2, 0x49, 0xda, 0x8a, 0xda, 0xaa, 0xda, 0xaa, 0xeb, 0x0c, 0xeb, 0x2c,
  0xeb, 0x0c, 0xeb, 0x0c, 0xeb, 0x0c, 0xeb, 0x0c, 0xeb, 0x0c, 0xeb, 0x0c,
  0xeb, 0x2b, 0xeb, 0x89, 0xeb, 0x49, 0xe3, 0x28, 0xdb, 0x07, 0xd2, 0xc6,
  0xd2, 0xa6, 0xca, 0x85, 0xca, 0x85, 0xca, 0x85, 0xd2, 0xc6, 0xdb, 0x07,
  0xe3, 0x48, 0xf3, 0xaa, 0xfc, 0x0b, 0xfc, 0x4c, 0xfc, 0x6d, 0xfc, 0xce,
  0xfc, 0xce, 0xf4, 0x8d, 0xec, 0x2c, 0xdb, 0xea, 0xd3, 0x89, 0xcb, 0x48,
  0xcb, 0x28, 0xc3, 0x07, 0xc3, 0x07, 0xc3, 0x07, 0xc3, 0x07, 0xc3, 0x07,
  0xc3, 0x07, 0xc3, 0x07, 0xc3, 0x28, 0xc2, 0xc6, 0xba, 0x63, 0xba, 0x84,
  0xba, 0x84, 0xba, 0x84, 0xba, 0x84, 0xba, 0x84, 0xba, 0x84, 0xba, 0x84,
  0xba, 0x64, 0xc2, 0xa4, 0xca, 0xe5, 0xd3, 0x26, 0xdb, 0x88, 0xe3, 0xc9,
  0xec, 0x0a, 0xf4, 0x2a, 0xfc, 0xab, 0xfc, 0xab, 0xfc, 0xcc, 0xfc, 0xec,
  0xfd, 0x0d, 0xfd, 0x4e, 0xfd, 0x4e, 0xfd, 0x6e, 0xfd, 0x6e, 0xfd, 0x4e,
  0xfd, 0x4e, 0xfd, 0x2d, 0xfd, 0x0d, 0xfc, 0xec, 0xfc, 0xcc, 0xfc, 0xcc,
  0xf4, 0xcb, 0xdc, 0xca, 0xe4, 0xca, 0xe4, 0xca, 0xe4, 0xca, 0xe4, 0xca,
  0xe4, 0xca, 0xdc, 0xca, 0xe4, 0xca, 0xed, 0x0b, 0xed, 0x2c, 0xed, 0x2c,
  0xf5, 0x6d, 0xf5, 0x6d, 0xfd, 0xad, 0xfd, 0xae, 0xfd, 0xce, 0xfe, 0xb1,
  0xfe, 0xd1, 0xfe, 0xf1, 0xff, 0x12, 0xff, 0x32, 0xff, 0x53, 0xff, 0x93,
  0xff, 0x93, 0xff, 0xf4, 0xff, 0xf4, 0xff, 0xf4, 0xff, 0xf4, 0xff, 0xf4,
  0xff, 0xf4, 0xff, 0xf4, 0xff, 0xf3, 0xff, 0xf8, 0xff, 0xfd, 0xff, 0xfc,
  0xff, 0xfd, 0xff, 0xfd, 0xff, 0xfe, 0xff, 0xfe, 0xff, 0xff, 0xff, 0xff,
  0xff, 0xff, 0xff, 0xff, 0xff, 0xff, 0xff, 0xff, 0x00, 0x00, 0x00, 0x00,
  0x00, 0x00, 0x00, 0x00, 0xdc, 0xea, 0xcc, 0x68, 0xc4, 0x48, 0xc4, 0x27,
  0xbb, 0xe6, 0xb3, 0xc5, 0xab, 0x85, 0xa3, 0x44, 0xa3, 0x43, 0x8a, 0xa3,
  0x82, 0x63, 0x82, 0x63, 0x82, 0x63, 0x82, 0x63, 0x82, 0x63, 0x82, 0x63,
  0x8a, 0x83, 0x82, 0x63, 0x82, 0x63, 0x8a, 0x84, 0x8a, 0xa4, 0x92, 0xc5,
  0x9b, 0x06, 0x9b, 0x26, 0xa3, 0x47, 0x9b, 0x47, 0x8b, 0x26, 0x93, 0x26,
  0x93, 0x05, 0x8a, 0xe5, 0x8a, 0xc5, 0x8a, 0xa4, 0x8a, 0x84, 0x8a, 0x84,
  0x92, 0x44, 0x92, 0x44, 0x92, 0x24, 0x92, 0x24, 0x9a, 0x24, 0x9a, 0x24,
  0x9a, 0x04, 0x9a, 0x03, 0xaa, 0x06, 0xaa, 0x07, 0xb2, 0x07, 0xb2, 0x27,
  0xc2, 0x48, 0xca, 0x89, 0xda, 0xcb, 0xeb, 0x0b, 0xf3, 0x4d, 0xf3, 0x6e,
  0xf3, 0x2d, 0xfa, 0xec, 0xf2, 0xab, 0xf2, 0x4a, 0xf2, 0x2a, 0xf1, 0xe9,
  0xf1, 0xe9, 0xfa, 0x2b, 0xfa, 0x2a, 0xfa, 0x2a, 0xfa, 0x2a, 0xfa, 0x2a,
  0xfa, 0x2a, 0xfa, 0x2a, 0xfa, 0x2a, 0xfa, 0x2a, 0xfa, 0x2b, 0xfa, 0x4b,
  0xfa, 0x4b, 0xfa, 0x6b, 0xfa, 0x6c, 0xfa, 0x8c, 0xfa, 0x8c, 0xfb, 0x0d,
  0xfb, 0x2e, 0xfb, 0x0d, 0xfa, 0xed, 0xfa, 0xed, 0xfa, 0xcc, 0xfa, 0xcc,
  0xfa, 0xac, 0xfa, 0xac, 0xfa, 0xcc, 0xfa, 0xcc, 0xfa, 0xcd, 0xfa, 0xed,
  0xfa, 0xed, 0xfb, 0x0d, 0xfb, 0x0d, 0xfb, 0x0d, 0xf3, 0x0d, 0xf3, 0x0d,
  0xf3, 0x0d, 0xf3, 0x0d, 0xf3, 0x0d, 0xf3, 0x0d, 0xf3, 0x0d, 0xf3, 0x0d,
  0xf3, 0x0d, 0xf3, 0x0d, 0xf3, 0x0d, 0xf3, 0x0d, 0xf3, 0x0d, 0xf3, 0x0d,
  0xf3, 0x0d, 0xf3, 0x0d, 0xeb, 0x0c, 0xeb, 0x0c, 0xeb, 0x0c, 0xeb, 0x2c,
  0xeb, 0x4d, 0xf3, 0x4d, 0xf3, 0x6d, 0xf3, 0x6d, 0xfb, 0xae, 0xfb, 0xef,
  0xfb, 0xef, 0xfb, 0xef, 0xfb, 0xf0, 0xfc, 0x10, 0xfc, 0x10, 0xfc, 0x10,
  0xfc, 0x6f, 0xfc, 0xad, 0xfc, 0x8d, 0xfc, 0x6d, 0xf4, 0x2c, 0xf3, 0xeb,
  0xeb, 0xca, 0xeb, 0xaa, 0xe3, 0x89, 0xda, 0xe7, 0xdb, 0x28, 0xe3, 0x48,
  0xeb, 0x69, 0xeb, 0xaa, 0xf3, 0xca, 0xfc, 0x0b, 0xfc, 0x0b, 0xf4, 0x8d,
  0xf4, 0x8d, 0xec, 0x4c, 0xe4, 0x0b, 0xdb, 0xca, 0xd3, 0x89, 0xcb, 0x48,
  0xcb, 0x28, 0xba, 0xc6, 0xba, 0xa6, 0xba, 0xc6, 0xba, 0xc6, 0xba, 0xc6,
  0xba, 0xc6, 0xba, 0xc6, 0xba, 0xc6, 0xba, 0xa5, 0xba, 0x84, 0xba, 0x84,
  0xba, 0x84, 0xba, 0x84, 0xba, 0x84, 0xba, 0x84, 0xba, 0x84, 0xc2, 0x84,
  0xca, 0xe5, 0xcb, 0x06, 0xd3, 0x47, 0xdb, 0x88, 0xeb, 0xe9, 0xf4, 0x2a,
  0xf4, 0x6b, 0xfc, 0x8c, 0xfc, 0xec, 0xfd, 0x0d, 0xfd, 0x0d, 0xfd, 0x2d,
  0xfd, 0x2d, 0xfd, 0x4e, 0xfd, 0x4e, 0xfd, 0x4e, 0xfd, 0x8f, 0xfd, 0x8f,
  0xfd, 0x4e, 0xfc, 0xec, 0xfc, 0xab, 0xfc, 0x8b, 0xfc, 0x8b, 0xfc, 0x6a,
  0xec, 0xaa, 0xdc, 0xca, 0xe4, 0xca, 0xe4, 0xca, 0xe4, 0xca, 0xe4, 0xca,
  0xe4, 0xca, 0xdc, 0xca, 0xe4, 0xca, 0xed, 0x2c, 0xed, 0x2c, 0xf5, 0x4c,
  0xf5, 0x6d, 0xfd, 0x8d, 0xfd, 0xae, 0xfd, 0xce, 0xfd, 0xee, 0xfe, 0xf2,
  0xfe, 0xf2, 0xff, 0x12, 0xff, 0x33, 0xff, 0x73, 0xff, 0x94, 0xff, 0xb4,
  0xff, 0xd4, 0xff, 0xf4, 0xff, 0xf4, 0xff, 0xf5, 0xff, 0xf5, 0xff, 0xf5,
  0xff, 0xf5, 0xff, 0xf6, 0xff, 0xf5, 0xff, 0xfa, 0xff, 0xfe, 0xff, 0xfd,
  0xff, 0xfe, 0xff, 0xfe, 0xff, 0xfe, 0xff, 0xff, 0xff, 0xff, 0xff, 0xff,
  0xff, 0xff, 0xff, 0xff, 0xff, 0xff, 0xff, 0xff, 0x00, 0x00, 0x00, 0x00,
  0x00, 0x00, 0x00, 0x00, 0xd4, 0xc9, 0xbc, 0x07, 0xbb, 0xe6, 0xb3, 0xc6,
  0xab, 0x85, 0xa3, 0x64, 0xa3, 0x23, 0x9a, 0xe2, 0x9a, 0xe2, 0x82, 0x63,
  0x82, 0x43, 0x82, 0x43, 0x82, 0x43, 0x82, 0x43, 0x82, 0x43, 0x82, 0x43,
  0x82, 0x43, 0x7a, 0x22, 0x7a, 0x22, 0x82, 0x42, 0x82, 0x43, 0x82, 0x63,
  0x8a, 0xa4, 0x92, 0xc4, 0x92, 0xa4, 0x93, 0x06, 0xa3, 0xe9, 0xa3, 0xa8,
  0x9b, 0x67, 0x9b, 0x46, 0x93, 0x06, 0x8a, 0xc5, 0x8a, 0x84, 0x8a, 0x84,
  0x92, 0x64, 0x92, 0x64, 0x9a, 0x64, 0x9a, 0x64, 0x9a, 0x44, 0x9a, 0x44,
  0xa2, 0x44, 0xa2, 0x44, 0xa2, 0x06, 0xa1, 0xe6, 0xa1, 0xa5, 0xa9, 0xc5,
  0xb1, 0xe6, 0xc2, 0x68, 0xe2, 0xeb, 0xf3, 0x2c, 0xfb, 0xcf, 0xfc, 0x10,
  0xfb, 0xaf, 0xfb, 0x4e, 0xfa, 0xed, 0xfa, 0x6b, 0xfa, 0x2a, 0xf9, 0xc9,
  0xf9, 0xc9, 0xf9, 0xaa, 0xf9, 0xa9, 0xf9, 0xa9, 0xf9, 0xa9, 0xf9, 0xa9,
  0xf9, 0xa9, 0xf9, 0xa9, 0xf9, 0xa9, 0xf9, 0xca, 0xf9, 0xca, 0xf9, 0xca,
  0xf9, 0xca, 0xf9, 0xca, 0xf9, 0xca, 0xf9, 0xc9, 0xf9, 0xa9, 0xfa, 0x0a,
  0xfa, 0x2a, 0xfa, 0x2a, 0xfa, 0x2a, 0xfa, 0x2b, 0xfa, 0x2b, 0xfa, 0x2b,
  0xfa, 0x2b, 0xfa, 0x2b, 0xfa, 0x2b, 0xfa, 0x4b, 0xfa, 0x6c, 0xfa, 0x8c,
  0xfa, 0xad, 0xfa, 0xed, 0xfa, 0xee, 0xfb, 0x2e, 0xfb, 0x8f, 0xfb, 0x8f,
  0xfb, 0x8f, 0xfb, 0x8f, 0xfb, 0x8f, 0xfb, 0x8f, 0xfb, 0x8f, 0xfb, 0x8f,
  0xfb, 0xd0, 0xfb, 0xd0, 0xfb, 0xd0, 0xfb, 0xd0, 0xfb, 0xd0, 0xfb, 0xd0,
  0xfb, 0xd0, 0xfb, 0xd0, 0xfc, 0x10, 0xfc, 0x10, 0xfc, 0x10, 0xfc, 0x10,
  0xfc, 0x10, 0xfc, 0x10, 0xfc, 0x10, 0xfb, 0xef, 0xfc, 0x30, 0xfc, 0x71,
  0xfc, 0x71, 0xfc, 0x92, 0xfc, 0xb3, 0xfc, 0xf3, 0xfc, 0xf3, 0xfd, 0x14,
  0xfd, 0x32, 0xfd, 0x2f, 0xfd, 0x30, 0xfd, 0x0f, 0xfc, 0xef, 0xfc, 0xce,
  0xfc, 0xae, 0xfc, 0xae, 0xfc, 0x6d, 0xeb, 0x89, 0xf3, 0xaa, 0xeb, 0xaa,
  0xf3, 0xaa, 0xf3, 0xaa, 0xf3, 0xaa, 0xf3, 0xaa, 0xf3, 0xaa, 0xec, 0x2c,
  0xec, 0x2c, 0xe4, 0x0b, 0xdb, 0xca, 0xd3, 0x89, 0xd3, 0x69, 0xcb, 0x28,
  0xcb, 0x28, 0xb2, 0x85, 0xaa, 0x44, 0xaa, 0x64, 0xaa, 0x64, 0xaa, 0x64,
  0xaa, 0x64, 0xaa, 0x64, 0xaa, 0x65, 0xb2, 0x64, 0xc2, 0x84, 0xba, 0x84,
  0xba, 0x84, 0xba, 0x84, 0xba, 0x84, 0xba, 0x84, 0xba, 0x84, 0xc2, 0xa5,
  0xdb, 0x67, 0xdb, 0x88, 0xe3, 0xc9, 0xec, 0x0a, 0xfc, 0x6b, 0xfc, 0xac,
  0xfc, 0xed, 0xfd, 0x0e, 0xfd, 0x6e, 0xfd, 0x6e, 0xfd, 0x6e, 0xfd, 0x4e,
  0xfd, 0x4e, 0xfd, 0x4e, 0xfd, 0x4e, 0xfd, 0x2d, 0xfd, 0xd0, 0xfd, 0xd0,
  0xfd, 0x2d, 0xfc, 0xab, 0xfc, 0x4a, 0xf4, 0x09, 0xec, 0x09, 0xf4, 0x09,
  0xec, 0x6a, 0xdc, 0xca, 0xe4, 0xca, 0xdc, 0xca, 0xdc, 0xca, 0xdc, 0xca,
  0xdc, 0xca, 0xdc, 0xaa, 0xe4, 0xca, 0xf5, 0x4c, 0xf5, 0x4c, 0xf5, 0x6d,
  0xfd, 0x8d, 0xfd, 0xae, 0xfd, 0xce, 0xfd, 0xef, 0xfe, 0x0f, 0xff, 0x33,
  0xff, 0x53, 0xff, 0x73, 0xff, 0x94, 0xff, 0xb4, 0xff, 0xd5, 0xff, 0xf5,
  0xff, 0xf6, 0xff, 0xf5, 0xff, 0xf5, 0xff, 0xf5, 0xff, 0xf6, 0xff, 0xf6,
  0xff, 0xf7, 0xff, 0xf8, 0xff, 0xf7, 0xff, 0xfc, 0xff, 0xff, 0xff, 0xff,
  0xff, 0xff, 0xff, 0xff, 0xff, 0xff, 0xff, 0xff, 0xff, 0xff, 0xff, 0xff,
  0xff, 0xff, 0xff, 0xff, 0xff, 0xff, 0xff, 0xff, 0x00, 0x00, 0x00, 0x00,
  0x00, 0x00, 0x00, 0x00, 0xd4, 0xca, 0xbc, 0x27, 0xbc, 0x07, 0xb3, 0xe6,
  0xb3, 0xa5, 0xab, 0x64, 0xa3, 0x43, 0x9b, 0x03, 0x9b, 0x02, 0x82, 0x63,
  0x82, 0x43, 0x82, 0x43, 0x82, 0x43, 0x82, 0x43, 0x82, 0x43, 0x82, 0x43,
  0x82, 0x63, 0x82, 0x42, 0x7a, 0x22, 0x82, 0x43, 0x82, 0x63, 0x8a, 0x84,
  0x8a, 0xa4, 0x92, 0xc5, 0x92, 0xc5, 0x9b, 0x06, 0x9b, 0xa8, 0x9b, 0x67,
  0x9b, 0x47, 0x93, 0x26, 0x93, 0x06, 0x92, 0xc5, 0x92, 0xa5, 0x92, 0xa4,
  0x92, 0x64, 0x92, 0x64, 0x9a, 0x44, 0x9a, 0x44, 0x9a, 0x44, 0x9a, 0x44,
  0xa2, 0x24, 0xa2, 0x24, 0xa2, 0x06, 0xa2, 0x06, 0xa1, 0xe5, 0xa1, 0xe6,
  0xb2, 0x06, 0xc2, 0x68, 0xda, 0xaa, 0xea, 0xeb, 0xfb, 0x6e, 0xfb, 0xaf,
  0xfb, 0x6e, 0xfb, 0x0d, 0xfa, 0xac, 0xfa, 0x4b, 0xfa, 0x0a, 0xf9, 0xc9,
  0xf9, 0xc9, 0xf9, 0xca, 0xf9, 0xca, 0xf9, 0xca, 0xf9, 0xca, 0xf9, 0xca,
  0xf9, 0xca, 0xf9, 0xca, 0xf9, 0xca, 0xf9, 0xea, 0xf9, 0xea, 0xf9, 0xea,
  0xf9, 0xea, 0xf9, 0xea, 0xf9, 0xea, 0xf9, 0xea, 0xf9, 0xca, 0xfa, 0x4b,
  0xfa, 0x4b, 0xfa, 0x4b, 0xfa, 0x4b, 0xfa, 0x4b, 0xfa, 0x4b, 0xfa, 0x4b,
  0xfa, 0x4b, 0xfa, 0x2b, 0xfa, 0x0a, 0xfa, 0x2b, 0xfa, 0x4b, 0xfa, 0x6c,
  0xfa, 0x8c, 0xfa, 0xad, 0xfa, 0xad, 0xfb, 0x0e, 0xfb, 0xaf, 0xfb, 0x8f,
  0xfb, 0x8f, 0xfb, 0x8f, 0xfb, 0x8f, 0xfb, 0x8f, 0xfb, 0x8f, 0xfb, 0x8f,
  0xfb, 0xb0, 0xfb, 0xb0, 0xfb, 0xb0, 0xfb, 0xb0, 0xfb, 0xb0, 0xfb, 0xb0,
  0xfb, 0xb0, 0xfb, 0xaf, 0xfc, 0x10, 0xfc, 0x10, 0xfc, 0x10, 0xfc, 0x10,
  0xfc, 0x10, 0xfc, 0x10, 0xfc, 0x30, 0xfc, 0x10, 0xfc, 0x31, 0xfc, 0x51,
  0xfc, 0x51, 0xfc, 0x92, 0xfc, 0xb2, 0xfc, 0xd3, 0xfc, 0xf3, 0xfc, 0xf4,
  0xfd, 0x12, 0xfd, 0x2f, 0xfd, 0x10, 0xfd, 0x0f, 0xfc, 0xef, 0xfc, 0xae,
  0xfc, 0x8d, 0xfc, 0x8d, 0xfc, 0x4c, 0xf3, 0xaa, 0xf3, 0xaa, 0xf3, 0xca,
  0xf3, 0xca, 0xf3, 0xaa, 0xf3, 0xca, 0xf3, 0xca, 0xf3, 0xaa, 0xec, 0x2c,
  0xec, 0x2c, 0xe4, 0x0b, 0xdb, 0xca, 0xd3, 0x89, 0xcb, 0x48, 0xc3, 0x27,
  0xc3, 0x07, 0xb2, 0xa5, 0xb2, 0x65, 0xb2, 0x65, 0xb2, 0x65, 0xb2, 0x65,
  0xb2, 0x65, 0xb2, 0x65, 0xb2, 0x65, 0xb2, 0x84, 0xc2, 0x84, 0xba, 0x84,
  0xba, 0x84, 0xba, 0x84, 0xba, 0x84, 0xba, 0x84, 0xba, 0x84, 0xc2, 0xa4,
  0xd3, 0x47, 0xdb, 0x67, 0xe3, 0xa8, 0xeb, 0xe9, 0xf4, 0x4b, 0xfc, 0x8c,
  0xfc, 0xcd, 0xfc, 0xed, 0xfd, 0x4e, 0xfd, 0x4e, 0xfd, 0x4e, 0xfd, 0x4e,
  0xfd, 0x4e, 0xfd, 0x4e, 0xfd, 0x4e, 0xfd, 0x4e, 0xfd, 0xaf, 0xfd, 0x8f,
  0xfd, 0x0d, 0xfc, 0xab, 0xf4, 0x4a, 0xf4, 0x29, 0xf4, 0x29, 0xf4, 0x29,
  0xec, 0x8a, 0xdc, 0xca, 0xe4, 0xca, 0xdc, 0xca, 0xdc, 0xca, 0xdc, 0xca,
  0xdc, 0xca, 0xdc, 0xaa, 0xe4, 0xca, 0xf5, 0x4c, 0xf5, 0x4c, 0xf5, 0x6d,
  0xfd, 0x8d, 0xfd, 0xae, 0xfd, 0xce, 0xfd, 0xee, 0xfd, 0xef, 0xff, 0x32,
  0xff, 0x33, 0xff, 0x53, 0xff, 0x74, 0xff, 0xb4, 0xff, 0xd5, 0xff, 0xf5,
  0xff, 0xf5, 0xff, 0xf5, 0xff, 0xf5, 0xff, 0xf5, 0xff, 0xf6, 0xff, 0xf6,
  0xff, 0xf7, 0xff, 0xf7, 0xff, 0xf6, 0xff, 0xfc, 0xff, 0xff, 0xff, 0xff,
  0xff, 0xff, 0xff, 0xff, 0xff, 0xff, 0xff, 0xff, 0xff, 0xff, 0xff, 0xff,
  0xff, 0xff, 0xff, 0xff, 0xff, 0xff, 0xff, 0xff, 0x00, 0x00, 0x00, 0x00,
  0x00, 0x00, 0x00, 0x00, 0xd4, 0xca, 0xbc, 0x27, 0xbc, 0x07, 0xb3, 0xc6,
  0xb3, 0xa5, 0xab, 0x64, 0xa3, 0x23, 0x9b, 0x03, 0x9b, 0x02, 0x82, 0x63,
  0x82, 0x43, 0x82, 0x43, 0x82, 0x43, 0x82, 0x43, 0x82, 0x43, 0x82, 0x43,
  0x82, 0x63, 0x82, 0x42, 0x7a, 0x22, 0x82, 0x43, 0x82, 0x63, 0x8a, 0x84,
  0x8a, 0xa4, 0x92, 0xc5, 0x92, 0xc5, 0x93, 0x06, 0x9b, 0x87, 0x93, 0x47,
  0x9b, 0x46, 0x93, 0x26, 0x93, 0x06, 0x92, 0xe5, 0x92, 0xc5, 0x92, 0xc5,
  0x92, 0x64, 0x92, 0x64, 0x9a, 0x44, 0x9a, 0x44, 0x9a, 0x44, 0x9a, 0x44,
  0xa2, 0x24, 0xa2, 0x24, 0x9a, 0x46, 0x9a, 0x26, 0x99, 0xe5, 0x99, 0xe5,
  0xa9, 0xe6, 0xb2, 0x27, 0xd2, 0x89, 0xda, 0xca, 0xf3, 0x4d, 0xfb, 0x8e,
  0xfb, 0x2d, 0xfa, 0xcd, 0xfa, 0x8c, 0xfa, 0x4b, 0xfa, 0x0a, 0xf9, 0xc9,
  0xf9, 0xc9, 0xf9, 0xaa, 0xf9, 0xaa, 0xf9, 0xaa, 0xf9, 0xaa, 0xf9, 0xaa,
  0xf9, 0xaa, 0xf9, 0xaa, 0xf9, 0xaa, 0xf9, 0xca, 0xf9, 0xca, 0xf9, 0xca,
  0xf9, 0xca, 0xf9, 0xca, 0xf9, 0xca, 0xf9, 0xca, 0xf9, 0xca, 0xfa, 0x2b,
  0xfa, 0x4b, 0xfa, 0x2b, 0xfa, 0x2b, 0xfa, 0x2b, 0xfa, 0x2b, 0xfa, 0x2b,
  0xfa, 0x4b, 0xfa, 0x0a, 0xf9, 0xc9, 0xf9, 0xea, 0xfa, 0x0a, 0xfa, 0x4b,
  0xfa, 0x4b, 0xfa, 0x8c, 0xfa, 0x6c, 0xfa, 0xee, 0xfb, 0xd0, 0xfb, 0xaf,
  0xfb, 0xb0, 0xfb, 0xb0, 0xfb, 0xb0, 0xfb, 0xb0, 0xfb, 0xb0, 0xfb, 0xb0,
  0xfb, 0xb0, 0xfb, 0xb0, 0xfb, 0xb0, 0xfb, 0xb0, 0xfb, 0xb0, 0xfb, 0xb0,
  0xfb, 0xb0, 0xfb, 0xb0, 0xfc, 0x51, 0xfc, 0x71, 0xfc, 0x71, 0xfc, 0x71,
  0xfc, 0x71, 0xfc, 0x71, 0xfc, 0x71, 0xfc, 0x71, 0xfc, 0x71, 0xfc, 0x71,
  0xfc, 0x92, 0xfc, 0xb2, 0xfc, 0xd3, 0xfc, 0xf3, 0xfd, 0x14, 0xfd, 0x14,
  0xfd, 0x33, 0xfd, 0x50, 0xfd, 0x50, 0xfd, 0x30, 0xfd, 0x0f, 0xfc, 0xef,
  0xfc, 0xce, 0xfc, 0xae, 0xfc, 0x8d, 0xfb, 0xeb, 0xfb, 0xeb, 0xfb, 0xeb,
  0xf3, 0xeb, 0xf3, 0xca, 0xf3, 0xca, 0xf3, 0xca, 0xf3, 0xaa, 0xe4, 0x0b,
  0xe4, 0x0b, 0xdb, 0xea, 0xdb, 0xaa, 0xd3, 0x69, 0xcb, 0x28, 0xc3, 0x07,
  0xc2, 0xe7, 0xb2, 0x85, 0xb2, 0x65, 0xb2, 0x65, 0xb2, 0x65, 0xb2, 0x65,
  0xb2, 0x65, 0xb2, 0x65, 0xaa, 0x65, 0xb2, 0x84, 0xc2, 0x84, 0xba, 0x84,
  0xba, 0x84, 0xba, 0x84, 0xba, 0x84, 0xba, 0x84, 0xba, 0x84, 0xc2, 0xa4,
  0xdb, 0x47, 0xdb, 0x67, 0xe3, 0xa8, 0xeb, 0xea, 0xfc, 0x4b, 0xfc, 0x8c,
  0xfc, 0xcd, 0xfc, 0xee, 0xfd, 0x4e, 0xfd, 0x4e, 0xfd, 0x4e, 0xfd, 0x4e,
  0xfd, 0x4e, 0xfd, 0x4e, 0xfd, 0x4e, 0xfd, 0x4e, 0xfd, 0x6e, 0xfd, 0x4e,
  0xfc, 0xec, 0xfc, 0x6a, 0xf4, 0x29, 0xf4, 0x09, 0xf4, 0x29, 0xfc, 0x29,
  0xec, 0x8a, 0xdc, 0xca, 0xe4, 0xca, 0xdc, 0xca, 0xdc, 0xca, 0xdc, 0xca,
  0xdc, 0xca, 0xdc, 0xaa, 0xe4, 0xca, 0xf5, 0x4c, 0xf5, 0x4c, 0xf5, 0x6d,
  0xfd, 0x8d, 0xfd, 0xae, 0xfd, 0xce, 0xfd, 0xee, 0xfd, 0xef, 0xff, 0x32,
  0xff, 0x33, 0xff, 0x53, 0xff, 0x74, 0xff, 0xb4, 0xff, 0xd5, 0xff, 0xf5,
  0xff, 0xf5, 0xff, 0xf5, 0xff, 0xf5, 0xff, 0xf5, 0xff, 0xf6, 0xff, 0xf6,
  0xff, 0xf7, 0xff, 0xf7, 0xff, 0xf6, 0xff, 0xfc, 0xff, 0xff, 0xff, 0xff,
  0xff, 0xff, 0xff, 0xff, 0xff, 0xff, 0xff, 0xff, 0xff, 0xff, 0xff, 0xff,
  0xff, 0xff, 0xff, 0xff, 0xff, 0xff, 0xff, 0xff, 0x00, 0x00, 0x00, 0x00,
  0x00, 0x00, 0xd4, 0xca, 0xd4, 0xca, 0xbc, 0x27, 0xbc, 0x07, 0xb3, 0xc6,
  0xb3, 0xa5, 0xab, 0x64, 0xa3, 0x23, 0x9b, 0x03, 0x9b, 0x02, 0x82, 0x63,
  0x82, 0x43, 0x82, 0x43, 0x82, 0x43, 0x82, 0x43, 0x82, 0x43, 0x82, 0x43,
  0x82, 0x63, 0x82, 0x42, 0x7a, 0x22, 0x82, 0x43, 0x82, 0x63, 0x8a, 0x84,
  0x8a, 0xa4, 0x92, 0xc5, 0x92, 0xc5, 0x93, 0x05, 0x93, 0x46, 0x93, 0x26,
  0x93, 0x26, 0x93, 0x26, 0x93, 0x06, 0x93, 0x06, 0x9a, 0xe6, 0x9a, 0xe6,
  0x92, 0x64, 0x92, 0x64, 0x9a, 0x44, 0x9a, 0x44, 0x9a, 0x44, 0x9a, 0x44,
  0xa2, 0x24, 0xa2, 0x24, 0x9a, 0x46, 0x92, 0x46, 0x9a, 0x05, 0x91, 0xe5,
  0xa1, 0xc5, 0xaa, 0x06, 0xc2, 0x48, 0xd2, 0x69, 0xea, 0xeb, 0xfb, 0x2d,
  0xfa, 0xec, 0xfa, 0xac, 0xfa, 0x6b, 0xfa, 0x2b, 0xfa, 0x0a, 0xf9, 0xea,
  0xf9, 0xca, 0xf9, 0xaa, 0xf9, 0xaa, 0xf9, 0xaa, 0xf9, 0xaa, 0xf9, 0xaa,
  0xf9, 0xaa, 0xf9, 0xaa, 0xf9, 0xaa, 0xf9, 0xca, 0xf9, 0xca, 0xf9, 0xca,
  0xf9, 0xca, 0xf9, 0xca, 0xf9, 0xca, 0xf9, 0xca, 0xf9, 0xca, 0xfa, 0x2b,
  0xfa, 0x4b, 0xfa, 0x2b, 0xfa, 0x2b, 0xfa, 0x2b, 0xfa, 0x2b, 0xfa, 0x2b,
  0xfa, 0x4b, 0xfa, 0x0a, 0xf9, 0xea, 0xfa, 0x0a, 0xfa, 0x0a, 0xfa, 0x4b,
  0xfa, 0x6c, 0xfa, 0x8c, 0xfa, 0x8c, 0xfb, 0x0e, 0xfb, 0xf0, 0xfb, 0xd0,
  0xfb, 0xd0, 0xfb, 0xd0, 0xfb, 0xd0, 0xfb, 0xd0, 0xfb, 0xd0, 0xfb, 0xd0,
  0xfb, 0xd0, 0xfb, 0xd0, 0xfb, 0xd0, 0xfb, 0xd0, 0xfb, 0xd0, 0xfb, 0xd0,
  0xfb, 0xd0, 0xfb, 0xb0, 0xfc, 0x72, 0xfc, 0x92, 0xfc, 0x92, 0xfc, 0x92,
  0xfc, 0x92, 0xfc, 0x92, 0xfc, 0x92, 0xfc, 0x92, 0xfc, 0x92, 0xfc, 0x92,
  0xfc, 0xb2, 0xfc, 0xd3, 0xfc, 0xf3, 0xfd, 0x14, 0xfd, 0x34, 0xfd, 0x35,
  0xfd, 0x73, 0xfd, 0x70, 0xfd, 0x51, 0xfd, 0x50, 0xfd, 0x30, 0xfd, 0x0f,
  0xfc, 0xce, 0xfc, 0xce, 0xfc, 0xae, 0xfc, 0x4c, 0xfc, 0x4c, 0xfc, 0x2c,
  0xfc, 0x0b, 0xfb, 0xeb, 0xf3, 0xca, 0xf3, 0xaa, 0xeb, 0xaa, 0xe3, 0xeb,
  0xdb, 0xeb, 0xdb, 0xca, 0xd3, 0x89, 0xcb, 0x48, 0xc3, 0x07, 0xc2, 0xe7,
  0xba, 0xc6, 0xb2, 0x85, 0xb2, 0x65, 0xb2, 0x65, 0xb2, 0x65, 0xb2, 0x65,
  0xb2, 0x65, 0xb2, 0x65, 0xaa, 0x65, 0xb2, 0x84, 0xc2, 0x84, 0xba, 0x84,
  0xba, 0x84, 0xba, 0x84, 0xba, 0x84, 0xba, 0x84, 0xba, 0x84, 0xc2, 0xa4,
  0xdb, 0x47, 0xdb, 0x67, 0xe3, 0xa8, 0xeb, 0xea, 0xfc, 0x4b, 0xfc, 0x8c,
  0xfc, 0xcd, 0xfc, 0xee, 0xfd, 0x4e, 0xfd, 0x4e, 0xfd, 0x4e, 0xfd, 0x4e,
  0xfd, 0x4e, 0xfd, 0x4e, 0xfd, 0x4e, 0xfd, 0x4e, 0xfd, 0x2d, 0xfc, 0xec,
  0xfc, 0x8b, 0xf4, 0x4a, 0xec, 0x09, 0xec, 0x09, 0xf4, 0x29, 0xfc, 0x4a,
  0xec, 0x8a, 0xdc, 0xca, 0xe4, 0xca, 0xdc, 0xca, 0xdc, 0xca, 0xdc, 0xca,
  0xdc, 0xca, 0xdc, 0xaa, 0xe4, 0xca, 0xf5, 0x4c, 0xf5, 0x4c, 0xf5, 0x6d,
  0xfd, 0x8d, 0xfd, 0xae, 0xfd, 0xce, 0xfd, 0xee, 0xfd, 0xef, 0xff, 0x32,
  0xff, 0x33, 0xff, 0x53, 0xff, 0x74, 0xff, 0xb4, 0xff, 0xd5, 0xff, 0xf5,
  0xff, 0xf5, 0xff, 0xf5, 0xff, 0xf5, 0xff, 0xf5, 0xff, 0xf6, 0xff, 0xf6,
  0xff, 0xf7, 0xff, 0xf7, 0xff, 0xf6, 0xff, 0xfc, 0xff, 0xff, 0xff, 0xff,
  0xff, 0xff, 0xff, 0xff, 0xff, 0xff, 0xff, 0xff, 0xff, 0xff, 0xff, 0xff,
  0xff, 0xff, 0xff, 0xff, 0xff, 0xff, 0xff, 0xff, 0xff, 0xff, 0x00, 0x00,
  0x00, 0x00, 0xd4, 0xca, 0xd4, 0xca, 0xbc, 0x27, 0xbc, 0x07, 0xb3, 0xc6,
  0xb3, 0xa5, 0xab, 0x64, 0xa3, 0x23, 0x9b, 0x03, 0x9b, 0x02, 0x82, 0x63,
  0x82, 0x43, 0x82, 0x43, 0x82, 0x43, 0x82, 0x43, 0x82, 0x43, 0x82, 0x43,
  0x82, 0x63, 0x82, 0x42, 0x7a, 0x22, 0x82, 0x43, 0x82, 0x63, 0x8a, 0x84,
  0x8a, 0xa4, 0x92, 0xc5, 0x92, 0xc5, 0x92, 0xe5, 0x8b, 0x05, 0x8b, 0x06,
  0x93, 0x06, 0x93, 0x26, 0x9b, 0x26, 0x9b, 0x26, 0xa3, 0x26, 0xa3, 0x27,
  0x92, 0x64, 0x92, 0x64, 0x9a, 0x44, 0x9a, 0x44, 0x9a, 0x44, 0x9a, 0x44,
  0xa2, 0x24, 0xa2, 0x24, 0x92, 0x86, 0x8a, 0x86, 0x8a, 0x25, 0x89, 0xe4,
  0x91, 0xc5, 0x9a, 0x05, 0xb2, 0x27, 0xba, 0x48, 0xda, 0xaa, 0xf2, 0xec,
  0xf2, 0xab, 0xfa, 0x8b, 0xfa, 0x4b, 0xfa, 0x2a, 0xfa, 0x0a, 0xf9, 0xea,
  0xf9, 0xea, 0xf9, 0xaa, 0xf9, 0xca, 0xf9, 0xca, 0xf9, 0xca, 0xf9, 0xca,
  0xf9, 0xca, 0xf9, 0xca, 0xf9, 0xca, 0xf9, 0xca, 0xf9, 0xca, 0xf9, 0xca,
  0xf9, 0xca, 0xf9, 0xca, 0xf9, 0xca, 0xf9, 0xca, 0xf9, 0xca, 0xfa, 0x2b,
  0xfa, 0x4b, 0xfa, 0x4b, 0xfa, 0x4b, 0xfa, 0x4b, 0xfa, 0x4b, 0xfa, 0x4b,
  0xfa, 0x4b, 0xfa, 0x2b, 0xfa, 0x2a, 0xfa, 0x2b, 0xfa, 0x4b, 0xfa, 0x8c,
  0xfa, 0xac, 0xfa, 0xad, 0xfa, 0xad, 0xfb, 0x4f, 0xfc, 0x31, 0xfc, 0x10,
  0xfc, 0x11, 0xfc, 0x11, 0xfc, 0x11, 0xfc, 0x11, 0xfc, 0x11, 0xfc, 0x10,
  0xfb, 0xd0, 0xfb, 0xd0, 0xfb, 0xd0, 0xfb, 0xd0, 0xfb, 0xd0, 0xfb, 0xd0,
  0xfb, 0xd0, 0xfb, 0xd0, 0xfc, 0x71, 0xfc, 0x92, 0xfc, 0x72, 0xfc, 0x72,
  0xfc, 0x72, 0xfc, 0x72, 0xfc, 0x72, 0xfc, 0x71, 0xfc, 0x92, 0xfc, 0xb3,
  0xfc, 0xd3, 0xfc, 0xf3, 0xfd, 0x14, 0xfd, 0x34, 0xfd, 0x55, 0xfd, 0x56,
  0xfd, 0x94, 0xfd, 0x91, 0xfd, 0x91, 0xfd, 0x71, 0xfd, 0x50, 0xfd, 0x30,
  0xfd, 0x0f, 0xfc, 0xef, 0xfc, 0xef, 0xfc, 0xae, 0xfc, 0x8d, 0xfc, 0x6d,
  0xfc, 0x2c, 0xfc, 0x0b, 0xf3, 0xca, 0xf3, 0xaa, 0xeb, 0x89, 0xdb, 0xca,
  0xdb, 0xca, 0xd3, 0xa9, 0xd3, 0x69, 0xcb, 0x28, 0xc2, 0xe7, 0xba, 0xc6,
  0xba, 0xa6, 0xb2, 0x85, 0xb2, 0x65, 0xb2, 0x65, 0xb2, 0x65, 0xb2, 0x65,
  0xb2, 0x65, 0xb2, 0x65, 0xaa, 0x65, 0xb2, 0x84, 0xc2, 0x84, 0xba, 0x84,
  0xba, 0x84, 0xba, 0x84, 0xba, 0x84, 0xba, 0x84, 0xba, 0x84, 0xc2, 0xa4,
  0xdb, 0x47, 0xdb, 0x67, 0xe3, 0xa8, 0xeb, 0xea, 0xfc, 0x4b, 0xfc, 0x8c,
  0xfc, 0xcd, 0xfc, 0xee, 0xfd, 0x4e, 0xfd, 0x4e, 0xfd, 0x4e, 0xfd, 0x4e,
  0xfd, 0x4e, 0xfd, 0x4e, 0xfd, 0x4e, 0xfd, 0x4e, 0xfc, 0xec, 0xfc, 0xab,
  0xfc, 0x6a, 0xec, 0x09, 0xeb, 0xe8, 0xeb, 0xe8, 0xf4, 0x29, 0xfc, 0x4a,
  0xec, 0x8a, 0xdc, 0xca, 0xe4, 0xca, 0xdc, 0xca, 0xdc, 0xca, 0xdc, 0xca,
  0xdc, 0xca, 0xdc, 0xaa, 0xe4, 0xca, 0xf5, 0x4c, 0xf5, 0x4c, 0xf5, 0x6d,
  0xfd, 0x8d, 0xfd, 0xae, 0xfd, 0xce, 0xfd, 0xee, 0xfd, 0xef, 0xff, 0x32,
  0xff, 0x33, 0xff, 0x53, 0xff, 0x74, 0xff, 0xb4, 0xff, 0xd5, 0xff, 0xf5,
  0xff, 0xf5, 0xff, 0xf5, 0xff, 0xf5, 0xff, 0xf5, 0xff, 0xf6, 0xff, 0xf6,
  0xff, 0xf7, 0xff, 0xf7, 0xff, 0xf6, 0xff, 0xfc, 0xff, 0xff, 0xff, 0xff,
  0xff, 0xff, 0xff, 0xff, 0xff, 0xff, 0xff, 0xff, 0xff, 0xff, 0xff, 0xff,
  0xff, 0xff, 0xff, 0xff, 0xff, 0xff, 0xff, 0xff, 0xff, 0xff, 0x00, 0x00,
  0x00, 0x00, 0xd4, 0xca, 0xd4, 0xca, 0xbc, 0x27, 0xbc, 0x07, 0xb3, 0xc6,
  0xb3, 0xa5, 0xab, 0x64, 0xa3, 0x23, 0x9b, 0x03, 0x9b, 0x02, 0x82, 0x63,
  0x82, 0x43, 0x82, 0x43, 0x82, 0x43, 0x82, 0x43, 0x82, 0x43, 0x82, 0x43,
  0x82, 0x63, 0x82, 0x42, 0x7a, 0x22, 0x82, 0x43, 0x82, 0x63, 0x8a, 0x84,
  0x8a, 0xa4, 0x92, 0xc5, 0x92, 0xe5, 0x92, 0xe5, 0x82, 0xe5, 0x8a, 0xe5,
  0x8a, 0xe5, 0x93, 0x06, 0x9b, 0x26, 0x9b, 0x47, 0xa3, 0x47, 0xa3, 0x47,
  0x92, 0x64, 0x92, 0x64, 0x9a, 0x44, 0x9a, 0x44, 0x9a, 0x44, 0x9a, 0x44,
  0xa2, 0x44, 0xa2, 0x24, 0x92, 0x86, 0x8a, 0x86, 0x8a, 0x25, 0x81, 0xe4,
  0x89, 0xa4, 0x91, 0xc5, 0xa9, 0xe6, 0xb1, 0xe6, 0xd2, 0x69, 0xe2, 0xab,
  0xea, 0x6a, 0xf2, 0x4a, 0xfa, 0x4a, 0xfa, 0x2a, 0xfa, 0x0a, 0xf9, 0xea,
  0xf9, 0xea, 0xf9, 0xaa, 0xf9, 0xca, 0xf9, 0xca, 0xf9, 0xca, 0xf9, 0xca,
  0xf9, 0xca, 0xf9, 0xca, 0xf9, 0xca, 0xf9, 0xca, 0xf9, 0xca, 0xf9, 0xca,
  0xf9, 0xca, 0xf9, 0xca, 0xf9, 0xca, 0xf9, 0xca, 0xf9, 0xca, 0xfa, 0x2b,
  0xfa, 0x4b, 0xfa, 0x4b, 0xfa, 0x4b, 0xfa, 0x4b, 0xfa, 0x4b, 0xfa, 0x4b,
  0xfa, 0x4b, 0xfa, 0x6b, 0xfa, 0x8c, 0xfa, 0x8c, 0xfa, 0xad, 0xfa, 0xcd,
  0xfa, 0xee, 0xfb, 0x0e, 0xfb, 0x0e, 0xfb, 0x90, 0xfc, 0x51, 0xfc, 0x31,
  0xfc, 0x31, 0xfc, 0x31, 0xfc, 0x31, 0xfc, 0x31, 0xfc, 0x31, 0xfc, 0x31,
  0xfb, 0xcf, 0xfb, 0xd0, 0xfb, 0xd0, 0xfb, 0xd0, 0xfb, 0xd0, 0xfb, 0xd0,
  0xfb, 0xd0, 0xfb, 0xd0, 0xfc, 0x31, 0xfc, 0x51, 0xfc, 0x51, 0xfc, 0x51,
  0xfc, 0x51, 0xfc, 0x51, 0xfc, 0x51, 0xfc, 0x30, 0xfc, 0xb2, 0xfc, 0xf3,
  0xfc, 0xf3, 0xfd, 0x14, 0xfd, 0x34, 0xfd, 0x55, 0xfd, 0x75, 0xfd, 0x76,
  0xfd, 0x94, 0xfd, 0xd1, 0xfd, 0xb2, 0xfd, 0x91, 0xfd, 0x71, 0xfd, 0x50,
  0xfd, 0x30, 0xfd, 0x0f, 0xfd, 0x0f, 0xfc, 0xef, 0xfc, 0xce, 0xfc, 0xae,
  0xfc, 0x6d, 0xfc, 0x2c, 0xf3, 0xeb, 0xf3, 0xaa, 0xeb, 0x89, 0xdb, 0xaa,
  0xd3, 0xaa, 0xd3, 0x89, 0xcb, 0x48, 0xc3, 0x07, 0xba, 0xc6, 0xb2, 0xa5,
  0xb2, 0x85, 0xb2, 0x65, 0xb2, 0x65, 0xb2, 0x65, 0xb2, 0x65, 0xb2, 0x65,
  0xb2, 0x65, 0xb2, 0x65, 0xaa, 0x65, 0xb2, 0x84, 0xc2, 0x84, 0xba, 0x84,
  0xba, 0x84, 0xba, 0x84, 0xba, 0x84, 0xba, 0x84, 0xba, 0x84, 0xc2, 0xa4,
  0xdb, 0x47, 0xdb, 0x67, 0xe3, 0xa8, 0xeb, 0xea, 0xfc, 0x4b, 0xfc, 0x8c,
  0xfc, 0xcd, 0xfc, 0xee, 0xfd, 0x4e, 0xfd, 0x4e, 0xfd, 0x4e, 0xfd, 0x4e,
  0xfd, 0x4e, 0xfd, 0x4e, 0xfd, 0x4e, 0xfd, 0x6e, 0xfc, 0xab, 0xfc, 0x4a,
  0xf4, 0x29, 0xeb, 0xe8, 0xe3, 0xc8, 0xeb, 0xe8, 0xf4, 0x29, 0xfc, 0x6a,
  0xec, 0xaa, 0xdc, 0xca, 0xe4, 0xca, 0xdc, 0xca, 0xdc, 0xca, 0xdc, 0xca,
  0xdc, 0xca, 0xdc, 0xaa, 0xe4, 0xca, 0xf5, 0x4c, 0xf5, 0x4c, 0xf5, 0x6d,
  0xfd, 0x8d, 0xfd, 0xae, 0xfd, 0xce, 0xfd, 0xee, 0xfd, 0xef, 0xff, 0x32,
  0xff, 0x33, 0xff, 0x53, 0xff, 0x74, 0xff, 0xb4, 0xff, 0xd5, 0xff, 0xf5,
  0xff, 0xf5, 0xff, 0xf5, 0xff, 0xf5, 0xff, 0xf5, 0xff, 0xf6, 0xff, 0xf6,
  0xff, 0xf7, 0xff, 0xf7, 0xff, 0xf7, 0xff, 0xfc, 0xff, 0xff, 0xff, 0xff,
  0xff, 0xff, 0xff, 0xff, 0xff, 0xff, 0xff, 0xff, 0xff, 0xff, 0xff, 0xff,
  0xff, 0xff, 0xff, 0xff, 0xff, 0xff, 0xff, 0xff, 0xff, 0xff, 0x00, 0x00,
  0x00, 0x00, 0xd4, 0xea, 0xd4, 0xca, 0xc4, 0x27, 0xbc, 0x07, 0xb3, 0xe6,
  0xb3, 0xa5, 0xab, 0x64, 0xa3, 0x23, 0x9b, 0x03, 0x9b, 0x02, 0x82, 0x63,
  0x82, 0x43, 0x82, 0x43, 0x82, 0x43, 0x82, 0x43, 0x82, 0x43, 0x82, 0x43,
  0x82, 0x63, 0x82, 0x42, 0x7a, 0x22, 0x82, 0x43, 0x82, 0x63, 0x8a, 0x84,
  0x8a, 0xa4, 0x92, 0xc5, 0x92, 0xe5, 0x92, 0xe5, 0x82, 0xc4, 0x82, 0xc4,
  0x8a, 0xe5, 0x93, 0x26, 0x9b, 0x47, 0xa3, 0x67, 0xab, 0x88, 0xab, 0x88,
  0x92, 0x64, 0x92, 0x64, 0x9a, 0x44, 0x9a, 0x44, 0x9a, 0x44, 0x9a, 0x44,
  0xa2, 0x24, 0xa2, 0x24, 0x8a, 0xc7, 0x82, 0xc7, 0x82, 0x45, 0x7a, 0x04,
  0x81, 0xc4, 0x81, 0xc4, 0x99, 0xe5, 0xa9, 0xe6, 0xca, 0x48, 0xe2, 0x8a,
  0xe2, 0x6a, 0xf2, 0x4a, 0xf2, 0x2a, 0xfa, 0x0a, 0xfa, 0x0a, 0xf9, 0xea,
  0xf9, 0xea, 0xf9, 0xca, 0xf9, 0xca, 0xf9, 0xca, 0xf9, 0xca, 0xf9, 0xca,
  0xf9, 0xca, 0xf9, 0xca, 0xf9, 0xca, 0xf9, 0xea, 0xf9, 0xea, 0xf9, 0xea,
  0xf9, 0xea, 0xf9, 0xea, 0xf9, 0xea, 0xf9, 0xea, 0xf9, 0xea, 0xfa, 0x4b,
  0xfa, 0x6b, 0xfa, 0x4b, 0xfa, 0x4b, 0xfa, 0x4b, 0xfa, 0x4b, 0xfa, 0x4b,
  0xfa, 0x2b, 0xfa, 0xac, 0xfa, 0xed, 0xfa, 0xee, 0xfb, 0x0e, 0xfb, 0x2f,
  0xfb, 0x6f, 0xfb, 0x90, 0xfb, 0x90, 0xfb, 0xf1, 0xfc, 0x92, 0xfc, 0x72,
  0xfc, 0x72, 0xfc, 0x72, 0xfc, 0x72, 0xfc, 0x72, 0xfc, 0x72, 0xfc, 0x72,
  0xfc, 0x10, 0xfc, 0x10, 0xfc, 0x10, 0xfc, 0x10, 0xfc, 0x10, 0xfc, 0x10,
  0xfc, 0x10, 0xfc, 0x10, 0xfb, 0xf0, 0xfb, 0xf0, 0xfb, 0xf0, 0xfb, 0xf0,
  0xfb, 0xf0, 0xfb, 0xf0, 0xfb, 0xf0, 0xfb, 0xcf, 0xfc, 0x92, 0xfc, 0xf4,
  0xfc, 0xf4, 0xfd, 0x14, 0xfd, 0x55, 0xfd, 0x76, 0xfd, 0x96, 0xfd, 0x97,
  0xfd, 0xb5, 0xfd, 0xf2, 0xfd, 0xd2, 0xfd, 0xb2, 0xfd, 0x71, 0xfd, 0x51,
  0xfd, 0x50, 0xfd, 0x30, 0xfd, 0x0f, 0xfd, 0x30, 0xfd, 0x0f, 0xfc, 0xce,
  0xfc, 0x6d, 0xfc, 0x2c, 0xf3, 0xeb, 0xeb, 0xaa, 0xeb, 0x89, 0xdb, 0xaa,
  0xd3, 0x89, 0xd3, 0x69, 0xcb, 0x28, 0xc2, 0xe7, 0xba, 0xa6, 0xb2, 0x85,
  0xb2, 0x65, 0xb2, 0x65, 0xb2, 0x65, 0xb2, 0x65, 0xb2, 0x65, 0xb2, 0x65,
  0xb2, 0x65, 0xb2, 0x65, 0xaa, 0x65, 0xb2, 0x84, 0xc2, 0x84, 0xba, 0x84,
  0xba, 0x84, 0xba, 0x84, 0xba, 0x84, 0xba, 0x84, 0xba, 0x84, 0xc2, 0xa4,
  0xd3, 0x47, 0xdb, 0x67, 0xe3, 0xa8, 0xeb, 0xe9, 0xfc, 0x4b, 0xfc, 0x8c,
  0xfc, 0xcd, 0xfc, 0xed, 0xfd, 0x4e, 0xfd, 0x4e, 0xfd, 0x4e, 0xfd, 0x4e,
  0xfd, 0x4e, 0xfd, 0x4e, 0xfd, 0x4e, 0xfd, 0x6e, 0xfc, 0x8b, 0xf4, 0x29,
  0xeb, 0xe8, 0xe3, 0xa7, 0xe3, 0xa7, 0xe3, 0xc8, 0xf4, 0x29, 0xfc, 0x6a,
  0xec, 0xaa, 0xdc, 0xca, 0xe4, 0xca, 0xdc, 0xca, 0xdc, 0xca, 0xdc, 0xca,
  0xdc, 0xca, 0xdc, 0xaa, 0xe4, 0xca, 0xf5, 0x4c, 0xf5, 0x4c, 0xf5, 0x6d,
  0xfd, 0x8d, 0xfd, 0xae, 0xfd, 0xce, 0xfd, 0xce, 0xfd, 0xef, 0xff, 0x12,
  0xff, 0x33, 0xff, 0x53, 0xff, 0x73, 0xff, 0xb4, 0xff, 0xd4, 0xff, 0xf5,
  0xff, 0xf5, 0xff, 0xf4, 0xff, 0xf4, 0xff, 0xf5, 0xff, 0xf5, 0xff, 0xf6,
  0xff, 0xf6, 0xff, 0xf7, 0xff, 0xf6, 0xff, 0xfb, 0xff, 0xff, 0xff, 0xff,
  0xff, 0xff, 0xff, 0xff, 0xff, 0xff, 0xff, 0xff, 0xff, 0xff, 0xff, 0xff,
  0xff, 0xff, 0xff, 0xff, 0xff, 0xff, 0xff, 0xff, 0xff, 0xff, 0x00, 0x00,
  0x00, 0x00, 0xd4, 0xca, 0xd4, 0xa9, 0xbc, 0x07, 0xbb, 0xe6, 0xb3, 0xc6,
  0xab, 0xa5, 0xab, 0x64, 0xa3, 0x23, 0x9b, 0x03, 0x9b, 0x02, 0x8a, 0x83,
  0x82, 0x43, 0x82, 0x63, 0x82, 0x63, 0x82, 0x63, 0x82, 0x63, 0x82, 0x63,
  0x82, 0x63, 0x82, 0x43, 0x82, 0x43, 0x82, 0x43, 0x82, 0x63, 0x8a, 0x84,
  0x8a, 0xa4, 0x92, 0xc5, 0x92, 0xc5, 0x8a, 0xc5, 0x82, 0xa4, 0x82, 0xa4,
  0x8a, 0xc5, 0x92, 0xe5, 0x9b, 0x06, 0x9b, 0x27, 0xa3, 0x47, 0xa3, 0x47,
  0x92, 0x64, 0x92, 0x84, 0x9a, 0x64, 0x9a, 0x64, 0x9a, 0x64, 0x9a, 0x64,
  0x9a, 0x44, 0xa2, 0x44, 0x92, 0x86, 0x8a, 0x86, 0x8a, 0x25, 0x81, 0xe4,
  0x89, 0xa4, 0x89, 0xa4, 0x99, 0xc5, 0xa1, 0xc5, 0xc2, 0x07, 0xd2, 0x48,
  0xda, 0x28, 0xe2, 0x29, 0xea, 0x29, 0xf2, 0x09, 0xf2, 0x2a, 0xfa, 0x2a,
  0xfa, 0x0a, 0xf9, 0xc9, 0xf9, 0xc9, 0xf9, 0xc9, 0xf9, 0xc9, 0xf9, 0xc9,
  0xf9, 0xc9, 0xf9, 0xc9, 0xf9, 0xc9, 0xf9, 0xa9, 0xf9, 0xa9, 0xf9, 0xa9,
  0xf9, 0xa9, 0xf9, 0xa9, 0xf9, 0xa9, 0xf9, 0xa9, 0xf9, 0xa9, 0xfa, 0x0a,
  0xfa, 0x2a, 0xfa, 0x2a, 0xfa, 0x2b, 0xfa, 0x2b, 0xfa, 0x2b, 0xfa, 0x4b,
  0xfa, 0x2a, 0xfa, 0xcd, 0xfb, 0x2f, 0xfb, 0x2e, 0xfb, 0x4f, 0xfb, 0x6f,
  0xfb, 0x90, 0xfb, 0x90, 0xfb, 0xb0, 0xfb, 0xd1, 0xfc, 0x51, 0xfc, 0x31,
  0xfc, 0x31, 0xfc, 0x31, 0xfc, 0x31, 0xfc, 0x31, 0xfc, 0x51, 0xfc, 0x30,
  0xfb, 0xae, 0xfb, 0xaf, 0xfb, 0xaf, 0xfb, 0xaf, 0xfb, 0xcf, 0xfb, 0xcf,
  0xfb, 0xcf, 0xfb, 0xcf, 0xfb, 0xee, 0xfb, 0xee, 0xfb, 0xee, 0xfb, 0xee,
  0xfb, 0xef, 0xfc, 0x0f, 0xfc, 0x0f, 0xfb, 0xee, 0xfc, 0xb1, 0xfd, 0x33,
  0xfd, 0x13, 0xfd, 0x33, 0xfd, 0x54, 0xfd, 0x74, 0xfd, 0x94, 0xfd, 0x95,
  0xfd, 0xb4, 0xfd, 0xb1, 0xfd, 0xb2, 0xfd, 0x91, 0xfd, 0x71, 0xfd, 0x50,
  0xfd, 0x30, 0xfd, 0x2f, 0xfd, 0x0f, 0xfd, 0x0f, 0xfc, 0xef, 0xfc, 0xae,
  0xfc, 0x6d, 0xfc, 0x2c, 0xf3, 0xeb, 0xf3, 0xaa, 0xeb, 0x89, 0xd3, 0x89,
  0xd3, 0x69, 0xcb, 0x48, 0xc3, 0x07, 0xba, 0xc6, 0xba, 0xa6, 0xb2, 0x65,
  0xaa, 0x64, 0xb2, 0x65, 0xb2, 0x65, 0xb2, 0x65, 0xb2, 0x65, 0xb2, 0x65,
  0xb2, 0x65, 0xb2, 0x65, 0xaa, 0x65, 0xb2, 0x64, 0xc2, 0x84, 0xba, 0x84,
  0xba, 0x84, 0xc2, 0x84, 0xc2, 0x84, 0xc2, 0xa4, 0xc2, 0x84, 0xc2, 0xc5,
  0xdb, 0x67, 0xdb, 0x67, 0xe3, 0xc9, 0xec, 0x0a, 0xfc, 0x6b, 0xfc, 0xac,
  0xfc, 0xed, 0xfd, 0x2e, 0xfd, 0x6e, 0xfd, 0x6e, 0xfd, 0x6e, 0xfd, 0x4e,
  0xfd, 0x4e, 0xfd, 0x4e, 0xfd, 0x2d, 0xfd, 0x4e, 0xf4, 0x6a, 0xec, 0x09,
  0xeb, 0xe8, 0xe3, 0xc8, 0xe3, 0xc8, 0xeb, 0xe8, 0xf4, 0x29, 0xfc, 0x6a,
  0xec, 0xaa, 0xdc, 0xca, 0xe4, 0xca, 0xdc, 0xca, 0xdc, 0xca, 0xdc, 0xca,
  0xdc, 0xca, 0xdc, 0xca, 0xe4, 0xea, 0xf5, 0x4c, 0xf5, 0x4c, 0xf5, 0x6d,
  0xfd, 0x8d, 0xfd, 0xce, 0xfd, 0xee, 0xfd, 0xef, 0xfe, 0x0f, 0xff, 0x53,
  0xff, 0x53, 0xff, 0x73, 0xff, 0x94, 0xff, 0xb5, 0xff, 0xd5, 0xff, 0xf6,
  0xff, 0xf6, 0xff, 0xf6, 0xff, 0xf6, 0xff, 0xf7, 0xff, 0xf7, 0xff, 0xf8,
  0xff, 0xf8, 0xff, 0xf9, 0xff, 0xf8, 0xff, 0xfc, 0xff, 0xff, 0xff, 0xff,
  0xff, 0xff, 0xff, 0xff, 0xff, 0xff, 0xff, 0xff, 0xff, 0xff, 0xff, 0xff,
  0xff, 0xff, 0xff, 0xff, 0xff, 0xff, 0xff, 0xff, 0xff, 0xff, 0x00, 0x00,
  0x00, 0x00, 0xcc, 0x69, 0xcc, 0x48, 0xb3, 0xa6, 0xb3, 0x85, 0xab, 0x85,
  0xab, 0x65, 0xab, 0x44, 0xa3, 0x23, 0xa3, 0x03, 0xa3, 0x03, 0x8a, 0xa4,
  0x82, 0x85, 0x8a, 0x84, 0x8a, 0x84, 0x8a, 0x84, 0x8a, 0x84, 0x8a, 0x84,
  0x8a, 0x84, 0x8a, 0x84, 0x82, 0x84, 0x82, 0x64, 0x82, 0x64, 0x82, 0x64,
  0x82, 0x64, 0x82, 0x64, 0x82, 0x64, 0x82, 0x64, 0x82, 0x44, 0x82, 0x44,
  0x82, 0x44, 0x82, 0x44, 0x82, 0x44, 0x82, 0x44, 0x7a, 0x44, 0x82, 0x44,
  0x92, 0xc6, 0x92, 0xc6, 0x8a, 0xc6, 0x8a, 0xc6, 0x8a, 0xc6, 0x8a, 0xc6,
  0x8a, 0xc6, 0x8a, 0xe6, 0x99, 0xe5, 0x99, 0xc4, 0x99, 0xe5, 0x99, 0xe5,
  0xa1, 0xc5, 0xa1, 0xc5, 0xa1, 0xc5, 0xa1, 0xa4, 0xa9, 0xa4, 0xa9, 0x84,
  0xb1, 0xa5, 0xb9, 0xe6, 0xc2, 0x07, 0xca, 0x48, 0xd2, 0x89, 0xda, 0xa9,
  0xe2, 0x69, 0xe9, 0xc9, 0xe9, 0xe9, 0xe9, 0xc9, 0xe9, 0xc9, 0xf1, 0xc9,
  0xf1, 0xc9, 0xf9, 0xa9, 0xf9, 0x89, 0xe8, 0xc6, 0xe8, 0xe6, 0xf0, 0xc6,
  0xf0, 0xc6, 0xf0, 0xa6, 0xf0, 0xa6, 0xf8, 0xa6, 0xf8, 0x86, 0xf1, 0x47,
  0xf1, 0x68, 0xf1, 0x88, 0xf9, 0xa9, 0xf9, 0xc9, 0xf9, 0xea, 0xfa, 0x2a,
  0xfa, 0x0a, 0xfa, 0xcd, 0xfb, 0x2f, 0xfb, 0x0e, 0xfb, 0x2e, 0xfb, 0x0e,
  0xfb, 0x0e, 0xfb, 0x0e, 0xfb, 0x0e, 0xfb, 0x2e, 0xfb, 0x4c, 0xfb, 0x4c,
  0xfb, 0x2c, 0xfb, 0x2c, 0xfb, 0x2c, 0xfb, 0x2c, 0xfb, 0x2c, 0xfb, 0x0c,
  0xfa, 0x49, 0xfa, 0x69, 0xfa, 0x6a, 0xfa, 0x8a, 0xfa, 0xab, 0xfa, 0xeb,
  0xfa, 0xec, 0xfa, 0xec, 0xfc, 0x2a, 0xfc, 0x6a, 0xfc, 0x6b, 0xfc, 0x8b,
  0xfc, 0xac, 0xfc, 0xed, 0xfd, 0x0d, 0xfd, 0x0d, 0xfd, 0x4e, 0xfd, 0x4e,
  0xfd, 0x4e, 0xfd, 0x4e, 0xfd, 0x4e, 0xfd, 0x4e, 0xfd, 0x4e, 0xfd, 0x4e,
  0xfd, 0x2e, 0xfc, 0xee, 0xfc, 0xee, 0xfc, 0xee, 0xfd, 0x0e, 0xfd, 0x0e,
  0xfd, 0x0e, 0xfd, 0x0e, 0xfc, 0xee, 0xfc, 0x4b, 0xfc, 0x4b, 0xfc, 0x4b,
  0xfc, 0x2b, 0xfb, 0xea, 0xf3, 0xea, 0xf3, 0xc9, 0xf3, 0xc9, 0xc3, 0x07,
  0xba, 0xe7, 0xba, 0xc6, 0xba, 0xc6, 0xb2, 0x85, 0xb2, 0x65, 0xaa, 0x64,
  0xaa, 0x44, 0xaa, 0x44, 0xaa, 0x64, 0xaa, 0x64, 0xaa, 0x64, 0xaa, 0x64,
  0xaa, 0x64, 0xaa, 0x64, 0xaa, 0x65, 0xb2, 0x43, 0xba, 0x42, 0xba, 0x63,
  0xc2, 0x83, 0xc2, 0xa4, 0xca, 0xc4, 0xd2, 0xe5, 0xd2, 0xe5, 0xd3, 0x26,
  0xe3, 0xa8, 0xeb, 0xc8, 0xf4, 0x09, 0xfc, 0x8b, 0xfc, 0xed, 0xfd, 0x4e,
  0xfd, 0xb0, 0xfd, 0xd0, 0xfe, 0x11, 0xfd, 0xf1, 0xfd, 0xd0, 0xfd, 0x8f,
  0xfd, 0x4e, 0xfd, 0x0d, 0xfc, 0xcc, 0xfc, 0xcc, 0xdc, 0x09, 0xdb, 0xe8,
  0xdc, 0x09, 0xe4, 0x29, 0xe4, 0x4a, 0xec, 0x6b, 0xec, 0x8b, 0xf4, 0x8b,
  0xec, 0xca, 0xdd, 0x09, 0xe4, 0xe9, 0xe4, 0xe9, 0xe4, 0xe9, 0xe4, 0xe9,
  0xe4, 0xe9, 0xe4, 0xe9, 0xe5, 0x0a, 0xf5, 0x6b, 0xf5, 0x8c, 0xfd, 0xac,
  0xfd, 0xed, 0xfe, 0x2e, 0xfe, 0x4f, 0xfe, 0x90, 0xfe, 0xb0, 0xff, 0xf5,
  0xff, 0xf5, 0xff, 0xf6, 0xff, 0xf7, 0xff, 0xf9, 0xff, 0xf9, 0xff, 0xfb,
  0xff, 0xfb, 0xff, 0xfd, 0xff, 0xfd, 0xff, 0xff, 0xff, 0xff, 0xff, 0xff,
  0xff, 0xff, 0xff, 0xff, 0xff, 0xff, 0xff, 0xff, 0xff, 0xff, 0xff, 0xff,
  0xff, 0xff, 0xff, 0xff, 0xff, 0xff, 0xff, 0xff, 0xff, 0xff, 0xff, 0xff,
  0xff, 0xff, 0xff, 0xff, 0xff, 0xff, 0xff, 0xff, 0xff, 0xff, 0x00, 0x00,
  0x00, 0x00, 0xcc, 0x69, 0xcc, 0x68, 0xb3, 0xa6, 0xb3, 0xa5, 0xb3, 0x85,
  0xab, 0x65, 0xab, 0x44, 0xa3, 0x23, 0xa3, 0x03, 0xa3, 0x03, 0x8a, 0xa4,
  0x82, 0x84, 0x8a, 0x84, 0x8a, 0x84, 0x8a, 0x84, 0x8a, 0x84, 0x8a, 0x84,
  0x8a, 0x84, 0x82, 0x84, 0x82, 0x64, 0x82, 0x64, 0x82, 0x64, 0x82, 0x64,
  0x82, 0x64, 0x82, 0x64, 0x82, 0x64, 0x82, 0x64, 0x82, 0x44, 0x82, 0x44,
  0x82, 0x44, 0x82, 0x64, 0x82, 0x64, 0x82, 0x64, 0x82, 0x64, 0x82, 0x64,
  0x92, 0xc6, 0x92, 0xc6, 0x92, 0xc6, 0x92, 0xc6, 0x92, 0xc6, 0x92, 0xc6,
  0x92, 0xa6, 0x92, 0xc6, 0x92, 0x05, 0x99, 0xe4, 0x99, 0xe5, 0x99, 0xe5,
  0x99, 0xc5, 0x99, 0xc5, 0xa1, 0xc5, 0xa1, 0xa5, 0xa9, 0xa4, 0xa9, 0xa5,
  0xb1, 0xa5, 0xb9, 0xc6, 0xc2, 0x07, 0xd2, 0x48, 0xd2, 0x68, 0xda, 0x89,
  0xe2, 0x49, 0xe9, 0xc9, 0xe9, 0xc9, 0xe9, 0xc9, 0xe9, 0xc9, 0xf1, 0xa9,
  0xf1, 0xa9, 0xf9, 0xa9, 0xf1, 0x89, 0xe8, 0xe6, 0xe9, 0x07, 0xf0, 0xe7,
  0xf0, 0xe7, 0xf0, 0xc7, 0xf0, 0xc7, 0xf8, 0xc7, 0xf8, 0xc6, 0xf1, 0x47,
  0xf1, 0x68, 0xf1, 0x88, 0xf9, 0xa9, 0xf9, 0xc9, 0xf9, 0xea, 0xfa, 0x0a,
  0xfa, 0x0a, 0xfa, 0x8c, 0xfa, 0xcd, 0xfa, 0xcd, 0xfa, 0xcd, 0xfa, 0xcd,
  0xfa, 0xcd, 0xfa, 0xcd, 0xfa, 0xad, 0xfa, 0xcc, 0xfb, 0x0b, 0xfa, 0xeb,
  0xfa, 0xeb, 0xfa, 0xeb, 0xfa, 0xeb, 0xfa, 0xeb, 0xfa, 0xec, 0xfa, 0xeb,
  0xfa, 0x69, 0xfa, 0x8a, 0xfa, 0x8a, 0xfa, 0xab, 0xfa, 0xcb, 0xfb, 0x0c,
  0xfb, 0x0c, 0xfb, 0x0d, 0xfc, 0x2b, 0xfc, 0x6b, 0xfc, 0x6b, 0xfc, 0x6c,
  0xfc, 0xac, 0xfc, 0xcd, 0xfc, 0xed, 0xfc, 0xed, 0xfd, 0x2e, 0xfd, 0x4f,
  0xfd, 0x4f, 0xfd, 0x4f, 0xfd, 0x4f, 0xfd, 0x4f, 0xfd, 0x4f, 0xfd, 0x4f,
  0xfd, 0x2f, 0xfd, 0x0e, 0xfd, 0x0e, 0xfd, 0x0e, 0xfd, 0x0e, 0xfd, 0x0e,
  0xfd, 0x0e, 0xfd, 0x0e, 0xfc, 0xee, 0xfc, 0x6c, 0xfc, 0x6c, 0xfc, 0x4c,
  0xfc, 0x2b, 0xfc, 0x0a, 0xf3, 0xea, 0xf3, 0xc9, 0xf3, 0xc9, 0xc3, 0x07,
  0xc2, 0xe7, 0xc2, 0xe6, 0xba, 0xc6, 0xb2, 0xa5, 0xb2, 0x65, 0xaa, 0x64,
  0xaa, 0x44, 0xaa, 0x44, 0xaa, 0x64, 0xaa, 0x64, 0xaa, 0x64, 0xaa, 0x64,
  0xaa, 0x64, 0xaa, 0x64, 0xaa, 0x65, 0xb2, 0x43, 0xba, 0x42, 0xba, 0x63,
  0xc2, 0x83, 0xc2, 0xa4, 0xca, 0xc4, 0xca, 0xe5, 0xca, 0xe5, 0xd3, 0x26,
  0xe3, 0xa8, 0xeb, 0xc8, 0xf4, 0x09, 0xfc, 0x6b, 0xfc, 0xed, 0xfd, 0x2e,
  0xfd, 0x8f, 0xfd, 0xb0, 0xfd, 0xf0, 0xfd, 0xd0, 0xfd, 0xaf, 0xfd, 0x6f,
  0xfd, 0x2e, 0xfd, 0x0d, 0xf4, 0xcc, 0xfc, 0xcc, 0xe4, 0x09, 0xdb, 0xe8,
  0xdc, 0x09, 0xe4, 0x29, 0xe4, 0x4a, 0xec, 0x6a, 0xec, 0x8b, 0xf4, 0x8b,
  0xec, 0xca, 0xdc, 0xe9, 0xe4, 0xe9, 0xe4, 0xe9, 0xe4, 0xe9, 0xe4, 0xe9,
  0xe4, 0xe9, 0xe4, 0xe9, 0xe5, 0x0a, 0xf5, 0x6b, 0xf5, 0x6c, 0xfd, 0xac,
  0xfd, 0xed, 0xfe, 0x0e, 0xfe, 0x4f, 0xfe, 0x6f, 0xfe, 0x90, 0xff, 0xf5,
  0xff, 0xf5, 0xff, 0xf6, 0xff, 0xf6, 0xff, 0xf8, 0xff, 0xf9, 0xff, 0xfa,
  0xff, 0xfb, 0xff, 0xfc, 0xff, 0xfd, 0xff, 0xfe, 0xff, 0xfe, 0xff, 0xff,
  0xff, 0xff, 0xff, 0xff, 0xff, 0xff, 0xff, 0xff, 0xff, 0xff, 0xff, 0xff,
  0xff, 0xff, 0xff, 0xff, 0xff, 0xff, 0xff, 0xff, 0xff, 0xff, 0xff, 0xff,
  0xff, 0xff, 0xff, 0xff, 0xff, 0xff, 0xff, 0xff, 0xff, 0xff, 0x00, 0x00,
  0x00, 0x00, 0xcc, 0x69, 0xcc, 0x68, 0xb3, 0xa6, 0xb3, 0xa5, 0xb3, 0x85,
  0xab, 0x65, 0xab, 0x44, 0xa3, 0x23, 0xa3, 0x03, 0xa3, 0x03, 0x8a, 0xa4,
  0x82, 0x84, 0x8a, 0x84, 0x8a, 0x84, 0x8a, 0x84, 0x8a, 0x84, 0x8a, 0x84,
  0x8a, 0x84, 0x82, 0x84, 0x82, 0x64, 0x82, 0x64, 0x82, 0x64, 0x82, 0x64,
  0x82, 0x64, 0x82, 0x64, 0x82, 0x64, 0x82, 0x64, 0x82, 0x44, 0x82, 0x44,
  0x82, 0x44, 0x82, 0x44, 0x82, 0x44, 0x82, 0x44, 0x82, 0x44, 0x82, 0x64,
  0x92, 0xc6, 0x92, 0xc6, 0x92, 0xc6, 0x92, 0xc6, 0x92, 0xc6, 0x92, 0xc6,
  0x92, 0xa6, 0x92, 0xc6, 0x92, 0x05, 0x91, 0xe4, 0x99, 0xe5, 0x99, 0xe5,
  0x99, 0xc5, 0x99, 0xc5, 0xa1, 0xc5, 0xa1, 0xc5, 0xa1, 0x84, 0xa1, 0x84,
  0xa9, 0xa5, 0xb1, 0xc5, 0xc1, 0xe6, 0xca, 0x27, 0xd2, 0x48, 0xd2, 0x89,
  0xda, 0x49, 0xe1, 0xa8, 0xe1, 0xc8, 0xe1, 0xc8, 0xe1, 0xc8, 0xe9, 0xa8,
  0xe9, 0xa8, 0xf1, 0xa8, 0xe9, 0x88, 0xe1, 0x06, 0xe1, 0x06, 0xe8, 0xe6,
  0xe8, 0xe6, 0xf0, 0xe6, 0xf0, 0xe6, 0xf0, 0xe6, 0xf0, 0xc6, 0xf1, 0x27,
  0xf1, 0x47, 0xf9, 0x48, 0xf9, 0x88, 0xf9, 0xa9, 0xf9, 0xc9, 0xf9, 0xea,
  0xf9, 0xea, 0xfa, 0x0b, 0xfa, 0x2b, 0xfa, 0x2b, 0xfa, 0x2b, 0xfa, 0x2b,
  0xfa, 0x2b, 0xfa, 0x2b, 0xfa, 0x2b, 0xfa, 0x2a, 0xfa, 0x29, 0xfa, 0x29,
  0xfa, 0x29, 0xfa, 0x29, 0xfa, 0x49, 0xfa, 0x49, 0xfa, 0x49, 0xfa, 0x49,
  0xfa, 0x69, 0xfa, 0x6a, 0xfa, 0x8a, 0xfa, 0xab, 0xfa, 0xeb, 0xfb, 0x0c,
  0xfb, 0x2c, 0xfb, 0x2d, 0xfc, 0x2b, 0xfc, 0x6b, 0xfc, 0x6b, 0xfc, 0x8c,
  0xfc, 0xac, 0xfc, 0xcd, 0xfc, 0xed, 0xfc, 0xed, 0xfd, 0x2e, 0xfd, 0x4f,
  0xfd, 0x4f, 0xfd, 0x4f, 0xfd, 0x4f, 0xfd, 0x4f, 0xfd, 0x4f, 0xfd, 0x4f,
  0xfd, 0x2f, 0xfd, 0x0e, 0xfd, 0x0e, 0xfd, 0x0e, 0xfd, 0x0e, 0xfd, 0x0e,
  0xfd, 0x0e, 0xfd, 0x0e, 0xfc, 0xee, 0xfc, 0x6c, 0xfc, 0x6c, 0xfc, 0x4b,
  0xfc, 0x2b, 0xfc, 0x0a, 0xf3, 0xea, 0xf3, 0xc9, 0xf3, 0xc9, 0xc3, 0x07,
  0xc2, 0xe7, 0xc2, 0xe6, 0xba, 0xc6, 0xb2, 0xa5, 0xb2, 0x65, 0xaa, 0x64,
  0xaa, 0x44, 0xaa, 0x44, 0xaa, 0x64, 0xaa, 0x64, 0xaa, 0x64, 0xaa, 0x64,
  0xaa, 0x64, 0xaa, 0x64, 0xaa, 0x65, 0xb2, 0x43, 0xba, 0x42, 0xba, 0x63,
  0xc2, 0x83, 0xc2, 0xa4, 0xca, 0xc4, 0xca, 0xe5, 0xca, 0xe5, 0xd3, 0x26,
  0xeb, 0xe9, 0xeb, 0xe9, 0xf4, 0x2a, 0xfc, 0x8b, 0xfc, 0xcc, 0xfd, 0x2e,
  0xfd, 0x6f, 0xfd, 0x8f, 0xfd, 0xd0, 0xfd, 0xd0, 0xfd, 0x8f, 0xfd, 0x4e,
  0xfd, 0x2d, 0xfc, 0xec, 0xf4, 0xac, 0xf4, 0xac, 0xdc, 0x09, 0xdb, 0xe8,
  0xdc, 0x09, 0xe4, 0x29, 0xe4, 0x4a, 0xec, 0x6a, 0xec, 0x8b, 0xf4, 0x8b,
  0xec, 0xca, 0xdc, 0xe9, 0xe4, 0xe9, 0xe4, 0xe9, 0xe4, 0xe9, 0xe4, 0xe9,
  0xe4, 0xe9, 0xe4, 0xe9, 0xe5, 0x0a, 0xf5, 0x6b, 0xf5, 0x6c, 0xfd, 0xac,
  0xfd, 0xed, 0xfe, 0x0e, 0xfe, 0x4f, 0xfe, 0x6f, 0xfe, 0x90, 0xff, 0xf5,
  0xff, 0xf5, 0xff, 0xf6, 0xff, 0xf7, 0xff, 0xf8, 0xff, 0xf9, 0xff, 0xfb,
  0xff, 0xfb, 0xff, 0xfd, 0xff, 0xfd, 0xff, 0xfe, 0xff, 0xff, 0xff, 0xff,
  0xff, 0xff, 0xff, 0xff, 0xff, 0xff, 0xff, 0xff, 0xff, 0xff, 0xff, 0xff,
  0xff, 0xff, 0xff, 0xff, 0xff, 0xff, 0xff, 0xff, 0xff, 0xff, 0xff, 0xff,
  0xff, 0xff, 0xff, 0xff, 0xff, 0xff, 0xff, 0xff, 0xff, 0xff, 0x00, 0x00,
  0x00, 0x00, 0xcc, 0x69, 0xcc, 0x68, 0xb3, 0xa6, 0xb3, 0xa5, 0xb3, 0x85,
  0xab, 0x65, 0xab, 0x44, 0xa3, 0x23, 0xa3, 0x03, 0xa3, 0x03, 0x8a, 0xa4,
  0x82, 0x84, 0x8a, 0x84, 0x8a, 0x84, 0x8a, 0x84, 0x8a, 0x84, 0x8a, 0x84,
  0x8a, 0x84, 0x82, 0x84, 0x82, 0x64, 0x82, 0x64, 0x82, 0x64, 0x82, 0x64,
  0x82, 0x64, 0x82, 0x64, 0x82, 0x64, 0x82, 0x64, 0x82, 0x44, 0x82, 0x44,
  0x82, 0x44, 0x82, 0x44, 0x82, 0x44, 0x82, 0x44, 0x82, 0x44, 0x82, 0x64,
  0x92, 0xc6, 0x92, 0xc6, 0x92, 0xc6, 0x92, 0xc6, 0x92, 0xc6, 0x92, 0xc6,
  0x92, 0xa6, 0x92, 0xc6, 0x92, 0x05, 0x91, 0xe4, 0x99, 0xe5, 0x99, 0xe5,
  0x99, 0xc5, 0x99, 0xc5, 0xa1, 0xc5, 0xa1, 0xc5, 0xa1, 0x84, 0x99, 0x63,
  0xa9, 0x84, 0xb1, 0xa5, 0xb9, 0xc6, 0xc2, 0x07, 0xca, 0x28, 0xd2, 0x68,
  0xd2, 0x28, 0xd9, 0xa8, 0xd9, 0xa8, 0xe1, 0xa8, 0xe1, 0xa8, 0xe1, 0x88,
  0xe1, 0x88, 0xe9, 0x88, 0xe9, 0x68, 0xe1, 0x06, 0xe1, 0x06, 0xe8, 0xe6,
  0xe8, 0xe6, 0xf0, 0xe6, 0xf0, 0xe6, 0xf0, 0xe6, 0xf0, 0xc6, 0xf1, 0x07,
  0xf1, 0x27, 0xf1, 0x27, 0xf9, 0x48, 0xf9, 0x88, 0xf9, 0xa9, 0xf9, 0xa9,
  0xf9, 0xca, 0xf9, 0xc9, 0xf9, 0xa9, 0xf9, 0xa9, 0xf9, 0xa9, 0xf9, 0xa9,
  0xf9, 0xa9, 0xf9, 0xa9, 0xf9, 0xa9, 0xf9, 0xc9, 0xf9, 0xe8, 0xf9, 0xc8,
  0xf9, 0xc8, 0xf9, 0xe8, 0xf9, 0xe8, 0xf9, 0xe8, 0xf9, 0xe8, 0xfa, 0x08,
  0xfa, 0x6a, 0xfa, 0x6a, 0xfa, 0x8a, 0xfa, 0xab, 0xfa, 0xeb, 0xfb, 0x0c,
  0xfb, 0x2c, 0xfb, 0x2d, 0xfc, 0x2b, 0xfc, 0x6b, 0xfc, 0x6b, 0xfc, 0x8c,
  0xfc, 0xac, 0xfc, 0xcd, 0xfc, 0xed, 0xfc, 0xed, 0xfd, 0x2e, 0xfd, 0x4f,
  0xfd, 0x4f, 0xfd, 0x4f, 0xfd, 0x4f, 0xfd, 0x4f, 0xfd, 0x4f, 0xfd, 0x4f,
  0xfd, 0x2f, 0xfd, 0x0e, 0xfd, 0x0e, 0xfd, 0x0e, 0xfd, 0x0e, 0xfd, 0x0e,
  0xfd, 0x0e, 0xfd, 0x0e, 0xfc, 0xee, 0xfc, 0x6c, 0xfc, 0x6c, 0xfc, 0x4b,
  0xfc, 0x2b, 0xfc, 0x0a, 0xf3, 0xea, 0xf3, 0xc9, 0xf3, 0xc9, 0xc3, 0x07,
  0xc2, 0xe7, 0xc2, 0xe6, 0xba, 0xc6, 0xb2, 0xa5, 0xb2, 0x65, 0xaa, 0x64,
  0xaa, 0x44, 0xaa, 0x44, 0xaa, 0x64, 0xaa, 0x64, 0xaa, 0x64, 0xaa, 0x64,
  0xaa, 0x64, 0xaa, 0x64, 0xaa, 0x65, 0xb2, 0x43, 0xba, 0x42, 0xba, 0x63,
  0xc2, 0x83, 0xc2, 0xa4, 0xca, 0xc4, 0xca, 0xe5, 0xca, 0xe5, 0xd3, 0x26,
  0xf4, 0x09, 0xf4, 0x09, 0xfc, 0x4a, 0xfc, 0x8b, 0xfc, 0xcc, 0xfd, 0x0d,
  0xfd, 0x2e, 0xfd, 0x4e, 0xfd, 0xaf, 0xfd, 0x8f, 0xfd, 0x6f, 0xfd, 0x2e,
  0xfd, 0x0d, 0xf4, 0xcc, 0xf4, 0x8b, 0xf4, 0x8b, 0xdc, 0x09, 0xdb, 0xe8,
  0xdc, 0x09, 0xe4, 0x29, 0xe4, 0x4a, 0xec, 0x6a, 0xec, 0x8b, 0xf4, 0x8b,
  0xec, 0xca, 0xdc, 0xe9, 0xe4, 0xe9, 0xe4, 0xe9, 0xe4, 0xe9, 0xe4, 0xe9,
  0xe4, 0xe9, 0xe4, 0xe9, 0xe5, 0x0a, 0xf5, 0x6b, 0xf5, 0x6c, 0xfd, 0xac,
  0xfd, 0xed, 0xfe, 0x0e, 0xfe, 0x4f, 0xfe, 0x6f, 0xfe, 0x90, 0xff, 0xf5,
  0xff, 0xf5, 0xff, 0xf6, 0xff, 0xf7, 0xff, 0xf8, 0xff, 0xf9, 0xff, 0xfb,
  0xff, 0xfb, 0xff, 0xfd, 0xff, 0xfd, 0xff, 0xfe, 0xff, 0xff, 0xff, 0xff,
  0xff, 0xff, 0xff, 0xff, 0xff, 0xff, 0xff, 0xff, 0xff, 0xff, 0xff, 0xff,
  0xff, 0xff, 0xff, 0xff, 0xff, 0xff, 0xff, 0xff, 0xff, 0xff, 0xff, 0xff,
  0xff, 0xff, 0xff, 0xff, 0xff, 0xff, 0xff, 0xff, 0xff, 0xff, 0x00, 0x00,
  0x00, 0x00, 0xcc, 0x69, 0xcc, 0x68, 0xb3, 0xa6, 0xb3, 0xa5, 0xb3, 0x85,
  0xab, 0x65, 0xab, 0x44, 0xa3, 0x23, 0xa3, 0x03, 0xa3, 0x03, 0x8a, 0xa4,
  0x82, 0x84, 0x8a, 0x84, 0x8a, 0x84, 0x8a, 0x84, 0x8a, 0x84, 0x8a, 0x84,
  0x8a, 0x84, 0x82, 0x84, 0x82, 0x64, 0x82, 0x64, 0x82, 0x64, 0x82, 0x64,
  0x82, 0x64, 0x82, 0x64, 0x82, 0x64, 0x82, 0x64, 0x82, 0x44, 0x82, 0x44,
  0x82, 0x44, 0x82, 0x44, 0x82, 0x44, 0x82, 0x44, 0x82, 0x44, 0x82, 0x64,
  0x92, 0xc6, 0x92, 0xc6, 0x92, 0xc6, 0x92, 0xc6, 0x92, 0xc6, 0x92, 0xc6,
  0x92, 0xa6, 0x92, 0xc6, 0x92, 0x25, 0x92, 0x04, 0x92, 0x05, 0x92, 0x05,
  0x99, 0xe5, 0x99, 0xe5, 0x99, 0xc5, 0xa1, 0xe5, 0x99, 0x84, 0x99, 0x43,
  0xa1, 0x64, 0xa9, 0x84, 0xb1, 0xc5, 0xb9, 0xe6, 0xc2, 0x27, 0xca, 0x47,
  0xca, 0x27, 0xc9, 0xa7, 0xc9, 0xa7, 0xd1, 0xa7, 0xd1, 0xa7, 0xd1, 0xa7,
  0xd1, 0xa7, 0xd9, 0x87, 0xd9, 0x67, 0xd9, 0x26, 0xd9, 0x26, 0xe1, 0x26,
  0xe1, 0x26, 0xe1, 0x06, 0xe1, 0x06, 0xe9, 0x06, 0xe9, 0x06, 0xe8, 0xe6,
  0xf0, 0xe6, 0xf1, 0x07, 0xf9, 0x27, 0xf9, 0x48, 0xf9, 0x68, 0xf9, 0x89,
  0xf9, 0xa9, 0xf9, 0x68, 0xf9, 0x48, 0xf9, 0x48, 0xf9, 0x48, 0xf9, 0x48,
  0xf9, 0x48, 0xf9, 0x48, 0xf9, 0x48, 0xf9, 0x48, 0xf9, 0x47, 0xf9, 0x47,
  0xf9, 0x47, 0xf9, 0x47, 0xf9, 0x67, 0xf9, 0x67, 0xf9, 0x87, 0xf9, 0xa7,
  0xfa, 0x6a, 0xfa, 0x6a, 0xfa, 0xaa, 0xfa, 0xcb, 0xfb, 0x0b, 0xfb, 0x2c,
  0xfb, 0x4c, 0xfb, 0x6d, 0xfc, 0x2b, 0xfc, 0x6b, 0xfc, 0x6b, 0xfc, 0x8c,
  0xfc, 0xac, 0xfc, 0xcd, 0xfc, 0xed, 0xfc, 0xed, 0xfd, 0x2e, 0xfd, 0x4f,
  0xfd, 0x4f, 0xfd, 0x4f, 0xfd, 0x4f, 0xfd, 0x4f, 0xfd, 0x4f, 0xfd, 0x4f,
  0xfd, 0x2f, 0xfd, 0x0e, 0xfd, 0x0e, 0xfd, 0x0e, 0xfd, 0x0e, 0xfd, 0x0e,
  0xfd, 0x0e, 0xfd, 0x0e, 0xfc, 0xee, 0xfc, 0x6c, 0xfc, 0x6c, 0xfc, 0x4b,
  0xfc, 0x2b, 0xfc, 0x0a, 0xf3, 0xea, 0xf3, 0xc9, 0xf3, 0xc9, 0xc3, 0x07,
  0xc2, 0xe7, 0xc2, 0xe6, 0xba, 0xc6, 0xb2, 0xa5, 0xb2, 0x65, 0xaa, 0x64,
  0xaa, 0x44, 0xaa, 0x44, 0xaa, 0x64, 0xaa, 0x64, 0xaa, 0x64, 0xaa, 0x64,
  0xaa, 0x64, 0xaa, 0x64, 0xaa, 0x65, 0xb2, 0x43, 0xba, 0x42, 0xba, 0x63,
  0xc2, 0x83, 0xc2, 0xa4, 0xca, 0xc4, 0xca, 0xe5, 0xca, 0xe5, 0xdb, 0x26,
  0xfc, 0x2a, 0xfc, 0x2a, 0xfc, 0x6b, 0xfc, 0x8b, 0xfc, 0xcc, 0xfc, 0xed,
  0xfd, 0x0d, 0xfd, 0x2e, 0xfd, 0x8f, 0xfd, 0x6f, 0xfd, 0x4e, 0xfd, 0x0d,
  0xfc, 0xec, 0xf4, 0xab, 0xec, 0x6b, 0xec, 0x6b, 0xdc, 0x09, 0xdb, 0xe8,
  0xdc, 0x09, 0xe4, 0x29, 0xe4, 0x4a, 0xec, 0x6a, 0xec, 0x8b, 0xf4, 0x8b,
  0xec, 0xca, 0xdc, 0xe9, 0xe4, 0xe9, 0xe4, 0xe9, 0xe4, 0xe9, 0xe4, 0xe9,
  0xe4, 0xe9, 0xe4, 0xe9, 0xe5, 0x0a, 0xf5, 0x6b, 0xf5, 0x6c, 0xfd, 0xac,
  0xfd, 0xed, 0xfe, 0x0e, 0xfe, 0x4f, 0xfe, 0x6f, 0xfe, 0x90, 0xff, 0xf6,
  0xff, 0xf6, 0xff, 0xf7, 0xff, 0xf7, 0xff, 0xf9, 0xff, 0xfa, 0xff, 0xfb,
  0xff, 0xfc, 0xff, 0xfe, 0xff, 0xfe, 0xff, 0xff, 0xff, 0xff, 0xff, 0xff,
  0xff, 0xff, 0xff, 0xff, 0xff, 0xff, 0xff, 0xff, 0xff, 0xff, 0xff, 0xff,
  0xff, 0xff, 0xff, 0xff, 0xff, 0xff, 0xff, 0xff, 0xff, 0xff, 0xff, 0xff,
  0xff, 0xff, 0xff, 0xff, 0xff, 0xff, 0xff, 0xff, 0xff, 0xff, 0x00, 0x00,
  0x00, 0x00, 0xcc, 0x69, 0xcc, 0x68, 0xb3, 0xa6, 0xb3, 0xa5, 0xb3, 0x85,
  0xab, 0x65, 0xab, 0x44, 0xa3, 0x23, 0xa3, 0x03, 0xa3, 0x03, 0x8a, 0xa4,
  0x82, 0x84, 0x8a, 0x84, 0x8a, 0x84, 0x8a, 0x84, 0x8a, 0x84, 0x8a, 0x84,
  0x8a, 0x84, 0x82, 0x84, 0x82, 0x64, 0x82, 0x64, 0x82, 0x64, 0x82, 0x64,
  0x82, 0x64, 0x82, 0x64, 0x82, 0x64, 0x82, 0x64, 0x82, 0x44, 0x82, 0x44,
  0x82, 0x44, 0x82, 0x44, 0x82, 0x44, 0x82, 0x44, 0x82, 0x44, 0x82, 0x64,
  0x92, 0xc6, 0x92, 0xc6, 0x92, 0xc6, 0x92, 0xc6, 0x92, 0xc6, 0x92, 0xc6,
  0x92, 0xa6, 0x92, 0xc6, 0x92, 0x25, 0x92, 0x04, 0x92, 0x05, 0x92, 0x05,
  0x99, 0xe5, 0x99, 0xe5, 0x99, 0xc4, 0xa1, 0xe5, 0x99, 0x63, 0x91, 0x22,
  0x99, 0x43, 0xa1, 0x64, 0xa9, 0xa5, 0xb9, 0xc6, 0xba, 0x06, 0xc2, 0x27,
  0xca, 0x07, 0xc9, 0x86, 0xc9, 0x87, 0xc9, 0x87, 0xc9, 0x87, 0xd1, 0x67,
  0xd1, 0x67, 0xd1, 0x47, 0xd1, 0x47, 0xd9, 0x26, 0xd9, 0x26, 0xe1, 0x26,
  0xe1, 0x26, 0xe1, 0x06, 0xe1, 0x06, 0xe9, 0x06, 0xe9, 0x07, 0xe8, 0xc6,
  0xe8, 0xc6, 0xf0, 0xe6, 0xf1, 0x07, 0xf9, 0x27, 0xf9, 0x48, 0xf9, 0x68,
  0xf9, 0x89, 0xf9, 0x48, 0xf9, 0x27, 0xf9, 0x27, 0xf9, 0x27, 0xf9, 0x27,
  0xf9, 0x27, 0xf9, 0x27, 0xf9, 0x27, 0xf9, 0x47, 0xf9, 0x47, 0xf9, 0x47,
  0xf9, 0x47, 0xf9, 0x67, 0xf9, 0x67, 0xf9, 0x67, 0xf9, 0x87, 0xf9, 0xa7,
  0xfa, 0x6a, 0xfa, 0x6a, 0xfa, 0xaa, 0xfa, 0xcb, 0xfb, 0x0b, 0xfb, 0x2c,
  0xfb, 0x4c, 0xfb, 0x6d, 0xfc, 0x2b, 0xfc, 0x6b, 0xfc, 0x6b, 0xfc, 0x8c,
  0xfc, 0xac, 0xfc, 0xcd, 0xfc, 0xed, 0xfc, 0xed, 0xfd, 0x2e, 0xfd, 0x4f,
  0xfd, 0x4f, 0xfd, 0x4f, 0xfd, 0x4f, 0xfd, 0x4f, 0xfd, 0x4f, 0xfd, 0x4f,
  0xfd, 0x2f, 0xfd, 0x0e, 0xfd, 0x0e, 0xfd, 0x0e, 0xfd, 0x0e, 0xfd, 0x0e,
  0xfd, 0x0e, 0xfd, 0x0e, 0xfc, 0xee, 0xfc, 0x6c, 0xfc, 0x6c, 0xfc, 0x4b,
  0xfc, 0x2b, 0xfc, 0x0a, 0xf3, 0xea, 0xf3, 0xc9, 0xf3, 0xc9, 0xc3, 0x07,
  0xc2, 0xe7, 0xc2, 0xe6, 0xba, 0xc6, 0xb2, 0xa5, 0xb2, 0x65, 0xaa, 0x64,
  0xaa, 0x44, 0xaa, 0x44, 0xaa, 0x64, 0xaa, 0x64, 0xaa, 0x64, 0xaa, 0x64,
  0xaa, 0x64, 0xaa, 0x64, 0xaa, 0x65, 0xb2, 0x43, 0xba, 0x42, 0xba, 0x63,
  0xc2, 0x83, 0xc2, 0xa4, 0xca, 0xc4, 0xca, 0xe5, 0xca, 0xe5, 0xdb, 0x46,
  0xfc, 0x6b, 0xfc, 0x6b, 0xfc, 0x6b, 0xfc, 0x8b, 0xfc, 0xac, 0xfc, 0xcc,
  0xfc, 0xed, 0xfc, 0xed, 0xfd, 0x6e, 0xfd, 0x4e, 0xfd, 0x2e, 0xfc, 0xed,
  0xf4, 0xac, 0xec, 0x8b, 0xec, 0x4a, 0xe4, 0x4a, 0xdb, 0xe9, 0xdb, 0xe8,
  0xdc, 0x09, 0xe4, 0x29, 0xe4, 0x4a, 0xec, 0x6a, 0xec, 0x8b, 0xf4, 0x8b,
  0xec, 0xca, 0xdc, 0xe9, 0xe4, 0xe9, 0xe4, 0xe9, 0xe4, 0xe9, 0xe4, 0xe9,
  0xe4, 0xe9, 0xe4, 0xe9, 0xe5, 0x0a, 0xf5, 0x6b, 0xf5, 0x6c, 0xfd, 0xac,
  0xfd, 0xed, 0xfe, 0x0e, 0xfe, 0x4f, 0xfe, 0x6f, 0xfe, 0x90, 0xff, 0xf6,
  0xff, 0xf6, 0xff, 0xf7, 0xff, 0xf7, 0xff, 0xf9, 0xff, 0xfa, 0xff, 0xfb,
  0xff, 0xfc, 0xff, 0xfe, 0xff, 0xfe, 0xff, 0xff, 0xff, 0xff, 0xff, 0xff,
  0xff, 0xff, 0xff, 0xff, 0xff, 0xff, 0xff, 0xff, 0xff, 0xff, 0xff, 0xff,
  0xff, 0xff, 0xff, 0xff, 0xff, 0xff, 0xff, 0xff, 0xff, 0xff, 0xff, 0xff,
  0xff, 0xff, 0xff, 0xff, 0xff, 0xff, 0xff, 0xff, 0xff, 0xff, 0x00, 0x00,
  0x00, 0x00, 0xcc, 0x69, 0xcc, 0x68, 0xb3, 0xa6, 0xb3, 0xa5, 0xb3, 0x85,
  0xab, 0x65, 0xab, 0x44, 0xa3, 0x23, 0xa3, 0x03, 0xa3, 0x03, 0x8a, 0xa4,
  0x82, 0x84, 0x8a, 0x84, 0x8a, 0x84, 0x8a, 0x84, 0x8a, 0x84, 0x8a, 0x84,
  0x8a, 0x84, 0x82, 0x84, 0x82, 0x64, 0x82, 0x64, 0x82, 0x64, 0x82, 0x64,
  0x82, 0x64, 0x82, 0x64, 0x82, 0x64, 0x82, 0x64, 0x82, 0x44, 0x82, 0x44,
  0x82, 0x44, 0x82, 0x44, 0x82, 0x44, 0x82, 0x44, 0x82, 0x44, 0x82, 0x64,
  0x92, 0xc6, 0x92, 0xc6, 0x92, 0xc6, 0x92, 0xc6, 0x92, 0xc6, 0x92, 0xc6,
  0x92, 0xc6, 0x92, 0xc6, 0x8a, 0x25, 0x8a, 0x04, 0x8a, 0x05, 0x92, 0x05,
  0x92, 0x05, 0x92, 0x05, 0x91, 0xe4, 0x9a, 0x05, 0x91, 0x63, 0x89, 0x22,
  0x91, 0x43, 0x99, 0x63, 0xa1, 0xa4, 0xa9, 0xc5, 0xb2, 0x06, 0xba, 0x27,
  0xba, 0x07, 0xb9, 0xa6, 0xb9, 0xa6, 0xb9, 0xa6, 0xb9, 0xa6, 0xc1, 0x86,
  0xc1, 0x86, 0xc9, 0x86, 0xc9, 0x86, 0xc9, 0x66, 0xc9, 0x66, 0xd1, 0x46,
  0xd1, 0x46, 0xd9, 0x46, 0xd9, 0x46, 0xd9, 0x46, 0xd9, 0x47, 0xe0, 0xc5,
  0xe8, 0xa5, 0xe8, 0xc6, 0xf0, 0xe6, 0xf1, 0x07, 0xf9, 0x27, 0xf9, 0x48,
  0xf9, 0x68, 0xf9, 0x48, 0xf9, 0x48, 0xf9, 0x48, 0xf9, 0x48, 0xf9, 0x48,
  0xf9, 0x48, 0xf9, 0x48, 0xf9, 0x48, 0xf9, 0x48, 0xf9, 0x27, 0xf9, 0x47,
  0xf9, 0x47, 0xf9, 0x47, 0xf9, 0x67, 0xf9, 0x87, 0xf9, 0xa7, 0xf9, 0xc8,
  0xfa, 0x6a, 0xfa, 0x8a, 0xfa, 0xca, 0xfa, 0xeb, 0xfb, 0x2b, 0xfb, 0x6c,
  0xfb, 0x8c, 0xfb, 0x8d, 0xfc, 0x2b, 0xfc, 0x4b, 0xfc, 0x6b, 0xfc, 0x8c,
  0xfc, 0xac, 0xfc, 0xcd, 0xfc, 0xed, 0xfc, 0xed, 0xfd, 0x2e, 0xfd, 0x4f,
  0xfd, 0x4f, 0xfd, 0x4f, 0xfd, 0x4f, 0xfd, 0x4f, 0xfd, 0x4f, 0xfd, 0x4f,
  0xfd, 0x2f, 0xfd, 0x0e, 0xfd, 0x0e, 0xfd, 0x0e, 0xfd, 0x0e, 0xfd, 0x0e,
  0xfd, 0x0e, 0xfd, 0x0e, 0xfc, 0xee, 0xfc, 0x6c, 0xfc, 0x6c, 0xfc, 0x4b,
  0xfc, 0x2b, 0xfc, 0x0a, 0xf3, 0xea, 0xf3, 0xc9, 0xf3, 0xc9, 0xc3, 0x07,
  0xc2, 0xe7, 0xc2, 0xe6, 0xba, 0xc6, 0xb2, 0xa5, 0xb2, 0x65, 0xaa, 0x64,
  0xaa, 0x44, 0xaa, 0x44, 0xaa, 0x64, 0xaa, 0x64, 0xaa, 0x64, 0xaa, 0x64,
  0xaa, 0x64, 0xaa, 0x64, 0xaa, 0x65, 0xb2, 0x43, 0xba, 0x42, 0xba, 0x63,
  0xc2, 0x83, 0xc2, 0xa4, 0xca, 0xc4, 0xca, 0xe5, 0xca, 0xe5, 0xdb, 0x46,
  0xfc, 0x8b, 0xfc, 0x6b, 0xfc, 0x8b, 0xfc, 0x8b, 0xfc, 0xac, 0xfc, 0xcc,
  0xfc, 0xcc, 0xfc, 0xcc, 0xfd, 0x4e, 0xfd, 0x4e, 0xfd, 0x0d, 0xfc, 0xec,
  0xf4, 0xab, 0xec, 0x6a, 0xe4, 0x4a, 0xe4, 0x29, 0xdb, 0xe8, 0xdb, 0xe9,
  0xdc, 0x09, 0xe4, 0x29, 0xe4, 0x4a, 0xec, 0x6a, 0xec, 0x8b, 0xf4, 0x8b,
  0xec, 0xca, 0xdc, 0xe9, 0xe4, 0xe9, 0xe4, 0xe9, 0xe4, 0xe9, 0xe4, 0xe9,
  0xe4, 0xe9, 0xe4, 0xe9, 0xe5, 0x0a, 0xf5, 0x6b, 0xf5, 0x6c, 0xfd, 0xac,
  0xfd, 0xed, 0xfe, 0x0e, 0xfe, 0x4f, 0xfe, 0x6f, 0xfe, 0x90, 0xff, 0xf7,
  0xff, 0xf7, 0xff, 0xf8, 0xff, 0xf8, 0xff, 0xfa, 0xff, 0xfb, 0xff, 0xfc,
  0xff, 0xfd, 0xff, 0xfe, 0xff, 0xff, 0xff, 0xff, 0xff, 0xff, 0xff, 0xff,
  0xff, 0xff, 0xff, 0xff, 0xff, 0xff, 0xff, 0xff, 0xff, 0xff, 0xff, 0xff,
  0xff, 0xff, 0xff, 0xff, 0xff, 0xff, 0xff, 0xff, 0xff, 0xff, 0xff, 0xff,
  0xff, 0xff, 0xff, 0xff, 0xff, 0xff, 0xff, 0xff, 0xff, 0xff, 0x00, 0x00,
  0x00, 0x00, 0xcc, 0x69, 0xcc, 0x68, 0xb3, 0xa6, 0xb3, 0xa5, 0xb3, 0x85,
  0xab, 0x65, 0xab, 0x44, 0xa3, 0x23, 0xa3, 0x03, 0xa3, 0x03, 0x8a, 0xa4,
  0x82, 0x84, 0x8a, 0x84, 0x8a, 0x84, 0x8a, 0x84, 0x8a, 0x84, 0x8a, 0x84,
  0x8a, 0x84, 0x82, 0x84, 0x82, 0x64, 0x82, 0x64, 0x82, 0x64, 0x82, 0x64,
  0x82, 0x64, 0x82, 0x64, 0x82, 0x64, 0x82, 0x64, 0x82, 0x44, 0x82, 0x44,
  0x82, 0x44, 0x82, 0x44, 0x82, 0x44, 0x82, 0x44, 0x82, 0x44, 0x82, 0x64,
  0x92, 0xc6, 0x92, 0xc6, 0x92, 0xc6, 0x92, 0xc6, 0x92, 0xc6, 0x92, 0xc6,
  0x92, 0xc6, 0x92, 0xc6, 0x8a, 0x25, 0x8a, 0x04, 0x8a, 0x05, 0x92, 0x05,
  0x92, 0x05, 0x92, 0x05, 0x91, 0xe4, 0x9a, 0x05, 0x91, 0x63, 0x89, 0x02,
  0x91, 0x42, 0x99, 0x63, 0xa1, 0x84, 0xa9, 0xc5, 0xb1, 0xe6, 0xba, 0x26,
  0xb9, 0xe6, 0xb9, 0x86, 0xb9, 0xa6, 0xb9, 0xa6, 0xb9, 0x86, 0xb9, 0x86,
  0xc1, 0x86, 0xc1, 0x66, 0xc1, 0x66, 0xc9, 0x66, 0xc9, 0x66, 0xd1, 0x46,
  0xd1, 0x46, 0xd9, 0x46, 0xd9, 0x46, 0xd9, 0x46, 0xd9, 0x47, 0xe0, 0xa5,
  0xe8, 0xa5, 0xe8, 0xc5, 0xe8, 0xe6, 0xf1, 0x07, 0xf9, 0x27, 0xf9, 0x47,
  0xf9, 0x48, 0xf9, 0x48, 0xf9, 0x48, 0xf9, 0x48, 0xf9, 0x48, 0xf9, 0x48,
  0xf9, 0x48, 0xf9, 0x48, 0xf9, 0x48, 0xf9, 0x48, 0xf9, 0x48, 0xf9, 0x48,
  0xf9, 0x68, 0xf9, 0x68, 0xf9, 0x88, 0xf9, 0x88, 0xf9, 0xc8, 0xf9, 0xc8,
  0xfa, 0x6a, 0xfa, 0x8a, 0xfa, 0xca, 0xfa, 0xeb, 0xfb, 0x2b, 0xfb, 0x6c,
  0xfb, 0x8c, 0xfb, 0x8d, 0xfc, 0x2b, 0xfc, 0x4b, 0xfc, 0x6b, 0xfc, 0x8c,
  0xfc, 0xac, 0xfc, 0xcd, 0xfc, 0xed, 0xfc, 0xed, 0xfd, 0x2e, 0xfd, 0x4f,
  0xfd, 0x4f, 0xfd, 0x4f, 0xfd, 0x4f, 0xfd, 0x4f, 0xfd, 0x4f, 0xfd, 0x4f,
  0xfd, 0x2f, 0xfd, 0x0e, 0xfd, 0x0e, 0xfd, 0x0e, 0xfd, 0x0e, 0xfd, 0x0e,
  0xfd, 0x0e, 0xfd, 0x0e, 0xfc, 0xee, 0xfc, 0x6c, 0xfc, 0x6c, 0xfc, 0x4b,
  0xfc, 0x2b, 0xfc, 0x0a, 0xf3, 0xea, 0xf3, 0xc9, 0xf3, 0xc9, 0xc3, 0x07,
  0xc2, 0xe7, 0xc2, 0xe6, 0xba, 0xc6, 0xb2, 0xa5, 0xb2, 0x65, 0xaa, 0x64,
  0xaa, 0x44, 0xaa, 0x44, 0xaa, 0x64, 0xaa, 0x64, 0xaa, 0x64, 0xaa, 0x64,
  0xaa, 0x64, 0xaa, 0x64, 0xaa, 0x65, 0xb2, 0x43, 0xba, 0x42, 0xba, 0x63,
  0xc2, 0x83, 0xc2, 0xa4, 0xca, 0xc4, 0xca, 0xe5, 0xca, 0xe5, 0xdb, 0x46,
  0xfc, 0xac, 0xfc, 0x8b, 0xfc, 0x8b, 0xfc, 0x8b, 0xfc, 0xac, 0xfc, 0xac,
  0xfc, 0xac, 0xfc, 0xcc, 0xfd, 0x4e, 0xfd, 0x2e, 0xfd, 0x0d, 0xf4, 0xcc,
  0xf4, 0x8b, 0xec, 0x4a, 0xe4, 0x2a, 0xe4, 0x09, 0xdb, 0xe8, 0xdb, 0xe9,
  0xdc, 0x09, 0xe4, 0x29, 0xe4, 0x4a, 0xec, 0x6a, 0xec, 0x8b, 0xf4, 0x8b,
  0xec, 0xca, 0xdc, 0xe9, 0xe4, 0xe9, 0xe4, 0xe9, 0xe4, 0xe9, 0xe4, 0xe9,
  0xe4, 0xe9, 0xe4, 0xe9, 0xe5, 0x0a, 0xf5, 0x6b, 0xf5, 0x6c, 0xfd, 0xac,
  0xfd, 0xed, 0xfe, 0x0e, 0xfe, 0x4f, 0xfe, 0x6f, 0xfe, 0x90, 0xff, 0xf7,
  0xff, 0xf7, 0xff, 0xf8, 0xff, 0xf8, 0xff, 0xfa, 0xff, 0xfb, 0xff, 0xfc,
  0xff, 0xfd, 0xff, 0xfe, 0xff, 0xff, 0xff, 0xff, 0xff, 0xff, 0xff, 0xff,
  0xff, 0xff, 0xff, 0xff, 0xff, 0xff, 0xff, 0xff, 0xff, 0xff, 0xff, 0xff,
  0xff, 0xff, 0xff, 0xff, 0xff, 0xff, 0xff, 0xff, 0xff, 0xff, 0xff, 0xff,
  0xff, 0xff, 0xff, 0xff, 0xff, 0xff, 0xff, 0xff, 0xff, 0xff, 0x00, 0x00,
  0x00, 0x00, 0xcc, 0x68, 0xcc, 0x48, 0xb3, 0xa5, 0xb3, 0x85, 0xab, 0x65,
  0xab, 0x44, 0xa3, 0x24, 0xa3, 0x03, 0x9a, 0xe3, 0x9a, 0xe2, 0x8a, 0xa4,
  0x8a, 0xa5, 0x8a, 0xa5, 0x8a, 0xa5, 0x8a, 0xa5, 0x8a, 0xa5, 0x8a, 0xa5,
  0x8a, 0xa5, 0x8a, 0xc5, 0x92, 0xc6, 0x92, 0xc5, 0x92, 0xc5, 0x92, 0xc5,
  0x92, 0xc5, 0x92, 0xc5, 0x92, 0xc6, 0x8a, 0xa5, 0x82, 0x64, 0x82, 0x65,
  0x82, 0x65, 0x82, 0x65, 0x82, 0x65, 0x82, 0x65, 0x82, 0x65, 0x82, 0x65,
  0x92, 0xc6, 0x92, 0xc6, 0x92, 0xc6, 0x92, 0xc6, 0x92, 0xc6, 0x92, 0xc6,
  0x92, 0xc6, 0x92, 0xe6, 0x8a, 0x65, 0x8a, 0x45, 0x8a, 0x45, 0x8a, 0x45,
  0x8a, 0x25, 0x92, 0x25, 0x92, 0x25, 0x92, 0x25, 0x91, 0xe4, 0x91, 0xa4,
  0x99, 0xa4, 0x99, 0xa4, 0x99, 0xa4, 0x99, 0x84, 0xa1, 0x84, 0xa1, 0x84,
  0xa1, 0x84, 0xa1, 0x85, 0xa1, 0x85, 0xa1, 0x65, 0xa1, 0x65, 0xa1, 0x65,
  0xa1, 0x65, 0xa9, 0x45, 0xa9, 0x45, 0xa9, 0x04, 0xa9, 0x04, 0xb0, 0xe4,
  0xb0, 0xe4, 0xb0, 0xc4, 0xb0, 0xc4, 0xb0, 0xc4, 0xb0, 0xc4, 0xd0, 0x84,
  0xd0, 0x84, 0xd0, 0x84, 0xd0, 0x84, 0xd0, 0x84, 0xd0, 0x84, 0xd0, 0x84,
  0xd0, 0x84, 0xd8, 0xe5, 0xe1, 0x06, 0xe1, 0x06, 0xe9, 0x27, 0xf1, 0x67,
  0xf1, 0x88, 0xf1, 0x88, 0xf9, 0xc9, 0xf9, 0x88, 0xf9, 0x47, 0xf9, 0x47,
  0xf9, 0x67, 0xf9, 0x67, 0xf9, 0x87, 0xf9, 0x87, 0xf1, 0xc7, 0xf1, 0xc7,
  0xea, 0x28, 0xea, 0x48, 0xe2, 0x88, 0xe2, 0xa9, 0xe2, 0xe9, 0xe3, 0x0a,
  0xe3, 0x4a, 0xe3, 0x4b, 0xeb, 0xa9, 0xf3, 0xc9, 0xf3, 0xc9, 0xf3, 0xe9,
  0xfc, 0x2a, 0xfc, 0x4b, 0xfc, 0x4b, 0xfc, 0x6b, 0xfc, 0x8c, 0xfc, 0x8c,
  0xfc, 0x8c, 0xfc, 0x8c, 0xfc, 0x8c, 0xfc, 0x8c, 0xfc, 0x8c, 0xfc, 0x8c,
  0xfc, 0x8c, 0xfc, 0x8d, 0xfc, 0x8c, 0xfc, 0x8c, 0xfc, 0x8c, 0xfc, 0x8c,
  0xfc, 0x8c, 0xfc, 0x8d, 0xfc, 0x8c, 0xfc, 0x2b, 0xfc, 0x2b, 0xf3, 0xea,
  0xf3, 0xc9, 0xeb, 0x88, 0xe3, 0x48, 0xdb, 0x27, 0xdb, 0x07, 0xba, 0xc6,
  0xba, 0xa6, 0xb2, 0xa5, 0xb2, 0x85, 0xaa, 0x64, 0xaa, 0x24, 0xaa, 0x24,
  0xa2, 0x03, 0xaa, 0x24, 0xaa, 0x44, 0xaa, 0x44, 0xaa, 0x44, 0xaa, 0x44,
  0xaa, 0x44, 0xaa, 0x44, 0xaa, 0x44, 0xb2, 0x43, 0xba, 0x42, 0xba, 0x63,
  0xc2, 0x83, 0xca, 0xc4, 0xd3, 0x05, 0xdb, 0x46, 0xdb, 0x46, 0xe3, 0xa8,
  0xfc, 0xac, 0xfc, 0x8b, 0xfc, 0x8b, 0xfc, 0x8b, 0xfc, 0x8b, 0xfc, 0x8b,
  0xfc, 0x8b, 0xfc, 0x8b, 0xe4, 0x2a, 0xe4, 0x2a, 0xe4, 0x2a, 0xe4, 0x2a,
  0xe4, 0x29, 0xe4, 0x29, 0xe4, 0x29, 0xe4, 0x2a, 0xdb, 0xe8, 0xdb, 0xe8,
  0xdb, 0xe9, 0xe4, 0x09, 0xe4, 0x2a, 0xec, 0x6a, 0xec, 0x8b, 0xf4, 0x6b,
  0xec, 0xeb, 0xed, 0x4a, 0xed, 0x2b, 0xed, 0x2b, 0xed, 0x2b, 0xed, 0x2b,
  0xed, 0x2b, 0xed, 0x2a, 0xed, 0x4b, 0xfd, 0xad, 0xfd, 0xcd, 0xfe, 0x0e,
  0xfe, 0x4f, 0xfe, 0xb0, 0xfe, 0xf2, 0xff, 0x32, 0xff, 0x53, 0xff, 0xfa,
  0xff, 0xfa, 0xff, 0xfb, 0xff, 0xfb, 0xff, 0xfc, 0xff, 0xfc, 0xff, 0xfe,
  0xff, 0xfe, 0xff, 0xff, 0xff, 0xff, 0xff, 0xff, 0xff, 0xff, 0xff, 0xff,
  0xff, 0xff, 0xff, 0xff, 0xff, 0xff, 0xff, 0xff, 0xff, 0xff, 0xff, 0xff,
  0xff, 0xff, 0xff, 0xff, 0xff, 0xff, 0xff, 0xff, 0xff, 0xff, 0xff, 0xff,
  0xff, 0xff, 0xff, 0xff, 0xff, 0xff, 0xff, 0xff, 0xff, 0xff, 0x00, 0x00,
  0x00, 0x00, 0xcc, 0x68, 0xcc, 0x48, 0xb3, 0xa5, 0xb3, 0x85, 0xab, 0x65,
  0xab, 0x44, 0xa3, 0x24, 0xa3, 0x03, 0x9a, 0xe3, 0x9a, 0xe2, 0x8a, 0xa4,
  0x8a, 0xa5, 0x8a, 0xa5, 0x8a, 0xa5, 0x8a, 0xa5, 0x8a, 0xa5, 0x8a, 0xa5,
  0x8a, 0xa5, 0x8a, 0xc5, 0x92, 0xc6, 0x92, 0xc5, 0x92, 0xc5, 0x92, 0xc5,
  0x92, 0xc5, 0x92, 0xc5, 0x92, 0xc6, 0x8a, 0xa5, 0x82, 0x64, 0x82, 0x65,
  0x82, 0x65, 0x82, 0x65, 0x82, 0x65, 0x82, 0x65, 0x82, 0x65, 0x82, 0x65,
  0x92, 0xc6, 0x92, 0xc6, 0x92, 0xc6, 0x92, 0xc6, 0x92, 0xc6, 0x92, 0xc6,
  0x92, 0xc6, 0x92, 0xe6, 0x8a, 0x65, 0x8a, 0x45, 0x8a, 0x45, 0x8a, 0x45,
  0x8a, 0x25, 0x92, 0x25, 0x92, 0x25, 0x92, 0x25, 0x91, 0xe4, 0x91, 0xa4,
  0x99, 0xa4, 0x99, 0xa4, 0x99, 0xa4, 0x99, 0x84, 0x99, 0x84, 0xa1, 0x84,
  0xa1, 0x84, 0x99, 0x85, 0x99, 0x85, 0xa1, 0x65, 0xa1, 0x65, 0xa1, 0x65,
  0xa1, 0x65, 0xa9, 0x45, 0xa9, 0x45, 0xa9, 0x04, 0xa9, 0x04, 0xb0, 0xc4,
  0xb0, 0xc4, 0xb0, 0xc4, 0xb0, 0xc4, 0xb0, 0xc4, 0xb0, 0xc4, 0xd0, 0x84,
  0xd0, 0x84, 0xd0, 0x84, 0xd0, 0x84, 0xd0, 0x84, 0xd0, 0x84, 0xd0, 0x84,
  0xd0, 0x84, 0xd8, 0xc5, 0xe1, 0x06, 0xe1, 0x06, 0xe9, 0x27, 0xe9, 0x47,
  0xf1, 0x68, 0xf1, 0x88, 0xf9, 0xa9, 0xf9, 0x88, 0xf9, 0x27, 0xf9, 0x47,
  0xf9, 0x67, 0xf9, 0x67, 0xf9, 0x87, 0xf9, 0x87, 0xf1, 0xc7, 0xf1, 0xc7,
  0xea, 0x28, 0xea, 0x48, 0xe2, 0x88, 0xe2, 0xa9, 0xe2, 0xe9, 0xe3, 0x0a,
  0xe3, 0x4a, 0xe3, 0x4b, 0xeb, 0xa9, 0xf3, 0xc8, 0xf3, 0xc9, 0xf3, 0xe9,
  0xfc, 0x0a, 0xfc, 0x2a, 0xfc, 0x4b, 0xfc, 0x6b, 0xfc, 0x6b, 0xfc, 0x8c,
  0xfc, 0x8c, 0xfc, 0x8c, 0xfc, 0x8c, 0xfc, 0x8c, 0xfc, 0x8c, 0xfc, 0x8b,
  0xfc, 0x8c, 0xfc, 0x8d, 0xfc, 0x8c, 0xfc, 0x8c, 0xfc, 0x8c, 0xfc, 0x8c,
  0xfc, 0x8c, 0xfc, 0x8d, 0xfc, 0x8c, 0xfc, 0x2b, 0xfc, 0x2b, 0xf3, 0xea,
  0xf3, 0xc9, 0xeb, 0x88, 0xe3, 0x47, 0xdb, 0x27, 0xdb, 0x06, 0xba, 0xc6,
  0xba, 0xa6, 0xb2, 0xa5, 0xb2, 0x85, 0xaa, 0x64, 0xaa, 0x24, 0xaa, 0x24,
  0xa2, 0x03, 0xaa, 0x24, 0xaa, 0x44, 0xaa, 0x44, 0xaa, 0x44, 0xaa, 0x44,
  0xaa, 0x44, 0xaa, 0x44, 0xaa, 0x44, 0xb2, 0x43, 0xba, 0x42, 0xba, 0x63,
  0xc2, 0x83, 0xca, 0xc4, 0xd3, 0x05, 0xdb, 0x46, 0xdb, 0x46, 0xe3, 0xa8,
  0xfc, 0xac, 0xfc, 0x8b, 0xfc, 0x8b, 0xfc, 0x8b, 0xfc, 0x8b, 0xfc, 0x8b,
  0xfc, 0x8b, 0xfc, 0x8b, 0xe4, 0x29, 0xe4, 0x29, 0xe4, 0x29, 0xe4, 0x29,
  0xe4, 0x29, 0xe4, 0x29, 0xe4, 0x29, 0xe4, 0x2a, 0xdc, 0x09, 0xdb, 0xe9,
  0xdc, 0x09, 0xe4, 0x29, 0xec, 0x4a, 0xec, 0x6b, 0xec, 0x8b, 0xf4, 0x8b,
  0xec, 0xeb, 0xed, 0x4a, 0xed, 0x2b, 0xed, 0x2b, 0xed, 0x2b, 0xed, 0x2b,
  0xed, 0x2b, 0xed, 0x2a, 0xed, 0x4b, 0xfd, 0xad, 0xfd, 0xcd, 0xfe, 0x0e,
  0xfe, 0x4f, 0xfe, 0xb0, 0xff, 0x12, 0xff, 0x33, 0xff, 0x53, 0xff, 0xfa,
  0xff, 0xfa, 0xff, 0xfb, 0xff, 0xfb, 0xff, 0xfc, 0xff, 0xfc, 0xff, 0xfe,
  0xff, 0xfe, 0xff, 0xff, 0xff, 0xff, 0xff, 0xff, 0xff, 0xff, 0xff, 0xff,
  0xff, 0xff, 0xff, 0xff, 0xff, 0xff, 0xff, 0xff, 0xff, 0xff, 0xff, 0xff,
  0xff, 0xff, 0xff, 0xff, 0xff, 0xff, 0xff, 0xff, 0xff, 0xff, 0xff, 0xff,
  0xff, 0xff, 0xff, 0xff, 0xff, 0xff, 0xff, 0xff, 0xff, 0xff, 0x00, 0x00,
  0x00, 0x00, 0xcc, 0x68, 0xcc, 0x48, 0xb3, 0xa5, 0xb3, 0x85, 0xab, 0x65,
  0xab, 0x44, 0xa3, 0x24, 0xa3, 0x03, 0x9a, 0xe3, 0x9a, 0xe2, 0x8a, 0xa4,
  0x8a, 0xa5, 0x8a, 0xa5, 0x8a, 0xa5, 0x8a, 0xa5, 0x8a, 0xa5, 0x8a, 0xa5,
  0x8a, 0xa5, 0x8a, 0xc5, 0x92, 0xc6, 0x92, 0xc5, 0x92, 0xc5, 0x92, 0xc5,
  0x92, 0xc5, 0x92, 0xc5, 0x92, 0xc6, 0x8a, 0xa5, 0x82, 0x64, 0x82, 0x65,
  0x82, 0x65, 0x82, 0x65, 0x82, 0x65, 0x82, 0x65, 0x82, 0x65, 0x82, 0x65,
  0x92, 0xc6, 0x92, 0xc6, 0x92, 0xc6, 0x92, 0xc6, 0x92, 0xc6, 0x92, 0xc6,
  0x92, 0xc6, 0x92, 0xe6, 0x82, 0x65, 0x82, 0x65, 0x82, 0x65, 0x82, 0x65,
  0x8a, 0x45, 0x8a, 0x45, 0x8a, 0x25, 0x92, 0x45, 0x8a, 0x04, 0x89, 0xc4,
  0x91, 0xc4, 0x91, 0xc4, 0x91, 0xa4, 0x99, 0xa4, 0x99, 0xa4, 0x99, 0xa4,
  0x99, 0xa4, 0x89, 0xa5, 0x91, 0xa5, 0x91, 0xa5, 0x91, 0xa5, 0x99, 0xa5,
  0x99, 0xa5, 0x99, 0x85, 0x99, 0x65, 0x99, 0x24, 0x99, 0x24, 0xa1, 0x04,
  0xa1, 0x04, 0xa1, 0x04, 0xa1, 0x04, 0xa9, 0x04, 0xa9, 0x04, 0xc0, 0xe4,
  0xc0, 0xc4, 0xc0, 0xc4, 0xc0, 0xc4, 0xc0, 0xc4, 0xc0, 0xc4, 0xc0, 0xc4,
  0xc0, 0xc4, 0xc9, 0x05, 0xc9, 0x25, 0xd1, 0x46, 0xd1, 0x66, 0xd9, 0x87,
  0xd9, 0xa7, 0xe1, 0xc8, 0xe1, 0xc8, 0xe9, 0xc8, 0xf1, 0xc7, 0xf1, 0xc7,
  0xe9, 0xc7, 0xe9, 0xe7, 0xe9, 0xe7, 0xe9, 0xe7, 0xe2, 0x07, 0xe2, 0x07,
  0xda, 0x68, 0xda, 0x88, 0xd2, 0xa8, 0xda, 0xc9, 0xdb, 0x09, 0xdb, 0x2a,
  0xdb, 0x6a, 0xdb, 0x6b, 0xeb, 0xa9, 0xf3, 0xc8, 0xf3, 0xc9, 0xf3, 0xe9,
  0xfc, 0x0a, 0xfc, 0x2a, 0xfc, 0x4b, 0xfc, 0x6b, 0xfc, 0x6b, 0xfc, 0x8c,
  0xfc, 0x8c, 0xfc, 0x8c, 0xfc, 0x8c, 0xfc, 0x8c, 0xfc, 0x8c, 0xfc, 0x8b,
  0xfc, 0x8c, 0xfc, 0x8d, 0xfc, 0x8c, 0xfc, 0x8c, 0xfc, 0x8c, 0xfc, 0x8c,
  0xfc, 0x8c, 0xfc, 0x8d, 0xfc, 0x8c, 0xfc, 0x2b, 0xfc, 0x2b, 0xf3, 0xea,
  0xf3, 0xc9, 0xeb, 0x88, 0xe3, 0x47, 0xdb, 0x27, 0xdb, 0x06, 0xba, 0xc6,
  0xba, 0xa6, 0xb2, 0xa5, 0xb2, 0x85, 0xaa, 0x64, 0xaa, 0x24, 0xaa, 0x24,
  0xa2, 0x03, 0xaa, 0x24, 0xaa, 0x44, 0xaa, 0x44, 0xaa, 0x44, 0xaa, 0x44,
  0xaa, 0x44, 0xaa, 0x44, 0xaa, 0x44, 0xb2, 0x43, 0xba, 0x42, 0xba, 0x63,
  0xc2, 0x83, 0xca, 0xc4, 0xd3, 0x05, 0xdb, 0x46, 0xdb, 0x46, 0xe3, 0xa8,
  0xfc, 0xac, 0xfc, 0x8b, 0xfc, 0x8b, 0xfc, 0x8b, 0xfc, 0x8b, 0xfc, 0x8b,
  0xfc, 0x8b, 0xfc, 0x8b, 0xe4, 0x29, 0xe4, 0x29, 0xe4, 0x29, 0xe4, 0x29,
  0xe4, 0x29, 0xe4, 0x29, 0xe4, 0x29, 0xe4, 0x29, 0xe4, 0x09, 0xdc, 0x09,
  0xe4, 0x29, 0xe4, 0x4a, 0xec, 0x6a, 0xec, 0x8b, 0xf4, 0xab, 0xf4, 0xac,
  0xf4, 0xeb, 0xed, 0x4a, 0xed, 0x2b, 0xed, 0x2b, 0xed, 0x2b, 0xed, 0x2b,
  0xed, 0x2b, 0xed, 0x2a, 0xed, 0x4b, 0xfd, 0xad, 0xfd, 0xcd, 0xfe, 0x0e,
  0xfe, 0x4f, 0xfe, 0xb0, 0xff, 0x12, 0xff, 0x32, 0xff, 0x53, 0xff, 0xfb,
  0xff, 0xfb, 0xff, 0xfc, 0xff, 0xfc, 0xff, 0xfd, 0xff, 0xfd, 0xff, 0xfe,
  0xff, 0xff, 0xff, 0xff, 0xff, 0xff, 0xff, 0xff, 0xff, 0xff, 0xff, 0xff,
  0xff, 0xff, 0xff, 0xff, 0xff, 0xff, 0xff, 0xff, 0xff, 0xff, 0xff, 0xff,
  0xff, 0xff, 0xff, 0xff, 0xff, 0xff, 0xff, 0xff, 0xff, 0xff, 0xff, 0xff,
  0xff, 0xff, 0xff, 0xff, 0xff, 0xff, 0xff, 0xff, 0xff, 0xff, 0x00, 0x00,
  0x00, 0x00, 0xcc, 0x68, 0xcc, 0x48, 0xb3, 0xa5, 0xb3, 0x85, 0xab, 0x65,
  0xab, 0x44, 0xa3, 0x24, 0xa3, 0x03, 0x9a, 0xe3, 0x9a, 0xe2, 0x8a, 0xa4,
  0x8a, 0xa5, 0x8a, 0xa5, 0x8a, 0xa5, 0x8a, 0xa5, 0x8a, 0xa5, 0x8a, 0xa5,
  0x8a, 0xa5, 0x8a, 0xc5, 0x92, 0xc6, 0x92, 0xc5, 0x92, 0xc5, 0x92, 0xc5,
  0x92, 0xc5, 0x92, 0xc5, 0x92, 0xc6, 0x8a, 0xa5, 0x82, 0x64, 0x82, 0x65,
  0x82, 0x65, 0x82, 0x65, 0x82, 0x65, 0x82, 0x65, 0x82, 0x65, 0x82, 0x65,
  0x92, 0xc6, 0x92, 0xc6, 0x92, 0xc6, 0x92, 0xc6, 0x92, 0xc6, 0x92, 0xc6,
  0x92, 0xc6, 0x92, 0xe6, 0x82, 0x65, 0x82, 0x65, 0x82, 0x65, 0x82, 0x65,
  0x8a, 0x45, 0x8a, 0x45, 0x8a, 0x25, 0x92, 0x45, 0x8a, 0x04, 0x89, 0xc4,
  0x91, 0xc4, 0x91, 0xc4, 0x91, 0xa4, 0x99, 0xa4, 0x99, 0xa4, 0x99, 0xa4,
  0x99, 0xa4, 0x89, 0xa5, 0x91, 0xa5, 0x91, 0xa5, 0x91, 0xa5, 0x91, 0xa5,
  0x99, 0xa5, 0x99, 0x85, 0x99, 0x65, 0x99, 0x24, 0x99, 0x24, 0xa1, 0x04,
  0xa1, 0x04, 0xa1, 0x04, 0xa1, 0x04, 0xa9, 0x04, 0xa1, 0x04, 0xc0, 0xe4,
  0xc0, 0xc4, 0xc0, 0xc4, 0xc0, 0xc4, 0xc0, 0xc4, 0xc0, 0xc4, 0xc0, 0xc4,
  0xc0, 0xc4, 0xc8, 0xe5, 0xc9, 0x05, 0xc9, 0x25, 0xd1, 0x26, 0xd1, 0x66,
  0xd9, 0x87, 0xd9, 0xa7, 0xd9, 0xa8, 0xe9, 0xc8, 0xf9, 0xc7, 0xf1, 0xc7,
  0xf1, 0xc7, 0xe9, 0xe7, 0xe9, 0xe7, 0xe9, 0xe7, 0xe2, 0x07, 0xe2, 0x07,
  0xda, 0x68, 0xda, 0x88, 0xd2, 0xa8, 0xda, 0xc9, 0xdb, 0x09, 0xdb, 0x2a,
  0xdb, 0x6a, 0xdb, 0x6b, 0xeb, 0xa9, 0xf3, 0xc8, 0xf3, 0xc9, 0xf3, 0xe9,
  0xfc, 0x0a, 0xfc, 0x2a, 0xfc, 0x4b, 0xfc, 0x6b, 0xfc, 0x6b, 0xfc, 0x8c,
  0xfc, 0x8c, 0xfc, 0x8c, 0xfc, 0x8c, 0xfc, 0x8c, 0xfc, 0x8c, 0xfc, 0x8b,
  0xfc, 0x8c, 0xfc, 0x8d, 0xfc, 0x8c, 0xfc, 0x8c, 0xfc, 0x8c, 0xfc, 0x8c,
  0xfc, 0x8c, 0xfc, 0x8d, 0xfc, 0x8c, 0xfc, 0x2b, 0xfc, 0x2b, 0xf3, 0xea,
  0xf3, 0xc9, 0xeb, 0x88, 0xe3, 0x47, 0xdb, 0x27, 0xdb, 0x06, 0xba, 0xc6,
  0xba, 0xa6, 0xb2, 0xa5, 0xb2, 0x85, 0xaa, 0x64, 0xaa, 0x24, 0xaa, 0x24,
  0xa2, 0x03, 0xaa, 0x24, 0xaa, 0x44, 0xaa, 0x44, 0xaa, 0x44, 0xaa, 0x44,
  0xaa, 0x44, 0xaa, 0x44, 0xaa, 0x44, 0xb2, 0x43, 0xba, 0x42, 0xba, 0x63,
  0xc2, 0x83, 0xca, 0xc4, 0xd3, 0x05, 0xdb, 0x46, 0xdb, 0x46, 0xe3, 0xa8,
  0xfc, 0xac, 0xfc, 0x8b, 0xfc, 0x8b, 0xfc, 0x8b, 0xfc, 0x8b, 0xfc, 0x8b,
  0xfc, 0x8b, 0xfc, 0x8b, 0xe4, 0x29, 0xe4, 0x29, 0xe4, 0x29, 0xe4, 0x29,
  0xe4, 0x29, 0xe4, 0x29, 0xe4, 0x29, 0xe4, 0x29, 0xe4, 0x29, 0xe4, 0x29,
  0xe4, 0x4a, 0xec, 0x4a, 0xec, 0x8b, 0xf4, 0xab, 0xf4, 0xac, 0xfc, 0xcc,
  0xf5, 0x0b, 0xed, 0x4a, 0xed, 0x2b, 0xed, 0x2b, 0xed, 0x2b, 0xed, 0x2b,
  0xed, 0x2b, 0xed, 0x2a, 0xed, 0x4b, 0xfd, 0xad, 0xfd, 0xcd, 0xfe, 0x0e,
  0xfe, 0x4f, 0xfe, 0xb0, 0xff, 0x12, 0xff, 0x32, 0xff, 0x53, 0xff, 0xfb,
  0xff, 0xfb, 0xff, 0xfc, 0xff, 0xfc, 0xff, 0xfd, 0xff, 0xfd, 0xff, 0xfe,
  0xff, 0xff, 0xff, 0xff, 0xff, 0xff, 0xff, 0xff, 0xff, 0xff, 0xff, 0xff,
  0xff, 0xff, 0xff, 0xff, 0xff, 0xff, 0xff, 0xff, 0xff, 0xff, 0xff, 0xff,
  0xff, 0xff, 0xff, 0xff, 0xff, 0xff, 0xff, 0xff, 0xff, 0xff, 0xff, 0xff,
  0xff, 0xff, 0xff, 0xff, 0xff, 0xff, 0xff, 0xff, 0xff, 0xff, 0x00, 0x00,
  0x00, 0x00, 0xcc, 0x68, 0xcc, 0x48, 0xb3, 0xa5, 0xb3, 0x85, 0xab, 0x65,
  0xab, 0x44, 0xa3, 0x24, 0xa3, 0x03, 0x9a, 0xe3, 0x9a, 0xe2, 0x8a, 0xa4,
  0x8a, 0xa5, 0x8a, 0xa5, 0x8a, 0xa5, 0x8a, 0xa5, 0x8a, 0xa5, 0x8a, 0xa5,
  0x8a, 0xa5, 0x8a, 0xc5, 0x92, 0xc6, 0x92, 0xc5, 0x92, 0xc5, 0x92, 0xc5,
  0x92, 0xc5, 0x92, 0xc5, 0x92, 0xc6, 0x8a, 0xa5, 0x82, 0x64, 0x82, 0x65,
  0x82, 0x65, 0x82, 0x65, 0x82, 0x65, 0x82, 0x65, 0x82, 0x65, 0x82, 0x65,
  0x92, 0xc6, 0x92, 0xc6, 0x92, 0xc6, 0x92, 0xc6, 0x92, 0xc6, 0x92, 0xc6,
  0x92, 0xc6, 0x92, 0xe6, 0x82, 0x85, 0x82, 0x65, 0x82, 0x65, 0x82, 0x65,
  0x82, 0x65, 0x82, 0x65, 0x8a, 0x45, 0x8a, 0x45, 0x8a, 0x04, 0x89, 0xe4,
  0x89, 0xe4, 0x91, 0xc4, 0x91, 0xc4, 0x91, 0xc4, 0x91, 0xc4, 0x99, 0xc4,
  0x91, 0xc4, 0x81, 0xe5, 0x89, 0xc5, 0x89, 0xc5, 0x89, 0xc5, 0x89, 0xc5,
  0x89, 0xc5, 0x91, 0xa5, 0x91, 0xa5, 0x91, 0x44, 0x91, 0x44, 0x99, 0x44,
  0x99, 0x44, 0x99, 0x24, 0x99, 0x24, 0x99, 0x24, 0x99, 0x24, 0xa9, 0x24,
  0xb1, 0x24, 0xb1, 0x24, 0xb1, 0x24, 0xb1, 0x24, 0xb1, 0x24, 0xb1, 0x24,
  0xb1, 0x24, 0xb1, 0x24, 0xb1, 0x44, 0xb1, 0x45, 0xb9, 0x65, 0xb9, 0x86,
  0xc1, 0xa6, 0xc1, 0xc7, 0xc1, 0xc7, 0xca, 0x07, 0xd2, 0x47, 0xd2, 0x47,
  0xd2, 0x47, 0xd2, 0x47, 0xca, 0x67, 0xca, 0x67, 0xca, 0x67, 0xca, 0x67,
  0xca, 0xa8, 0xca, 0xa8, 0xca, 0xc8, 0xd2, 0xe9, 0xd3, 0x29, 0xdb, 0x4a,
  0xdb, 0x6a, 0xdb, 0x8b, 0xeb, 0xa9, 0xf3, 0xc8, 0xf3, 0xc9, 0xf3, 0xe9,
  0xfc, 0x0a, 0xfc, 0x2a, 0xfc, 0x4b, 0xfc, 0x6b, 0xfc, 0x6b, 0xfc, 0x8c,
  0xfc, 0x8c, 0xfc, 0x8c, 0xfc, 0x8c, 0xfc, 0x8c, 0xfc, 0x8c, 0xfc, 0x8b,
  0xfc, 0x8c, 0xfc, 0x8d, 0xfc, 0x8c, 0xfc, 0x8c, 0xfc, 0x8c, 0xfc, 0x8c,
  0xfc, 0x8c, 0xfc, 0x8d, 0xfc, 0x8c, 0xfc, 0x2b, 0xfc, 0x2b, 0xf3, 0xea,
  0xf3, 0xc9, 0xeb, 0x88, 0xe3, 0x47, 0xdb, 0x27, 0xdb, 0x06, 0xba, 0xc6,
  0xba, 0xa6, 0xb2, 0xa5, 0xb2, 0x85, 0xaa, 0x64, 0xaa, 0x24, 0xaa, 0x24,
  0xa2, 0x03, 0xaa, 0x24, 0xaa, 0x44, 0xaa, 0x44, 0xaa, 0x44, 0xaa, 0x44,
  0xaa, 0x44, 0xaa, 0x44, 0xaa, 0x44, 0xb2, 0x43, 0xba, 0x42, 0xba, 0x63,
  0xc2, 0x83, 0xca, 0xc4, 0xd3, 0x05, 0xdb, 0x46, 0xdb, 0x46, 0xe3, 0xa8,
  0xfc, 0xac, 0xfc, 0x8b, 0xfc, 0x8b, 0xfc, 0x8b, 0xfc, 0x8b, 0xfc, 0x8b,
  0xfc, 0x8b, 0xfc, 0x8b, 0xe4, 0x29, 0xe4, 0x29, 0xe4, 0x29, 0xe4, 0x29,
  0xe4, 0x29, 0xe4, 0x29, 0xe4, 0x29, 0xe4, 0x29, 0xe4, 0x2a, 0xec, 0x4a,
  0xec, 0x6a, 0xec, 0x8b, 0xf4, 0xab, 0xf4, 0xcc, 0xfc, 0xec, 0xfc, 0xed,
  0xf5, 0x2c, 0xed, 0x4a, 0xed, 0x2b, 0xed, 0x2b, 0xed, 0x2b, 0xed, 0x2b,
  0xed, 0x2b, 0xed, 0x2a, 0xed, 0x4b, 0xfd, 0xad, 0xfd, 0xcd, 0xfe, 0x0e,
  0xfe, 0x4f, 0xfe, 0xb0, 0xff, 0x12, 0xff, 0x32, 0xff, 0x53, 0xff, 0xfc,
  0xff, 0xfc, 0xff, 0xfd, 0xff, 0xfd, 0xff, 0xfe, 0xff, 0xfe, 0xff, 0xff,
  0xff, 0xff, 0xff, 0xff, 0xff, 0xff, 0xff, 0xff, 0xff, 0xff, 0xff, 0xff,
  0xff, 0xff, 0xff, 0xff, 0xff, 0xff, 0xff, 0xff, 0xff, 0xff, 0xff, 0xff,
  0xff, 0xff, 0xff, 0xff, 0xff, 0xff, 0xff, 0xff, 0xff, 0xff, 0xff, 0xff,
  0xff, 0xff, 0xff, 0xff, 0xff, 0xff, 0xff, 0xff, 0xff, 0xff, 0x00, 0x00,
  0x00, 0x00, 0xcc, 0x68, 0xcc, 0x48, 0xb3, 0xa5, 0xb3, 0x85, 0xab, 0x65,
  0xab, 0x44, 0xa3, 0x24, 0xa3, 0x03, 0x9a, 0xe3, 0x9a, 0xe2, 0x8a, 0xa4,
  0x8a, 0xa5, 0x8a, 0xa5, 0x8a, 0xa5, 0x8a, 0xa5, 0x8a, 0xa5, 0x8a, 0xa5,
  0x8a, 0xa5, 0x8a, 0xc5, 0x92, 0xc6, 0x92, 0xc5, 0x92, 0xc5, 0x92, 0xc5,
  0x92, 0xc5, 0x92, 0xc5, 0x92, 0xc6, 0x8a, 0xa5, 0x82, 0x64, 0x82, 0x65,
  0x82, 0x65, 0x82, 0x65, 0x82, 0x65, 0x82, 0x65, 0x82, 0x65, 0x82, 0x65,
  0x92, 0xc6, 0x92, 0xc6, 0x92, 0xc6, 0x92, 0xc6, 0x92, 0xc6, 0x92, 0xc6,
  0x92, 0xc6, 0x92, 0xe6, 0x82, 0x85, 0x7a, 0x65, 0x82, 0x65, 0x82, 0x65,
  0x82, 0x65, 0x82, 0x65, 0x8a, 0x45, 0x8a, 0x45, 0x8a, 0x04, 0x89, 0xe4,
  0x89, 0xe4, 0x91, 0xc4, 0x91, 0xc4, 0x91, 0xc4, 0x91, 0xc4, 0x91, 0xc4,
  0x91, 0xc4, 0x81, 0xe5, 0x89, 0xe5, 0x89, 0xc5, 0x89, 0xc5, 0x89, 0xc5,
  0x89, 0xc5, 0x91, 0xa5, 0x91, 0xa5, 0x91, 0x64, 0x91, 0x64, 0x99, 0x44,
  0x99, 0x44, 0x99, 0x24, 0x99, 0x24, 0x99, 0x24, 0x99, 0x24, 0xa9, 0x24,
  0xa9, 0x24, 0xa9, 0x24, 0xa9, 0x24, 0xa9, 0x24, 0xa9, 0x24, 0xa9, 0x24,
  0xa9, 0x24, 0xa9, 0x24, 0xa9, 0x24, 0xb1, 0x44, 0xb1, 0x45, 0xb1, 0x65,
  0xb9, 0x86, 0xc1, 0xc6, 0xc1, 0xc6, 0xc2, 0x07, 0xd2, 0x67, 0xca, 0x67,
  0xca, 0x67, 0xca, 0x67, 0xca, 0x67, 0xca, 0x67, 0xca, 0x87, 0xca, 0x87,
  0xca, 0xa8, 0xca, 0xc8, 0xca, 0xc8, 0xd3, 0x09, 0xd3, 0x29, 0xd3, 0x4a,
  0xdb, 0x6a, 0xdb, 0x8b, 0xeb, 0xa9, 0xf3, 0xc8, 0xf3, 0xc9, 0xf3, 0xe9,
  0xfc, 0x0a, 0xfc, 0x2a, 0xfc, 0x4b, 0xfc, 0x6b, 0xfc, 0x6b, 0xfc, 0x8c,
  0xfc, 0x8c, 0xfc, 0x8c, 0xfc, 0x8c, 0xfc, 0x8c, 0xfc, 0x8c, 0xfc, 0x8b,
  0xfc, 0x8c, 0xfc, 0x8d, 0xfc, 0x8c, 0xfc, 0x8c, 0xfc, 0x8c, 0xfc, 0x8c,
  0xfc, 0x8c, 0xfc, 0x8d, 0xfc, 0x8c, 0xfc, 0x2b, 0xfc, 0x2b, 0xf3, 0xea,
  0xf3, 0xc9, 0xeb, 0x88, 0xe3, 0x47, 0xdb, 0x27, 0xdb, 0x06, 0xba, 0xc6,
  0xba, 0xa6, 0xb2, 0xa5, 0xb2, 0x85, 0xaa, 0x64, 0xaa, 0x24, 0xaa, 0x24,
  0xa2, 0x03, 0xaa, 0x24, 0xaa, 0x44, 0xaa, 0x44, 0xaa, 0x44, 0xaa, 0x44,
  0xaa, 0x44, 0xaa, 0x44, 0xaa, 0x44, 0xb2, 0x43, 0xba, 0x42, 0xba, 0x63,
  0xc2, 0x83, 0xca, 0xc4, 0xd3, 0x05, 0xdb, 0x46, 0xdb, 0x46, 0xe3, 0xa8,
  0xfc, 0xac, 0xfc, 0x8b, 0xfc, 0x8b, 0xfc, 0x8b, 0xfc, 0x8b, 0xfc, 0x8b,
  0xfc, 0x8b, 0xfc, 0x8b, 0xe4, 0x29, 0xe4, 0x29, 0xe4, 0x29, 0xe4, 0x29,
  0xe4, 0x29, 0xe4, 0x29, 0xe4, 0x29, 0xe4, 0x29, 0xec, 0x6a, 0xec, 0x6b,
  0xec, 0x8b, 0xf4, 0xab, 0xf4, 0xcc, 0xfc, 0xec, 0xfd, 0x0d, 0xfd, 0x0d,
  0xf5, 0x2c, 0xed, 0x2a, 0xed, 0x2b, 0xed, 0x2b, 0xed, 0x2b, 0xed, 0x2b,
  0xed, 0x2b, 0xed, 0x2a, 0xed, 0x4b, 0xfd, 0xad, 0xfd, 0xcd, 0xfe, 0x0e,
  0xfe, 0x4f, 0xfe, 0xb0, 0xff, 0x12, 0xff, 0x32, 0xff, 0x53, 0xff, 0xfc,
  0xff, 0xfc, 0xff, 0xfd, 0xff, 0xfd, 0xff, 0xfe, 0xff, 0xfe, 0xff, 0xff,
  0xff, 0xff, 0xff, 0xff, 0xff, 0xff, 0xff, 0xff, 0xff, 0xff, 0xff, 0xff,
  0xff, 0xff, 0xff, 0xff, 0xff, 0xff, 0xff, 0xff, 0xff, 0xff, 0xff, 0xff,
  0xff, 0xff, 0xff, 0xff, 0xff, 0xff, 0xff, 0xff, 0xff, 0xff, 0xff, 0xff,
  0xff, 0xff, 0xff, 0xff, 0xff, 0xff, 0xff, 0xff, 0xff, 0xff, 0x00, 0x00,
  0x00, 0x00, 0xcc, 0x68, 0xcc, 0x48, 0xb3, 0xa5, 0xb3, 0x85, 0xab, 0x65,
  0xab, 0x44, 0xa3, 0x24, 0xa3, 0x03, 0x9a, 0xe3, 0x9a, 0xe2, 0x8a, 0xa4,
  0x8a, 0xa5, 0x8a, 0xa5, 0x8a, 0xa5, 0x8a, 0xa5, 0x8a, 0xa5, 0x8a, 0xa5,
  0x8a, 0xa5, 0x8a, 0xc5, 0x92, 0xc6, 0x92, 0xc5, 0x92, 0xc5, 0x92, 0xc5,
  0x92, 0xc5, 0x92, 0xc5, 0x92, 0xc6, 0x8a, 0xa5, 0x82, 0x65, 0x82, 0x65,
  0x82, 0x65, 0x82, 0x65, 0x82, 0x65, 0x82, 0x65, 0x82, 0x65, 0x82, 0x65,
  0x92, 0xe6, 0x92, 0xe6, 0x92, 0xe6, 0x92, 0xe6, 0x92, 0xe6, 0x92, 0xe6,
  0x92, 0xc6, 0x92, 0xe6, 0x82, 0x85, 0x7a, 0x85, 0x82, 0x65, 0x82, 0x65,
  0x82, 0x65, 0x82, 0x65, 0x8a, 0x45, 0x8a, 0x45, 0x8a, 0x24, 0x89, 0xe4,
  0x89, 0xe4, 0x89, 0xe4, 0x89, 0xc4, 0x91, 0xc4, 0x91, 0xc4, 0x91, 0xc4,
  0x89, 0xc4, 0x7a, 0x05, 0x81, 0xe5, 0x81, 0xe5, 0x81, 0xe5, 0x89, 0xe5,
  0x89, 0xe5, 0x89, 0xc5, 0x89, 0xc5, 0x89, 0x64, 0x89, 0x64, 0x91, 0x44,
  0x91, 0x44, 0x91, 0x44, 0x91, 0x44, 0x99, 0x24, 0x99, 0x24, 0xa1, 0x44,
  0xa1, 0x44, 0xa1, 0x44, 0xa1, 0x44, 0xa1, 0x44, 0xa1, 0x44, 0xa1, 0x44,
  0xa1, 0x44, 0x99, 0x24, 0x99, 0x23, 0xa1, 0x44, 0xa1, 0x64, 0xa9, 0x85,
  0xa9, 0xa5, 0xb1, 0xc6, 0xb1, 0xc6, 0xb2, 0x26, 0xba, 0xc7, 0xba, 0xa7,
  0xba, 0xa7, 0xba, 0xa7, 0xba, 0xa7, 0xba, 0xa7, 0xba, 0xa7, 0xba, 0xa7,
  0xc2, 0xc8, 0xc2, 0xe8, 0xca, 0xe8, 0xcb, 0x09, 0xd3, 0x29, 0xd3, 0x4a,
  0xd3, 0x6a, 0xdb, 0x8b, 0xeb, 0xa9, 0xf3, 0xc9, 0xf3, 0xc9, 0xf3, 0xe9,
  0xfc, 0x2a, 0xfc, 0x2a, 0xfc, 0x4b, 0xfc, 0x6b, 0xfc, 0x6b, 0xfc, 0x8c,
  0xfc, 0x8c, 0xfc, 0x8c, 0xfc, 0x8c, 0xfc, 0x8c, 0xfc, 0x8c, 0xfc, 0x8b,
  0xfc, 0x8c, 0xfc, 0x8d, 0xfc, 0x8c, 0xfc, 0x8c, 0xfc, 0x8c, 0xfc, 0x8c,
  0xfc, 0x8c, 0xfc, 0x8d, 0xfc, 0x8c, 0xfc, 0x2b, 0xfc, 0x2b, 0xf3, 0xea,
  0xf3, 0xc9, 0xeb, 0x88, 0xe3, 0x47, 0xdb, 0x27, 0xdb, 0x06, 0xba, 0xc6,
  0xb2, 0xa6, 0xb2, 0xa5, 0xb2, 0x85, 0xaa, 0x64, 0xaa, 0x24, 0xaa, 0x24,
  0xa2, 0x03, 0xaa, 0x24, 0xaa, 0x44, 0xaa, 0x44, 0xaa, 0x44, 0xaa, 0x44,
  0xaa, 0x44, 0xaa, 0x44, 0xaa, 0x44, 0xb2, 0x43, 0xba, 0x42, 0xba, 0x63,
  0xc2, 0xa4, 0xca, 0xc4, 0xd3, 0x05, 0xdb, 0x46, 0xdb, 0x67, 0xe3, 0xa8,
  0xfc, 0xac, 0xfc, 0x8b, 0xfc, 0x8b, 0xfc, 0x8b, 0xfc, 0x8b, 0xfc, 0x8b,
  0xfc, 0x8b, 0xfc, 0x8b, 0xe4, 0x29, 0xe4, 0x29, 0xe4, 0x29, 0xe4, 0x29,
  0xe4, 0x29, 0xe4, 0x29, 0xe4, 0x29, 0xe4, 0x29, 0xec, 0x6a, 0xf4, 0x8b,
  0xf4, 0xab, 0xf4, 0xcc, 0xfc, 0xec, 0xfd, 0x0d, 0xfd, 0x2d, 0xfd, 0x2e,
  0xf5, 0x2c, 0xed, 0x2a, 0xed, 0x2b, 0xed, 0x2b, 0xed, 0x2b, 0xed, 0x2b,
  0xed, 0x2b, 0xed, 0x2a, 0xed, 0x4b, 0xfd, 0xcd, 0xfd, 0xcd, 0xfe, 0x0e,
  0xfe, 0x6f, 0xfe, 0xb1, 0xff, 0x12, 0xff, 0x53, 0xff, 0x53, 0xff, 0xfc,
  0xff, 0xfc, 0xff, 0xfd, 0xff, 0xfd, 0xff, 0xfe, 0xff, 0xfe, 0xff, 0xff,
  0xff, 0xff, 0xff, 0xff, 0xff, 0xff, 0xff, 0xff, 0xff, 0xff, 0xff, 0xff,
  0xff, 0xff, 0xff, 0xff, 0xff, 0xff, 0xff, 0xff, 0xff, 0xff, 0xff, 0xff,
  0xff, 0xff, 0xff, 0xff, 0xff, 0xff, 0xff, 0xff, 0xff, 0xff, 0xff, 0xff,
  0xff, 0xff, 0xff, 0xff, 0xff, 0xff, 0xff, 0xff, 0xff, 0xff, 0x00, 0x00,
  0x00, 0x00, 0xcc, 0x68, 0xcc, 0x48, 0xb3, 0x85, 0xb3, 0x85, 0xab, 0x65,
  0xab, 0x44, 0xa3, 0x24, 0xa3, 0x03, 0x9b, 0x03, 0x9a, 0xe2, 0x8a, 0xa4,
  0x8a, 0xa5, 0x8a, 0xa5, 0x8a, 0xa5, 0x8a, 0xa5, 0x8a, 0xa5, 0x8a, 0xa5,
  0x8a, 0xa5, 0x8a, 0xc5, 0x92, 0xe6, 0x92, 0xc6, 0x92, 0xc6, 0x92, 0xc6,
  0x92, 0xc6, 0x92, 0xc6, 0x92, 0xe6, 0x8a, 0xa5, 0x82, 0x44, 0x82, 0x64,
  0x82, 0x64, 0x82, 0x64, 0x82, 0x64, 0x82, 0x64, 0x82, 0x64, 0x82, 0x64,
  0x92, 0xa6, 0x92, 0xa6, 0x92, 0xc6, 0x92, 0xc6, 0x92, 0xc6, 0x92, 0xc6,
  0x92, 0xc6, 0x92, 0xc6, 0x7a, 0x85, 0x7a, 0x85, 0x7a, 0x65, 0x7a, 0x65,
  0x7a, 0x65, 0x82, 0x65, 0x82, 0x45, 0x8a, 0x45, 0x82, 0x04, 0x81, 0xe4,
  0x89, 0xe4, 0x89, 0xc4, 0x89, 0xc4, 0x91, 0xc4, 0x91, 0xc4, 0x99, 0xa4,
  0x89, 0xc4, 0x7a, 0x05, 0x81, 0xe5, 0x81, 0xe5, 0x81, 0xe5, 0x81, 0xc5,
  0x81, 0xc5, 0x89, 0xc5, 0x89, 0xa5, 0x89, 0x64, 0x89, 0x64, 0x91, 0x44,
  0x91, 0x44, 0x99, 0x44, 0x99, 0x44, 0x99, 0x44, 0x99, 0x44, 0xa1, 0x64,
  0xa1, 0x64, 0xa1, 0x64, 0xa1, 0x64, 0xa1, 0x64, 0xa1, 0x64, 0xa1, 0x64,
  0xa1, 0x65, 0x99, 0x44, 0x99, 0x23, 0x99, 0x44, 0xa1, 0x44, 0xa1, 0x85,
  0xa9, 0xa5, 0xa9, 0xa6, 0xa9, 0xa6, 0xb2, 0x27, 0xb3, 0x08, 0xb2, 0xc8,
  0xb2, 0xe8, 0xb2, 0xc8, 0xb2, 0xc8, 0xb2, 0xc8, 0xba, 0xc8, 0xba, 0xa7,
  0xba, 0xa8, 0xba, 0xc8, 0xc2, 0xe8, 0xcb, 0x09, 0xcb, 0x2a, 0xd3, 0x4a,
  0xd3, 0x6b, 0xdb, 0x8b, 0xeb, 0x88, 0xf3, 0xa8, 0xf3, 0xa9, 0xf3, 0xc9,
  0xfc, 0x0a, 0xfc, 0x2a, 0xfc, 0x4b, 0xfc, 0x4b, 0xfc, 0x6b, 0xfc, 0x6b,
  0xfc, 0x6b, 0xfc, 0x6b, 0xfc, 0x6b, 0xfc, 0x6b, 0xfc, 0x6b, 0xfc, 0x6b,
  0xfc, 0x8c, 0xfc, 0x8d, 0xfc, 0x8d, 0xfc, 0x8d, 0xfc, 0x8d, 0xfc, 0x8d,
  0xfc, 0x8d, 0xfc, 0x8d, 0xfc, 0x8c, 0xfc, 0x2b, 0xfc, 0x0b, 0xf3, 0xea,
  0xf3, 0xa9, 0xeb, 0x88, 0xe3, 0x47, 0xdb, 0x27, 0xdb, 0x07, 0xc2, 0xc6,
  0xba, 0xa6, 0xba, 0xa6, 0xb2, 0x85, 0xb2, 0x64, 0xaa, 0x24, 0xaa, 0x23,
  0xa2, 0x03, 0xaa, 0x24, 0xaa, 0x44, 0xaa, 0x44, 0xaa, 0x44, 0xaa, 0x44,
  0xaa, 0x44, 0xaa, 0x44, 0xaa, 0x44, 0xb2, 0x23, 0xba, 0x22, 0xba, 0x42,
  0xc2, 0x83, 0xca, 0xc4, 0xd2, 0xe5, 0xdb, 0x26, 0xdb, 0x46, 0xe3, 0x87,
  0xfc, 0xab, 0xfc, 0x8b, 0xfc, 0x8b, 0xfc, 0x8b, 0xfc, 0x8b, 0xfc, 0x8b,
  0xfc, 0x8b, 0xfc, 0x8b, 0xe4, 0x2a, 0xe4, 0x2a, 0xe4, 0x2a, 0xe4, 0x2a,
  0xe4, 0x2a, 0xe4, 0x29, 0xe4, 0x09, 0xe4, 0x09, 0xec, 0x6b, 0xf4, 0xab,
  0xf4, 0xac, 0xfc, 0xcc, 0xfc, 0xed, 0xfd, 0x0d, 0xfd, 0x2d, 0xfd, 0x4e,
  0xf5, 0x4c, 0xe5, 0x2a, 0xed, 0x2a, 0xed, 0x2a, 0xed, 0x2a, 0xed, 0x2a,
  0xed, 0x2a, 0xed, 0x2a, 0xed, 0x4b, 0xfd, 0xac, 0xfd, 0xad, 0xfd, 0xed,
  0xfe, 0x4f, 0xfe, 0x90, 0xfe, 0xf1, 0xff, 0x32, 0xff, 0x52, 0xff, 0xfc,
  0xff, 0xfc, 0xff, 0xfd, 0xff, 0xfd, 0xff, 0xfe, 0xff, 0xfe, 0xff, 0xff,
  0xff, 0xff, 0xff, 0xff, 0xff, 0xff, 0xff, 0xff, 0xff, 0xff, 0xff, 0xff,
  0xff, 0xff, 0xff, 0xff, 0xff, 0xff, 0xff, 0xff, 0xff, 0xff, 0xff, 0xff,
  0xff, 0xff, 0xff, 0xff, 0xff, 0xff, 0xff, 0xff, 0xff, 0xff, 0xff, 0xff,
  0xff, 0xff, 0xff, 0xff, 0xff, 0xff, 0xff, 0xff, 0xff, 0xff, 0x00, 0x00,
  0x00, 0x00, 0xcc, 0x68, 0xc4, 0x48, 0xb3, 0xc6, 0xb3, 0xa6, 0xab, 0x85,
  0xa3, 0x44, 0xa3, 0x23, 0x9a, 0xe3, 0x92, 0xc2, 0x92, 0xa1, 0x8a, 0xa4,
  0x8a, 0xa5, 0x8a, 0xa5, 0x8a, 0xa5, 0x8a, 0xa5, 0x8a, 0xa5, 0x8a, 0xa5,
  0x8a, 0xa5, 0x8a, 0xa5, 0x8a, 0xa5, 0x8a, 0xa5, 0x8a, 0xa5, 0x8a, 0xa5,
  0x8a, 0xa5, 0x8a, 0xa5, 0x8a, 0xa5, 0x8a, 0xa5, 0x8a, 0xc6, 0x8a, 0xc6,
  0x8a, 0xc6, 0x8a, 0xc6, 0x8a, 0xc6, 0x8a, 0xc6, 0x8a, 0xc6, 0x8a, 0xc6,
  0xa3, 0xca, 0xa3, 0xaa, 0xa3, 0x8a, 0xa3, 0x89, 0x9b, 0x69, 0x9b, 0x48,
  0x93, 0x28, 0x93, 0x28, 0x92, 0xa6, 0x92, 0x85, 0x92, 0x85, 0x92, 0x85,
  0x92, 0x85, 0x92, 0x85, 0x92, 0x85, 0x92, 0x85, 0x8a, 0x44, 0x8a, 0x03,
  0x8a, 0x04, 0x8a, 0x04, 0x8a, 0x04, 0x8a, 0x04, 0x8a, 0x04, 0x8a, 0x03,
  0x8a, 0x04, 0x8a, 0x04, 0x8a, 0x04, 0x8a, 0x04, 0x8a, 0x04, 0x8a, 0x04,
  0x8a, 0x04, 0x8a, 0x04, 0x8a, 0x04, 0x81, 0x83, 0x79, 0x82, 0x79, 0x62,
  0x79, 0x42, 0x79, 0x21, 0x71, 0x21, 0x71, 0x01, 0x70, 0xe1, 0x81, 0x01,
  0x89, 0x01, 0x89, 0x01, 0x89, 0x01, 0x89, 0x01, 0x89, 0x01, 0x89, 0x01,
  0x89, 0x01, 0x89, 0x21, 0x89, 0x41, 0x91, 0x42, 0x91, 0x62, 0x99, 0x83,
  0x99, 0xa3, 0x99, 0xc4, 0xa1, 0xc4, 0xa2, 0x04, 0xaa, 0x43, 0xaa, 0x43,
  0xaa, 0x44, 0xb2, 0x64, 0xb2, 0x85, 0xb2, 0xa5, 0xb2, 0xa5, 0xba, 0xc6,
  0xd3, 0x88, 0xd3, 0x68, 0xd3, 0x88, 0xd3, 0x89, 0xd3, 0x89, 0xd3, 0x89,
  0xd3, 0x89, 0xd3, 0x89, 0xf4, 0x6a, 0xf4, 0x8b, 0xf4, 0x8b, 0xf4, 0x8b,
  0xf4, 0x8b, 0xf4, 0x8b, 0xf4, 0xab, 0xf4, 0xab, 0xfc, 0xcc, 0xfc, 0xec,
  0xfc, 0xec, 0xfc, 0xec, 0xfc, 0xec, 0xfc, 0xec, 0xfc, 0xec, 0xfc, 0xec,
  0xfc, 0xcc, 0xfc, 0x8c, 0xfc, 0x8c, 0xfc, 0x8c, 0xfc, 0x8c, 0xfc, 0x8c,
  0xfc, 0x8c, 0xfc, 0x8c, 0xfc, 0x8c, 0xfc, 0xac, 0xfc, 0x8c, 0xfc, 0x4b,
  0xf4, 0x09, 0xeb, 0xa8, 0xe3, 0x67, 0xdb, 0x26, 0xd3, 0x26, 0xaa, 0x85,
  0xaa, 0x65, 0xaa, 0x65, 0xaa, 0x65, 0xaa, 0x64, 0xaa, 0x44, 0xa2, 0x44,
  0xa2, 0x44, 0xa2, 0x44, 0xaa, 0x44, 0xaa, 0x44, 0xaa, 0x44, 0xaa, 0x44,
  0xaa, 0x44, 0xaa, 0x44, 0xa2, 0x44, 0xaa, 0x84, 0xb2, 0xc5, 0xb2, 0xc5,
  0xbb, 0x06, 0xc3, 0x47, 0xcb, 0x68, 0xd3, 0xa9, 0xd3, 0xc9, 0xdc, 0x0a,
  0xf4, 0xcd, 0xf4, 0xad, 0xec, 0xac, 0xec, 0x8c, 0xec, 0x6c, 0xe4, 0x6b,
  0xe4, 0x4b, 0xe4, 0x4b, 0xcc, 0x08, 0xcc, 0x08, 0xd4, 0x28, 0xd4, 0x28,
  0xdc, 0x49, 0xdc, 0x69, 0xdc, 0x8a, 0xdc, 0x8a, 0xe4, 0xcb, 0xec, 0xeb,
  0xec, 0xeb, 0xed, 0x0c, 0xf5, 0x2c, 0xf5, 0x4d, 0xfd, 0x6d, 0xfd, 0x8e,
  0xfd, 0x6d, 0xfd, 0x4d, 0xfd, 0x6d, 0xfd, 0x6c, 0xfd, 0x6c, 0xf5, 0x8b,
  0xf5, 0xab, 0xed, 0xab, 0xed, 0xcc, 0xf6, 0x4e, 0xf6, 0x4e, 0xf6, 0xb1,
  0xfe, 0xf2, 0xff, 0x55, 0xff, 0x97, 0xff, 0xd9, 0xff, 0xd9, 0xff, 0xff,
  0xff, 0xff, 0xff, 0xff, 0xff, 0xff, 0xff, 0xff, 0xff, 0xff, 0xff, 0xff,
  0xff, 0xff, 0xff, 0xff, 0xff, 0xff, 0xff, 0xff, 0xff, 0xff, 0xff, 0xff,
  0xff, 0xff, 0xff, 0xff, 0xff, 0xff, 0xff, 0xff, 0xff, 0xff, 0xff, 0xff,
  0xff, 0xff, 0xff, 0xff, 0xff, 0xff, 0xff, 0xff, 0xff, 0xff, 0xff, 0xff,
  0xff, 0xff, 0xff, 0xff, 0xff, 0xff, 0xff, 0xff, 0xff, 0xff, 0x00, 0x00,
  0x00, 0x00, 0xcc, 0x68, 0xc4, 0x48, 0xb3, 0xc6, 0xb3, 0xa6, 0xab, 0x85,
  0xa3, 0x44, 0xa3, 0x23, 0x9a, 0xe2, 0x92, 0xa2, 0x8a, 0x81, 0x8a, 0xa4,
  0x8a, 0xa5, 0x8a, 0xa5, 0x8a, 0xa5, 0x8a, 0xa5, 0x8a, 0xa5, 0x8a, 0xa5,
  0x8a, 0xa5, 0x8a, 0xa5, 0x8a, 0x84, 0x8a, 0x84, 0x8a, 0x84, 0x8a, 0x84,
  0x8a, 0x84, 0x8a, 0x84, 0x8a, 0x84, 0x8a, 0xa5, 0x8a, 0xe7, 0x8a, 0xe7,
  0x8a, 0xe7, 0x8a, 0xe7, 0x8a, 0xe7, 0x8a, 0xe7, 0x8a, 0xe7, 0x8a, 0xe7,
  0xb4, 0x2c, 0xac, 0x0b, 0xab, 0xeb, 0xa3, 0xca, 0xa3, 0xaa, 0x9b, 0x69,
  0x9b, 0x69, 0x93, 0x69, 0x9a, 0xa6, 0x9a, 0x85, 0x9a, 0xa5, 0x9a, 0xa5,
  0x9a, 0xa5, 0x9a, 0xa5, 0x9a, 0xa5, 0x9a, 0xa6, 0x92, 0x64, 0x8a, 0x03,
  0x8a, 0x23, 0x8a, 0x23, 0x8a, 0x23, 0x8a, 0x23, 0x8a, 0x23, 0x8a, 0x23,
  0x8a, 0x24, 0x8a, 0x24, 0x8a, 0x24, 0x8a, 0x24, 0x8a, 0x24, 0x8a, 0x24,
  0x8a, 0x24, 0x8a, 0x24, 0x8a, 0x24, 0x79, 0xa2, 0x79, 0x82, 0x71, 0x82,
  0x71, 0x61, 0x69, 0x21, 0x69, 0x00, 0x60, 0xe0, 0x60, 0xe0, 0x79, 0x00,
  0x81, 0x00, 0x81, 0x00, 0x81, 0x00, 0x81, 0x00, 0x81, 0x00, 0x81, 0x00,
  0x81, 0x00, 0x81, 0x20, 0x89, 0x41, 0x89, 0x41, 0x89, 0x61, 0x91, 0x82,
  0x99, 0xc3, 0x99, 0xe3, 0x99, 0xe3, 0xa2, 0x03, 0xaa, 0x43, 0xaa, 0x43,
  0xb2, 0x64, 0xb2, 0xa4, 0xba, 0xc5, 0xba, 0xe5, 0xc2, 0xe5, 0xcb, 0x26,
  0xe3, 0xea, 0xdb, 0xe9, 0xdb, 0xe9, 0xdb, 0xe9, 0xdb, 0xe9, 0xdb, 0xe9,
  0xdb, 0xe9, 0xdb, 0xc9, 0xf4, 0xcb, 0xf4, 0xec, 0xf4, 0xcc, 0xf4, 0xcc,
  0xf4, 0xcc, 0xf4, 0xcc, 0xf4, 0xcb, 0xf4, 0xcb, 0xfd, 0x0c, 0xfd, 0x2d,
  0xfd, 0x0d, 0xfd, 0x0d, 0xfd, 0x0d, 0xfd, 0x0d, 0xfd, 0x0d, 0xfd, 0x2d,
  0xfc, 0xec, 0xfc, 0x8c, 0xfc, 0xac, 0xfc, 0xac, 0xfc, 0xac, 0xfc, 0xac,
  0xfc, 0xac, 0xfc, 0xac, 0xfc, 0xac, 0xfc, 0xcc, 0xfc, 0xac, 0xfc, 0x6b,
  0xf4, 0x0a, 0xeb, 0xc8, 0xdb, 0x67, 0xd3, 0x26, 0xd3, 0x26, 0xaa, 0x64,
  0xa2, 0x44, 0xa2, 0x44, 0xa2, 0x64, 0xa2, 0x64, 0xa2, 0x64, 0xa2, 0x65,
  0xa2, 0x65, 0xa2, 0x64, 0xa2, 0x64, 0xa2, 0x64, 0xa2, 0x64, 0xa2, 0x64,
  0xa2, 0x64, 0xa2, 0x64, 0xa2, 0x44, 0xaa, 0x85, 0xb3, 0x06, 0xb3, 0x06,
  0xbb, 0x27, 0xc3, 0x68, 0xc3, 0xa9, 0xcb, 0xea, 0xd3, 0xea, 0xdc, 0x2b,
  0xec, 0xee, 0xec, 0xcd, 0xec, 0xad, 0xe4, 0x8c, 0xdc, 0x6c, 0xdc, 0x4b,
  0xd4, 0x2b, 0xd4, 0x0a, 0xc4, 0x07, 0xc4, 0x07, 0xcc, 0x27, 0xcc, 0x48,
  0xd4, 0x68, 0xd4, 0x89, 0xdc, 0xaa, 0xdc, 0xaa, 0xe4, 0xea, 0xe5, 0x0b,
  0xe5, 0x0b, 0xed, 0x2b, 0xed, 0x4c, 0xf5, 0x6d, 0xfd, 0x8d, 0xfd, 0xad,
  0xfd, 0x8e, 0xfd, 0x6e, 0xfd, 0x8e, 0xfd, 0x8d, 0xfd, 0x8d, 0xfd, 0xac,
  0xf5, 0xcc, 0xed, 0xeb, 0xf6, 0x0c, 0xf6, 0x8e, 0xf6, 0x8f, 0xf6, 0xf2,
  0xff, 0x34, 0xff, 0x97, 0xff, 0xf9, 0xff, 0xfb, 0xff, 0xfc, 0xff, 0xff,
  0xff, 0xff, 0xff, 0xff, 0xff, 0xff, 0xff, 0xff, 0xff, 0xff, 0xff, 0xff,
  0xff, 0xff, 0xff, 0xff, 0xff, 0xff, 0xff, 0xff, 0xff, 0xff, 0xff, 0xff,
  0xff, 0xff, 0xff, 0xff, 0xff, 0xff, 0xff, 0xff, 0xff, 0xff, 0xff, 0xff,
  0xff, 0xff, 0xff, 0xff, 0xff, 0xff, 0xff, 0xff, 0xff, 0xff, 0xff, 0xff,
  0xff, 0xff, 0xff, 0xff, 0xff, 0xff, 0xff, 0xff, 0xff, 0xff, 0x00, 0x00,
  0x00, 0x00, 0xcc, 0x68, 0xc4, 0x48, 0xb3, 0xc6, 0xb3, 0xa6, 0xab, 0x85,
  0xa3, 0x44, 0xa3, 0x23, 0x9a, 0xe2, 0x92, 0xa2, 0x92, 0xa1, 0x8a, 0xa4,
  0x8a, 0xa5, 0x8a, 0xa5, 0x8a, 0xa5, 0x8a, 0xa5, 0x8a, 0xa5, 0x8a, 0xa5,
  0x8a, 0xa5, 0x8a, 0xa5, 0x8a, 0x85, 0x8a, 0x85, 0x8a, 0x85, 0x8a, 0x85,
  0x8a, 0x85, 0x8a, 0x85, 0x8a, 0x84, 0x8a, 0xa5, 0x8a, 0xe7, 0x8a, 0xe7,
  0x8a, 0xe7, 0x8a, 0xe7, 0x8a, 0xe7, 0x8a, 0xe7, 0x8a, 0xe7, 0x8a, 0xe7,
  0xac, 0x0b, 0xab, 0xeb, 0xab, 0xcb, 0xa3, 0xaa, 0x9b, 0x89, 0x9b, 0x69,
  0x9b, 0x49, 0x93, 0x49, 0x9a, 0xa6, 0x9a, 0x85, 0x9a, 0xa5, 0x9a, 0xa5,
  0x9a, 0xa5, 0x9a, 0xa5, 0x9a, 0xa5, 0x9a, 0xa6, 0x92, 0x44, 0x8a, 0x03,
  0x8a, 0x23, 0x8a, 0x23, 0x8a, 0x23, 0x8a, 0x23, 0x8a, 0x23, 0x8a, 0x23,
  0x8a, 0x24, 0x8a, 0x24, 0x8a, 0x24, 0x8a, 0x24, 0x8a, 0x24, 0x8a, 0x24,
  0x8a, 0x24, 0x8a, 0x24, 0x8a, 0x04, 0x81, 0xa3, 0x79, 0xa3, 0x79, 0x82,
  0x79, 0x62, 0x71, 0x41, 0x69, 0x21, 0x69, 0x00, 0x69, 0x00, 0x81, 0x20,
  0x89, 0x20, 0x81, 0x20, 0x81, 0x20, 0x81, 0x20, 0x81, 0x20, 0x81, 0x20,
  0x81, 0x20, 0x89, 0x21, 0x89, 0x21, 0x89, 0x41, 0x91, 0x82, 0x99, 0xa3,
  0x99, 0xe3, 0xa2, 0x04, 0xa2, 0x04, 0xb2, 0x85, 0xc3, 0x06, 0xc3, 0x06,
  0xc3, 0x26, 0xcb, 0x47, 0xd3, 0x68, 0xd3, 0x88, 0xd3, 0xa8, 0xdb, 0xc9,
  0xec, 0x6b, 0xec, 0x4b, 0xec, 0x4b, 0xec, 0x4b, 0xec, 0x4b, 0xec, 0x4b,
  0xec, 0x4b, 0xec, 0x4b, 0xfc, 0xcc, 0xfc, 0xec, 0xfc, 0xec, 0xfc, 0xec,
  0xfc, 0xec, 0xfc, 0xec, 0xfc, 0xec, 0xfc, 0xcc, 0xfd, 0x0d, 0xfd, 0x2d,
  0xfd, 0x2d, 0xfd, 0x2d, 0xfd, 0x2d, 0xfd, 0x2d, 0xfd, 0x2d, 0xfd, 0x2d,
  0xfc, 0xed, 0xfc, 0xac, 0xfc, 0xac, 0xfc, 0xac, 0xfc, 0xac, 0xfc, 0xac,
  0xfc, 0xac, 0xfc, 0xac, 0xfc, 0xac, 0xfc, 0xcc, 0xfc, 0xac, 0xfc, 0x6b,
  0xf4, 0x0a, 0xeb, 0xc8, 0xdb, 0x67, 0xd3, 0x26, 0xd3, 0x26, 0xaa, 0x65,
  0xa2, 0x44, 0xa2, 0x64, 0xa2, 0x64, 0xa2, 0x64, 0xa2, 0x64, 0xa2, 0x64,
  0xa2, 0x64, 0xa2, 0x64, 0xa2, 0x64, 0xa2, 0x64, 0xa2, 0x64, 0xa2, 0x64,
  0xa2, 0x64, 0xa2, 0x64, 0xa2, 0x44, 0xaa, 0x85, 0xb2, 0xe6, 0xb3, 0x06,
  0xbb, 0x27, 0xc3, 0x68, 0xcb, 0xa9, 0xcb, 0xc9, 0xd3, 0xea, 0xdc, 0x2b,
  0xec, 0xad, 0xe4, 0x8c, 0xe4, 0x8c, 0xe4, 0x4b, 0xdc, 0x2b, 0xdc, 0x2b,
  0xd4, 0x0a, 0xd3, 0xea, 0xc4, 0x07, 0xcc, 0x07, 0xcc, 0x27, 0xcc, 0x48,
  0xd4, 0x69, 0xdc, 0x89, 0xdc, 0xaa, 0xdc, 0xaa, 0xe4, 0xea, 0xe4, 0xeb,
  0xe5, 0x0b, 0xed, 0x2b, 0xf5, 0x4c, 0xf5, 0x6d, 0xfd, 0x8d, 0xfd, 0xad,
  0xfd, 0x8e, 0xfd, 0x6e, 0xfd, 0x6d, 0xfd, 0x8d, 0xfd, 0x8c, 0xfd, 0xac,
  0xf5, 0xcc, 0xed, 0xcb, 0xf6, 0x0c, 0xf6, 0x8f, 0xfe, 0xaf, 0xfe, 0xf2,
  0xff, 0x54, 0xff, 0x97, 0xff, 0xd8, 0xff, 0xfb, 0xff, 0xfb, 0xff, 0xff,
  0xff, 0xff, 0xff, 0xff, 0xff, 0xff, 0xff, 0xff, 0xff, 0xff, 0xff, 0xff,
  0xff, 0xff, 0xff, 0xff, 0xff, 0xff, 0xff, 0xff, 0xff, 0xff, 0xff, 0xff,
  0xff, 0xff, 0xff, 0xff, 0xff, 0xff, 0xff, 0xff, 0xff, 0xff, 0xff, 0xff,
  0xff, 0xff, 0xff, 0xff, 0xff, 0xff, 0xff, 0xff, 0xff, 0xff, 0xff, 0xff,
  0xff, 0xff, 0xff, 0xff, 0xff, 0xff, 0xff, 0xff, 0xff, 0xff, 0x00, 0x00,
  0x00, 0x00, 0xcc, 0x68, 0xc4, 0x48, 0xb3, 0xc6, 0xb3, 0xa6, 0xab, 0x85,
  0xa3, 0x44, 0xa3, 0x23, 0x9a, 0xe2, 0x92, 0xa2, 0x92, 0xa1, 0x8a, 0xa4,
  0x8a, 0xa5, 0x8a, 0xa5, 0x8a, 0xa5, 0x8a, 0xa5, 0x8a, 0xa5, 0x8a, 0xa5,
  0x8a, 0xa5, 0x8a, 0xa5, 0x8a, 0x85, 0x8a, 0x85, 0x8a, 0x85, 0x8a, 0x85,
  0x8a, 0x85, 0x8a, 0x85, 0x8a, 0x84, 0x8a, 0xa5, 0x8a, 0xe7, 0x8a, 0xe7,
  0x8a, 0xe7, 0x8a, 0xe7, 0x8a, 0xe7, 0x8a, 0xe7, 0x8a, 0xe7, 0x8a, 0xe7,
  0xac, 0x0b, 0xab, 0xeb, 0xab, 0xcb, 0xa3, 0xaa, 0x9b, 0x89, 0x9b, 0x69,
  0x9b, 0x49, 0x93, 0x49, 0x9a, 0xa6, 0x9a, 0x85, 0x9a, 0xa5, 0x9a, 0xa5,
  0x9a, 0xa5, 0x9a, 0xa5, 0x9a, 0xa5, 0x9a, 0xa6, 0x92, 0x44, 0x8a, 0x03,
  0x8a, 0x23, 0x8a, 0x23, 0x8a, 0x23, 0x8a, 0x23, 0x8a, 0x23, 0x8a, 0x23,
  0x8a, 0x24, 0x8a, 0x24, 0x8a, 0x24, 0x8a, 0x24, 0x8a, 0x24, 0x8a, 0x24,
  0x8a, 0x24, 0x8a, 0x24, 0x8a, 0x24, 0x81, 0xc3, 0x81, 0xc3, 0x79, 0xa3,
  0x79, 0x82, 0x71, 0x61, 0x71, 0x41, 0x71, 0x21, 0x69, 0x20, 0x81, 0x21,
  0x89, 0x41, 0x89, 0x41, 0x89, 0x41, 0x89, 0x41, 0x89, 0x41, 0x89, 0x41,
  0x89, 0x41, 0x89, 0x41, 0x89, 0x41, 0x91, 0x62, 0x99, 0xa3, 0xa1, 0xe4,
  0xaa, 0x25, 0xb2, 0x86, 0xb2, 0x66, 0xc3, 0x07, 0xdb, 0xe9, 0xdb, 0xc9,
  0xdb, 0xe9, 0xe4, 0x0a, 0xec, 0x2b, 0xec, 0x4b, 0xf4, 0x6b, 0xf4, 0x8c,
  0xfc, 0xed, 0xfc, 0xed, 0xfc, 0xed, 0xfc, 0xed, 0xfc, 0xed, 0xfc, 0xed,
  0xfc, 0xed, 0xfc, 0xed, 0xfd, 0x0d, 0xfd, 0x0d, 0xfd, 0x2d, 0xfd, 0x2d,
  0xfd, 0x2d, 0xfd, 0x2d, 0xfd, 0x2d, 0xfd, 0x0d, 0xfd, 0x2d, 0xfd, 0x4d,
  0xfd, 0x4d, 0xfd, 0x4d, 0xfd, 0x4d, 0xfd, 0x4d, 0xfd, 0x4d, 0xfd, 0x4e,
  0xfd, 0x0d, 0xfc, 0xcc, 0xfc, 0xcd, 0xfc, 0xcd, 0xfc, 0xcd, 0xfc, 0xcd,
  0xfc, 0xcd, 0xfc, 0xcd, 0xfc, 0xcd, 0xfc, 0xcc, 0xfc, 0xac, 0xfc, 0x6b,
  0xf4, 0x0a, 0xeb, 0xc8, 0xdb, 0x67, 0xd3, 0x26, 0xd3, 0x26, 0xaa, 0x65,
  0xa2, 0x44, 0xa2, 0x64, 0xa2, 0x64, 0xa2, 0x64, 0xa2, 0x64, 0xa2, 0x64,
  0xa2, 0x64, 0xa2, 0x64, 0xa2, 0x64, 0xa2, 0x64, 0xa2, 0x64, 0xa2, 0x64,
  0xa2, 0x64, 0xa2, 0x64, 0xa2, 0x44, 0xaa, 0x85, 0xb2, 0xe6, 0xb3, 0x06,
  0xbb, 0x27, 0xc3, 0x68, 0xcb, 0xa9, 0xcb, 0xc9, 0xd3, 0xea, 0xd4, 0x0a,
  0xe4, 0x6c, 0xe4, 0x6c, 0xdc, 0x4b, 0xdc, 0x2b, 0xd4, 0x0a, 0xd3, 0xea,
  0xcb, 0xc9, 0xcb, 0xa9, 0xc4, 0x07, 0xcc, 0x07, 0xcc, 0x27, 0xcc, 0x48,
  0xd4, 0x69, 0xdc, 0x89, 0xdc, 0xaa, 0xdc, 0xaa, 0xe4, 0xea, 0xe4, 0xeb,
  0xe5, 0x0b, 0xed, 0x2b, 0xf5, 0x4c, 0xf5, 0x6d, 0xfd, 0x8d, 0xfd, 0xad,
  0xfd, 0x8e, 0xfd, 0x6e, 0xfd, 0x6d, 0xfd, 0x8d, 0xfd, 0x8c, 0xfd, 0xac,
  0xf5, 0xcc, 0xed, 0xcb, 0xf6, 0x0c, 0xfe, 0xaf, 0xfe, 0xd0, 0xff, 0x13,
  0xff, 0x54, 0xff, 0xb8, 0xff, 0xf9, 0xff, 0xfc, 0xff, 0xfc, 0xff, 0xff,
  0xff, 0xff, 0xff, 0xff, 0xff, 0xff, 0xff, 0xff, 0xff, 0xff, 0xff, 0xff,
  0xff, 0xff, 0xff, 0xff, 0xff, 0xff, 0xff, 0xff, 0xff, 0xff, 0xff, 0xff,
  0xff, 0xff, 0xff, 0xff, 0xff, 0xff, 0xff, 0xff, 0xff, 0xff, 0xff, 0xff,
  0xff, 0xff, 0xff, 0xff, 0xff, 0xff, 0xff, 0xff, 0xff, 0xff, 0xff, 0xff,
  0xff, 0xff, 0xff, 0xff, 0xff, 0xff, 0xff, 0xff, 0xff, 0xff, 0x00, 0x00,
  0x00, 0x00, 0xcc, 0x68, 0xc4, 0x48, 0xb3, 0xc6, 0xb3, 0xa6, 0xab, 0x85,
  0xa3, 0x44, 0xa3, 0x23, 0x9a, 0xe2, 0x92, 0xa2, 0x92, 0xa1, 0x8a, 0xa4,
  0x8a, 0xa5, 0x8a, 0xa5, 0x8a, 0xa5, 0x8a, 0xa5, 0x8a, 0xa5, 0x8a, 0xa5,
  0x8a, 0xa5, 0x8a, 0xa5, 0x8a, 0x85, 0x8a, 0x85, 0x8a, 0x85, 0x8a, 0x85,
  0x8a, 0x85, 0x8a, 0x85, 0x8a, 0x84, 0x8a, 0xa5, 0x8a, 0xe7, 0x8a, 0xe7,
  0x8a, 0xe7, 0x8a, 0xe7, 0x8a, 0xe7, 0x8a, 0xe7, 0x8a, 0xe7, 0x8a, 0xe7,
  0xac, 0x0b, 0xab, 0xeb, 0xab, 0xcb, 0xa3, 0xaa, 0x9b, 0x89, 0x9b, 0x69,
  0x9b, 0x49, 0x93, 0x49, 0x9a, 0xa6, 0x9a, 0x85, 0x9a, 0xa5, 0x9a, 0xa5,
  0x9a, 0xa5, 0x9a, 0xa5, 0x9a, 0xa5, 0x9a, 0xa6, 0x92, 0x44, 0x8a, 0x03,
  0x8a, 0x23, 0x8a, 0x23, 0x8a, 0x23, 0x8a, 0x23, 0x8a, 0x23, 0x8a, 0x23,
  0x8a, 0x24, 0x8a, 0x24, 0x8a, 0x24, 0x8a, 0x24, 0x8a, 0x24, 0x8a, 0x24,
  0x8a, 0x24, 0x8a, 0x24, 0x8a, 0x24, 0x8a, 0x04, 0x81, 0xe3, 0x81, 0xc3,
  0x79, 0xa3, 0x79, 0x82, 0x71, 0x61, 0x71, 0x41, 0x69, 0x41, 0x89, 0x61,
  0x91, 0x61, 0x89, 0x61, 0x89, 0x61, 0x89, 0x61, 0x89, 0x61, 0x89, 0x61,
  0x89, 0x61, 0x91, 0x82, 0x99, 0xa3, 0x99, 0xc3, 0xa2, 0x24, 0xb2, 0x66,
  0xba, 0xc7, 0xc3, 0x08, 0xc3, 0x29, 0xdb, 0xaa, 0xf4, 0x8c, 0xf4, 0x6c,
  0xf4, 0x8c, 0xfc, 0xcd, 0xfc, 0xed, 0xfc, 0xee, 0xfd, 0x0e, 0xfd, 0x2e,
  0xfd, 0x4f, 0xfd, 0x4f, 0xfd, 0x4f, 0xfd, 0x4f, 0xfd, 0x4f, 0xfd, 0x4f,
  0xfd, 0x4f, 0xfd, 0x4f, 0xfd, 0x4e, 0xfd, 0x4e, 0xfd, 0x4e, 0xfd, 0x4e,
  0xfd, 0x4e, 0xfd, 0x4e, 0xfd, 0x4e, 0xfd, 0x4e, 0xfd, 0x6e, 0xfd, 0x6e,
  0xfd, 0x6e, 0xfd, 0x6e, 0xfd, 0x6e, 0xfd, 0x6e, 0xfd, 0x6e, 0xfd, 0x6e,
  0xfd, 0x2e, 0xfc, 0xed, 0xfc, 0xed, 0xfc, 0xed, 0xfc, 0xed, 0xfc, 0xed,
  0xfc, 0xed, 0xfc, 0xed, 0xfc, 0xed, 0xfc, 0xac, 0xfc, 0xac, 0xfc, 0x6b,
  0xf4, 0x0a, 0xeb, 0xc8, 0xdb, 0x67, 0xd3, 0x26, 0xd3, 0x26, 0xaa, 0x65,
  0xa2, 0x44, 0xa2, 0x64, 0xa2, 0x64, 0xa2, 0x64, 0xa2, 0x64, 0xa2, 0x64,
  0xa2, 0x64, 0xa2, 0x64, 0xa2, 0x64, 0xa2, 0x64, 0xa2, 0x64, 0xa2, 0x64,
  0xa2, 0x64, 0xa2, 0x64, 0xa2, 0x44, 0xaa, 0x85, 0xb2, 0xe6, 0xb3, 0x06,
  0xbb, 0x27, 0xc3, 0x68, 0xcb, 0xa9, 0xcb, 0xc9, 0xd3, 0xea, 0xd4, 0x0a,
  0xdc, 0x4b, 0xdc, 0x2b, 0xd4, 0x0a, 0xd3, 0xea, 0xcb, 0xc9, 0xcb, 0xa9,
  0xc3, 0x88, 0xc3, 0x88, 0xc3, 0xe7, 0xcc, 0x07, 0xcc, 0x27, 0xcc, 0x48,
  0xd4, 0x69, 0xdc, 0x89, 0xdc, 0xaa, 0xdc, 0xaa, 0xe4, 0xea, 0xe4, 0xeb,
  0xe5, 0x0b, 0xed, 0x2b, 0xf5, 0x4c, 0xf5, 0x6d, 0xfd, 0x8d, 0xfd, 0xad,
  0xfd, 0x8e, 0xfd, 0x6e, 0xfd, 0x6d, 0xfd, 0x8d, 0xfd, 0x8c, 0xfd, 0xac,
  0xf5, 0xcc, 0xed, 0xcb, 0xf6, 0x0c, 0xfe, 0xd0, 0xfe, 0xf0, 0xff, 0x53,
  0xff, 0x95, 0xff, 0xf9, 0xff, 0xf9, 0xff, 0xfc, 0xff, 0xfd, 0xff, 0xff,
  0xff, 0xff, 0xff, 0xff, 0xff, 0xff, 0xff, 0xff, 0xff, 0xff, 0xff, 0xff,
  0xff, 0xff, 0xff, 0xff, 0xff, 0xff, 0xff, 0xff, 0xff, 0xff, 0xff, 0xff,
  0xff, 0xff, 0xff, 0xff, 0xff, 0xff, 0xff, 0xff, 0xff, 0xff, 0xff, 0xff,
  0xff, 0xff, 0xff, 0xff, 0xff, 0xff, 0xff, 0xff, 0xff, 0xff, 0xff, 0xff,
  0xff, 0xff, 0xff, 0xff, 0xff, 0xff, 0xff, 0xff, 0xff, 0xff, 0x00, 0x00,
  0x00, 0x00, 0xcc, 0x68, 0xc4, 0x48, 0xb3, 0xc6, 0xb3, 0xa6, 0xab, 0x85,
  0xa3, 0x44, 0xa3, 0x23, 0x9a, 0xe2, 0x92, 0xa2, 0x92, 0xa1, 0x8a, 0xa4,
  0x8a, 0xa5, 0x8a, 0xa5, 0x8a, 0xa5, 0x8a, 0xa5, 0x8a, 0xa5, 0x8a, 0xa5,
  0x8a, 0xa5, 0x8a, 0xa5, 0x8a, 0x85, 0x8a, 0x85, 0x8a, 0x85, 0x8a, 0x85,
  0x8a, 0x85, 0x8a, 0x85, 0x8a, 0x84, 0x8a, 0xa5, 0x8a, 0xe7, 0x8a, 0xe7,
  0x8a, 0xe7, 0x8a, 0xe7, 0x8a, 0xe7, 0x8a, 0xe7, 0x8a, 0xe7, 0x8a, 0xe7,
  0xac, 0x0b, 0xab, 0xeb, 0xab, 0xcb, 0xa3, 0xaa, 0x9b, 0x89, 0x9b, 0x69,
  0x9b, 0x49, 0x93, 0x49, 0x9a, 0xa6, 0x9a, 0x85, 0x9a, 0xa5, 0x9a, 0xa5,
  0x9a, 0xa5, 0x9a, 0xa5, 0x9a, 0xa5, 0x9a, 0xa6, 0x92, 0x44, 0x8a, 0x03,
  0x8a, 0x23, 0x8a, 0x23, 0x8a, 0x23, 0x8a, 0x23, 0x8a, 0x23, 0x8a, 0x23,
  0x8a, 0x24, 0x8a, 0x24, 0x8a, 0x24, 0x8a, 0x24, 0x8a, 0x24, 0x8a, 0x24,
  0x8a, 0x24, 0x8a, 0x24, 0x8a, 0x24, 0x8a, 0x24, 0x8a, 0x04, 0x89, 0xe4,
  0x81, 0xc3, 0x79, 0xa3, 0x79, 0x82, 0x79, 0x62, 0x71, 0x61, 0x91, 0x82,
  0x91, 0x82, 0x91, 0x82, 0x91, 0x82, 0x91, 0x82, 0x91, 0x82, 0x91, 0x82,
  0x91, 0x82, 0x99, 0xe3, 0xaa, 0x45, 0xaa, 0x65, 0xba, 0xc7, 0xcb, 0x29,
  0xd3, 0x8a, 0xe3, 0xec, 0xec, 0x0c, 0xf4, 0x6d, 0xfc, 0xed, 0xfc, 0xee,
  0xfd, 0x0e, 0xfd, 0x2f, 0xfd, 0x4f, 0xfd, 0x70, 0xfd, 0x90, 0xfd, 0x90,
  0xfd, 0x6f, 0xfd, 0x70, 0xfd, 0x70, 0xfd, 0x70, 0xfd, 0x70, 0xfd, 0x70,
  0xfd, 0x70, 0xfd, 0x70, 0xfd, 0x8f, 0xfd, 0x8f, 0xfd, 0x8f, 0xfd, 0x8f,
  0xfd, 0x8f, 0xfd, 0x8f, 0xfd, 0x8f, 0xfd, 0x8f, 0xfd, 0x8f, 0xfd, 0x8f,
  0xfd, 0x8f, 0xfd, 0x8f, 0xfd, 0x8f, 0xfd, 0x8f, 0xfd, 0x8f, 0xfd, 0x8f,
  0xfd, 0x6e, 0xfd, 0x0e, 0xfd, 0x0e, 0xfd, 0x0e, 0xfd, 0x0e, 0xfd, 0x0e,
  0xfd, 0x0e, 0xfd, 0x2e, 0xfd, 0x0d, 0xfc, 0xac, 0xfc, 0xac, 0xfc, 0x6b,
  0xf4, 0x0a, 0xeb, 0xc8, 0xdb, 0x67, 0xd3, 0x26, 0xd3, 0x26, 0xaa, 0x65,
  0xa2, 0x44, 0xa2, 0x64, 0xa2, 0x64, 0xa2, 0x64, 0xa2, 0x64, 0xa2, 0x64,
  0xa2, 0x64, 0xa2, 0x64, 0xa2, 0x64, 0xa2, 0x64, 0xa2, 0x64, 0xa2, 0x64,
  0xa2, 0x64, 0xa2, 0x64, 0xa2, 0x44, 0xaa, 0x85, 0xb2, 0xe6, 0xb3, 0x06,
  0xbb, 0x27, 0xc3, 0x68, 0xcb, 0xa9, 0xcb, 0xc9, 0xd3, 0xea, 0xd4, 0x0a,
  0xd4, 0x0a, 0xd3, 0xea, 0xd3, 0xea, 0xcb, 0xc9, 0xc3, 0x88, 0xc3, 0x68,
  0xbb, 0x47, 0xbb, 0x47, 0xc3, 0xe7, 0xcc, 0x07, 0xcc, 0x27, 0xcc, 0x48,
  0xd4, 0x69, 0xdc, 0x89, 0xdc, 0xaa, 0xdc, 0xaa, 0xe4, 0xea, 0xe4, 0xeb,
  0xe5, 0x0b, 0xed, 0x2b, 0xf5, 0x4c, 0xf5, 0x6d, 0xfd, 0x8d, 0xfd, 0xad,
  0xfd, 0x8e, 0xfd, 0x6e, 0xfd, 0x6d, 0xfd, 0x8d, 0xfd, 0x8c, 0xfd, 0xac,
  0xf5, 0xcc, 0xed, 0xcb, 0xf6, 0x0c, 0xff, 0x10, 0xff, 0x11, 0xff, 0x54,
  0xff, 0xb5, 0xff, 0xf9, 0xff, 0xfa, 0xff, 0xfd, 0xff, 0xfd, 0xff, 0xff,
  0xff, 0xff, 0xff, 0xff, 0xff, 0xff, 0xff, 0xff, 0xff, 0xff, 0xff, 0xff,
  0xff, 0xff, 0xff, 0xff, 0xff, 0xff, 0xff, 0xff, 0xff, 0xff, 0xff, 0xff,
  0xff, 0xff, 0xff, 0xff, 0xff, 0xff, 0xff, 0xff, 0xff, 0xff, 0xff, 0xff,
  0xff, 0xff, 0xff, 0xff, 0xff, 0xff, 0xff, 0xff, 0xff, 0xff, 0xff, 0xff,
  0xff, 0xff, 0xff, 0xff, 0xff, 0xff, 0xff, 0xff, 0xff, 0xff, 0x00, 0x00,
  0x00, 0x00, 0xcc, 0x68, 0xc4, 0x48, 0xb3, 0xc6, 0xb3, 0xa6, 0xab, 0x85,
  0xa3, 0x44, 0xa3, 0x23, 0x9a, 0xe2, 0x92, 0xa2, 0x92, 0xa1, 0x8a, 0xa4,
  0x8a, 0xa5, 0x8a, 0xa5, 0x8a, 0xa5, 0x8a, 0xa5, 0x8a, 0xa5, 0x8a, 0xa5,
  0x8a, 0xa5, 0x8a, 0xa5, 0x8a, 0x85, 0x8a, 0x85, 0x8a, 0x85, 0x8a, 0x85,
  0x8a, 0x85, 0x8a, 0x85, 0x8a, 0x84, 0x8a, 0xa5, 0x8a, 0xe7, 0x8a, 0xe7,
  0x8a, 0xe7, 0x8a, 0xe7, 0x8a, 0xe7, 0x8a, 0xe7, 0x8a, 0xe7, 0x8a, 0xe7,
  0xac, 0x0b, 0xab, 0xeb, 0xab, 0xcb, 0xa3, 0xaa, 0x9b, 0x89, 0x9b, 0x69,
  0x9b, 0x49, 0x93, 0x49, 0x9a, 0xa6, 0x9a, 0x85, 0x9a, 0xa5, 0x9a, 0xa5,
  0x9a, 0xa5, 0x9a, 0xa5, 0x9a, 0xa5, 0x9a, 0xa6, 0x92, 0x44, 0x8a, 0x03,
  0x8a, 0x23, 0x8a, 0x23, 0x8a, 0x23, 0x8a, 0x23, 0x8a, 0x23, 0x8a, 0x23,
  0x8a, 0x24, 0x8a, 0x24, 0x8a, 0x24, 0x8a, 0x24, 0x8a, 0x24, 0x8a, 0x24,
  0x8a, 0x24, 0x8a, 0x24, 0x8a, 0x24, 0x8a, 0x25, 0x8a, 0x25, 0x8a, 0x04,
  0x89, 0xe4, 0x81, 0xc3, 0x81, 0xa3, 0x79, 0x82, 0x79, 0x82, 0x91, 0xa2,
  0x99, 0xa3, 0x99, 0xa3, 0x99, 0xa3, 0x99, 0xa3, 0x99, 0xa3, 0x99, 0xc3,
  0x91, 0x82, 0xaa, 0x65, 0xc2, 0xe8, 0xc3, 0x08, 0xd3, 0x6a, 0xdb, 0xec,
  0xf4, 0x6d, 0xfc, 0xcf, 0xfd, 0x10, 0xfd, 0x30, 0xfd, 0x2e, 0xfd, 0x2f,
  0xfd, 0x4f, 0xfd, 0x70, 0xfd, 0x90, 0xfd, 0xb1, 0xfd, 0xd1, 0xfd, 0xd1,
  0xfd, 0x70, 0xfd, 0x90, 0xfd, 0x90, 0xfd, 0x90, 0xfd, 0x90, 0xfd, 0x90,
  0xfd, 0x90, 0xfd, 0x70, 0xfd, 0xaf, 0xfd, 0xcf, 0xfd, 0xcf, 0xfd, 0xcf,
  0xfd, 0xcf, 0xfd, 0xcf, 0xfd, 0xcf, 0xfd, 0xd0, 0xfd, 0xaf, 0xfd, 0xaf,
  0xfd, 0xaf, 0xfd, 0xaf, 0xfd, 0xaf, 0xfd, 0xaf, 0xfd, 0xaf, 0xfd, 0xaf,
  0xfd, 0x6f, 0xfd, 0x2e, 0xfd, 0x2e, 0xfd, 0x2e, 0xfd, 0x2e, 0xfd, 0x2e,
  0xfd, 0x2e, 0xfd, 0x2e, 0xfd, 0x2e, 0xfc, 0xac, 0xfc, 0xac, 0xfc, 0x6b,
  0xf4, 0x0a, 0xeb, 0xc8, 0xdb, 0x67, 0xd3, 0x26, 0xd3, 0x26, 0xaa, 0x65,
  0xa2, 0x44, 0xa2, 0x64, 0xa2, 0x64, 0xa2, 0x64, 0xa2, 0x64, 0xa2, 0x64,
  0xa2, 0x64, 0xa2, 0x64, 0xa2, 0x64, 0xa2, 0x64, 0xa2, 0x64, 0xa2, 0x64,
  0xa2, 0x64, 0xa2, 0x64, 0xa2, 0x44, 0xaa, 0x85, 0xb2, 0xe6, 0xb3, 0x06,
  0xbb, 0x27, 0xc3, 0x68, 0xcb, 0xa9, 0xcb, 0xc9, 0xd3, 0xea, 0xd4, 0x0a,
  0xcb, 0xc9, 0xcb, 0xc9, 0xcb, 0xa9, 0xc3, 0x88, 0xc3, 0x68, 0xbb, 0x47,
  0xbb, 0x27, 0xbb, 0x27, 0xc3, 0xe7, 0xcc, 0x07, 0xcc, 0x27, 0xcc, 0x48,
  0xd4, 0x69, 0xdc, 0x89, 0xdc, 0xaa, 0xdc, 0xaa, 0xe4, 0xea, 0xe4, 0xeb,
  0xe5, 0x0b, 0xed, 0x2b, 0xf5, 0x4c, 0xf5, 0x6d, 0xfd, 0x8d, 0xfd, 0xad,
  0xfd, 0x8e, 0xfd, 0x6e, 0xfd, 0x6d, 0xfd, 0x8d, 0xfd, 0x8c, 0xfd, 0xac,
  0xf5, 0xcc, 0xed, 0xcb, 0xf6, 0x2c, 0xff, 0x31, 0xff, 0x31, 0xff, 0x74,
  0xff, 0xd6, 0xff, 0xf9, 0xff, 0xfa, 0xff, 0xfd, 0xff, 0xfd, 0xff, 0xff,
  0xff, 0xff, 0xff, 0xff, 0xff, 0xff, 0xff, 0xff, 0xff, 0xff, 0xff, 0xff,
  0xff, 0xff, 0xff, 0xff, 0xff, 0xff, 0xff, 0xff, 0xff, 0xff, 0xff, 0xff,
  0xff, 0xff, 0xff, 0xff, 0xff, 0xff, 0xff, 0xff, 0xff, 0xff, 0xff, 0xff,
  0xff, 0xff, 0xff, 0xff, 0xff, 0xff, 0xff, 0xff, 0xff, 0xff, 0xff, 0xff,
  0xff, 0xff, 0xff, 0xff, 0xff, 0xff, 0xff, 0xff, 0xff, 0xff, 0x00, 0x00,
  0x00, 0x00, 0xc4, 0x48, 0xc4, 0x48, 0xb3, 0xa6, 0xb3, 0xa5, 0xab, 0x65,
  0xa3, 0x44, 0x9b, 0x03, 0x9a, 0xe2, 0x92, 0xa2, 0x92, 0xa1, 0x8a, 0xa4,
  0x8a, 0xa5, 0x8a, 0xa5, 0x8a, 0xa5, 0x8a, 0xa5, 0x8a, 0xa5, 0x8a, 0xa5,
  0x8a, 0xa5, 0x8a, 0x85, 0x8a, 0x85, 0x8a, 0x85, 0x8a, 0x85, 0x8a, 0x85,
  0x8a, 0x85, 0x8a, 0x85, 0x8a, 0x84, 0x8a, 0xa5, 0x8b, 0x07, 0x8a, 0xe7,
  0x8a, 0xe7, 0x8a, 0xe7, 0x8a, 0xe7, 0x8a, 0xe7, 0x8a, 0xc7, 0x8a, 0xe7,
  0xac, 0x0b, 0xab, 0xeb, 0xab, 0xcb, 0xa3, 0xaa, 0x9b, 0x89, 0x9b, 0x69,
  0x9b, 0x69, 0x93, 0x69, 0x92, 0xa6, 0x9a, 0x85, 0x9a, 0x85, 0x9a, 0x85,
  0x9a, 0x85, 0x9a, 0x85, 0x9a, 0x85, 0x9a, 0xa5, 0x8a, 0x44, 0x82, 0x03,
  0x8a, 0x23, 0x8a, 0x23, 0x8a, 0x23, 0x8a, 0x23, 0x8a, 0x23, 0x8a, 0x23,
  0x8a, 0x24, 0x8a, 0x04, 0x8a, 0x04, 0x8a, 0x04, 0x8a, 0x04, 0x8a, 0x04,
  0x8a, 0x04, 0x8a, 0x04, 0x8a, 0x24, 0x92, 0x45, 0x92, 0x45, 0x8a, 0x24,
  0x89, 0xe4, 0x81, 0xc3, 0x79, 0xa2, 0x79, 0x82, 0x71, 0x62, 0x91, 0xa2,
  0x99, 0xa2, 0x91, 0xa2, 0x91, 0x82, 0x91, 0x82, 0x91, 0x82, 0x91, 0x82,
  0x89, 0x41, 0xaa, 0x65, 0xcb, 0x49, 0xd3, 0x6a, 0xe3, 0xeb, 0xf4, 0x6e,
  0xfd, 0x10, 0xfd, 0x72, 0xfd, 0xd3, 0xfd, 0xb2, 0xfd, 0x0e, 0xfd, 0x2f,
  0xfd, 0x4f, 0xfd, 0x70, 0xfd, 0x90, 0xfd, 0xd1, 0xfd, 0xf1, 0xfd, 0xd1,
  0xfd, 0x4f, 0xfd, 0x4f, 0xfd, 0x4f, 0xfd, 0x4f, 0xfd, 0x4f, 0xfd, 0x4f,
  0xfd, 0x4f, 0xfd, 0x4f, 0xfd, 0xd0, 0xfd, 0xd0, 0xfd, 0xd0, 0xfd, 0xd0,
  0xfd, 0xd0, 0xfd, 0xd0, 0xfd, 0xd0, 0xfd, 0xd0, 0xfd, 0xaf, 0xfd, 0xaf,
  0xfd, 0xaf, 0xfd, 0xaf, 0xfd, 0xaf, 0xfd, 0xcf, 0xfd, 0xcf, 0xfd, 0xd0,
  0xfd, 0x8f, 0xfd, 0x2e, 0xfd, 0x4e, 0xfd, 0x4e, 0xfd, 0x4e, 0xfd, 0x4e,
  0xfd, 0x4e, 0xfd, 0x4f, 0xfd, 0x2e, 0xfc, 0xcc, 0xfc, 0xac, 0xfc, 0x6b,
  0xf4, 0x0a, 0xeb, 0xc8, 0xe3, 0x67, 0xdb, 0x26, 0xd3, 0x26, 0xaa, 0x65,
  0xa2, 0x44, 0xa2, 0x64, 0xa2, 0x64, 0xa2, 0x64, 0xa2, 0x64, 0xa2, 0x64,
  0xa2, 0x64, 0xa2, 0x64, 0xa2, 0x44, 0xa2, 0x44, 0xa2, 0x44, 0xa2, 0x44,
  0xa2, 0x44, 0xa2, 0x44, 0xa2, 0x44, 0xaa, 0x85, 0xb2, 0xe6, 0xb2, 0xe6,
  0xbb, 0x27, 0xc3, 0x68, 0xcb, 0xa9, 0xd3, 0xea, 0xd4, 0x0a, 0xd4, 0x0a,
  0xcb, 0xc9, 0xcb, 0xc9, 0xc3, 0x88, 0xc3, 0x68, 0xbb, 0x47, 0xbb, 0x27,
  0xb3, 0x06, 0xb2, 0xe6, 0xc3, 0xe7, 0xc4, 0x07, 0xcc, 0x07, 0xcc, 0x28,
  0xd4, 0x48, 0xd4, 0x69, 0xdc, 0x89, 0xdc, 0xa9, 0xe4, 0xca, 0xe4, 0xeb,
  0xe4, 0xeb, 0xed, 0x0b, 0xed, 0x4c, 0xf5, 0x6d, 0xfd, 0x8d, 0xfd, 0xad,
  0xfd, 0x8e, 0xfd, 0x4e, 0xfd, 0x6d, 0xfd, 0x6d, 0xfd, 0x8c, 0xf5, 0xab,
  0xf5, 0xac, 0xed, 0xab, 0xf6, 0x0c, 0xff, 0x31, 0xff, 0x31, 0xff, 0x94,
  0xff, 0xd6, 0xff, 0xfa, 0xff, 0xfb, 0xff, 0xfd, 0xff, 0xfd, 0xff, 0xff,
  0xff, 0xff, 0xff, 0xff, 0xff, 0xff, 0xff, 0xff, 0xff, 0xff, 0xff, 0xff,
  0xff, 0xff, 0xff, 0xff, 0xff, 0xff, 0xff, 0xff, 0xff, 0xff, 0xff, 0xff,
  0xff, 0xff, 0xff, 0xff, 0xff, 0xff, 0xff, 0xff, 0xff, 0xff, 0xff, 0xff,
  0xff, 0xff, 0xff, 0xff, 0xff, 0xff, 0xff, 0xff, 0xff, 0xff, 0xff, 0xff,
  0xff, 0xff, 0xff, 0xff, 0xff, 0xff, 0xff, 0xff, 0xff, 0xff, 0x00, 0x00,
  0x00, 0x00, 0xd4, 0xa9, 0xd4, 0xa9, 0xbc, 0x07, 0xbb, 0xe7, 0xb3, 0xc6,
  0xab, 0x85, 0xa3, 0x44, 0x9b, 0x03, 0x92, 0xc2, 0x92, 0xa1, 0x92, 0xc5,
  0x92, 0xc6, 0x92, 0xc5, 0x92, 0xc5, 0x92, 0xc5, 0x92, 0xc5, 0x92, 0xc5,
  0x92, 0xc6, 0x8a, 0xa5, 0x8a, 0x84, 0x8a, 0x85, 0x8a, 0x85, 0x8a, 0x85,
  0x8a, 0x85, 0x8a, 0x85, 0x8a, 0x84, 0x8a, 0xa5, 0x82, 0xa6, 0x82, 0xc6,
  0x82, 0xc6, 0x8a, 0xc7, 0x8a, 0xe7, 0x8a, 0xe7, 0x8a, 0xe7, 0x8b, 0x07,
  0xb4, 0x2c, 0xac, 0x0b, 0xab, 0xeb, 0xa3, 0xaa, 0x9b, 0x89, 0x9b, 0x69,
  0x93, 0x48, 0x93, 0x28, 0x9a, 0xc6, 0x9a, 0xa6, 0x9a, 0xa6, 0x9a, 0xa6,
  0x9a, 0xa6, 0x9a, 0xa6, 0x9a, 0xa6, 0x9a, 0xc6, 0x92, 0x85, 0x8a, 0x44,
  0x8a, 0x44, 0x8a, 0x44, 0x8a, 0x44, 0x8a, 0x44, 0x8a, 0x44, 0x8a, 0x44,
  0x92, 0x44, 0x92, 0x45, 0x92, 0x45, 0x92, 0x45, 0x92, 0x45, 0x92, 0x45,
  0x92, 0x45, 0x92, 0x45, 0x92, 0x45, 0x92, 0x45, 0x92, 0x45, 0x92, 0x45,
  0x92, 0x45, 0x92, 0x45, 0x92, 0x45, 0x92, 0x25, 0x92, 0x45, 0xa2, 0x04,
  0xa2, 0x04, 0xa2, 0x24, 0xaa, 0x45, 0xb2, 0x66, 0xb2, 0xa6, 0xba, 0xc7,
  0xba, 0xa7, 0xd3, 0xaa, 0xec, 0x4d, 0xec, 0x6d, 0xf4, 0xae, 0xfd, 0x10,
  0xfd, 0x51, 0xfd, 0xb2, 0xfd, 0xf3, 0xfd, 0xd2, 0xfd, 0x6f, 0xfd, 0x90,
  0xfd, 0x90, 0xfd, 0xb0, 0xfd, 0xb1, 0xfd, 0xd1, 0xfd, 0xf1, 0xfd, 0xd1,
  0xfd, 0x90, 0xfd, 0xb0, 0xfd, 0xb0, 0xfd, 0xb0, 0xfd, 0xb0, 0xfd, 0xb0,
  0xfd, 0xb0, 0xfd, 0x90, 0xfd, 0xf0, 0xfe, 0x10, 0xfd, 0xf0, 0xfd, 0xf0,
  0xfd, 0xf0, 0xfd, 0xf0, 0xfd, 0xf0, 0xfd, 0xf0, 0xfd, 0xf0, 0xfd, 0xd0,
  0xfd, 0xd0, 0xfd, 0xcf, 0xfd, 0xaf, 0xfd, 0xaf, 0xfd, 0x8f, 0xfd, 0x8f,
  0xfd, 0x6e, 0xfd, 0x4f, 0xfd, 0x4f, 0xfd, 0x4f, 0xfd, 0x4f, 0xfd, 0x4f,
  0xfd, 0x4f, 0xfd, 0x4f, 0xfd, 0x2e, 0xfc, 0x8c, 0xfc, 0x8b, 0xfc, 0x4a,
  0xeb, 0xe9, 0xe3, 0xa8, 0xdb, 0x47, 0xd3, 0x06, 0xd2, 0xe5, 0xaa, 0x65,
  0xa2, 0x65, 0xaa, 0x65, 0xaa, 0x65, 0xaa, 0x65, 0xaa, 0x65, 0xaa, 0x65,
  0xaa, 0x65, 0xaa, 0x65, 0xaa, 0x65, 0xaa, 0x65, 0xaa, 0x65, 0xaa, 0x65,
  0xaa, 0x65, 0xaa, 0x65, 0xaa, 0x65, 0xaa, 0xa5, 0xb3, 0x26, 0xbb, 0x07,
  0xbb, 0x27, 0xbb, 0x47, 0xc3, 0x68, 0xc3, 0x88, 0xcb, 0xa9, 0xc3, 0x88,
  0xb3, 0x06, 0xbb, 0x27, 0xbb, 0x27, 0xbb, 0x27, 0xbb, 0x27, 0xbb, 0x27,
  0xbb, 0x27, 0xbb, 0x27, 0xcc, 0x28, 0xd4, 0x48, 0xd4, 0x68, 0xd4, 0x89,
  0xdc, 0xaa, 0xe4, 0xca, 0xe4, 0xeb, 0xe4, 0xeb, 0xed, 0x2c, 0xed, 0x4c,
  0xed, 0x4c, 0xf5, 0x4c, 0xf5, 0x6c, 0xf5, 0x6d, 0xfd, 0x8d, 0xfd, 0x8d,
  0xfd, 0x8e, 0xfd, 0x6e, 0xfd, 0x8e, 0xfd, 0xad, 0xfd, 0xcd, 0xfd, 0xed,
  0xfe, 0x0d, 0xf6, 0x2c, 0xfe, 0x8e, 0xff, 0x93, 0xff, 0x93, 0xff, 0xd6,
  0xff, 0xf7, 0xff, 0xfa, 0xff, 0xfb, 0xff, 0xfd, 0xff, 0xfd, 0xff, 0xff,
  0xff, 0xff, 0xff, 0xff, 0xff, 0xff, 0xff, 0xff, 0xff, 0xff, 0xff, 0xff,
  0xff, 0xff, 0xff, 0xff, 0xff, 0xff, 0xff, 0xff, 0xff, 0xff, 0xff, 0xff,
  0xff, 0xff, 0xff, 0xff, 0xff, 0xff, 0xff, 0xff, 0xff, 0xff, 0xff, 0xff,
  0xff, 0xff, 0xff, 0xff, 0xff, 0xff, 0xff, 0xff, 0xff, 0xff, 0xff, 0xff,
  0xff, 0xff, 0xff, 0xff, 0xff, 0xff, 0xff, 0xff, 0xff, 0xff, 0x00, 0x00,
  0x00, 0x00, 0x00, 0x00, 0xdc, 0xeb, 0xcc, 0x69, 0xc4, 0x48, 0xbc, 0x07,
  0xb3, 0xc6, 0xab, 0x64, 0xa3, 0x23, 0x92, 0xc2, 0x92, 0xa1, 0x92, 0xe5,
  0x9b, 0x07, 0x9b, 0x06, 0x9b, 0x06, 0x9b, 0x06, 0x9b, 0x06, 0x9b, 0x06,
  0x9b, 0x07, 0x92, 0xc5, 0x82, 0x84, 0x8a, 0x84, 0x8a, 0x84, 0x8a, 0x84,
  0x8a, 0x84, 0x8a, 0x84, 0x8a, 0x84, 0x82, 0x84, 0x7a, 0x65, 0x7a, 0x85,
  0x82, 0xa6, 0x82, 0xc6, 0x8a, 0xe7, 0x93, 0x08, 0x93, 0x28, 0x93, 0x48,
  0xb4, 0x4c, 0xb4, 0x2c, 0xab, 0xeb, 0xa3, 0xca, 0x9b, 0x89, 0x9b, 0x49,
  0x93, 0x08, 0x8b, 0x07, 0x9a, 0xe7, 0xa2, 0xe6, 0xa2, 0xe6, 0xa2, 0xe6,
  0xa2, 0xe6, 0xa2, 0xe6, 0xa2, 0xe6, 0xa2, 0xe6, 0x9a, 0xa6, 0x92, 0x85,
  0x92, 0x85, 0x92, 0x85, 0x92, 0x85, 0x92, 0x85, 0x92, 0x85, 0x92, 0x85,
  0x92, 0x85, 0x92, 0x65, 0x92, 0x65, 0x92, 0x65, 0x92, 0x65, 0x92, 0x65,
  0x92, 0x65, 0x92, 0x65, 0x92, 0x65, 0x92, 0x45, 0x92, 0x45, 0x9a, 0x66,
  0x9a, 0x86, 0xa2, 0xc7, 0xa2, 0xe8, 0xab, 0x08, 0xab, 0x29, 0xb2, 0xa6,
  0xb2, 0xa6, 0xba, 0xe7, 0xcb, 0x29, 0xd3, 0x8a, 0xe3, 0xec, 0xec, 0x2d,
  0xec, 0x4d, 0xfc, 0xef, 0xfd, 0x51, 0xfd, 0x31, 0xfd, 0x51, 0xfd, 0x71,
  0xfd, 0x92, 0xfd, 0x92, 0xfd, 0x92, 0xfd, 0xd2, 0xfd, 0xf1, 0xfd, 0xf1,
  0xfd, 0xf1, 0xfd, 0xd1, 0xfd, 0xd1, 0xfd, 0xd1, 0xfd, 0xd1, 0xfd, 0xd1,
  0xfe, 0x12, 0xfe, 0x12, 0xfe, 0x12, 0xfe, 0x12, 0xfe, 0x12, 0xfe, 0x12,
  0xfe, 0x12, 0xfe, 0x12, 0xfe, 0x11, 0xfe, 0x11, 0xfe, 0x11, 0xfe, 0x11,
  0xfe, 0x11, 0xfe, 0x11, 0xfe, 0x11, 0xfe, 0x11, 0xfe, 0x11, 0xfd, 0xf0,
  0xfd, 0xf0, 0xfd, 0xcf, 0xfd, 0x8f, 0xfd, 0x6e, 0xfd, 0x4e, 0xfd, 0x2d,
  0xfd, 0x2e, 0xfd, 0x4f, 0xfd, 0x4f, 0xfd, 0x4f, 0xfd, 0x4f, 0xfd, 0x4f,
  0xfd, 0x4f, 0xfd, 0x4f, 0xfd, 0x2e, 0xfc, 0x6b, 0xfc, 0x6b, 0xf4, 0x0a,
  0xeb, 0xc8, 0xdb, 0x67, 0xd3, 0x26, 0xca, 0xe5, 0xca, 0xc4, 0xaa, 0x85,
  0xaa, 0x65, 0xaa, 0x65, 0xaa, 0x65, 0xaa, 0x65, 0xaa, 0x65, 0xaa, 0x65,
  0xaa, 0x65, 0xaa, 0x85, 0xaa, 0x85, 0xaa, 0x85, 0xaa, 0x85, 0xaa, 0x85,
  0xaa, 0x85, 0xaa, 0x85, 0xaa, 0x85, 0xb2, 0xe6, 0xbb, 0x67, 0xbb, 0x47,
  0xbb, 0x47, 0xbb, 0x27, 0xbb, 0x27, 0xbb, 0x27, 0xbb, 0x27, 0xb3, 0x06,
  0xa2, 0x84, 0xaa, 0xa5, 0xaa, 0xc5, 0xb2, 0xe6, 0xb3, 0x06, 0xbb, 0x47,
  0xbb, 0x47, 0xc3, 0x68, 0xdc, 0x89, 0xdc, 0xa9, 0xdc, 0xaa, 0xe4, 0xca,
  0xe4, 0xeb, 0xed, 0x0b, 0xed, 0x2c, 0xed, 0x4c, 0xf5, 0x8d, 0xfd, 0x8d,
  0xfd, 0x8d, 0xfd, 0x8d, 0xfd, 0x8d, 0xf5, 0x8d, 0xf5, 0x8d, 0xf5, 0x8d,
  0xfd, 0x8d, 0xfd, 0x8f, 0xfd, 0xae, 0xfd, 0xce, 0xfe, 0x0f, 0xfe, 0x4e,
  0xfe, 0x8f, 0xfe, 0xae, 0xff, 0x10, 0xff, 0xf4, 0xff, 0xf4, 0xff, 0xf7,
  0xff, 0xf7, 0xff, 0xfa, 0xff, 0xfb, 0xff, 0xfd, 0xff, 0xfd, 0xff, 0xff,
  0xff, 0xff, 0xff, 0xff, 0xff, 0xff, 0xff, 0xff, 0xff, 0xff, 0xff, 0xff,
  0xff, 0xff, 0xff, 0xff, 0xff, 0xff, 0xff, 0xff, 0xff, 0xff, 0xff, 0xff,
  0xff, 0xff, 0xff, 0xff, 0xff, 0xff, 0xff, 0xff, 0xff, 0xff, 0xff, 0xff,
  0xff, 0xff, 0xff, 0xff, 0xff, 0xff, 0xff, 0xff, 0xff, 0xff, 0xff, 0xff,
  0xff, 0xff, 0xff, 0xff, 0xff, 0xff, 0xff, 0xff, 0x00, 0x00, 0x00, 0x00,
  0x00, 0x00, 0x00, 0x00, 0xdc, 0xea, 0xc4, 0x48, 0xc4, 0x48, 0xbc, 0x07,
  0xb3, 0xc6, 0xab, 0x64, 0x9b, 0x03, 0x92, 0xc2, 0x92, 0xa1, 0x92, 0xe5,
  0x93, 0x06, 0x93, 0x06, 0x93, 0x06, 0x93, 0x06, 0x93, 0x06, 0x93, 0x06,
  0x9b, 0x06, 0x92, 0xc5, 0x82, 0x84, 0x8a, 0x84, 0x8a, 0x84, 0x8a, 0x84,
  0x8a, 0x84, 0x8a, 0x84, 0x8a, 0x84, 0x82, 0x85, 0x7a, 0x65, 0x7a, 0x85,
  0x82, 0xa6, 0x82, 0xc6, 0x8a, 0xe7, 0x8b, 0x07, 0x93, 0x08, 0x93, 0x28,
  0xb4, 0x4c, 0xb4, 0x2c, 0xab, 0xeb, 0xa3, 0xca, 0x9b, 0x89, 0x9b, 0x49,
  0x93, 0x28, 0x8b, 0x08, 0x9a, 0xe6, 0xa2, 0xc6, 0xa2, 0xc6, 0xa2, 0xc6,
  0xa2, 0xc6, 0xa2, 0xc6, 0xa2, 0xc6, 0xa2, 0xe6, 0x9a, 0xa5, 0x92, 0x65,
  0x92, 0x85, 0x92, 0x85, 0x92, 0x85, 0x92, 0x85, 0x92, 0x85, 0x92, 0x85,
  0x92, 0x65, 0x92, 0x65, 0x92, 0x65, 0x92, 0x65, 0x92, 0x65, 0x92, 0x65,
  0x92, 0x65, 0x92, 0x65, 0x92, 0x65, 0x9a, 0x66, 0x9a, 0x86, 0x9a, 0x86,
  0x9a, 0xa7, 0xa2, 0xc7, 0xaa, 0xe8, 0xab, 0x08, 0xab, 0x28, 0xc3, 0x28,
  0xcb, 0x29, 0xcb, 0x49, 0xd3, 0xaa, 0xdb, 0xeb, 0xe4, 0x2c, 0xec, 0x6d,
  0xf4, 0x6e, 0xfc, 0xcf, 0xfd, 0x10, 0xfd, 0x10, 0xfd, 0x30, 0xfd, 0x51,
  0xfd, 0x72, 0xfd, 0x92, 0xfd, 0xb3, 0xfd, 0xd2, 0xfd, 0xd1, 0xfd, 0xd1,
  0xfd, 0xd1, 0xfd, 0xd1, 0xfd, 0xd1, 0xfd, 0xd1, 0xfd, 0xd1, 0xfd, 0xd1,
  0xfd, 0xf1, 0xfd, 0xf1, 0xfd, 0xf1, 0xfd, 0xf1, 0xfd, 0xf1, 0xfd, 0xf1,
  0xfd, 0xf1, 0xfd, 0xf1, 0xfe, 0x11, 0xfe, 0x11, 0xfe, 0x11, 0xfe, 0x11,
  0xfe, 0x11, 0xfe, 0x11, 0xfe, 0x11, 0xfe, 0x11, 0xfe, 0x11, 0xfd, 0xf0,
  0xfd, 0xf0, 0xfd, 0xcf, 0xfd, 0xaf, 0xfd, 0x6e, 0xfd, 0x6e, 0xfd, 0x4e,
  0xfd, 0x4e, 0xfd, 0x4f, 0xfd, 0x4f, 0xfd, 0x4f, 0xfd, 0x4f, 0xfd, 0x4f,
  0xfd, 0x4f, 0xfd, 0x4f, 0xfd, 0x2e, 0xfc, 0x6b, 0xfc, 0x6b, 0xf4, 0x0a,
  0xeb, 0xc9, 0xe3, 0x67, 0xd3, 0x26, 0xca, 0xe5, 0xca, 0xc5, 0xaa, 0x85,
  0xaa, 0x65, 0xaa, 0x65, 0xaa, 0x65, 0xaa, 0x65, 0xaa, 0x65, 0xaa, 0x65,
  0xaa, 0x65, 0xaa, 0x85, 0xaa, 0x85, 0xaa, 0x85, 0xaa, 0x85, 0xaa, 0x85,
  0xaa, 0x85, 0xaa, 0x85, 0xaa, 0x65, 0xb2, 0xc6, 0xbb, 0x47, 0xbb, 0x27,
  0xbb, 0x47, 0xbb, 0x47, 0xbb, 0x47, 0xbb, 0x47, 0xbb, 0x47, 0xbb, 0x27,
  0xaa, 0xc5, 0xaa, 0xc5, 0xb2, 0xe6, 0xb3, 0x06, 0xbb, 0x27, 0xbb, 0x47,
  0xc3, 0x68, 0xc3, 0x68, 0xd4, 0x69, 0xdc, 0x89, 0xdc, 0xaa, 0xdc, 0xca,
  0xe4, 0xeb, 0xed, 0x0b, 0xed, 0x2c, 0xed, 0x2c, 0xf5, 0x6d, 0xf5, 0x8d,
  0xf5, 0x8d, 0xf5, 0x8d, 0xf5, 0x8d, 0xf5, 0x8d, 0xf5, 0x8d, 0xf5, 0x8d,
  0xfd, 0x8d, 0xfd, 0x8f, 0xfd, 0xae, 0xfd, 0xce, 0xfe, 0x0e, 0xfe, 0x4e,
  0xfe, 0x6e, 0xfe, 0x8e, 0xfe, 0xf0, 0xff, 0xd4, 0xff, 0xd4, 0xff, 0xf7,
  0xff, 0xf7, 0xff, 0xfa, 0xff, 0xfb, 0xff, 0xfd, 0xff, 0xfd, 0xff, 0xff,
  0xff, 0xff, 0xff, 0xff, 0xff, 0xff, 0xff, 0xff, 0xff, 0xff, 0xff, 0xff,
  0xff, 0xff, 0xff, 0xff, 0xff, 0xff, 0xff, 0xff, 0xff, 0xff, 0xff, 0xff,
  0xff, 0xff, 0xff, 0xff, 0xff, 0xff, 0xff, 0xff, 0xff, 0xff, 0xff, 0xff,
  0xff, 0xff, 0xff, 0xff, 0xff, 0xff, 0xff, 0xff, 0xff, 0xff, 0xff, 0xff,
  0xff, 0xff, 0xff, 0xff, 0xff, 0xff, 0xff, 0xff, 0x00, 0x00, 0x00, 0x00,
  0x00, 0x00, 0x00, 0x00, 0xdc, 0xea, 0xcc, 0x68, 0xc4, 0x48, 0xbc, 0x07,
  0xb3, 0xc6, 0xab, 0x64, 0x9b, 0x03, 0x92, 0xc2, 0x92, 0xa1, 0x92, 0xe5,
  0x93, 0x06, 0x93, 0x06, 0x93, 0x06, 0x93, 0x06, 0x93, 0x06, 0x93, 0x06,
  0x9b, 0x06, 0x92, 0xc5, 0x82, 0x84, 0x8a, 0x84, 0x8a, 0x84, 0x8a, 0x84,
  0x8a, 0x84, 0x8a, 0x84, 0x8a, 0x84, 0x82, 0x85, 0x7a, 0x65, 0x7a, 0x85,
  0x82, 0xa6, 0x82, 0xc6, 0x8a, 0xe7, 0x8b, 0x07, 0x93, 0x08, 0x93, 0x28,
  0xb4, 0x4c, 0xb4, 0x2c, 0xab, 0xeb, 0xa3, 0xca, 0x9b, 0x89, 0x9b, 0x49,
  0x93, 0x28, 0x8b, 0x08, 0x9a, 0xe6, 0xa2, 0xc6, 0xa2, 0xc6, 0xa2, 0xc6,
  0xa2, 0xc6, 0xa2, 0xc6, 0xa2, 0xc6, 0xa2, 0xe6, 0x9a, 0xa5, 0x92, 0x65,
  0x92, 0x85, 0x92, 0x85, 0x92, 0x85, 0x92, 0x85, 0x92, 0x85, 0x92, 0x85,
  0x92, 0x65, 0x92, 0x65, 0x92, 0x65, 0x92, 0x65, 0x92, 0x65, 0x92, 0x65,
  0x92, 0x65, 0x92, 0x65, 0x92, 0x65, 0xa2, 0xa7, 0xa2, 0xc7, 0xa2, 0xe7,
  0xab, 0x08, 0xab, 0x28, 0xb3, 0x49, 0xb3, 0x69, 0xb3, 0x69, 0xdb, 0xcb,
  0xe4, 0x0c, 0xe4, 0x2c, 0xec, 0x4d, 0xf4, 0x8e, 0xfc, 0xaf, 0xfc, 0xef,
  0xfd, 0x10, 0xfd, 0x10, 0xfc, 0xf0, 0xfd, 0x10, 0xfd, 0x30, 0xfd, 0x51,
  0xfd, 0x72, 0xfd, 0x92, 0xfd, 0xb3, 0xfd, 0xd2, 0xfd, 0xd1, 0xfd, 0xd1,
  0xfd, 0xd1, 0xfd, 0xd1, 0xfd, 0xd1, 0xfd, 0xd1, 0xfd, 0xd1, 0xfd, 0xd1,
  0xfd, 0xf2, 0xfd, 0xf2, 0xfd, 0xf2, 0xfd, 0xf2, 0xfd, 0xf2, 0xfd, 0xf2,
  0xfd, 0xf2, 0xfd, 0xf2, 0xfe, 0x11, 0xfe, 0x11, 0xfe, 0x11, 0xfe, 0x11,
  0xfe, 0x11, 0xfe, 0x11, 0xfe, 0x11, 0xfe, 0x11, 0xfe, 0x11, 0xfd, 0xf0,
  0xfd, 0xf0, 0xfd, 0xcf, 0xfd, 0xaf, 0xfd, 0x6e, 0xfd, 0x6e, 0xfd, 0x4e,
  0xfd, 0x4e, 0xfd, 0x4f, 0xfd, 0x4f, 0xfd, 0x4f, 0xfd, 0x4f, 0xfd, 0x4f,
  0xfd, 0x4f, 0xfd, 0x4f, 0xfd, 0x2e, 0xfc, 0x6b, 0xfc, 0x6b, 0xf4, 0x0a,
  0xeb, 0xc9, 0xe3, 0x67, 0xd3, 0x26, 0xca, 0xe5, 0xca, 0xc5, 0xaa, 0x85,
  0xaa, 0x65, 0xaa, 0x65, 0xaa, 0x65, 0xaa, 0x65, 0xaa, 0x65, 0xaa, 0x65,
  0xaa, 0x65, 0xaa, 0x85, 0xaa, 0x85, 0xaa, 0x85, 0xaa, 0x85, 0xaa, 0x85,
  0xaa, 0x85, 0xaa, 0x85, 0xaa, 0x65, 0xb2, 0xc6, 0xbb, 0x47, 0xbb, 0x27,
  0xbb, 0x47, 0xbb, 0x47, 0xbb, 0x47, 0xbb, 0x47, 0xbb, 0x47, 0xbb, 0x27,
  0xaa, 0xc5, 0xb2, 0xe6, 0xb3, 0x06, 0xbb, 0x27, 0xbb, 0x47, 0xc3, 0x68,
  0xc3, 0x88, 0xc3, 0x88, 0xd4, 0x69, 0xdc, 0x89, 0xdc, 0xaa, 0xdc, 0xca,
  0xe4, 0xeb, 0xed, 0x0b, 0xed, 0x2c, 0xed, 0x2c, 0xf5, 0x6d, 0xfd, 0x8d,
  0xf5, 0x8d, 0xf5, 0x8d, 0xf5, 0x8d, 0xf5, 0x8d, 0xf5, 0x8d, 0xf5, 0x8d,
  0xfd, 0x8d, 0xfd, 0x8f, 0xfd, 0xae, 0xfd, 0xce, 0xfe, 0x0e, 0xfe, 0x4e,
  0xfe, 0x6f, 0xfe, 0x8e, 0xfe, 0xf0, 0xff, 0xf4, 0xff, 0xd4, 0xff, 0xf7,
  0xff, 0xf7, 0xff, 0xfa, 0xff, 0xfb, 0xff, 0xfd, 0xff, 0xfd, 0xff, 0xff,
  0xff, 0xff, 0xff, 0xff, 0xff, 0xff, 0xff, 0xff, 0xff, 0xff, 0xff, 0xff,
  0xff, 0xff, 0xff, 0xff, 0xff, 0xff, 0xff, 0xff, 0xff, 0xff, 0xff, 0xff,
  0xff, 0xff, 0xff, 0xff, 0xff, 0xff, 0xff, 0xff, 0xff, 0xff, 0xff, 0xff,
  0xff, 0xff, 0xff, 0xff, 0xff, 0xff, 0xff, 0xff, 0xff, 0xff, 0xff, 0xff,
  0xff, 0xff, 0xff, 0xff, 0xff, 0xff, 0xff, 0xff, 0x00, 0x00, 0x00, 0x00,
  0x00, 0x00, 0x00, 0x00, 0xdc, 0xea, 0xcc, 0x68, 0xc4, 0x48, 0xbc, 0x07,
  0xb3, 0xc6, 0xab, 0x64, 0x9b, 0x03, 0x92, 0xc2, 0x92, 0xa1, 0x92, 0xe5,
  0x93, 0x06, 0x93, 0x06, 0x93, 0x06, 0x93, 0x06, 0x93, 0x06, 0x93, 0x06,
  0x9b, 0x06, 0x92, 0xc5, 0x82, 0x84, 0x8a, 0x84, 0x8a, 0x84, 0x8a, 0x84,
  0x8a, 0x84, 0x8a, 0x84, 0x8a, 0x84, 0x82, 0x85, 0x7a, 0x65, 0x7a, 0x85,
  0x82, 0xa6, 0x82, 0xc6, 0x8a, 0xe7, 0x8b, 0x07, 0x93, 0x08, 0x93, 0x28,
  0xb4, 0x4c, 0xb4, 0x2c, 0xab, 0xeb, 0xa3, 0xca, 0x9b, 0x89, 0x9b, 0x49,
  0x93, 0x28, 0x8b, 0x08, 0x9a, 0xe6, 0xa2, 0xc6, 0xa2, 0xc6, 0xa2, 0xc6,
  0xa2, 0xc6, 0xa2, 0xc6, 0xa2, 0xc6, 0xa2, 0xe6, 0x9a, 0xa5, 0x92, 0x65,
  0x92, 0x85, 0x92, 0x85, 0x92, 0x85, 0x92, 0x85, 0x92, 0x85, 0x92, 0x85,
  0x92, 0x65, 0x92, 0x65, 0x92, 0x65, 0x92, 0x65, 0x92, 0x65, 0x92, 0x65,
  0x92, 0x65, 0x92, 0x45, 0x92, 0x65, 0xab, 0x08, 0xab, 0x08, 0xab, 0x29,
  0xb3, 0x49, 0xb3, 0x6a, 0xbb, 0x8a, 0xc3, 0xab, 0xbb, 0xaa, 0xec, 0x6e,
  0xf4, 0xae, 0xf4, 0xae, 0xfc, 0xcf, 0xfc, 0xf0, 0xfd, 0x10, 0xfd, 0x31,
  0xfd, 0x51, 0xfd, 0x10, 0xfc, 0xf0, 0xfd, 0x10, 0xfd, 0x30, 0xfd, 0x51,
  0xfd, 0x72, 0xfd, 0x92, 0xfd, 0xb3, 0xfd, 0xd2, 0xfd, 0xd1, 0xfd, 0xd1,
  0xfd, 0xd1, 0xfd, 0xd1, 0xfd, 0xd1, 0xfd, 0xd1, 0xfd, 0xd1, 0xfd, 0xd1,
  0xfd, 0xf2, 0xfd, 0xf2, 0xfd, 0xf2, 0xfd, 0xf2, 0xfd, 0xf2, 0xfd, 0xf2,
  0xfd, 0xf2, 0xfd, 0xf2, 0xfe, 0x11, 0xfe, 0x11, 0xfe, 0x11, 0xfe, 0x11,
  0xfe, 0x11, 0xfe, 0x11, 0xfe, 0x11, 0xfe, 0x11, 0xfe, 0x11, 0xfd, 0xf0,
  0xfd, 0xf0, 0xfd, 0xcf, 0xfd, 0xaf, 0xfd, 0x6e, 0xfd, 0x6e, 0xfd, 0x4e,
  0xfd, 0x4e, 0xfd, 0x4f, 0xfd, 0x4f, 0xfd, 0x4f, 0xfd, 0x4f, 0xfd, 0x4f,
  0xfd, 0x4f, 0xfd, 0x4f, 0xfd, 0x2e, 0xfc, 0x6b, 0xfc, 0x6b, 0xf4, 0x0a,
  0xeb, 0xc9, 0xe3, 0x67, 0xd3, 0x26, 0xca, 0xe5, 0xca, 0xc5, 0xaa, 0x85,
  0xaa, 0x65, 0xaa, 0x65, 0xaa, 0x65, 0xaa, 0x65, 0xaa, 0x65, 0xaa, 0x65,
  0xaa, 0x65, 0xaa, 0x85, 0xaa, 0x85, 0xaa, 0x85, 0xaa, 0x85, 0xaa, 0x85,
  0xaa, 0x85, 0xaa, 0x85, 0xaa, 0x65, 0xb2, 0xc6, 0xbb, 0x47, 0xbb, 0x27,
  0xbb, 0x47, 0xbb, 0x47, 0xbb, 0x47, 0xbb, 0x47, 0xbb, 0x47, 0xbb, 0x27,
  0xb2, 0xe6, 0xb3, 0x06, 0xbb, 0x27, 0xbb, 0x47, 0xc3, 0x68, 0xc3, 0x88,
  0xcb, 0xa9, 0xcb, 0xa9, 0xd4, 0x69, 0xdc, 0x89, 0xdc, 0xaa, 0xdc, 0xca,
  0xe4, 0xeb, 0xed, 0x0b, 0xed, 0x2c, 0xed, 0x2c, 0xf5, 0x6d, 0xfd, 0x8d,
  0xf5, 0x8d, 0xf5, 0x8d, 0xf5, 0x8d, 0xf5, 0x8d, 0xf5, 0x8d, 0xf5, 0x8d,
  0xfd, 0x8d, 0xfd, 0x8f, 0xfd, 0xae, 0xfd, 0xce, 0xfe, 0x0e, 0xfe, 0x4e,
  0xfe, 0x6f, 0xfe, 0x8e, 0xfe, 0xf0, 0xff, 0xf4, 0xff, 0xd4, 0xff, 0xf7,
  0xff, 0xf7, 0xff, 0xfa, 0xff, 0xfb, 0xff, 0xfd, 0xff, 0xfd, 0xff, 0xff,
  0xff, 0xff, 0xff, 0xff, 0xff, 0xff, 0xff, 0xff, 0xff, 0xff, 0xff, 0xff,
  0xff, 0xff, 0xff, 0xff, 0xff, 0xff, 0xff, 0xff, 0xff, 0xff, 0xff, 0xff,
  0xff, 0xff, 0xff, 0xff, 0xff, 0xff, 0xff, 0xff, 0xff, 0xff, 0xff, 0xff,
  0xff, 0xff, 0xff, 0xff, 0xff, 0xff, 0xff, 0xff, 0xff, 0xff, 0xff, 0xff,
  0xff, 0xff, 0xff, 0xff, 0xff, 0xff, 0xff, 0xff, 0x00, 0x00, 0x00, 0x00,
  0x00, 0x00, 0x00, 0x00, 0xdc, 0xea, 0xcc, 0x68, 0xc4, 0x48, 0xbc, 0x07,
  0xb3, 0xc6, 0xab, 0x64, 0x9b, 0x03, 0x92, 0xc2, 0x92, 0xa1, 0x92, 0xe5,
  0x93, 0x06, 0x93, 0x06, 0x93, 0x06, 0x93, 0x06, 0x93, 0x06, 0x93, 0x06,
  0x9b, 0x06, 0x92, 0xc5, 0x82, 0x84, 0x8a, 0x84, 0x8a, 0x84, 0x8a, 0x84,
  0x8a, 0x84, 0x8a, 0x84, 0x8a, 0x84, 0x82, 0x85, 0x7a, 0x65, 0x7a, 0x85,
  0x82, 0xa6, 0x82, 0xc6, 0x8a, 0xe7, 0x8b, 0x07, 0x93, 0x08, 0x93, 0x28,
  0xb4, 0x4c, 0xb4, 0x2c, 0xab, 0xeb, 0xa3, 0xca, 0x9b, 0x89, 0x9b, 0x49,
  0x93, 0x28, 0x8b, 0x08, 0x9a, 0xe6, 0xa2, 0xc6, 0xa2, 0xc6, 0xa2, 0xc6,
  0xa2, 0xc6, 0xa2, 0xc6, 0xa2, 0xc6, 0xa2, 0xe6, 0x9a, 0xa5, 0x92, 0x65,
  0x92, 0x85, 0x92, 0x85, 0x92, 0x85, 0x92, 0x85, 0x92, 0x85, 0x92, 0x85,
  0x92, 0x65, 0x92, 0x65, 0x92, 0x65, 0x92, 0x65, 0x92, 0x65, 0x92, 0x65,
  0x92, 0x65, 0x92, 0x45, 0x92, 0x66, 0xb3, 0x69, 0xb3, 0x69, 0xbb, 0x8a,
  0xbb, 0xaa, 0xc3, 0xcb, 0xc3, 0xeb, 0xcc, 0x0c, 0xcc, 0x0c, 0xf4, 0xcf,
  0xfc, 0xef, 0xfc, 0xef, 0xfc, 0xf0, 0xfd, 0x10, 0xfd, 0x30, 0xfd, 0x31,
  0xfd, 0x51, 0xfd, 0x10, 0xfc, 0xf0, 0xfd, 0x10, 0xfd, 0x30, 0xfd, 0x51,
  0xfd, 0x72, 0xfd, 0x92, 0xfd, 0xb3, 0xfd, 0xd2, 0xfd, 0xd1, 0xfd, 0xd1,
  0xfd, 0xd1, 0xfd, 0xd1, 0xfd, 0xd1, 0xfd, 0xd1, 0xfd, 0xd1, 0xfd, 0xd1,
  0xfd, 0xf2, 0xfd, 0xf2, 0xfd, 0xf2, 0xfd, 0xf2, 0xfd, 0xf2, 0xfd, 0xf2,
  0xfd, 0xf2, 0xfd, 0xf2, 0xfe, 0x11, 0xfe, 0x11, 0xfe, 0x11, 0xfe, 0x11,
  0xfe, 0x11, 0xfe, 0x11, 0xfe, 0x11, 0xfe, 0x11, 0xfe, 0x11, 0xfd, 0xf0,
  0xfd, 0xf0, 0xfd, 0xcf, 0xfd, 0xaf, 0xfd, 0x6e, 0xfd, 0x6e, 0xfd, 0x4e,
  0xfd, 0x4e, 0xfd, 0x4f, 0xfd, 0x4f, 0xfd, 0x4f, 0xfd, 0x4f, 0xfd, 0x4f,
  0xfd, 0x4f, 0xfd, 0x4f, 0xfd, 0x2e, 0xfc, 0x6b, 0xfc, 0x6b, 0xf4, 0x0a,
  0xeb, 0xc9, 0xe3, 0x67, 0xd3, 0x26, 0xca, 0xe5, 0xca, 0xc5, 0xaa, 0x85,
  0xaa, 0x65, 0xaa, 0x65, 0xaa, 0x65, 0xaa, 0x65, 0xaa, 0x65, 0xaa, 0x65,
  0xaa, 0x65, 0xaa, 0x85, 0xaa, 0x85, 0xaa, 0x85, 0xaa, 0x85, 0xaa, 0x85,
  0xaa, 0x85, 0xaa, 0x85, 0xaa, 0x65, 0xb2, 0xc6, 0xbb, 0x47, 0xbb, 0x27,
  0xbb, 0x47, 0xbb, 0x47, 0xbb, 0x47, 0xbb, 0x47, 0xbb, 0x47, 0xbb, 0x27,
  0xbb, 0x27, 0xbb, 0x27, 0xbb, 0x47, 0xc3, 0x68, 0xc3, 0x88, 0xcb, 0xa9,
  0xcb, 0xc9, 0xcb, 0xc9, 0xd4, 0x69, 0xdc, 0x89, 0xdc, 0xaa, 0xdc, 0xca,
  0xe4, 0xeb, 0xed, 0x0b, 0xed, 0x2c, 0xed, 0x2c, 0xf5, 0x6d, 0xfd, 0x8d,
  0xf5, 0x8d, 0xf5, 0x8d, 0xf5, 0x8d, 0xf5, 0x8d, 0xf5, 0x8d, 0xf5, 0x8d,
  0xfd, 0x8d, 0xfd, 0x8f, 0xfd, 0xae, 0xfd, 0xce, 0xfe, 0x0e, 0xfe, 0x4e,
  0xfe, 0x6f, 0xfe, 0x8e, 0xfe, 0xf0, 0xff, 0xf4, 0xff, 0xd4, 0xff, 0xf7,
  0xff, 0xf7, 0xff, 0xfa, 0xff, 0xfb, 0xff, 0xfd, 0xff, 0xfd, 0xff, 0xff,
  0xff, 0xff, 0xff, 0xff, 0xff, 0xff, 0xff, 0xff, 0xff, 0xff, 0xff, 0xff,
  0xff, 0xff, 0xff, 0xff, 0xff, 0xff, 0xff, 0xff, 0xff, 0xff, 0xff, 0xff,
  0xff, 0xff, 0xff, 0xff, 0xff, 0xff, 0xff, 0xff, 0xff, 0xff, 0xff, 0xff,
  0xff, 0xff, 0xff, 0xff, 0xff, 0xff, 0xff, 0xff, 0xff, 0xff, 0xff, 0xff,
  0xff, 0xff, 0xff, 0xff, 0xff, 0xff, 0xff, 0xff, 0x00, 0x00, 0x00, 0x00,
  0x00, 0x00, 0x00, 0x00, 0xdc, 0xea, 0xcc, 0x68, 0xc4, 0x48, 0xbc, 0x07,
  0xb3, 0xc6, 0xab, 0x64, 0x9b, 0x03, 0x92, 0xc2, 0x92, 0xa1, 0x92, 0xe5,
  0x93, 0x06, 0x93, 0x06, 0x93, 0x06, 0x93, 0x06, 0x93, 0x06, 0x93, 0x06,
  0x9b, 0x06, 0x92, 0xc5, 0x82, 0x84, 0x8a, 0x84, 0x8a, 0x84, 0x8a, 0x84,
  0x8a, 0x84, 0x8a, 0x84, 0x8a, 0x84, 0x82, 0x85, 0x7a, 0x65, 0x7a, 0x85,
  0x82, 0xa6, 0x82, 0xc6, 0x8a, 0xe7, 0x8b, 0x07, 0x93, 0x08, 0x93, 0x28,
  0xb4, 0x4c, 0xb4, 0x2c, 0xab, 0xeb, 0xa3, 0xca, 0x9b, 0x89, 0x9b, 0x49,
  0x93, 0x28, 0x8b, 0x08, 0x9a, 0xe6, 0xa2, 0xc6, 0xa2, 0xc6, 0xa2, 0xc6,
  0xa2, 0xc6, 0xa2, 0xc6, 0xa2, 0xc6, 0xa2, 0xe6, 0x9a, 0xa5, 0x92, 0x65,
  0x92, 0x85, 0x92, 0x85, 0x92, 0x85, 0x92, 0x85, 0x92, 0x85, 0x92, 0x85,
  0x92, 0x65, 0x92, 0x65, 0x92, 0x65, 0x92, 0x65, 0x92, 0x65, 0x92, 0x65,
  0x92, 0x65, 0x92, 0x45, 0x9a, 0x86, 0xbb, 0xab, 0xc3, 0xab, 0xc3, 0xcb,
  0xc3, 0xec, 0xcc, 0x0c, 0xd4, 0x2d, 0xd4, 0x4d, 0xd4, 0x4d, 0xf4, 0xcf,
  0xfc, 0xcf, 0xfc, 0xcf, 0xfc, 0xcf, 0xfc, 0xcf, 0xfc, 0xcf, 0xfc, 0xef,
  0xfc, 0xcf, 0xfc, 0xef, 0xfd, 0x10, 0xfd, 0x10, 0xfd, 0x30, 0xfd, 0x51,
  0xfd, 0x72, 0xfd, 0x92, 0xfd, 0xb3, 0xfd, 0xd2, 0xfd, 0xd1, 0xfd, 0xd1,
  0xfd, 0xd1, 0xfd, 0xd1, 0xfd, 0xd1, 0xfd, 0xd1, 0xfd, 0xd1, 0xfd, 0xd1,
  0xfd, 0xf2, 0xfd, 0xf2, 0xfd, 0xf2, 0xfd, 0xf2, 0xfd, 0xf2, 0xfd, 0xf2,
  0xfd, 0xf2, 0xfd, 0xf2, 0xfe, 0x11, 0xfe, 0x11, 0xfe, 0x11, 0xfe, 0x11,
  0xfe, 0x11, 0xfe, 0x11, 0xfe, 0x11, 0xfe, 0x11, 0xfe, 0x11, 0xfd, 0xf0,
  0xfd, 0xf0, 0xfd, 0xcf, 0xfd, 0xaf, 0xfd, 0x6e, 0xfd, 0x6e, 0xfd, 0x4e,
  0xfd, 0x4e, 0xfd, 0x4f, 0xfd, 0x4f, 0xfd, 0x4f, 0xfd, 0x4f, 0xfd, 0x4f,
  0xfd, 0x4f, 0xfd, 0x4f, 0xfd, 0x2e, 0xfc, 0x6b, 0xfc, 0x6b, 0xf4, 0x0a,
  0xeb, 0xc9, 0xe3, 0x67, 0xd3, 0x26, 0xca, 0xe5, 0xca, 0xc5, 0xaa, 0x85,
  0xaa, 0x65, 0xaa, 0x65, 0xaa, 0x65, 0xaa, 0x65, 0xaa, 0x65, 0xaa, 0x65,
  0xaa, 0x65, 0xaa, 0x85, 0xaa, 0x85, 0xaa, 0x85, 0xaa, 0x85, 0xaa, 0x85,
  0xaa, 0x85, 0xaa, 0x85, 0xaa, 0x65, 0xb2, 0xc6, 0xbb, 0x47, 0xbb, 0x27,
  0xbb, 0x47, 0xbb, 0x47, 0xbb, 0x47, 0xbb, 0x47, 0xbb, 0x47, 0xbb, 0x47,
  0xbb, 0x47, 0xbb, 0x47, 0xc3, 0x68, 0xc3, 0x88, 0xcb, 0xa9, 0xcb, 0xc9,
  0xd3, 0xea, 0xd3, 0xea, 0xd4, 0x69, 0xdc, 0x89, 0xdc, 0xaa, 0xdc, 0xca,
  0xe4, 0xeb, 0xed, 0x0b, 0xed, 0x2c, 0xed, 0x2c, 0xf5, 0x6d, 0xfd, 0x8d,
  0xf5, 0x8d, 0xf5, 0x8d, 0xf5, 0x8d, 0xf5, 0x8d, 0xf5, 0x8d, 0xf5, 0x8d,
  0xfd, 0x8d, 0xfd, 0x8f, 0xfd, 0xae, 0xfd, 0xce, 0xfe, 0x0e, 0xfe, 0x4e,
  0xfe, 0x6f, 0xfe, 0x8e, 0xfe, 0xf0, 0xff, 0xf4, 0xff, 0xd4, 0xff, 0xf7,
  0xff, 0xf7, 0xff, 0xfa, 0xff, 0xfb, 0xff, 0xfd, 0xff, 0xfd, 0xff, 0xff,
  0xff, 0xff, 0xff, 0xff, 0xff, 0xff, 0xff, 0xff, 0xff, 0xff, 0xff, 0xff,
  0xff, 0xff, 0xff, 0xff, 0xff, 0xff, 0xff, 0xff, 0xff, 0xff, 0xff, 0xff,
  0xff, 0xff, 0xff, 0xff, 0xff, 0xff, 0xff, 0xff, 0xff, 0xff, 0xff, 0xff,
  0xff, 0xff, 0xff, 0xff, 0xff, 0xff, 0xff, 0xff, 0xff, 0xff, 0xff, 0xff,
  0xff, 0xff, 0xff, 0xff, 0xff, 0xff, 0xff, 0xff, 0x00, 0x00, 0x00, 0x00,
  0x00, 0x00, 0x00, 0x00, 0xdc, 0xea, 0xcc, 0x68, 0xc4, 0x48, 0xbc, 0x07,
  0xb3, 0xc6, 0xa3, 0x44, 0x9b, 0x03, 0x92, 0xc2, 0x92, 0x81, 0x92, 0xe5,
  0x93, 0x06, 0x92, 0xe6, 0x92, 0xe6, 0x93, 0x06, 0x93, 0x06, 0x93, 0x06,
  0x9b, 0x06, 0x92, 0xc5, 0x82, 0x84, 0x8a, 0x84, 0x8a, 0x84, 0x8a, 0x84,
  0x8a, 0x84, 0x8a, 0x84, 0x8a, 0x84, 0x82, 0x85, 0x7a, 0x65, 0x7a, 0x85,
  0x82, 0xa6, 0x82, 0xc6, 0x8a, 0xe7, 0x8b, 0x07, 0x8b, 0x08, 0x93, 0x28,
  0xb4, 0x4c, 0xb4, 0x2c, 0xab, 0xeb, 0xa3, 0xca, 0x9b, 0x8a, 0x9b, 0x49,
  0x93, 0x28, 0x8b, 0x08, 0x9a, 0xe7, 0xa2, 0xc6, 0xa2, 0xc6, 0xa2, 0xc6,
  0xa2, 0xc6, 0xa2, 0xc6, 0xa2, 0xc6, 0xa2, 0xe6, 0x9a, 0xa5, 0x92, 0x65,
  0x92, 0x65, 0x92, 0x65, 0x92, 0x65, 0x92, 0x65, 0x92, 0x65, 0x92, 0x65,
  0x92, 0x65, 0x92, 0x45, 0x92, 0x45, 0x92, 0x45, 0x92, 0x45, 0x92, 0x45,
  0x92, 0x45, 0x92, 0x45, 0x92, 0x65, 0xc3, 0xcb, 0xc3, 0xcb, 0xc3, 0xec,
  0xcc, 0x0c, 0xd4, 0x2d, 0xd4, 0x6d, 0xdc, 0x6e, 0xdc, 0x8e, 0xf4, 0xae,
  0xf4, 0xae, 0xf4, 0x8e, 0xf4, 0x8e, 0xf4, 0x8e, 0xf4, 0x8e, 0xf4, 0x8e,
  0xec, 0x6d, 0xfc, 0xcf, 0xfd, 0x10, 0xfd, 0x10, 0xfd, 0x30, 0xfd, 0x71,
  0xfd, 0x92, 0xfd, 0x92, 0xfd, 0xb3, 0xfd, 0xd2, 0xfd, 0xd1, 0xfd, 0xd1,
  0xfd, 0xd1, 0xfd, 0xd1, 0xfd, 0xd1, 0xfd, 0xd1, 0xfd, 0xd1, 0xfd, 0xd1,
  0xfd, 0xf2, 0xfd, 0xf2, 0xfd, 0xf2, 0xfd, 0xf2, 0xfd, 0xf2, 0xfd, 0xf2,
  0xfd, 0xf2, 0xfd, 0xf2, 0xfe, 0x11, 0xfe, 0x11, 0xfe, 0x11, 0xfe, 0x11,
  0xfe, 0x11, 0xfe, 0x11, 0xfe, 0x11, 0xfe, 0x11, 0xfe, 0x11, 0xfe, 0x10,
  0xfd, 0xf0, 0xfd, 0xcf, 0xfd, 0xaf, 0xfd, 0x6e, 0xfd, 0x6e, 0xfd, 0x4d,
  0xfd, 0x4e, 0xfd, 0x4f, 0xfd, 0x4e, 0xfd, 0x4e, 0xfd, 0x4e, 0xfd, 0x4f,
  0xfd, 0x4f, 0xfd, 0x6f, 0xfd, 0x2e, 0xfc, 0x6b, 0xfc, 0x6b, 0xf4, 0x0a,
  0xeb, 0xc8, 0xdb, 0x67, 0xd3, 0x26, 0xca, 0xe5, 0xca, 0xc4, 0xaa, 0x85,
  0xaa, 0x65, 0xaa, 0x65, 0xaa, 0x65, 0xaa, 0x65, 0xaa, 0x65, 0xaa, 0x65,
  0xaa, 0x65, 0xaa, 0x85, 0xaa, 0x85, 0xaa, 0x85, 0xaa, 0x85, 0xaa, 0x85,
  0xaa, 0x85, 0xaa, 0x85, 0xaa, 0x65, 0xb2, 0xc6, 0xc3, 0x68, 0xbb, 0x27,
  0xbb, 0x47, 0xbb, 0x47, 0xbb, 0x47, 0xbb, 0x27, 0xbb, 0x27, 0xbb, 0x27,
  0xbb, 0x27, 0xbb, 0x47, 0xc3, 0x68, 0xc3, 0x88, 0xcb, 0xa9, 0xd3, 0xca,
  0xd3, 0xea, 0xd4, 0x0a, 0xd4, 0x69, 0xdc, 0x89, 0xdc, 0xaa, 0xdc, 0xaa,
  0xe4, 0xeb, 0xed, 0x0b, 0xed, 0x2c, 0xed, 0x2c, 0xf5, 0x6d, 0xfd, 0x8d,
  0xf5, 0x8d, 0xf5, 0x8d, 0xf5, 0x8d, 0xf5, 0x8d, 0xf5, 0x6d, 0xf5, 0x8d,
  0xfd, 0x6e, 0xfd, 0x6f, 0xfd, 0x8e, 0xfd, 0xce, 0xfd, 0xee, 0xfe, 0x2e,
  0xfe, 0x6e, 0xfe, 0x8e, 0xfe, 0xef, 0xff, 0xf3, 0xff, 0xd4, 0xff, 0xf6,
  0xff, 0xf7, 0xff, 0xfa, 0xff, 0xfb, 0xff, 0xfc, 0xff, 0xfd, 0xff, 0xff,
  0xff, 0xff, 0xff, 0xff, 0xff, 0xff, 0xff, 0xff, 0xff, 0xff, 0xff, 0xff,
  0xff, 0xff, 0xff, 0xff, 0xff, 0xff, 0xff, 0xff, 0xff, 0xff, 0xff, 0xff,
  0xff, 0xff, 0xff, 0xff, 0xff, 0xff, 0xff, 0xff, 0xff, 0xff, 0xff, 0xff,
  0xff, 0xff, 0xff, 0xff, 0xff, 0xff, 0xff, 0xff, 0xff, 0xff, 0xff, 0xff,
  0xff, 0xff, 0xff, 0xff, 0xff, 0xff, 0xff, 0xff, 0x00, 0x00, 0x00, 0x00,
  0x00, 0x00, 0x00, 0x00, 0x00, 0x00, 0xcc, 0x48, 0xc4, 0x48, 0xbc, 0x07,
  0xb3, 0xc6, 0xab, 0x65, 0xa3, 0x24, 0x9b, 0x04, 0x9a, 0xc3, 0x9b, 0x06,
  0x9b, 0x27, 0x9b, 0x07, 0x9b, 0x07, 0x9b, 0x06, 0x93, 0x06, 0x92, 0xe6,
  0x93, 0x06, 0x8a, 0xc5, 0x8a, 0x84, 0x8a, 0x85, 0x8a, 0x85, 0x8a, 0x85,
  0x8a, 0x85, 0x8a, 0x85, 0x8a, 0x85, 0x82, 0x85, 0x7a, 0x85, 0x82, 0xa6,
  0x82, 0xa6, 0x8a, 0xc7, 0x8b, 0x07, 0x93, 0x28, 0x93, 0x28, 0x93, 0x48,
  0xb4, 0x2c, 0xb4, 0x2c, 0xab, 0xeb, 0xa3, 0xaa, 0x9b, 0x89, 0x93, 0x48,
  0x93, 0x07, 0x8b, 0x07, 0x9a, 0xe6, 0x9a, 0xc6, 0x9a, 0xc6, 0x9a, 0xc6,
  0x9a, 0xc6, 0x9a, 0xc6, 0x9a, 0xc6, 0x9a, 0xe6, 0x92, 0xa5, 0x92, 0x85,
  0x92, 0x85, 0x92, 0x85, 0x92, 0x85, 0x92, 0x85, 0x92, 0x85, 0x92, 0x85,
  0x92, 0x85, 0x9a, 0x86, 0x9a, 0x86, 0x9a, 0x86, 0x9a, 0x86, 0x9a, 0xa6,
  0x9a, 0xa6, 0x9a, 0xa6, 0xa2, 0xc7, 0xcc, 0x2c, 0xcc, 0x2c, 0xcc, 0x2c,
  0xd4, 0x4d, 0xd4, 0x6d, 0xdc, 0x8e, 0xdc, 0x8e, 0xdc, 0xae, 0xf4, 0x6e,
  0xf4, 0x4e, 0xf4, 0x4d, 0xf4, 0x4d, 0xec, 0x2d, 0xec, 0x2d, 0xec, 0x2d,
  0xec, 0x0c, 0xfc, 0xaf, 0xfd, 0x10, 0xfc, 0xf0, 0xfd, 0x11, 0xfd, 0x51,
  0xfd, 0x72, 0xfd, 0x92, 0xfd, 0xb3, 0xfd, 0xb2, 0xfd, 0xb1, 0xfd, 0xb1,
  0xfd, 0xb1, 0xfd, 0xd1, 0xfd, 0xd1, 0xfd, 0xd1, 0xfd, 0xd1, 0xfd, 0xd1,
  0xfd, 0xf1, 0xfd, 0xf1, 0xfd, 0xf1, 0xfd, 0xf1, 0xfd, 0xf1, 0xfd, 0xf1,
  0xfd, 0xf1, 0xfd, 0xf1, 0xfd, 0xf1, 0xfd, 0xf0, 0xfd, 0xf0, 0xfd, 0xf0,
  0xfd, 0xf0, 0xfd, 0xf0, 0xfd, 0xf0, 0xfd, 0xf1, 0xfd, 0xf0, 0xfd, 0xd0,
  0xfd, 0xd0, 0xfd, 0xaf, 0xfd, 0x8f, 0xfd, 0x6e, 0xfd, 0x4e, 0xfd, 0x4e,
  0xfd, 0x4e, 0xfd, 0x4f, 0xfd, 0x4f, 0xfd, 0x4f, 0xfd, 0x4f, 0xfd, 0x4f,
  0xfd, 0x2f, 0xfd, 0x2f, 0xfd, 0x0e, 0xfc, 0x6b, 0xfc, 0x4b, 0xf4, 0x0a,
  0xeb, 0xc9, 0xe3, 0x68, 0xdb, 0x27, 0xd2, 0xe6, 0xd2, 0xc5, 0xaa, 0x85,
  0xa2, 0x85, 0xa2, 0x85, 0xa2, 0x85, 0xa2, 0x85, 0xa2, 0x85, 0xa2, 0x85,
  0xa2, 0x85, 0xaa, 0x85, 0xaa, 0x85, 0xaa, 0x85, 0xaa, 0x85, 0xaa, 0x85,
  0xaa, 0x85, 0xaa, 0x85, 0xa2, 0x85, 0xaa, 0xc6, 0xbb, 0x46, 0xb3, 0x26,
  0xbb, 0x27, 0xbb, 0x47, 0xbb, 0x47, 0xbb, 0x47, 0xbb, 0x47, 0xbb, 0x67,
  0xc3, 0xa8, 0xc3, 0xa8, 0xcb, 0xc9, 0xcb, 0xe9, 0xd3, 0xe9, 0xd4, 0x0a,
  0xd4, 0x2a, 0xd4, 0x2a, 0xdc, 0x89, 0xdc, 0xa9, 0xdc, 0xaa, 0xe4, 0xca,
  0xe4, 0xeb, 0xed, 0x0b, 0xed, 0x2c, 0xed, 0x4c, 0xf5, 0x8d, 0xfd, 0x8d,
  0xfd, 0x8d, 0xfd, 0x8d, 0xfd, 0x8d, 0xfd, 0x8d, 0xfd, 0x8d, 0xf5, 0x8d,
  0xfd, 0xad, 0xfd, 0xce, 0xfd, 0xee, 0xfe, 0x0e, 0xfe, 0x4f, 0xfe, 0x8f,
  0xfe, 0xaf, 0xfe, 0xd0, 0xff, 0x31, 0xff, 0xf6, 0xff, 0xf6, 0xff, 0xf8,
  0xff, 0xf9, 0xff, 0xfb, 0xff, 0xfc, 0xff, 0xfd, 0xff, 0xfd, 0xff, 0xff,
  0xff, 0xff, 0xff, 0xff, 0xff, 0xff, 0xff, 0xff, 0xff, 0xff, 0xff, 0xff,
  0xff, 0xff, 0xff, 0xff, 0xff, 0xff, 0xff, 0xff, 0xff, 0xff, 0xff, 0xff,
  0xff, 0xff, 0xff, 0xff, 0xff, 0xff, 0xff, 0xff, 0xff, 0xff, 0xff, 0xff,
  0xff, 0xff, 0xff, 0xff, 0xff, 0xff, 0xff, 0xff, 0xff, 0xff, 0xff, 0xff,
  0xff, 0xff, 0xff, 0xff, 0xff, 0xff, 0x00, 0x00, 0x00, 0x00, 0x00, 0x00,
  0x00, 0x00, 0x00, 0x00, 0x00, 0x00, 0xcc, 0x49, 0xc4, 0x28, 0xc4, 0x09,
  0xc3, 0xe9, 0xbb, 0xc9, 0xbb, 0xa8, 0xb3, 0xa9, 0xb3, 0x88, 0xab, 0x89,
  0xa3, 0x89, 0xa3, 0x68, 0xa3, 0x48, 0x9b, 0x27, 0x93, 0x06, 0x92, 0xe6,
  0x8a, 0xc6, 0x8a, 0xc5, 0x8a, 0xa5, 0x8a, 0xa5, 0x8a, 0xa5, 0x8a, 0xa5,
  0x8a, 0xa5, 0x8a, 0xa5, 0x8a, 0xa5, 0x8a, 0xa5, 0x82, 0xc6, 0x8a, 0xe6,
  0x8a, 0xe7, 0x93, 0x27, 0x93, 0x48, 0x9b, 0x68, 0x9b, 0x69, 0x9b, 0x89,
  0xac, 0x0b, 0xab, 0xeb, 0xa3, 0xca, 0x9b, 0x89, 0x9b, 0x68, 0x93, 0x27,
  0x8a, 0xe7, 0x82, 0xc6, 0x8a, 0xc5, 0x8a, 0xc5, 0x8a, 0xc5, 0x8a, 0xc5,
  0x8a, 0xc5, 0x8a, 0xc5, 0x8a, 0xc5, 0x8a, 0xc5, 0x8a, 0xc5, 0x8a, 0xc5,
  0x8a, 0xc5, 0x8a, 0xc5, 0x8a, 0xc5, 0x8a, 0xc5, 0x8a, 0xc5, 0x82, 0xc5,
  0x92, 0xe6, 0xb3, 0x08, 0xab, 0x08, 0xb3, 0x28, 0xb3, 0x69, 0xbb, 0x8a,
  0xc3, 0xaa, 0xc3, 0xca, 0xc3, 0xeb, 0xe4, 0xae, 0xdc, 0xae, 0xdc, 0xae,
  0xdc, 0xae, 0xdc, 0x8e, 0xdc, 0x8e, 0xdc, 0x8e, 0xdc, 0xae, 0xf3, 0xcd,
  0xf3, 0xac, 0xf3, 0xcc, 0xf3, 0xcc, 0xf3, 0xcc, 0xf3, 0xcc, 0xf3, 0xcd,
  0xf3, 0xac, 0xfc, 0x4f, 0xfc, 0xd1, 0xfc, 0xb0, 0xfc, 0xd1, 0xfd, 0x12,
  0xfd, 0x32, 0xfd, 0x52, 0xfd, 0x73, 0xfd, 0x52, 0xfd, 0x2f, 0xfd, 0x50,
  0xfd, 0x50, 0xfd, 0x91, 0xfd, 0xb1, 0xfd, 0xd2, 0xfd, 0xf2, 0xfd, 0xf2,
  0xfd, 0x91, 0xfd, 0x91, 0xfd, 0x91, 0xfd, 0x91, 0xfd, 0x91, 0xfd, 0x91,
  0xfd, 0x91, 0xfd, 0x91, 0xfd, 0x70, 0xfd, 0x70, 0xfd, 0x70, 0xfd, 0x70,
  0xfd, 0x70, 0xfd, 0x70, 0xfd, 0x70, 0xfd, 0x70, 0xfd, 0x4f, 0xfd, 0x2f,
  0xfd, 0x2f, 0xfd, 0x2f, 0xfd, 0x2f, 0xfd, 0x2f, 0xfd, 0x4f, 0xfd, 0x2f,
  0xfd, 0x50, 0xfd, 0x71, 0xfd, 0x51, 0xfd, 0x30, 0xfd, 0x10, 0xfc, 0xef,
  0xfc, 0xaf, 0xfc, 0xae, 0xfc, 0x8e, 0xfc, 0x2c, 0xfc, 0x0c, 0xfb, 0xeb,
  0xf3, 0xaa, 0xeb, 0x8a, 0xe3, 0x49, 0xdb, 0x08, 0xdb, 0x08, 0x9a, 0xa5,
  0x92, 0xa5, 0x9a, 0xa5, 0x9a, 0xa5, 0x9a, 0xa5, 0x9a, 0xa5, 0x9a, 0xa5,
  0x9a, 0xa5, 0x9a, 0xc5, 0x9a, 0xc6, 0x9a, 0xc6, 0x9a, 0xc6, 0x9a, 0xc6,
  0x9a, 0xc6, 0x9a, 0xc6, 0x9a, 0xc6, 0x9a, 0xc5, 0xa2, 0xe3, 0xa3, 0x04,
  0xa3, 0x24, 0xab, 0x45, 0xb3, 0x65, 0xb3, 0x86, 0xb3, 0x86, 0xbb, 0xe7,
  0xdc, 0xaa, 0xd4, 0x8a, 0xd4, 0x8a, 0xd4, 0x8a, 0xd4, 0x8a, 0xd4, 0x8a,
  0xd4, 0x8a, 0xd4, 0x8a, 0xdc, 0xc9, 0xdc, 0xe9, 0xe4, 0xea, 0xe5, 0x0a,
  0xed, 0x2b, 0xed, 0x4b, 0xf5, 0x6c, 0xf5, 0x8c, 0xfd, 0xad, 0xfd, 0xcd,
  0xfd, 0xcd, 0xfd, 0xcd, 0xfd, 0xcd, 0xfd, 0xcd, 0xfd, 0xcd, 0xfd, 0xad,
  0xf6, 0x2c, 0xe6, 0xcc, 0xee, 0xcd, 0xf7, 0x0e, 0xf7, 0x50, 0xff, 0x72,
  0xff, 0xb3, 0xff, 0xd6, 0xff, 0xf7, 0xff, 0xfc, 0xff, 0xfc, 0xff, 0xfe,
  0xff, 0xfe, 0xff, 0xff, 0xff, 0xff, 0xff, 0xff, 0xff, 0xff, 0xff, 0xff,
  0xff, 0xff, 0xff, 0xff, 0xff, 0xff, 0xff, 0xff, 0xff, 0xff, 0xff, 0xff,
  0xff, 0xff, 0xff, 0xff, 0xff, 0xff, 0xff, 0xff, 0xff, 0xff, 0xff, 0xff,
  0xff, 0xff, 0xff, 0xff, 0xff, 0xff, 0xff, 0xff, 0xff, 0xff, 0xff, 0xff,
  0xff, 0xff, 0xff, 0xff, 0xff, 0xff, 0xff, 0xff, 0xff, 0xff, 0xff, 0xff,
  0xff, 0xff, 0xff, 0xff, 0xff, 0xff, 0x00, 0x00, 0x00, 0x00, 0x00, 0x00,
  0x00, 0x00, 0x00, 0x00, 0x00, 0x00, 0xcc, 0x49, 0xc4, 0x28, 0xc4, 0x09,
  0xbb, 0xe8, 0xbb, 0xc8, 0xb3, 0xa8, 0xb3, 0x88, 0xb3, 0x68, 0xab, 0x88,
  0xa3, 0x88, 0xa3, 0x68, 0x9b, 0x48, 0x9b, 0x27, 0x93, 0x06, 0x92, 0xe6,
  0x92, 0xc6, 0x8a, 0xc5, 0x8a, 0xa5, 0x8a, 0xa5, 0x8a, 0xa5, 0x8a, 0xa5,
  0x8a, 0xa5, 0x8a, 0xa5, 0x8a, 0xa5, 0x8a, 0xa5, 0x82, 0xc6, 0x8a, 0xc6,
  0x8a, 0xe7, 0x8b, 0x07, 0x93, 0x28, 0x93, 0x48, 0x9b, 0x68, 0x9b, 0x89,
  0xac, 0x0b, 0xab, 0xeb, 0xa3, 0xca, 0x9b, 0x89, 0x93, 0x48, 0x8b, 0x07,
  0x8a, 0xe6, 0x82, 0xc6, 0x8a, 0xc5, 0x8a, 0xc5, 0x8a, 0xc5, 0x8a, 0xc5,
  0x8a, 0xc5, 0x8a, 0xc5, 0x8a, 0xc5, 0x8a, 0xc5, 0x8a, 0xc5, 0x8a, 0xc5,
  0x8a, 0xc5, 0x8a, 0xc5, 0x8a, 0xc5, 0x8a, 0xc5, 0x8a, 0xc5, 0x8a, 0xc5,
  0x92, 0xc6, 0xaa, 0xe7, 0xab, 0x07, 0xab, 0x08, 0xb3, 0x28, 0xb3, 0x49,
  0xbb, 0x89, 0xbb, 0x89, 0xbb, 0xaa, 0xdc, 0x8d, 0xdc, 0x8d, 0xdc, 0x8d,
  0xdc, 0x8d, 0xdc, 0x8d, 0xdc, 0x8d, 0xdc, 0x8d, 0xdc, 0x8e, 0xeb, 0xcc,
  0xf3, 0xac, 0xf3, 0xac, 0xf3, 0xac, 0xf3, 0xac, 0xf3, 0xac, 0xf3, 0xcc,
  0xeb, 0xac, 0xfc, 0x4e, 0xfc, 0xb0, 0xfc, 0x90, 0xfc, 0xd0, 0xfc, 0xf1,
  0xfd, 0x11, 0xfd, 0x32, 0xfd, 0x32, 0xfd, 0x31, 0xfd, 0x0f, 0xfd, 0x2f,
  0xfd, 0x50, 0xfd, 0x70, 0xfd, 0x91, 0xfd, 0xb1, 0xfd, 0xd2, 0xfd, 0xd2,
  0xfd, 0x70, 0xfd, 0x91, 0xfd, 0x91, 0xfd, 0x91, 0xfd, 0x91, 0xfd, 0x91,
  0xfd, 0x91, 0xfd, 0x91, 0xfd, 0x70, 0xfd, 0x6f, 0xfd, 0x6f, 0xfd, 0x6f,
  0xfd, 0x6f, 0xfd, 0x6f, 0xfd, 0x6f, 0xfd, 0x6f, 0xfd, 0x4f, 0xfd, 0x4f,
  0xfd, 0x4f, 0xfd, 0x4f, 0xfd, 0x4f, 0xfd, 0x4f, 0xfd, 0x4f, 0xfd, 0x4f,
  0xfd, 0x50, 0xfd, 0x51, 0xfd, 0x50, 0xfd, 0x30, 0xfc, 0xef, 0xfc, 0xcf,
  0xfc, 0xce, 0xfc, 0xae, 0xfc, 0x8e, 0xfc, 0x2c, 0xfc, 0x0c, 0xf3, 0xeb,
  0xf3, 0xaa, 0xeb, 0x69, 0xe3, 0x28, 0xdb, 0x07, 0xda, 0xe7, 0x9a, 0xa5,
  0x9a, 0xa5, 0x9a, 0xa5, 0x9a, 0xa5, 0x9a, 0xa5, 0x9a, 0xa5, 0x9a, 0xa5,
  0x9a, 0xa5, 0x9a, 0xa5, 0x9a, 0xc6, 0x9a, 0xc6, 0x9a, 0xc6, 0x9a, 0xc6,
  0x9a, 0xc6, 0x9a, 0xc6, 0x9a, 0xa6, 0xa2, 0xc5, 0xa3, 0x04, 0xa3, 0x04,
  0xab, 0x25, 0xb3, 0x45, 0xb3, 0x66, 0xbb, 0x86, 0xbb, 0xa7, 0xbb, 0xc7,
  0xd4, 0x8a, 0xd4, 0x6a, 0xd4, 0x6a, 0xd4, 0x6a, 0xd4, 0x6a, 0xd4, 0x6a,
  0xd4, 0x8a, 0xd4, 0x8a, 0xdc, 0xc9, 0xdc, 0xc9, 0xe4, 0xea, 0xe5, 0x0a,
  0xed, 0x2b, 0xed, 0x4b, 0xf5, 0x6c, 0xf5, 0x6c, 0xfd, 0xad, 0xfd, 0xcd,
  0xfd, 0xad, 0xfd, 0xad, 0xfd, 0xad, 0xfd, 0xad, 0xfd, 0xcd, 0xfd, 0xad,
  0xf6, 0x2d, 0xee, 0xac, 0xf6, 0xad, 0xf6, 0xee, 0xff, 0x30, 0xff, 0x72,
  0xff, 0x93, 0xff, 0xb5, 0xff, 0xd7, 0xff, 0xfb, 0xff, 0xfb, 0xff, 0xfd,
  0xff, 0xfd, 0xff, 0xff, 0xff, 0xff, 0xff, 0xff, 0xff, 0xff, 0xff, 0xff,
  0xff, 0xff, 0xff, 0xff, 0xff, 0xff, 0xff, 0xff, 0xff, 0xff, 0xff, 0xff,
  0xff, 0xff, 0xff, 0xff, 0xff, 0xff, 0xff, 0xff, 0xff, 0xff, 0xff, 0xff,
  0xff, 0xff, 0xff, 0xff, 0xff, 0xff, 0xff, 0xff, 0xff, 0xff, 0xff, 0xff,
  0xff, 0xff, 0xff, 0xff, 0xff, 0xff, 0xff, 0xff, 0xff, 0xff, 0xff, 0xff,
  0xff, 0xff, 0xff, 0xff, 0xff, 0xff, 0x00, 0x00, 0x00, 0x00, 0x00, 0x00,
  0x00, 0x00, 0x00, 0x00, 0x00, 0x00, 0xcc, 0x49, 0xc4, 0x28, 0xc4, 0x09,
  0xbb, 0xe8, 0xbb, 0xc8, 0xb3, 0xa8, 0xb3, 0x88, 0xb3, 0x68, 0xab, 0x88,
  0xa3, 0x88, 0xa3, 0x68, 0x9b, 0x48, 0x9b, 0x27, 0x93, 0x06, 0x92, 0xe6,
  0x92, 0xc6, 0x8a, 0xc5, 0x8a, 0xa5, 0x8a, 0xa5, 0x8a, 0xa5, 0x8a, 0xa5,
  0x8a, 0xa5, 0x8a, 0xa5, 0x8a, 0xa5, 0x8a, 0xa5, 0x82, 0xc6, 0x8a, 0xc6,
  0x8a, 0xe7, 0x8b, 0x07, 0x93, 0x28, 0x93, 0x48, 0x9b, 0x68, 0x9b, 0x89,
  0xab, 0xea, 0xa3, 0xca, 0xa3, 0xa9, 0x9b, 0x68, 0x93, 0x28, 0x8b, 0x07,
  0x82, 0xc6, 0x82, 0xa6, 0x8a, 0xc5, 0x8a, 0xc5, 0x8a, 0xc5, 0x8a, 0xc5,
  0x8a, 0xc5, 0x8a, 0xc5, 0x8a, 0xc5, 0x8a, 0xc5, 0x8a, 0xc5, 0x8a, 0xc5,
  0x8a, 0xc5, 0x8a, 0xc5, 0x8a, 0xc5, 0x8a, 0xc5, 0x8a, 0xc5, 0x8a, 0xc5,
  0x92, 0xc6, 0xa2, 0xc7, 0xa2, 0xe7, 0xab, 0x07, 0xab, 0x28, 0xb3, 0x48,
  0xb3, 0x69, 0xbb, 0x69, 0xbb, 0x8a, 0xdc, 0x6d, 0xd4, 0x6d, 0xd4, 0x6d,
  0xd4, 0x6d, 0xd4, 0x6d, 0xd4, 0x6d, 0xd4, 0x6d, 0xd4, 0x8d, 0xeb, 0xcc,
  0xeb, 0xac, 0xeb, 0xac, 0xeb, 0xac, 0xeb, 0xac, 0xeb, 0xac, 0xeb, 0xac,
  0xeb, 0x8c, 0xfc, 0x0d, 0xfc, 0x6f, 0xfc, 0x6f, 0xfc, 0x8f, 0xfc, 0xb0,
  0xfc, 0xd1, 0xfc, 0xf1, 0xfd, 0x11, 0xfc, 0xf0, 0xfc, 0xce, 0xfc, 0xee,
  0xfd, 0x0f, 0xfd, 0x2f, 0xfd, 0x50, 0xfd, 0x70, 0xfd, 0x71, 0xfd, 0x91,
  0xfd, 0x50, 0xfd, 0x50, 0xfd, 0x50, 0xfd, 0x50, 0xfd, 0x50, 0xfd, 0x50,
  0xfd, 0x50, 0xfd, 0x50, 0xfd, 0x4f, 0xfd, 0x4f, 0xfd, 0x4f, 0xfd, 0x4f,
  0xfd, 0x4f, 0xfd, 0x4f, 0xfd, 0x4f, 0xfd, 0x4f, 0xfd, 0x4f, 0xfd, 0x4f,
  0xfd, 0x4f, 0xfd, 0x4f, 0xfd, 0x4f, 0xfd, 0x4f, 0xfd, 0x4f, 0xfd, 0x4f,
  0xfd, 0x4f, 0xfd, 0x50, 0xfd, 0x30, 0xfd, 0x0f, 0xfc, 0xef, 0xfc, 0xce,
  0xfc, 0xae, 0xfc, 0xae, 0xfc, 0x8d, 0xfc, 0x0b, 0xf4, 0x0b, 0xf3, 0xcb,
  0xeb, 0xaa, 0xe3, 0x69, 0xdb, 0x28, 0xd3, 0x07, 0xd2, 0xe7, 0x9a, 0xa5,
  0x9a, 0xa5, 0x9a, 0xa5, 0x9a, 0xa5, 0x9a, 0xa5, 0x9a, 0xa5, 0x9a, 0xa5,
  0x9a, 0xa5, 0x9a, 0xa5, 0x9a, 0xc6, 0x9a, 0xc6, 0x9a, 0xc6, 0x9a, 0xc6,
  0x9a, 0xc6, 0x9a, 0xc6, 0x9a, 0xa6, 0xa2, 0xe5, 0xab, 0x24, 0xab, 0x25,
  0xab, 0x45, 0xb3, 0x66, 0xb3, 0x86, 0xbb, 0xa7, 0xbb, 0xc7, 0xc3, 0xe8,
  0xd4, 0x8a, 0xd4, 0x6a, 0xd4, 0x8a, 0xd4, 0x8a, 0xd4, 0x8a, 0xd4, 0x8a,
  0xd4, 0x8a, 0xd4, 0x8a, 0xdc, 0xc9, 0xdc, 0xc9, 0xe4, 0xea, 0xe5, 0x0a,
  0xed, 0x2b, 0xed, 0x4b, 0xf5, 0x6c, 0xf5, 0x6c, 0xfd, 0xad, 0xfd, 0xcd,
  0xfd, 0xad, 0xfd, 0xad, 0xfd, 0xad, 0xfd, 0xad, 0xfd, 0xcd, 0xfd, 0xad,
  0xf6, 0x2d, 0xee, 0xed, 0xf6, 0xce, 0xf7, 0x0f, 0xff, 0x51, 0xff, 0x93,
  0xff, 0xb4, 0xff, 0xd6, 0xff, 0xf7, 0xff, 0xfc, 0xff, 0xfc, 0xff, 0xfe,
  0xff, 0xfe, 0xff, 0xff, 0xff, 0xff, 0xff, 0xff, 0xff, 0xff, 0xff, 0xff,
  0xff, 0xff, 0xff, 0xff, 0xff, 0xff, 0xff, 0xff, 0xff, 0xff, 0xff, 0xff,
  0xff, 0xff, 0xff, 0xff, 0xff, 0xff, 0xff, 0xff, 0xff, 0xff, 0xff, 0xff,
  0xff, 0xff, 0xff, 0xff, 0xff, 0xff, 0xff, 0xff, 0xff, 0xff, 0xff, 0xff,
  0xff, 0xff, 0xff, 0xff, 0xff, 0xff, 0xff, 0xff, 0xff, 0xff, 0xff, 0xff,
  0xff, 0xff, 0xff, 0xff, 0xff, 0xff, 0x00, 0x00, 0x00, 0x00, 0x00, 0x00,
  0x00, 0x00, 0x00, 0x00, 0x00, 0x00, 0xcc, 0x49, 0xc4, 0x28, 0xc4, 0x09,
  0xbb, 0xe8, 0xbb, 0xc8, 0xb3, 0xa8, 0xb3, 0x88, 0xb3, 0x68, 0xab, 0x88,
  0xa3, 0x88, 0xa3, 0x68, 0x9b, 0x48, 0x9b, 0x27, 0x93, 0x06, 0x92, 0xe6,
  0x92, 0xc6, 0x8a, 0xc5, 0x8a, 0xa5, 0x8a, 0xa5, 0x8a, 0xa5, 0x8a, 0xa5,
  0x8a, 0xa5, 0x8a, 0xa5, 0x8a, 0xa5, 0x8a, 0xa5, 0x82, 0xc6, 0x8a, 0xc6,
  0x8a, 0xe7, 0x8b, 0x07, 0x93, 0x28, 0x93, 0x48, 0x9b, 0x68, 0x9b, 0x89,
  0xa3, 0xca, 0xa3, 0xaa, 0x9b, 0x89, 0x93, 0x48, 0x93, 0x27, 0x8a, 0xe6,
  0x82, 0xa6, 0x7a, 0x85, 0x8a, 0xc5, 0x8a, 0xc5, 0x8a, 0xc5, 0x8a, 0xc5,
  0x8a, 0xc5, 0x8a, 0xc5, 0x8a, 0xc5, 0x8a, 0xc5, 0x8a, 0xc5, 0x8a, 0xc5,
  0x8a, 0xc5, 0x8a, 0xc5, 0x8a, 0xc5, 0x8a, 0xc5, 0x8a, 0xc5, 0x8a, 0xc5,
  0x92, 0xc5, 0xa2, 0xa6, 0xa2, 0xc6, 0xa2, 0xc7, 0xab, 0x07, 0xab, 0x28,
  0xb3, 0x48, 0xb3, 0x48, 0xbb, 0x89, 0xd4, 0x4d, 0xd4, 0x4c, 0xd4, 0x4c,
  0xd4, 0x4c, 0xd4, 0x4c, 0xd4, 0x4c, 0xd4, 0x4c, 0xd4, 0x4d, 0xe3, 0xab,
  0xe3, 0x8b, 0xe3, 0x8b, 0xe3, 0x8b, 0xe3, 0x8b, 0xe3, 0x8b, 0xe3, 0x8b,
  0xe3, 0x6b, 0xf3, 0xcd, 0xfc, 0x0d, 0xfc, 0x0e, 0xfc, 0x2e, 0xfc, 0x6f,
  0xfc, 0x8f, 0xfc, 0xb0, 0xfc, 0xb0, 0xfc, 0xaf, 0xfc, 0x8c, 0xfc, 0x8d,
  0xfc, 0xae, 0xfc, 0xce, 0xfd, 0x0f, 0xfd, 0x2f, 0xfd, 0x2f, 0xfd, 0x30,
  0xfd, 0x0f, 0xfd, 0x0f, 0xfd, 0x0f, 0xfd, 0x0f, 0xfd, 0x0f, 0xfd, 0x0f,
  0xfd, 0x0f, 0xfd, 0x0f, 0xfd, 0x2e, 0xfd, 0x2e, 0xfd, 0x2e, 0xfd, 0x2e,
  0xfd, 0x2e, 0xfd, 0x2e, 0xfd, 0x2e, 0xfd, 0x2e, 0xfd, 0x2f, 0xfd, 0x4f,
  0xfd, 0x4f, 0xfd, 0x4f, 0xfd, 0x4f, 0xfd, 0x4f, 0xfd, 0x4f, 0xfd, 0x4f,
  0xfd, 0x2f, 0xfd, 0x10, 0xfd, 0x0f, 0xfd, 0x0f, 0xfc, 0xce, 0xfc, 0xae,
  0xfc, 0x8d, 0xfc, 0x8d, 0xfc, 0x4d, 0xf3, 0xeb, 0xf3, 0xeb, 0xeb, 0xaa,
  0xe3, 0x69, 0xdb, 0x48, 0xd3, 0x07, 0xd2, 0xc7, 0xd2, 0xc6, 0x9a, 0xa5,
  0x9a, 0xa5, 0x9a, 0xa5, 0x9a, 0xa5, 0x9a, 0xa5, 0x9a, 0xa5, 0x9a, 0xa5,
  0x9a, 0xa5, 0x9a, 0xa5, 0x9a, 0xc6, 0x9a, 0xc6, 0x9a, 0xc6, 0x9a, 0xc6,
  0x9a, 0xc6, 0x9a, 0xc6, 0x9a, 0xa6, 0xa2, 0xe5, 0xab, 0x45, 0xab, 0x45,
  0xb3, 0x66, 0xb3, 0x86, 0xbb, 0xc7, 0xc3, 0xe7, 0xc3, 0xe7, 0xc4, 0x08,
  0xd4, 0x8a, 0xd4, 0x8a, 0xd4, 0x8a, 0xd4, 0x8a, 0xd4, 0x8a, 0xd4, 0x8a,
  0xd4, 0x8a, 0xd4, 0x8a, 0xdc, 0xc9, 0xdc, 0xc9, 0xe4, 0xea, 0xe5, 0x0a,
  0xed, 0x2b, 0xed, 0x4b, 0xf5, 0x6c, 0xf5, 0x6c, 0xfd, 0xad, 0xfd, 0xcd,
  0xfd, 0xad, 0xfd, 0xad, 0xfd, 0xad, 0xfd, 0xad, 0xfd, 0xcd, 0xfd, 0x8d,
  0xf6, 0x4d, 0xf7, 0x0e, 0xf6, 0xef, 0xff, 0x30, 0xff, 0x71, 0xff, 0x93,
  0xff, 0xd5, 0xff, 0xf7, 0xff, 0xf8, 0xff, 0xfc, 0xff, 0xfc, 0xff, 0xfe,
  0xff, 0xfe, 0xff, 0xff, 0xff, 0xff, 0xff, 0xff, 0xff, 0xff, 0xff, 0xff,
  0xff, 0xff, 0xff, 0xff, 0xff, 0xff, 0xff, 0xff, 0xff, 0xff, 0xff, 0xff,
  0xff, 0xff, 0xff, 0xff, 0xff, 0xff, 0xff, 0xff, 0xff, 0xff, 0xff, 0xff,
  0xff, 0xff, 0xff, 0xff, 0xff, 0xff, 0xff, 0xff, 0xff, 0xff, 0xff, 0xff,
  0xff, 0xff, 0xff, 0xff, 0xff, 0xff, 0xff, 0xff, 0xff, 0xff, 0xff, 0xff,
  0xff, 0xff, 0xff, 0xff, 0xff, 0xff, 0x00, 0x00, 0x00, 0x00, 0x00, 0x00,
  0x00, 0x00, 0x00, 0x00, 0x00, 0x00, 0x00, 0x00, 0xc4, 0x28, 0xc4, 0x09,
  0xbb, 0xe8, 0xbb, 0xc8, 0xb3, 0xa8, 0xb3, 0x88, 0xb3, 0x68, 0xab, 0x88,
  0xa3, 0x88, 0xa3, 0x68, 0x9b, 0x48, 0x9b, 0x27, 0x93, 0x06, 0x92, 0xe6,
  0x92, 0xc6, 0x8a, 0xc5, 0x8a, 0xa5, 0x8a, 0xa5, 0x8a, 0xa5, 0x8a, 0xa5,
  0x8a, 0xa5, 0x8a, 0xa5, 0x8a, 0xa5, 0x8a, 0xa5, 0x82, 0xc6, 0x8a, 0xc6,
  0x8a, 0xe7, 0x8b, 0x07, 0x93, 0x28, 0x93, 0x48, 0x9b, 0x68, 0x9b, 0x89,
  0xa3, 0xa9, 0x9b, 0x89, 0x9b, 0x68, 0x93, 0x27, 0x8a, 0xe7, 0x82, 0xa6,
  0x7a, 0x85, 0x7a, 0x65, 0x8a, 0xc5, 0x8a, 0xc5, 0x8a, 0xc5, 0x8a, 0xc5,
  0x8a, 0xc5, 0x8a, 0xc5, 0x8a, 0xc5, 0x8a, 0xc5, 0x8a, 0xc5, 0x8a, 0xc5,
  0x8a, 0xc5, 0x8a, 0xc5, 0x8a, 0xc5, 0x8a, 0xc5, 0x8a, 0xc5, 0x8a, 0xc5,
  0x92, 0xa5, 0x9a, 0x86, 0x9a, 0xa6, 0xa2, 0xa6, 0xa2, 0xc7, 0xab, 0x07,
  0xab, 0x28, 0xb3, 0x28, 0xb3, 0x49, 0xcc, 0x2c, 0xcc, 0x2c, 0xcc, 0x2c,
  0xcc, 0x2c, 0xcc, 0x2c, 0xcc, 0x2c, 0xcc, 0x2c, 0xcc, 0x2c, 0xdb, 0x8b,
  0xe3, 0x6b, 0xdb, 0x6b, 0xdb, 0x6b, 0xdb, 0x6b, 0xdb, 0x6b, 0xdb, 0x6b,
  0xdb, 0x6b, 0xe3, 0xab, 0xeb, 0xcc, 0xeb, 0xcc, 0xf3, 0xed, 0xf4, 0x0d,
  0xfc, 0x2e, 0xfc, 0x4e, 0xfc, 0x6f, 0xfc, 0x6e, 0xf4, 0x2b, 0xf4, 0x4c,
  0xf4, 0x6c, 0xfc, 0x8d, 0xfc, 0xad, 0xfc, 0xce, 0xfc, 0xee, 0xfc, 0xee,
  0xfc, 0xee, 0xfc, 0xee, 0xfc, 0xee, 0xfc, 0xee, 0xfc, 0xee, 0xfc, 0xee,
  0xfc, 0xee, 0xfc, 0xee, 0xfc, 0xee, 0xfc, 0xee, 0xfc, 0xee, 0xfc, 0xee,
  0xfc, 0xee, 0xfc, 0xee, 0xfc, 0xee, 0xfc, 0xee, 0xfd, 0x2f, 0xfd, 0x4f,
  0xfd, 0x4f, 0xfd, 0x4f, 0xfd, 0x4f, 0xfd, 0x4f, 0xfd, 0x4f, 0xfd, 0x4f,
  0xfd, 0x2f, 0xfd, 0x0f, 0xfc, 0xef, 0xfc, 0xce, 0xfc, 0xae, 0xfc, 0x8d,
  0xfc, 0x6d, 0xfc, 0x6d, 0xfc, 0x4c, 0xeb, 0xca, 0xeb, 0xca, 0xe3, 0x89,
  0xdb, 0x69, 0xd3, 0x28, 0xca, 0xe7, 0xca, 0xc6, 0xc2, 0xa6, 0x9a, 0xa5,
  0x9a, 0xa5, 0x9a, 0xa5, 0x9a, 0xa5, 0x9a, 0xa5, 0x9a, 0xa5, 0x9a, 0xa5,
  0x9a, 0xa5, 0x9a, 0xa5, 0x9a, 0xc6, 0x9a, 0xc6, 0x9a, 0xc6, 0x9a, 0xc6,
  0x9a, 0xc6, 0x9a, 0xc6, 0x9a, 0xa6, 0xa3, 0x05, 0xb3, 0x86, 0xb3, 0x66,
  0xb3, 0x86, 0xbb, 0xc7, 0xbb, 0xc7, 0xc3, 0xe8, 0xc4, 0x08, 0xcc, 0x29,
  0xd4, 0x8a, 0xd4, 0x8a, 0xd4, 0x8a, 0xd4, 0x8a, 0xd4, 0x8a, 0xd4, 0x8a,
  0xd4, 0x8a, 0xd4, 0x8a, 0xdc, 0xc9, 0xdc, 0xc9, 0xe4, 0xea, 0xe5, 0x0a,
  0xed, 0x2b, 0xed, 0x4b, 0xf5, 0x6c, 0xf5, 0x6c, 0xfd, 0xad, 0xfd, 0xcd,
  0xfd, 0xad, 0xfd, 0xad, 0xfd, 0xad, 0xfd, 0xad, 0xfd, 0xcd, 0xfd, 0x8d,
  0xfe, 0x4e, 0xff, 0x2f, 0xff, 0x30, 0xff, 0x51, 0xff, 0x93, 0xff, 0xd4,
  0xff, 0xf6, 0xff, 0xf8, 0xff, 0xf9, 0xff, 0xfc, 0xff, 0xfc, 0xff, 0xfe,
  0xff, 0xfe, 0xff, 0xff, 0xff, 0xff, 0xff, 0xff, 0xff, 0xff, 0xff, 0xff,
  0xff, 0xff, 0xff, 0xff, 0xff, 0xff, 0xff, 0xff, 0xff, 0xff, 0xff, 0xff,
  0xff, 0xff, 0xff, 0xff, 0xff, 0xff, 0xff, 0xff, 0xff, 0xff, 0xff, 0xff,
  0xff, 0xff, 0xff, 0xff, 0xff, 0xff, 0xff, 0xff, 0xff, 0xff, 0xff, 0xff,
  0xff, 0xff, 0xff, 0xff, 0xff, 0xff, 0xff, 0xff, 0xff, 0xff, 0xff, 0xff,
  0xff, 0xff, 0xff, 0xff, 0x00, 0x00, 0x00, 0x00, 0x00, 0x00, 0x00, 0x00,
  0x00, 0x00, 0x00, 0x00, 0x00, 0x00, 0x00, 0x00, 0xc4, 0x28, 0xc4, 0x09,
  0xbb, 0xe8, 0xbb, 0xc8, 0xb3, 0xa8, 0xb3, 0x88, 0xb3, 0x68, 0xa3, 0x68,
  0xa3, 0x68, 0xa3, 0x68, 0x9b, 0x48, 0x9b, 0x27, 0x92, 0xe6, 0x92, 0xe6,
  0x8a, 0xc6, 0x8a, 0xa5, 0x8a, 0xa5, 0x8a, 0xa5, 0x8a, 0xa5, 0x8a, 0xa5,
  0x8a, 0xa5, 0x8a, 0xa5, 0x8a, 0xa5, 0x82, 0xa5, 0x82, 0xc6, 0x82, 0xc6,
  0x8a, 0xe6, 0x8b, 0x07, 0x93, 0x28, 0x93, 0x48, 0x93, 0x68, 0x9b, 0x69,
  0x9b, 0x89, 0x93, 0x68, 0x93, 0x48, 0x8b, 0x07, 0x82, 0xc6, 0x7a, 0x85,
  0x7a, 0x65, 0x72, 0x44, 0x82, 0xa5, 0x8a, 0xc5, 0x8a, 0xc5, 0x8a, 0xc5,
  0x8a, 0xc5, 0x8a, 0xc5, 0x8a, 0xc5, 0x8a, 0xc5, 0x8a, 0xc5, 0x8a, 0xc5,
  0x8a, 0xc5, 0x8a, 0xc5, 0x8a, 0xc5, 0x8a, 0xc5, 0x8a, 0xc5, 0x8a, 0xc5,
  0x8a, 0xa5, 0x92, 0x65, 0x92, 0x65, 0x9a, 0x86, 0x9a, 0xa6, 0xa2, 0xc7,
  0xab, 0x07, 0xab, 0x07, 0xab, 0x28, 0xcb, 0xeb, 0xcb, 0xeb, 0xcb, 0xeb,
  0xcb, 0xeb, 0xcb, 0xeb, 0xcb, 0xeb, 0xcb, 0xeb, 0xc3, 0xeb, 0xd3, 0x6a,
  0xdb, 0x4a, 0xd3, 0x4a, 0xd3, 0x4a, 0xd3, 0x4a, 0xd3, 0x4a, 0xd3, 0x4a,
  0xd3, 0x4a, 0xdb, 0x6a, 0xdb, 0x6b, 0xdb, 0x8b, 0xe3, 0x8b, 0xeb, 0xcc,
  0xeb, 0xed, 0xec, 0x0d, 0xf4, 0x2e, 0xec, 0x0c, 0xe3, 0xca, 0xe3, 0xeb,
  0xec, 0x0b, 0xec, 0x2b, 0xf4, 0x4c, 0xf4, 0x6d, 0xfc, 0x6d, 0xfc, 0x8d,
  0xfc, 0x8d, 0xfc, 0x8d, 0xfc, 0x8d, 0xfc, 0x8d, 0xfc, 0x8d, 0xfc, 0x8d,
  0xfc, 0x8d, 0xfc, 0x8d, 0xfc, 0xcd, 0xfc, 0xcd, 0xfc, 0xcd, 0xfc, 0xcd,
  0xfc, 0xcd, 0xfc, 0xcd, 0xfc, 0xcd, 0xfc, 0xcd, 0xfd, 0x0e, 0xfd, 0x2f,
  0xfd, 0x2f, 0xfd, 0x2f, 0xfd, 0x2f, 0xfd, 0x2f, 0xfd, 0x2f, 0xfd, 0x2f,
  0xfd, 0x0f, 0xfc, 0xcf, 0xfc, 0xce, 0xfc, 0xae, 0xfc, 0x8d, 0xfc, 0x6d,
  0xfc, 0x4c, 0xf4, 0x2c, 0xf4, 0x0c, 0xe3, 0xaa, 0xe3, 0x89, 0xdb, 0x69,
  0xd3, 0x48, 0xcb, 0x07, 0xca, 0xc6, 0xc2, 0x85, 0xc2, 0x85, 0x9a, 0xa5,
  0x9a, 0xa5, 0x9a, 0xa5, 0x9a, 0xa5, 0x9a, 0xa5, 0x9a, 0xa5, 0x9a, 0xa5,
  0x9a, 0xa5, 0x9a, 0xa5, 0x9a, 0xa5, 0x9a, 0xa5, 0x9a, 0xa5, 0x9a, 0xa5,
  0x9a, 0xa5, 0x9a, 0xc5, 0x9a, 0xa5, 0xa3, 0x06, 0xb3, 0x86, 0xb3, 0x86,
  0xbb, 0xa7, 0xbb, 0xc7, 0xc3, 0xe8, 0xc4, 0x08, 0xc4, 0x08, 0xcc, 0x29,
  0xd4, 0x6a, 0xd4, 0x6a, 0xd4, 0x6a, 0xd4, 0x6a, 0xd4, 0x6a, 0xd4, 0x6a,
  0xd4, 0x6a, 0xd4, 0x6a, 0xdc, 0xa9, 0xdc, 0xc9, 0xdc, 0xea, 0xe4, 0xea,
  0xe5, 0x2b, 0xed, 0x4b, 0xed, 0x6c, 0xed, 0x6c, 0xf5, 0x8c, 0xfd, 0xad,
  0xf5, 0xad, 0xf5, 0xad, 0xf5, 0xad, 0xf5, 0xad, 0xf5, 0xad, 0xf5, 0x8c,
  0xf6, 0x4e, 0xff, 0x2f, 0xff, 0x30, 0xff, 0x51, 0xff, 0x93, 0xff, 0xd5,
  0xff, 0xf6, 0xff, 0xf8, 0xff, 0xf9, 0xff, 0xfc, 0xff, 0xfc, 0xff, 0xfe,
  0xff, 0xfe, 0xff, 0xff, 0xff, 0xff, 0xff, 0xff, 0xff, 0xff, 0xff, 0xff,
  0xff, 0xff, 0xff, 0xff, 0xff, 0xff, 0xff, 0xff, 0xff, 0xff, 0xff, 0xff,
  0xff, 0xff, 0xff, 0xff, 0xff, 0xff, 0xff, 0xff, 0xff, 0xff, 0xff, 0xff,
  0xff, 0xff, 0xff, 0xff, 0xff, 0xff, 0xff, 0xff, 0xff, 0xff, 0xff, 0xff,
  0xff, 0xff, 0xff, 0xff, 0xff, 0xff, 0xff, 0xff, 0xff, 0xff, 0xff, 0xff,
  0xff, 0xff, 0xff, 0xff, 0x00, 0x00, 0x00, 0x00, 0x00, 0x00, 0x00, 0x00,
  0x00, 0x00, 0x00, 0x00, 0x00, 0x00, 0x00, 0x00, 0xc4, 0x08, 0xbc, 0x09,
  0xbb, 0xc8, 0xbb, 0xa8, 0xb3, 0x88, 0xb3, 0x68, 0xab, 0x47, 0xa3, 0x68,
  0xa3, 0x68, 0x9b, 0x48, 0x9b, 0x47, 0x93, 0x07, 0x92, 0xe6, 0x8a, 0xc6,
  0x8a, 0xc6, 0x8a, 0xa5, 0x8a, 0xa5, 0x8a, 0xa5, 0x8a, 0xa5, 0x8a, 0xa5,
  0x8a, 0xa5, 0x8a, 0xa5, 0x8a, 0xa5, 0x82, 0xa5, 0x82, 0xa6, 0x82, 0xc6,
  0x82, 0xe6, 0x8b, 0x07, 0x93, 0x27, 0x93, 0x48, 0x93, 0x48, 0x9b, 0x69,
  0x93, 0x48, 0x93, 0x48, 0x8b, 0x07, 0x82, 0xe6, 0x82, 0xa6, 0x7a, 0x65,
  0x72, 0x44, 0x6a, 0x23, 0x82, 0xa5, 0x8a, 0xc5, 0x8a, 0xc5, 0x8a, 0xc5,
  0x8a, 0xc5, 0x8a, 0xc5, 0x8a, 0xc5, 0x8a, 0xc5, 0x8a, 0xa5, 0x8a, 0xa5,
  0x8a, 0xa5, 0x8a, 0xa5, 0x8a, 0xa5, 0x8a, 0xa5, 0x8a, 0xa5, 0x82, 0xc5,
  0x8a, 0x85, 0x92, 0x45, 0x92, 0x45, 0x92, 0x65, 0x9a, 0x86, 0xa2, 0xc6,
  0xa2, 0xc7, 0xa2, 0xe7, 0xab, 0x07, 0xc3, 0xeb, 0xc3, 0xcb, 0xc3, 0xcb,
  0xc3, 0xcb, 0xc3, 0xcb, 0xc3, 0xcb, 0xc3, 0xcb, 0xc3, 0xeb, 0xcb, 0x4a,
  0xcb, 0x4a, 0xcb, 0x4a, 0xcb, 0x4a, 0xcb, 0x4a, 0xcb, 0x4a, 0xcb, 0x4a,
  0xcb, 0x4a, 0xcb, 0x4a, 0xcb, 0x4a, 0xd3, 0x4a, 0xd3, 0x6a, 0xdb, 0x8b,
  0xdb, 0xac, 0xe3, 0xcc, 0xe3, 0xed, 0xe3, 0xcb, 0xdb, 0x89, 0xdb, 0xaa,
  0xe3, 0xca, 0xe3, 0xea, 0xec, 0x0b, 0xec, 0x2c, 0xec, 0x4c, 0xf4, 0x4c,
  0xf4, 0x6c, 0xf4, 0x6c, 0xf4, 0x6c, 0xf4, 0x6c, 0xf4, 0x6c, 0xf4, 0x6c,
  0xf4, 0x6c, 0xf4, 0x6c, 0xfc, 0xad, 0xfc, 0xad, 0xfc, 0xad, 0xfc, 0xad,
  0xfc, 0xad, 0xfc, 0xad, 0xfc, 0xad, 0xfc, 0x8d, 0xfc, 0xee, 0xfd, 0x2f,
  0xfd, 0x2f, 0xfd, 0x2f, 0xfd, 0x2f, 0xfd, 0x2f, 0xfd, 0x2f, 0xfd, 0x2f,
  0xfd, 0x0e, 0xfc, 0xae, 0xfc, 0xae, 0xfc, 0x8d, 0xf4, 0x8d, 0xf4, 0x6c,
  0xec, 0x2c, 0xec, 0x2b, 0xe4, 0x0b, 0xdb, 0x89, 0xdb, 0x89, 0xd3, 0x48,
  0xcb, 0x27, 0xc2, 0xe7, 0xba, 0xa6, 0xba, 0x85, 0xb2, 0x65, 0x9a, 0xa5,
  0x92, 0xa5, 0x92, 0xa5, 0x92, 0xa5, 0x92, 0xa5, 0x92, 0xa5, 0x92, 0xa5,
  0x92, 0xa5, 0x9a, 0xa5, 0x9a, 0xa5, 0x9a, 0xa5, 0x9a, 0xa5, 0x9a, 0xa5,
  0x9a, 0xa5, 0x9a, 0xa5, 0x92, 0x85, 0xa3, 0x06, 0xb3, 0xa6, 0xb3, 0x87,
  0xbb, 0xa7, 0xbb, 0xc7, 0xc3, 0xe8, 0xc4, 0x08, 0xcc, 0x29, 0xcc, 0x49,
  0xcc, 0x6a, 0xcc, 0x6a, 0xcc, 0x6a, 0xcc, 0x6a, 0xcc, 0x6a, 0xcc, 0x6a,
  0xcc, 0x6a, 0xcc, 0x6a, 0xd4, 0xa9, 0xdc, 0xa9, 0xdc, 0xc9, 0xdc, 0xea,
  0xe5, 0x0a, 0xe5, 0x2b, 0xed, 0x4b, 0xed, 0x4c, 0xf5, 0x8c, 0xf5, 0xad,
  0xf5, 0x8d, 0xf5, 0x8d, 0xf5, 0x8d, 0xf5, 0x8d, 0xf5, 0xad, 0xf5, 0x6c,
  0xf6, 0x4e, 0xff, 0x31, 0xff, 0x11, 0xff, 0x52, 0xff, 0x94, 0xff, 0xb6,
  0xff, 0xd7, 0xff, 0xd9, 0xff, 0xda, 0xff, 0xdd, 0xff, 0xdd, 0xff, 0xdf,
  0xff, 0xde, 0xff, 0xdf, 0xff, 0xdf, 0xff, 0xdf, 0xff, 0xdf, 0xff, 0xdf,
  0xff, 0xdf, 0xff, 0xdf, 0xff, 0xdf, 0xff, 0xdf, 0xff, 0xdf, 0xff, 0xdf,
  0xff, 0xdf, 0xff, 0xdf, 0xff, 0xdf, 0xff, 0xdf, 0xff, 0xdf, 0xff, 0xdf,
  0xff, 0xdf, 0xff, 0xdf, 0xff, 0xdf, 0xff, 0xdf, 0xff, 0xdf, 0xff, 0xdf,
  0xff, 0xdf, 0xff, 0xdf, 0xff, 0xdf, 0xff, 0xdf, 0xff, 0xdf, 0xff, 0xdf,
  0xff, 0xdf, 0xff, 0xdf, 0x00, 0x00, 0x00, 0x00, 0x00, 0x00, 0x00, 0x00,
  0x00, 0x00, 0x00, 0x00, 0x00, 0x00, 0x00, 0x00, 0xc4, 0x08, 0xbb, 0xe9,
  0xbb, 0xc8, 0xb3, 0xa8, 0xb3, 0x88, 0xab, 0x68, 0xab, 0x47, 0xa3, 0x68,
  0x9b, 0x68, 0x9b, 0x48, 0x9b, 0x27, 0x93, 0x07, 0x92, 0xe6, 0x8a, 0xc6,
  0x8a, 0xc6, 0x8a, 0xa5, 0x82, 0x85, 0x82, 0x85, 0x82, 0x85, 0x82, 0x85,
  0x82, 0x85, 0x82, 0x85, 0x8a, 0x85, 0x82, 0x85, 0x82, 0xa6, 0x82, 0xc6,
  0x82, 0xc6, 0x8b, 0x07, 0x8b, 0x27, 0x93, 0x48, 0x93, 0x48, 0x93, 0x69,
  0x93, 0x48, 0x93, 0x28, 0x8b, 0x07, 0x82, 0xc6, 0x7a, 0x85, 0x72, 0x65,
  0x72, 0x24, 0x6a, 0x03, 0x82, 0xa5, 0x8a, 0xc5, 0x8a, 0xa5, 0x8a, 0xa5,
  0x8a, 0xa5, 0x8a, 0xa5, 0x8a, 0xa5, 0x8a, 0xa5, 0x82, 0xa5, 0x82, 0xa5,
  0x82, 0xa5, 0x82, 0xa5, 0x82, 0xa5, 0x82, 0xa5, 0x82, 0xa5, 0x82, 0xc5,
  0x8a, 0x85, 0x8a, 0x24, 0x92, 0x45, 0x92, 0x65, 0x9a, 0x85, 0x9a, 0xa6,
  0xa2, 0xc7, 0xa2, 0xc7, 0xa2, 0xe7, 0xc3, 0xcb, 0xc3, 0xca, 0xc3, 0xca,
  0xc3, 0xca, 0xc3, 0xca, 0xc3, 0xca, 0xc3, 0xca, 0xbb, 0xca, 0xcb, 0x29,
  0xcb, 0x29, 0xcb, 0x29, 0xcb, 0x29, 0xcb, 0x29, 0xcb, 0x29, 0xcb, 0x29,
  0xcb, 0x29, 0xcb, 0x29, 0xcb, 0x29, 0xcb, 0x29, 0xcb, 0x4a, 0xd3, 0x6a,
  0xdb, 0x8b, 0xdb, 0xab, 0xdb, 0xcc, 0xdb, 0xab, 0xd3, 0x68, 0xdb, 0x89,
  0xdb, 0x89, 0xdb, 0xca, 0xe3, 0xea, 0xec, 0x0b, 0xec, 0x0b, 0xec, 0x2c,
  0xf4, 0x4c, 0xf4, 0x4c, 0xf4, 0x4c, 0xf4, 0x4c, 0xf4, 0x4c, 0xf4, 0x4c,
  0xf4, 0x4c, 0xf4, 0x4c, 0xf4, 0x8c, 0xf4, 0x8c, 0xf4, 0x8c, 0xf4, 0x8c,
  0xf4, 0x8c, 0xf4, 0x8c, 0xf4, 0x8d, 0xf4, 0x8c, 0xf4, 0xee, 0xf5, 0x2f,
  0xf5, 0x0e, 0xf5, 0x0e, 0xf5, 0x0e, 0xf5, 0x0e, 0xf5, 0x0e, 0xf5, 0x2f,
  0xf4, 0xee, 0xf4, 0xad, 0xf4, 0xad, 0xf4, 0x8d, 0xf4, 0x6c, 0xec, 0x4c,
  0xec, 0x2b, 0xec, 0x0b, 0xe3, 0xeb, 0xd3, 0x89, 0xd3, 0x69, 0xcb, 0x48,
  0xcb, 0x07, 0xc2, 0xe6, 0xba, 0xa5, 0xb2, 0x65, 0xb2, 0x65, 0x9a, 0x85,
  0x92, 0x85, 0x92, 0x85, 0x92, 0x85, 0x92, 0x85, 0x92, 0x85, 0x92, 0x85,
  0x92, 0x85, 0x92, 0xa5, 0x9a, 0xa5, 0x9a, 0xa5, 0x9a, 0xa5, 0x9a, 0xa5,
  0x9a, 0xa5, 0x9a, 0xa5, 0x92, 0x85, 0xa3, 0x06, 0xb3, 0xa6, 0xb3, 0x87,
  0xbb, 0xa7, 0xbb, 0xe8, 0xc4, 0x08, 0xc4, 0x29, 0xcc, 0x29, 0xcc, 0x49,
  0xcc, 0x4a, 0xcc, 0x4a, 0xcc, 0x4a, 0xcc, 0x4a, 0xcc, 0x4a, 0xcc, 0x4a,
  0xcc, 0x4a, 0xcc, 0x4a, 0xd4, 0xa9, 0xd4, 0xa9, 0xdc, 0xc9, 0xdc, 0xea,
  0xe5, 0x0a, 0xe5, 0x2b, 0xed, 0x4b, 0xed, 0x4b, 0xf5, 0x6c, 0xf5, 0x8d,
  0xf5, 0x8c, 0xf5, 0x8c, 0xf5, 0x8c, 0xf5, 0x8c, 0xf5, 0x8d, 0xf5, 0x6c,
  0xf6, 0x4e, 0xf7, 0x31, 0xf7, 0x11, 0xf7, 0x52, 0xf7, 0x94, 0xf7, 0xb6,
  0xf7, 0xb7, 0xf7, 0xb9, 0xf7, 0xba, 0xf7, 0xbd, 0xf7, 0xbd, 0xf7, 0xbe,
  0xf7, 0xbe, 0xf7, 0xbe, 0xf7, 0xbe, 0xf7, 0xbe, 0xf7, 0xbe, 0xf7, 0xbe,
  0xf7, 0xbe, 0xf7, 0xbe, 0xf7, 0xbe, 0xf7, 0xbe, 0xf7, 0xbe, 0xf7, 0xbe,
  0xf7, 0xbe, 0xf7, 0xbe, 0xf7, 0xbe, 0xf7, 0xbe, 0xf7, 0xbe, 0xf7, 0xbe,
  0xf7, 0xbe, 0xf7, 0xbe, 0xf7, 0xbe, 0xf7, 0xbe, 0xf7, 0xbe, 0xf7, 0xbe,
  0xf7, 0xbe, 0xf7, 0xbe, 0xf7, 0xbe, 0xf7, 0xbe, 0xf7, 0xbe, 0xf7, 0xbe,
  0xf7, 0xbe, 0xf7, 0xbe, 0x00, 0x00, 0x00, 0x00, 0x00, 0x00, 0x00, 0x00,
  0x00, 0x00, 0x00, 0x00, 0x00, 0x00, 0x00, 0x00, 0x00, 0x00, 0xc4, 0x09,
  0xbb, 0xe9, 0xbb, 0xc9, 0xb3, 0xa8, 0xb3, 0x88, 0xb3, 0x68, 0xa3, 0x68,
  0x9b, 0x48, 0x9b, 0x28, 0x93, 0x27, 0x93, 0x07, 0x8a, 0xc6, 0x8a, 0xc6,
  0x8a, 0xa5, 0x8a, 0xa5, 0x8a, 0xc6, 0x8a, 0xc6, 0x8a, 0xc6, 0x8a, 0xc6,
  0x8a, 0xc6, 0x8a, 0xc6, 0x8a, 0xa5, 0x8a, 0xe6, 0x93, 0x69, 0x93, 0x48,
  0x93, 0x48, 0x93, 0x48, 0x93, 0x48, 0x93, 0x48, 0x93, 0x48, 0x93, 0x48,
  0x93, 0x48, 0x93, 0x28, 0x93, 0x28, 0x8b, 0x07, 0x82, 0xe6, 0x82, 0xc6,
  0x82, 0xa6, 0x7a, 0x85, 0x82, 0xa5, 0x82, 0xa5, 0x82, 0xa5, 0x82, 0xa5,
  0x82, 0xa5, 0x82, 0xa5, 0x82, 0xa5, 0x82, 0x85, 0x93, 0x06, 0x9b, 0x48,
  0x93, 0x27, 0x8a, 0xe6, 0x82, 0xa5, 0x82, 0x84, 0x7a, 0x44, 0x72, 0x23,
  0x7a, 0x03, 0x8a, 0x24, 0x8a, 0x24, 0x92, 0x45, 0x92, 0x65, 0x9a, 0x86,
  0x9a, 0xa6, 0x9a, 0xc6, 0xa2, 0xc7, 0x9a, 0xc6, 0x9a, 0xc6, 0x9a, 0xc6,
  0x9a, 0xc6, 0x9a, 0xc6, 0x9a, 0xc6, 0xa2, 0xc6, 0x9a, 0xa6, 0xbb, 0x29,
  0xbb, 0x29, 0xbb, 0x08, 0xb2, 0xe8, 0xb2, 0xc7, 0xaa, 0xa7, 0xaa, 0x86,
  0xaa, 0x66, 0xaa, 0x86, 0xaa, 0x87, 0xaa, 0xa7, 0xb2, 0xc7, 0xb2, 0xe8,
  0xbb, 0x08, 0xbb, 0x29, 0xbb, 0x29, 0xcb, 0x49, 0xd3, 0x69, 0xd3, 0x69,
  0xdb, 0x89, 0xdb, 0xca, 0xe3, 0xea, 0xe3, 0xeb, 0xec, 0x0b, 0xec, 0x2c,
  0xec, 0x4c, 0xec, 0x4c, 0xec, 0x4c, 0xec, 0x4c, 0xec, 0x4c, 0xec, 0x4c,
  0xec, 0x4c, 0xec, 0x4c, 0xf4, 0x8c, 0xf4, 0x8c, 0xf4, 0x8c, 0xf4, 0x8c,
  0xf4, 0x8c, 0xf4, 0x8c, 0xf4, 0x8c, 0xf4, 0x8c, 0xf4, 0xad, 0xf4, 0xcd,
  0xf4, 0xad, 0xf4, 0x8c, 0xf4, 0x6c, 0xf4, 0x4b, 0xec, 0x2b, 0xec, 0x0a,
  0xec, 0x2b, 0xe4, 0x6c, 0xe4, 0x4c, 0xe4, 0x4b, 0xdc, 0x2b, 0xdb, 0xea,
  0xd3, 0xca, 0xd3, 0xca, 0xcb, 0xa9, 0xb2, 0xe6, 0xb2, 0xe6, 0xb2, 0xc6,
  0xb2, 0xa5, 0xaa, 0x85, 0xa2, 0x64, 0xa2, 0x44, 0xa2, 0x44, 0x82, 0x03,
  0x81, 0xe3, 0x81, 0xe3, 0x81, 0xe3, 0x81, 0xe3, 0x81, 0xe3, 0x82, 0x03,
  0x79, 0xe2, 0x8a, 0x44, 0x92, 0x85, 0x92, 0x85, 0x9a, 0xa6, 0x9a, 0xc6,
  0xa2, 0xe7, 0xa3, 0x07, 0xa3, 0x07, 0xb3, 0x88, 0xcc, 0x49, 0xc4, 0x09,
  0xc4, 0x29, 0xc4, 0x29, 0xc4, 0x29, 0xc4, 0x29, 0xc4, 0x29, 0xc4, 0x29,
  0xcc, 0x49, 0xcc, 0x49, 0xcc, 0x49, 0xcc, 0x49, 0xcc, 0x49, 0xcc, 0x49,
  0xcc, 0x49, 0xcc, 0x49, 0xed, 0x4b, 0xed, 0x4c, 0xed, 0x4c, 0xed, 0x4c,
  0xed, 0x4c, 0xed, 0x4c, 0xed, 0x4c, 0xed, 0x4b, 0xed, 0x6c, 0xf5, 0x8c,
  0xf5, 0x8d, 0xf5, 0xad, 0xf5, 0xce, 0xf5, 0xee, 0xf6, 0x0f, 0xf5, 0xee,
  0xf6, 0xd1, 0xf7, 0xb4, 0xf7, 0x94, 0xf7, 0x95, 0xf7, 0xb6, 0xf7, 0xb8,
  0xf7, 0xb9, 0xf7, 0xba, 0xf7, 0xbb, 0xf7, 0xbd, 0xf7, 0xbd, 0xf7, 0xbe,
  0xf7, 0xbe, 0xf7, 0xbe, 0xf7, 0xbe, 0xf7, 0xbe, 0xf7, 0xbe, 0xf7, 0xbe,
  0xf7, 0xbe, 0xf7, 0xbe, 0xf7, 0xbe, 0xf7, 0xbe, 0xf7, 0xbe, 0xf7, 0xbe,
  0xf7, 0xbe, 0xf7, 0xbe, 0xf7, 0xbe, 0xf7, 0xbe, 0xf7, 0xbe, 0xf7, 0xbe,
  0xf7, 0xbe, 0xf7, 0xbe, 0xf7, 0xbe, 0xf7, 0xbe, 0xf7, 0xbe, 0xf7, 0xbe,
  0xf7, 0xbe, 0xf7, 0xbe, 0xf7, 0xbe, 0xf7, 0xbe, 0xf7, 0xbe, 0xf7, 0xbe,
  0xf7, 0xbe, 0x00, 0x00, 0x00, 0x00, 0x00, 0x00, 0x00, 0x00, 0x00, 0x00,
  0x00, 0x00, 0x00, 0x00, 0x00, 0x00, 0x00, 0x00, 0x00, 0x00, 0xbc, 0x09,
  0xbb, 0xe9, 0xb3, 0xa8, 0xb3, 0x88, 0xab, 0x88, 0xab, 0x68, 0x9b, 0x48,
  0x9b, 0x48, 0x9b, 0x27, 0x93, 0x07, 0x92, 0xe7, 0x8a, 0xc6, 0x8a, 0xa6,
  0x82, 0xa5, 0x82, 0xa5, 0x8a, 0xa6, 0x8a, 0xa6, 0x8a, 0xa6, 0x8a, 0xa6,
  0x8a, 0xa6, 0x8a, 0xa6, 0x8a, 0xa5, 0x8a, 0xe6, 0x93, 0x69, 0x93, 0x48,
  0x93, 0x48, 0x93, 0x48, 0x93, 0x48, 0x93, 0x48, 0x93, 0x48, 0x93, 0x48,
  0x93, 0x48, 0x93, 0x28, 0x8b, 0x28, 0x8a, 0xe7, 0x82, 0xc6, 0x82, 0xa6,
  0x7a, 0xa6, 0x7a, 0x85, 0x82, 0xa5, 0x82, 0xa5, 0x82, 0xa5, 0x82, 0xa5,
  0x82, 0xa5, 0x82, 0xa5, 0x82, 0xa5, 0x82, 0xa5, 0x8a, 0xe6, 0x93, 0x27,
  0x93, 0x06, 0x8a, 0xe6, 0x82, 0xa5, 0x7a, 0x64, 0x72, 0x23, 0x72, 0x03,
  0x7a, 0x03, 0x8a, 0x24, 0x8a, 0x24, 0x8a, 0x45, 0x92, 0x65, 0x92, 0x86,
  0x9a, 0xa6, 0x9a, 0xa6, 0xa2, 0xc7, 0x9a, 0xa6, 0x9a, 0xa6, 0x9a, 0xa6,
  0x9a, 0xa6, 0x9a, 0xa6, 0x9a, 0xa6, 0x9a, 0xa6, 0x9a, 0xa6, 0xb3, 0x08,
  0xbb, 0x09, 0xb2, 0xe8, 0xb2, 0xc7, 0xaa, 0xa7, 0xaa, 0x87, 0xa2, 0x66,
  0xa2, 0x66, 0xa2, 0x66, 0xaa, 0x86, 0xaa, 0x87, 0xaa, 0xa7, 0xb2, 0xc7,
  0xb2, 0xe8, 0xbb, 0x09, 0xbb, 0x29, 0xc3, 0x29, 0xd3, 0x48, 0xd3, 0x69,
  0xd3, 0x89, 0xdb, 0xa9, 0xdb, 0xca, 0xe3, 0xeb, 0xe4, 0x0b, 0xe4, 0x0b,
  0xec, 0x2b, 0xec, 0x2b, 0xec, 0x2b, 0xec, 0x2b, 0xec, 0x2b, 0xec, 0x2b,
  0xec, 0x2b, 0xec, 0x0b, 0xf4, 0x8c, 0xf4, 0x8c, 0xf4, 0x8c, 0xf4, 0x8c,
  0xf4, 0x8c, 0xf4, 0x8c, 0xf4, 0x8c, 0xf4, 0x8c, 0xf4, 0xad, 0xf4, 0xcd,
  0xf4, 0xad, 0xf4, 0x8d, 0xf4, 0x6c, 0xf4, 0x4b, 0xec, 0x2b, 0xec, 0x0b,
  0xe4, 0x2b, 0xdc, 0x2b, 0xdc, 0x2b, 0xdc, 0x0b, 0xd3, 0xea, 0xd3, 0xca,
  0xcb, 0xa9, 0xcb, 0xa9, 0xcb, 0x88, 0xb2, 0xc6, 0xb2, 0xc6, 0xb2, 0xa5,
  0xaa, 0x85, 0xa2, 0x64, 0xa2, 0x44, 0xa2, 0x43, 0x9a, 0x23, 0x82, 0x03,
  0x82, 0x03, 0x82, 0x03, 0x82, 0x03, 0x82, 0x03, 0x82, 0x03, 0x82, 0x03,
  0x81, 0xe3, 0x8a, 0x64, 0x92, 0x85, 0x92, 0x85, 0x9a, 0xa6, 0x9a, 0xe6,
  0xa2, 0xe7, 0xa3, 0x07, 0xa3, 0x07, 0xb3, 0x88, 0xc4, 0x29, 0xc4, 0x09,
  0xc4, 0x09, 0xc4, 0x09, 0xc4, 0x09, 0xc4, 0x09, 0xc4, 0x09, 0xc4, 0x09,
  0xc4, 0x29, 0xc4, 0x29, 0xc4, 0x29, 0xc4, 0x29, 0xc4, 0x29, 0xc4, 0x29,
  0xc4, 0x29, 0xc4, 0x29, 0xe5, 0x2b, 0xed, 0x4b, 0xe5, 0x2b, 0xe5, 0x2b,
  0xe5, 0x2b, 0xe5, 0x2b, 0xe5, 0x2b, 0xe5, 0x2b, 0xed, 0x4c, 0xed, 0x6c,
  0xf5, 0x8d, 0xf5, 0xad, 0xf5, 0xce, 0xf5, 0xee, 0xf6, 0x0f, 0xf5, 0xee,
  0xf6, 0xb1, 0xf7, 0x94, 0xf7, 0x74, 0xf7, 0x94, 0xf7, 0x96, 0xf7, 0x97,
  0xf7, 0x98, 0xf7, 0x9a, 0xf7, 0x9b, 0xf7, 0x9d, 0xf7, 0x9d, 0xf7, 0x9e,
  0xf7, 0x9e, 0xf7, 0x9e, 0xf7, 0x9e, 0xf7, 0x9e, 0xf7, 0x9e, 0xf7, 0x9e,
  0xf7, 0x9e, 0xf7, 0x9e, 0xf7, 0x9e, 0xf7, 0x9e, 0xf7, 0x9e, 0xf7, 0x9e,
  0xf7, 0x9e, 0xf7, 0x9e, 0xf7, 0x9e, 0xf7, 0x9e, 0xf7, 0x9e, 0xf7, 0x9e,
  0xf7, 0x9e, 0xf7, 0x9e, 0xf7, 0x9e, 0xf7, 0x9e, 0xf7, 0x9e, 0xf7, 0x9e,
  0xf7, 0x9e, 0xf7, 0x9e, 0xf7, 0x9e, 0xf7, 0x9e, 0xf7, 0x9e, 0xf7, 0x9e,
  0xf7, 0x9e, 0x00, 0x00, 0x00, 0x00, 0x00, 0x00, 0x00, 0x00, 0x00, 0x00,
  0x00, 0x00, 0x00, 0x00, 0x00, 0x00, 0x00, 0x00, 0x00, 0x00, 0xbb, 0xe9,
  0xb3, 0xc8, 0xb3, 0xa8, 0xab, 0x88, 0xab, 0x68, 0xab, 0x48, 0x9b, 0x48,
  0x9b, 0x28, 0x93, 0x27, 0x93, 0x07, 0x8a, 0xe6, 0x8a, 0xc6, 0x82, 0xa6,
  0x82, 0x85, 0x82, 0xa5, 0x82, 0xa6, 0x82, 0xa6, 0x82, 0xa6, 0x82, 0xa6,
  0x82, 0xa6, 0x82, 0xa6, 0x82, 0xa5, 0x8a, 0xc6, 0x93, 0x48, 0x93, 0x48,
  0x93, 0x48, 0x93, 0x48, 0x93, 0x48, 0x93, 0x48, 0x93, 0x48, 0x93, 0x48,
  0x93, 0x28, 0x8b, 0x28, 0x8b, 0x07, 0x82, 0xe7, 0x82, 0xc6, 0x7a, 0xa6,
  0x7a, 0x86, 0x7a, 0x85, 0x82, 0xa5, 0x82, 0xa5, 0x82, 0xa5, 0x82, 0xa5,
  0x82, 0xa5, 0x82, 0xa5, 0x82, 0xa5, 0x82, 0xa5, 0x8a, 0xe6, 0x93, 0x07,
  0x8a, 0xe6, 0x82, 0xc5, 0x7a, 0x84, 0x7a, 0x44, 0x72, 0x23, 0x69, 0xe2,
  0x71, 0xe3, 0x8a, 0x04, 0x8a, 0x24, 0x8a, 0x45, 0x92, 0x65, 0x92, 0x86,
  0x9a, 0xa6, 0x9a, 0xa6, 0x9a, 0xc7, 0x9a, 0xa6, 0x9a, 0xa6, 0x9a, 0xa6,
  0x9a, 0xa6, 0x9a, 0xa6, 0x9a, 0xa6, 0x9a, 0xa6, 0x9a, 0xa6, 0xaa, 0xe8,
  0xab, 0x08, 0xaa, 0xe8, 0xaa, 0xc7, 0xa2, 0xa7, 0xa2, 0x86, 0x9a, 0x66,
  0x9a, 0x65, 0x9a, 0x66, 0x9a, 0x86, 0xa2, 0x86, 0xa2, 0xa7, 0xaa, 0xc7,
  0xaa, 0xe8, 0xab, 0x08, 0xab, 0x08, 0xbb, 0x28, 0xcb, 0x28, 0xcb, 0x48,
  0xcb, 0x69, 0xd3, 0x89, 0xdb, 0xaa, 0xdb, 0xca, 0xdb, 0xca, 0xdb, 0xeb,
  0xe4, 0x0b, 0xe4, 0x0b, 0xe4, 0x0b, 0xe4, 0x0b, 0xe4, 0x0b, 0xe4, 0x0b,
  0xe4, 0x0b, 0xe4, 0x0b, 0xec, 0x8d, 0xec, 0xad, 0xec, 0x8d, 0xec, 0x8d,
  0xec, 0x8d, 0xec, 0x8d, 0xec, 0x8d, 0xec, 0x8d, 0xec, 0xad, 0xec, 0xcd,
  0xec, 0xad, 0xec, 0x8d, 0xec, 0x6c, 0xec, 0x4b, 0xec, 0x2b, 0xec, 0x2b,
  0xdc, 0x0b, 0xcc, 0x0a, 0xcc, 0x0a, 0xcb, 0xea, 0xc3, 0xa9, 0xc3, 0xa9,
  0xbb, 0x88, 0xbb, 0x68, 0xbb, 0x47, 0xa2, 0xc5, 0xaa, 0xc5, 0xa2, 0xa5,
  0xa2, 0x84, 0x9a, 0x64, 0x9a, 0x43, 0x92, 0x23, 0x92, 0x23, 0x82, 0x03,
  0x82, 0x03, 0x82, 0x03, 0x82, 0x03, 0x82, 0x03, 0x82, 0x03, 0x82, 0x03,
  0x82, 0x03, 0x8a, 0x65, 0x92, 0xa6, 0x92, 0xa6, 0x9a, 0xc6, 0x9a, 0xe6,
  0xa3, 0x07, 0xa3, 0x27, 0xa3, 0x28, 0xb3, 0x88, 0xc4, 0x29, 0xbc, 0x09,
  0xc4, 0x09, 0xc4, 0x09, 0xc4, 0x09, 0xc4, 0x09, 0xc4, 0x09, 0xc4, 0x09,
  0xc4, 0x29, 0xc4, 0x29, 0xc4, 0x29, 0xc4, 0x29, 0xc4, 0x29, 0xc4, 0x29,
  0xc4, 0x29, 0xc4, 0x29, 0xe5, 0x2b, 0xe5, 0x2b, 0xe5, 0x2b, 0xe5, 0x2b,
  0xe5, 0x2b, 0xe5, 0x2b, 0xe5, 0x2b, 0xe5, 0x2b, 0xe5, 0x4c, 0xed, 0x6c,
  0xed, 0x6c, 0xed, 0x8d, 0xed, 0xad, 0xed, 0xce, 0xed, 0xee, 0xed, 0xce,
  0xee, 0x91, 0xef, 0x74, 0xef, 0x54, 0xef, 0x75, 0xef, 0x76, 0xef, 0x78,
  0xef, 0x79, 0xef, 0x7b, 0xef, 0x7b, 0xef, 0x7d, 0xef, 0x7d, 0xef, 0x7d,
  0xef, 0x7d, 0xef, 0x7d, 0xef, 0x7d, 0xef, 0x7d, 0xef, 0x7d, 0xef, 0x7d,
  0xef, 0x7d, 0xef, 0x7d, 0xef, 0x7d, 0xef, 0x7d, 0xef, 0x7d, 0xef, 0x7d,
  0xef, 0x7d, 0xef, 0x7d, 0xef, 0x7d, 0xef, 0x7d, 0xef, 0x7d, 0xef, 0x7d,
  0xef, 0x7d, 0xef, 0x7d, 0xef, 0x7d, 0xef, 0x7d, 0xef, 0x7d, 0xef, 0x7d,
  0xef, 0x7d, 0xef, 0x7d, 0xef, 0x7d, 0xef, 0x7d, 0xef, 0x7d, 0xef, 0x7d,
  0xef, 0x7d, 0x00, 0x00, 0x00, 0x00, 0x00, 0x00, 0x00, 0x00, 0x00, 0x00,
  0x00, 0x00, 0x00, 0x00, 0x00, 0x00, 0x00, 0x00, 0x00, 0x00, 0x00, 0x00,
  0xb3, 0xc8, 0xb3, 0xa8, 0xab, 0x88, 0xab, 0x68, 0xab, 0x48, 0x9b, 0x48,
  0x93, 0x28, 0x93, 0x27, 0x93, 0x07, 0x8a, 0xe6, 0x8a, 0xc6, 0x82, 0xa5,
  0x82, 0x85, 0x82, 0x85, 0x82, 0xa5, 0x82, 0xa5, 0x82, 0xa5, 0x82, 0xa5,
  0x82, 0xa5, 0x82, 0xa5, 0x82, 0x85, 0x8a, 0xc6, 0x93, 0x48, 0x93, 0x28,
  0x93, 0x28, 0x93, 0x28, 0x93, 0x28, 0x93, 0x28, 0x93, 0x28, 0x93, 0x28,
  0x8b, 0x28, 0x8b, 0x28, 0x8b, 0x07, 0x82, 0xe7, 0x82, 0xc6, 0x7a, 0xa6,
  0x7a, 0x85, 0x7a, 0x65, 0x82, 0xc6, 0x8a, 0xc6, 0x8a, 0xc6, 0x8a, 0xc6,
  0x8a, 0xc6, 0x8a, 0xc6, 0x82, 0xc6, 0x82, 0xc6, 0x8a, 0xc6, 0x8a, 0xe6,
  0x82, 0xc5, 0x82, 0x85, 0x7a, 0x64, 0x72, 0x23, 0x6a, 0x02, 0x61, 0xc2,
  0x71, 0xc2, 0x8a, 0x04, 0x82, 0x24, 0x8a, 0x25, 0x92, 0x65, 0x92, 0x66,
  0x92, 0x86, 0x9a, 0xa6, 0x9a, 0xc7, 0x9a, 0xa6, 0x9a, 0xa6, 0x9a, 0xa6,
  0x9a, 0xa6, 0x9a, 0xa6, 0x9a, 0xa6, 0x9a, 0xa6, 0x9a, 0xa6, 0xaa, 0xc7,
  0xaa, 0xc7, 0xa2, 0xc7, 0xa2, 0xa6, 0x9a, 0x86, 0x9a, 0x65, 0x92, 0x45,
  0x92, 0x25, 0x92, 0x45, 0x9a, 0x45, 0x9a, 0x66, 0x9a, 0x86, 0xa2, 0xa7,
  0xa2, 0xc7, 0xaa, 0xe8, 0xaa, 0xe8, 0xb3, 0x08, 0xc3, 0x07, 0xc3, 0x28,
  0xcb, 0x28, 0xcb, 0x48, 0xd3, 0x69, 0xd3, 0x89, 0xd3, 0xaa, 0xdb, 0xca,
  0xdb, 0xca, 0xdb, 0xca, 0xdb, 0xca, 0xdb, 0xca, 0xdb, 0xca, 0xdb, 0xca,
  0xdb, 0xca, 0xdb, 0xca, 0xec, 0x8c, 0xec, 0x8d, 0xec, 0x8d, 0xec, 0x8d,
  0xec, 0x8d, 0xec, 0x8d, 0xec, 0x8d, 0xec, 0x8d, 0xec, 0x8d, 0xec, 0x8d,
  0xec, 0x8c, 0xec, 0x6c, 0xec, 0x4c, 0xec, 0x2b, 0xe4, 0x0b, 0xe4, 0x0a,
  0xdb, 0xea, 0xc3, 0xa9, 0xc3, 0xa9, 0xc3, 0x89, 0xbb, 0x88, 0xbb, 0x48,
  0xb3, 0x27, 0xb3, 0x27, 0xab, 0x06, 0xa2, 0xa5, 0xa2, 0x85, 0x9a, 0x84,
  0x9a, 0x64, 0x92, 0x43, 0x92, 0x23, 0x92, 0x03, 0x8a, 0x02, 0x82, 0x24,
  0x82, 0x24, 0x82, 0x24, 0x82, 0x24, 0x82, 0x24, 0x82, 0x24, 0x82, 0x24,
  0x82, 0x23, 0x92, 0x85, 0x92, 0xa6, 0x9a, 0xc6, 0x9a, 0xc6, 0x9b, 0x07,
  0xa3, 0x28, 0xab, 0x48, 0xa3, 0x28, 0xb3, 0x88, 0xc4, 0x08, 0xbb, 0xe8,
  0xbb, 0xe8, 0xbb, 0xe8, 0xbb, 0xe8, 0xbb, 0xe8, 0xbb, 0xe8, 0xbc, 0x09,
  0xc4, 0x09, 0xc4, 0x09, 0xc4, 0x09, 0xc4, 0x09, 0xc4, 0x09, 0xc4, 0x09,
  0xc4, 0x09, 0xc4, 0x09, 0xe5, 0x0b, 0xe5, 0x2b, 0xe5, 0x0b, 0xe5, 0x0b,
  0xe5, 0x0b, 0xe5, 0x0b, 0xe5, 0x0b, 0xe5, 0x0b, 0xe5, 0x2c, 0xed, 0x4c,
  0xed, 0x6c, 0xed, 0x6d, 0xed, 0xad, 0xed, 0xce, 0xed, 0xee, 0xed, 0xce,
  0xee, 0x91, 0xef, 0x54, 0xef, 0x34, 0xef, 0x55, 0xef, 0x56, 0xef, 0x58,
  0xef, 0x59, 0xef, 0x5a, 0xef, 0x5b, 0xef, 0x5d, 0xef, 0x5d, 0xef, 0x5d,
  0xef, 0x5d, 0xef, 0x5d, 0xef, 0x5d, 0xef, 0x5d, 0xef, 0x5d, 0xef, 0x5d,
  0xef, 0x5d, 0xef, 0x5d, 0xef, 0x5d, 0xef, 0x5d, 0xef, 0x5d, 0xef, 0x5d,
  0xef, 0x5d, 0xef, 0x5d, 0xef, 0x5d, 0xef, 0x5d, 0xef, 0x5d, 0xef, 0x5d,
  0xef, 0x5d, 0xef, 0x5d, 0xef, 0x5d, 0xef, 0x5d, 0xef, 0x5d, 0xef, 0x5d,
  0xef, 0x5d, 0xef, 0x5d, 0xef, 0x5d, 0xef, 0x5d, 0xef, 0x5d, 0xef, 0x5d,
  0x00, 0x00, 0x00, 0x00, 0x00, 0x00, 0x00, 0x00, 0x00, 0x00, 0x00, 0x00,
  0x00, 0x00, 0x00, 0x00, 0x00, 0x00, 0x00, 0x00, 0x00, 0x00, 0x00, 0x00,
  0xb3, 0xc8, 0xab, 0x88, 0xab, 0x68, 0xab, 0x68, 0xab, 0x48, 0x9b, 0x28,
  0x93, 0x28, 0x93, 0x07, 0x8a, 0xe7, 0x8a, 0xc6, 0x82, 0xa6, 0x82, 0xa5,
  0x82, 0x85, 0x82, 0x85, 0x82, 0xa5, 0x82, 0xa5, 0x82, 0xa5, 0x82, 0xa5,
  0x82, 0xa5, 0x82, 0xa5, 0x82, 0x85, 0x82, 0xc6, 0x8b, 0x48, 0x8b, 0x28,
  0x8b, 0x28, 0x8b, 0x28, 0x8b, 0x28, 0x8b, 0x28, 0x8b, 0x28, 0x8b, 0x28,
  0x8b, 0x28, 0x8b, 0x08, 0x8b, 0x07, 0x82, 0xe7, 0x82, 0xc6, 0x7a, 0xa6,
  0x7a, 0x86, 0x72, 0x65, 0x8a, 0xc6, 0x8a, 0xe6, 0x8a, 0xe6, 0x8a, 0xe6,
  0x8a, 0xe6, 0x8a, 0xe6, 0x8a, 0xe6, 0x8a, 0xe6, 0x8a, 0xc6, 0x82, 0xa5,
  0x82, 0x85, 0x7a, 0x64, 0x72, 0x23, 0x6a, 0x03, 0x69, 0xe2, 0x61, 0xa1,
  0x69, 0xc2, 0x8a, 0x04, 0x82, 0x24, 0x8a, 0x24, 0x8a, 0x45, 0x92, 0x66,
  0x92, 0x86, 0x9a, 0xa6, 0x9a, 0xa7, 0x9a, 0xa6, 0x9a, 0xa6, 0x9a, 0xa6,
  0x9a, 0xa6, 0x9a, 0xa6, 0x9a, 0xa6, 0x9a, 0xa6, 0x92, 0xa6, 0xa2, 0xc7,
  0xa2, 0xa7, 0x9a, 0xa7, 0x9a, 0x86, 0x92, 0x66, 0x92, 0x25, 0x8a, 0x25,
  0x8a, 0x04, 0x8a, 0x24, 0x92, 0x25, 0x92, 0x45, 0x92, 0x66, 0x9a, 0x86,
  0x9a, 0xa7, 0xa2, 0xc7, 0xa2, 0xc7, 0xaa, 0xc7, 0xc2, 0xe7, 0xc2, 0xe7,
  0xc3, 0x07, 0xc3, 0x28, 0xcb, 0x48, 0xcb, 0x69, 0xd3, 0x69, 0xd3, 0x89,
  0xdb, 0xaa, 0xdb, 0xaa, 0xdb, 0xaa, 0xdb, 0xaa, 0xdb, 0xaa, 0xdb, 0xaa,
  0xdb, 0xaa, 0xd3, 0xaa, 0xe4, 0x4c, 0xec, 0x4c, 0xec, 0x4c, 0xec, 0x4c,
  0xec, 0x4c, 0xec, 0x4c, 0xec, 0x4c, 0xec, 0x4c, 0xec, 0x4c, 0xec, 0x4c,
  0xec, 0x2b, 0xe4, 0x0b, 0xe4, 0x0a, 0xdb, 0xca, 0xdb, 0xc9, 0xdb, 0xa9,
  0xcb, 0x88, 0xb3, 0x68, 0xb3, 0x68, 0xb3, 0x47, 0xab, 0x27, 0xab, 0x06,
  0xa2, 0xe6, 0xa2, 0xc6, 0xa2, 0xc5, 0x9a, 0x84, 0x9a, 0x84, 0x92, 0x64,
  0x92, 0x43, 0x8a, 0x23, 0x8a, 0x02, 0x89, 0xe2, 0x81, 0xe2, 0x8a, 0x44,
  0x8a, 0x44, 0x82, 0x44, 0x82, 0x44, 0x82, 0x44, 0x82, 0x44, 0x8a, 0x44,
  0x82, 0x24, 0x92, 0x85, 0x9a, 0xc6, 0x9a, 0xc6, 0x9a, 0xe7, 0xa3, 0x07,
  0xa3, 0x28, 0xab, 0x48, 0xab, 0x49, 0xb3, 0xa9, 0xbc, 0x08, 0xbb, 0xe8,
  0xbb, 0xe8, 0xbb, 0xe8, 0xbb, 0xe8, 0xbb, 0xe8, 0xbb, 0xe8, 0xbb, 0xe8,
  0xc4, 0x09, 0xc4, 0x09, 0xc4, 0x09, 0xc4, 0x09, 0xc4, 0x09, 0xc4, 0x09,
  0xc4, 0x09, 0xc4, 0x09, 0xdd, 0x0b, 0xe5, 0x0b, 0xdd, 0x0b, 0xdd, 0x0b,
  0xdd, 0x0b, 0xdd, 0x0b, 0xdd, 0x0b, 0xdd, 0x0b, 0xe5, 0x2b, 0xe5, 0x4c,
  0xed, 0x4c, 0xed, 0x6c, 0xed, 0x8d, 0xed, 0xae, 0xed, 0xce, 0xed, 0xce,
  0xee, 0x71, 0xef, 0x35, 0xef, 0x14, 0xef, 0x35, 0xef, 0x57, 0xef, 0x58,
  0xef, 0x59, 0xef, 0x5b, 0xef, 0x5b, 0xef, 0x5d, 0xef, 0x5d, 0xef, 0x5d,
  0xef, 0x5d, 0xef, 0x5d, 0xef, 0x5d, 0xef, 0x5d, 0xef, 0x5d, 0xef, 0x5d,
  0xef, 0x5d, 0xef, 0x5d, 0xef, 0x5d, 0xef, 0x5d, 0xef, 0x5d, 0xef, 0x5d,
  0xef, 0x5d, 0xef, 0x5d, 0xef, 0x5d, 0xef, 0x5d, 0xef, 0x5d, 0xef, 0x5d,
  0xef, 0x5d, 0xef, 0x5d, 0xef, 0x5d, 0xef, 0x5d, 0xef, 0x5d, 0xef, 0x5d,
  0xef, 0x5d, 0xef, 0x5d, 0xef, 0x5d, 0xef, 0x5d, 0xef, 0x5d, 0xef, 0x5d,
  0x00, 0x00, 0x00, 0x00, 0x00, 0x00, 0x00, 0x00, 0x00, 0x00, 0x00, 0x00,
  0x00, 0x00, 0x00, 0x00, 0x00, 0x00, 0x00, 0x00, 0x00, 0x00, 0x00, 0x00,
  0xb3, 0xa8, 0xab, 0x88, 0xab, 0x68, 0xa3, 0x48, 0xa3, 0x47, 0x9b, 0x28,
  0x93, 0x07, 0x93, 0x07, 0x8a, 0xe7, 0x8a, 0xc6, 0x82, 0xa6, 0x82, 0x85,
  0x82, 0x85, 0x82, 0x85, 0x82, 0x85, 0x82, 0x85, 0x82, 0x85, 0x82, 0x85,
  0x82, 0x85, 0x82, 0x85, 0x82, 0x85, 0x82, 0xa6, 0x8b, 0x28, 0x8b, 0x28,
  0x8b, 0x28, 0x8b, 0x28, 0x8b, 0x28, 0x8b, 0x28, 0x8b, 0x28, 0x8b, 0x28,
  0x8b, 0x08, 0x8b, 0x07, 0x83, 0x07, 0x82, 0xc7, 0x7a, 0xa6, 0x7a, 0x86,
  0x7a, 0x85, 0x72, 0x65, 0x8a, 0xe6, 0x8b, 0x07, 0x8b, 0x07, 0x8b, 0x07,
  0x8b, 0x07, 0x8b, 0x07, 0x8b, 0x07, 0x8b, 0x07, 0x82, 0xc6, 0x7a, 0x85,
  0x7a, 0x64, 0x72, 0x44, 0x6a, 0x03, 0x69, 0xe2, 0x61, 0xa1, 0x59, 0x81,
  0x69, 0xa2, 0x82, 0x04, 0x82, 0x04, 0x8a, 0x24, 0x8a, 0x45, 0x92, 0x65,
  0x92, 0x86, 0x92, 0x86, 0x9a, 0xa6, 0x92, 0x86, 0x92, 0x86, 0x92, 0x86,
  0x92, 0x86, 0x92, 0x86, 0x92, 0x86, 0x92, 0x86, 0x92, 0x86, 0x9a, 0x86,
  0x9a, 0x86, 0x9a, 0x66, 0x92, 0x45, 0x8a, 0x25, 0x8a, 0x24, 0x8a, 0x04,
  0x81, 0xe4, 0x8a, 0x04, 0x8a, 0x04, 0x8a, 0x25, 0x92, 0x25, 0x92, 0x45,
  0x9a, 0x66, 0x9a, 0x86, 0x9a, 0xa7, 0xaa, 0xa7, 0xba, 0xc6, 0xba, 0xc6,
  0xba, 0xe7, 0xc3, 0x07, 0xc3, 0x28, 0xcb, 0x48, 0xcb, 0x48, 0xcb, 0x69,
  0xd3, 0x89, 0xd3, 0x89, 0xd3, 0x89, 0xd3, 0x89, 0xd3, 0x89, 0xd3, 0x89,
  0xd3, 0x89, 0xcb, 0x69, 0xdb, 0xea, 0xe3, 0xea, 0xe3, 0xea, 0xe3, 0xea,
  0xe3, 0xea, 0xe3, 0xea, 0xe3, 0xea, 0xe3, 0xea, 0xdb, 0xca, 0xdb, 0xca,
  0xdb, 0xa9, 0xd3, 0xa9, 0xd3, 0x68, 0xcb, 0x68, 0xcb, 0x48, 0xcb, 0x27,
  0xbb, 0x27, 0xab, 0x27, 0xab, 0x06, 0xab, 0x06, 0xa2, 0xe6, 0x9a, 0xa5,
  0x9a, 0x85, 0x9a, 0x84, 0x92, 0x64, 0x92, 0x64, 0x92, 0x64, 0x92, 0x43,
  0x8a, 0x23, 0x8a, 0x02, 0x81, 0xe2, 0x81, 0xc1, 0x81, 0xc1, 0x8a, 0x64,
  0x8a, 0x65, 0x8a, 0x65, 0x8a, 0x65, 0x8a, 0x65, 0x8a, 0x65, 0x8a, 0x65,
  0x8a, 0x44, 0x92, 0xa6, 0x9a, 0xe7, 0x9a, 0xe7, 0xa3, 0x07, 0xa3, 0x28,
  0xa3, 0x48, 0xab, 0x69, 0xab, 0x69, 0xb3, 0xa9, 0xbb, 0xe8, 0xbb, 0xe8,
  0xbb, 0xe8, 0xbb, 0xe8, 0xbb, 0xe8, 0xbb, 0xe8, 0xbb, 0xe8, 0xbb, 0xe8,
  0xbc, 0x09, 0xbc, 0x09, 0xbc, 0x09, 0xbc, 0x09, 0xbc, 0x09, 0xbc, 0x09,
  0xbc, 0x09, 0xbc, 0x09, 0xdc, 0xeb, 0xdd, 0x0b, 0xdd, 0x0b, 0xdd, 0x0b,
  0xdd, 0x0b, 0xdd, 0x0b, 0xdd, 0x0b, 0xdc, 0xeb, 0xe5, 0x0b, 0xe5, 0x2c,
  0xe5, 0x4c, 0xe5, 0x4c, 0xe5, 0x8d, 0xe5, 0xad, 0xe5, 0xce, 0xe5, 0xad,
  0xe6, 0x71, 0xe7, 0x14, 0xe7, 0x14, 0xe7, 0x35, 0xe7, 0x36, 0xe7, 0x38,
  0xe7, 0x39, 0xe7, 0x3b, 0xe7, 0x3b, 0xe7, 0x3c, 0xe7, 0x3c, 0xe7, 0x3c,
  0xe7, 0x3c, 0xe7, 0x3c, 0xe7, 0x3c, 0xe7, 0x3c, 0xe7, 0x3c, 0xe7, 0x3c,
  0xe7, 0x3c, 0xe7, 0x3c, 0xe7, 0x3c, 0xe7, 0x3c, 0xe7, 0x3c, 0xe7, 0x3c,
  0xe7, 0x3c, 0xe7, 0x3c, 0xe7, 0x3c, 0xe7, 0x3c, 0xe7, 0x3c, 0xe7, 0x3c,
  0xe7, 0x3c, 0xe7, 0x3c, 0xe7, 0x3c, 0xe7, 0x3c, 0xe7, 0x3c, 0xe7, 0x3c,
  0xe7, 0x3c, 0xe7, 0x3c, 0xe7, 0x3c, 0xe7, 0x3c, 0xe7, 0x3c, 0xe7, 0x3c,
  0x00, 0x00, 0x00, 0x00, 0x00, 0x00, 0x00, 0x00, 0x00, 0x00, 0x00, 0x00,
  0x00, 0x00, 0x00, 0x00, 0x00, 0x00, 0x00, 0x00, 0x00, 0x00, 0x00, 0x00,
  0x00, 0x00, 0xab, 0x88, 0xa3, 0x67, 0xa3, 0x48, 0xa3, 0x27, 0x93, 0x27,
  0x93, 0x07, 0x8b, 0x07, 0x8a, 0xe7, 0x8a, 0xc6, 0x82, 0xa6, 0x82, 0x85,
  0x7a, 0x65, 0x7a, 0x85, 0x82, 0x85, 0x82, 0x85, 0x82, 0x85, 0x82, 0x85,
  0x82, 0x85, 0x82, 0x85, 0x82, 0x85, 0x82, 0xa6, 0x8b, 0x28, 0x8b, 0x08,
  0x8b, 0x28, 0x8b, 0x28, 0x8b, 0x28, 0x8b, 0x28, 0x8b, 0x28, 0x8b, 0x28,
  0x8b, 0x08, 0x83, 0x07, 0x82, 0xe7, 0x82, 0xc7, 0x7a, 0xa6, 0x7a, 0x86,
  0x72, 0x85, 0x72, 0x65, 0x8a, 0xe7, 0x93, 0x07, 0x8b, 0x07, 0x8b, 0x07,
  0x8b, 0x07, 0x8b, 0x07, 0x8b, 0x07, 0x93, 0x27, 0x82, 0xa6, 0x7a, 0x64,
  0x7a, 0x64, 0x72, 0x23, 0x69, 0xe3, 0x61, 0xc2, 0x61, 0xa1, 0x59, 0x60,
  0x61, 0x81, 0x82, 0x04, 0x82, 0x04, 0x82, 0x24, 0x8a, 0x45, 0x8a, 0x65,
  0x92, 0x86, 0x92, 0x86, 0x92, 0xa6, 0x92, 0x86, 0x92, 0x86, 0x92, 0x86,
  0x92, 0x86, 0x92, 0x86, 0x92, 0x86, 0x92, 0x86, 0x92, 0x86, 0x92, 0x86,
  0x92, 0x66, 0x8a, 0x65, 0x8a, 0x45, 0x8a, 0x24, 0x82, 0x04, 0x81, 0xe4,
  0x79, 0xe3, 0x81, 0xe4, 0x82, 0x04, 0x82, 0x04, 0x8a, 0x25, 0x8a, 0x45,
  0x8a, 0x65, 0x92, 0x86, 0x92, 0x86, 0x9a, 0x86, 0xb2, 0xa6, 0xb2, 0xa6,
  0xb2, 0xc6, 0xba, 0xe7, 0xbb, 0x07, 0xc3, 0x28, 0xc3, 0x28, 0xc3, 0x48,
  0xcb, 0x69, 0xcb, 0x69, 0xcb, 0x69, 0xcb, 0x69, 0xcb, 0x69, 0xcb, 0x69,
  0xcb, 0x69, 0xcb, 0x69, 0xcb, 0x68, 0xcb, 0x68, 0xcb, 0x68, 0xcb, 0x68,
  0xcb, 0x68, 0xcb, 0x68, 0xcb, 0x68, 0xcb, 0x68, 0xcb, 0x48, 0xcb, 0x48,
  0xc3, 0x27, 0xc3, 0x27, 0xc3, 0x07, 0xba, 0xc6, 0xb2, 0xc6, 0xba, 0xa5,
  0xaa, 0xc5, 0x9a, 0xe6, 0x9a, 0xc6, 0x9a, 0xa5, 0x92, 0xa5, 0x92, 0x84,
  0x8a, 0x64, 0x8a, 0x44, 0x8a, 0x43, 0x8a, 0x43, 0x8a, 0x43, 0x8a, 0x23,
  0x82, 0x23, 0x81, 0xe2, 0x79, 0xc1, 0x79, 0xc1, 0x79, 0xa1, 0x8a, 0x65,
  0x8a, 0x65, 0x8a, 0x65, 0x8a, 0x65, 0x8a, 0x65, 0x8a, 0x65, 0x8a, 0x65,
  0x8a, 0x65, 0x92, 0xc6, 0x9a, 0xe7, 0x9b, 0x07, 0xa3, 0x07, 0xa3, 0x28,
  0xab, 0x48, 0xab, 0x69, 0xab, 0x69, 0xb3, 0xa9, 0xbb, 0xe8, 0xb3, 0xc8,
  0xb3, 0xc8, 0xb3, 0xc8, 0xb3, 0xc8, 0xb3, 0xc8, 0xb3, 0xc8, 0xbb, 0xe8,
  0xbb, 0xe9, 0xbb, 0xe9, 0xbb, 0xe9, 0xbb, 0xe9, 0xbb, 0xe9, 0xbb, 0xe9,
  0xbb, 0xe9, 0xbb, 0xe9, 0xdc, 0xeb, 0xdc, 0xeb, 0xdc, 0xeb, 0xdc, 0xeb,
  0xdc, 0xeb, 0xdc, 0xeb, 0xdc, 0xeb, 0xdc, 0xeb, 0xdd, 0x0b, 0xe5, 0x2c,
  0xe5, 0x2c, 0xe5, 0x4c, 0xe5, 0x6d, 0xe5, 0x8d, 0xe5, 0xae, 0xe5, 0xad,
  0xe6, 0x51, 0xe6, 0xf5, 0xe6, 0xf4, 0xe7, 0x15, 0xe7, 0x16, 0xe7, 0x18,
  0xe7, 0x19, 0xe7, 0x1a, 0xe7, 0x1b, 0xe7, 0x1c, 0xe7, 0x1c, 0xe7, 0x1c,
  0xe7, 0x1c, 0xe7, 0x1c, 0xe7, 0x1c, 0xe7, 0x1c, 0xe7, 0x1c, 0xe7, 0x1c,
  0xe7, 0x1c, 0xe7, 0x1c, 0xe7, 0x1c, 0xe7, 0x1c, 0xe7, 0x1c, 0xe7, 0x1c,
  0xe7, 0x1c, 0xe7, 0x1c, 0xe7, 0x1c, 0xe7, 0x1c, 0xe7, 0x1c, 0xe7, 0x1c,
  0xe7, 0x1c, 0xe7, 0x1c, 0xe7, 0x1c, 0xe7, 0x1c, 0xe7, 0x1c, 0xe7, 0x1c,
  0xe7, 0x1c, 0xe7, 0x1c, 0xe7, 0x1c, 0xe7, 0x1c, 0xe7, 0x1c, 0x00, 0x00,
  0x00, 0x00, 0x00, 0x00, 0x00, 0x00, 0x00, 0x00, 0x00, 0x00, 0x00, 0x00,
  0x00, 0x00, 0x00, 0x00, 0x00, 0x00, 0x00, 0x00, 0x00, 0x00, 0x00, 0x00,
  0x00, 0x00, 0xab, 0x68, 0xa3, 0x47, 0xa3, 0x47, 0xa3, 0x27, 0x93, 0x07,
  0x8b, 0x07, 0x8a, 0xe7, 0x8a, 0xc6, 0x82, 0xc6, 0x82, 0x85, 0x7a, 0x85,
  0x7a, 0x65, 0x7a, 0x65, 0x7a, 0x85, 0x7a, 0x85, 0x7a, 0x85, 0x7a, 0x85,
  0x7a, 0x85, 0x7a, 0x85, 0x7a, 0x65, 0x82, 0xa6, 0x8b, 0x08, 0x8b, 0x07,
  0x8b, 0x08, 0x8b, 0x08, 0x8b, 0x08, 0x8b, 0x08, 0x8b, 0x08, 0x8b, 0x08,
  0x8b, 0x08, 0x83, 0x07, 0x82, 0xe7, 0x82, 0xc7, 0x7a, 0xa6, 0x72, 0x85,
  0x72, 0x65, 0x72, 0x45, 0x8a, 0xe7, 0x8b, 0x07, 0x8b, 0x07, 0x8b, 0x07,
  0x8b, 0x07, 0x8b, 0x07, 0x8b, 0x07, 0x8b, 0x07, 0x82, 0xa5, 0x72, 0x44,
  0x72, 0x44, 0x6a, 0x03, 0x61, 0xc2, 0x61, 0xa1, 0x59, 0x61, 0x51, 0x40,
  0x61, 0x61, 0x82, 0x04, 0x82, 0x04, 0x82, 0x04, 0x8a, 0x25, 0x8a, 0x45,
  0x8a, 0x65, 0x92, 0x66, 0x92, 0x86, 0x92, 0x66, 0x92, 0x66, 0x92, 0x66,
  0x92, 0x66, 0x92, 0x86, 0x92, 0x86, 0x92, 0x86, 0x92, 0x86, 0x92, 0x86,
  0x8a, 0x65, 0x8a, 0x65, 0x8a, 0x25, 0x82, 0x24, 0x81, 0xe4, 0x79, 0xe3,
  0x79, 0xc3, 0x79, 0xe3, 0x79, 0xe4, 0x82, 0x04, 0x82, 0x24, 0x8a, 0x25,
  0x8a, 0x65, 0x92, 0x86, 0x92, 0x86, 0x9a, 0x86, 0xb2, 0x85, 0xb2, 0xa6,
  0xb2, 0xa6, 0xba, 0xc7, 0xba, 0xe7, 0xc3, 0x08, 0xc3, 0x28, 0xcb, 0x48,
  0xcb, 0x48, 0xcb, 0x49, 0xcb, 0x49, 0xcb, 0x49, 0xcb, 0x49, 0xcb, 0x49,
  0xcb, 0x49, 0xcb, 0x49, 0xc3, 0x27, 0xc3, 0x27, 0xc3, 0x27, 0xc3, 0x27,
  0xc3, 0x27, 0xc3, 0x27, 0xc3, 0x27, 0xcb, 0x27, 0xc2, 0xe6, 0xba, 0xe6,
  0xba, 0xc6, 0xba, 0xc5, 0xba, 0xa5, 0xb2, 0x85, 0xaa, 0x64, 0xb2, 0x44,
  0xa2, 0x84, 0x9a, 0xc5, 0x9a, 0xa5, 0x9a, 0xa5, 0x92, 0x64, 0x8a, 0x64,
  0x8a, 0x43, 0x8a, 0x23, 0x82, 0x23, 0x8a, 0x43, 0x8a, 0x23, 0x82, 0x02,
  0x81, 0xe2, 0x79, 0xc1, 0x79, 0xa1, 0x71, 0xa0, 0x71, 0x80, 0x8a, 0x45,
  0x8a, 0x65, 0x8a, 0x65, 0x8a, 0x65, 0x8a, 0x65, 0x8a, 0x65, 0x8a, 0x65,
  0x82, 0x45, 0x92, 0xc6, 0x9a, 0xe7, 0x9b, 0x07, 0xa3, 0x08, 0xa3, 0x28,
  0xab, 0x49, 0xab, 0x69, 0xab, 0x8a, 0xb3, 0xa9, 0xb3, 0xc8, 0xb3, 0xc8,
  0xb3, 0xc8, 0xb3, 0xc8, 0xb3, 0xc8, 0xb3, 0xc8, 0xb3, 0xc8, 0xb3, 0xc8,
  0xbb, 0xe9, 0xbb, 0xe9, 0xbb, 0xe9, 0xbb, 0xe8, 0xbb, 0xe8, 0xb3, 0xe8,
  0xb3, 0xe8, 0xb3, 0xe8, 0xd4, 0xca, 0xd4, 0xea, 0xd4, 0xca, 0xd4, 0xca,
  0xd4, 0xca, 0xd4, 0xca, 0xd4, 0xca, 0xd4, 0xca, 0xdc, 0xeb, 0xdd, 0x0b,
  0xe5, 0x0b, 0xe5, 0x2c, 0xe5, 0x4c, 0xe5, 0x6d, 0xe5, 0x8d, 0xe5, 0x6d,
  0xe6, 0x30, 0xe6, 0xf4, 0xe6, 0xd3, 0xe6, 0xf4, 0xe7, 0x15, 0xe7, 0x17,
  0xe7, 0x18, 0xe7, 0x1a, 0xe7, 0x1a, 0xe7, 0x1c, 0xe7, 0x1c, 0xe7, 0x1c,
  0xe7, 0x1c, 0xe7, 0x1c, 0xe7, 0x1c, 0xe7, 0x1c, 0xe7, 0x1c, 0xe7, 0x1c,
  0xe7, 0x1c, 0xe7, 0x1c, 0xe7, 0x1c, 0xe7, 0x1c, 0xe7, 0x1c, 0xe7, 0x1c,
  0xe7, 0x1c, 0xe7, 0x1c, 0xe7, 0x1c, 0xe7, 0x1c, 0xe7, 0x1c, 0xe7, 0x1c,
  0xe7, 0x1c, 0xe7, 0x1c, 0xe7, 0x1c, 0xe7, 0x1c, 0xe7, 0x1c, 0xe7, 0x1c,
  0xe7, 0x1c, 0xe7, 0x1c, 0xe7, 0x1c, 0xe7, 0x1c, 0xe7, 0x1c, 0x00, 0x00,
  0x00, 0x00, 0x00, 0x00, 0x00, 0x00, 0x00, 0x00, 0x00, 0x00, 0x00, 0x00,
  0x00, 0x00, 0x00, 0x00, 0x00, 0x00, 0x00, 0x00, 0x00, 0x00, 0x00, 0x00,
  0x00, 0x00, 0xab, 0x88, 0xa3, 0x68, 0xa3, 0x48, 0xa3, 0x28, 0x93, 0x27,
  0x8b, 0x07, 0x8b, 0x07, 0x82, 0xe7, 0x82, 0xc6, 0x7a, 0xa6, 0x7a, 0x85,
  0x7a, 0x85, 0x7a, 0xa5, 0x7a, 0xa6, 0x7a, 0xa6, 0x7a, 0xa6, 0x7a, 0xa6,
  0x7a, 0xa6, 0x7a, 0xa6, 0x7a, 0xa5, 0x82, 0xe7, 0x9b, 0x8a, 0x93, 0x69,
  0x93, 0x49, 0x8b, 0x48, 0x8b, 0x28, 0x8b, 0x08, 0x83, 0x07, 0x82, 0xe7,
  0x7a, 0xa6, 0x7a, 0xa6, 0x7a, 0xa6, 0x7a, 0x86, 0x7a, 0x85, 0x72, 0x85,
  0x72, 0x85, 0x72, 0x65, 0x8b, 0x07, 0x93, 0x48, 0x93, 0x28, 0x93, 0x48,
  0x93, 0x48, 0x93, 0x48, 0x93, 0x48, 0x9b, 0x69, 0x82, 0xc6, 0x72, 0x44,
  0x72, 0x44, 0x72, 0x44, 0x72, 0x24, 0x6a, 0x23, 0x6a, 0x03, 0x6a, 0x03,
  0x69, 0xe3, 0x71, 0xe2, 0x7a, 0x24, 0x82, 0x85, 0x92, 0xe6, 0x93, 0x27,
  0x9b, 0x48, 0x9b, 0x28, 0x9b, 0x27, 0x93, 0x27, 0x93, 0x07, 0x93, 0x07,
  0x92, 0xe7, 0x8a, 0xc6, 0x8a, 0xc6, 0x8a, 0xa5, 0x8a, 0xa5, 0x82, 0x24,
  0x7a, 0x04, 0x7a, 0x04, 0x7a, 0x04, 0x7a, 0x04, 0x7a, 0x04, 0x79, 0xe4,
  0x79, 0xe4, 0x79, 0xe4, 0x79, 0xe4, 0x79, 0xe4, 0x79, 0xe4, 0x7a, 0x04,
  0x7a, 0x04, 0x7a, 0x04, 0x7a, 0x04, 0x82, 0x25, 0x92, 0x66, 0x92, 0x66,
  0x92, 0x66, 0x92, 0x66, 0x92, 0x66, 0x92, 0x86, 0x92, 0x86, 0x92, 0x86,
  0x9a, 0xc7, 0x9a, 0xc7, 0x9a, 0xc7, 0x9a, 0xc7, 0x9a, 0xc7, 0x9a, 0xc7,
  0x9a, 0xc7, 0x9a, 0xc7, 0x9a, 0xc7, 0x9a, 0xc7, 0x9a, 0xc7, 0x9a, 0xc7,
  0x9a, 0xc7, 0x9a, 0xc7, 0x9a, 0xc7, 0x9a, 0xc7, 0x9a, 0xc7, 0x9a, 0xe7,
  0x9a, 0xc7, 0x92, 0xa6, 0x92, 0x66, 0x8a, 0x45, 0x8a, 0x25, 0x82, 0x04,
  0x82, 0x24, 0x82, 0x24, 0x82, 0x24, 0x82, 0x24, 0x7a, 0x24, 0x7a, 0x24,
  0x7a, 0x24, 0x7a, 0x24, 0x7a, 0x24, 0x82, 0x45, 0x82, 0x45, 0x82, 0x45,
  0x82, 0x44, 0x82, 0x24, 0x82, 0x24, 0x7a, 0x24, 0x7a, 0x24, 0x9a, 0xe6,
  0x9b, 0x06, 0x9b, 0x06, 0x9b, 0x06, 0x9b, 0x06, 0x9b, 0x06, 0x9b, 0x06,
  0x9b, 0x06, 0x9a, 0xe6, 0x9b, 0x06, 0x9b, 0x06, 0xa3, 0x27, 0xa3, 0x47,
  0xab, 0x68, 0xab, 0x88, 0xab, 0x89, 0xb3, 0xa8, 0xbb, 0xa7, 0xb3, 0xa7,
  0xb3, 0xa7, 0xb3, 0xa7, 0xb3, 0xa7, 0xb3, 0xa7, 0xb3, 0xa7, 0xb3, 0xa7,
  0xb3, 0xa7, 0xbb, 0xc7, 0xbb, 0xc8, 0xbb, 0xe8, 0xc4, 0x08, 0xc4, 0x09,
  0xc4, 0x29, 0xc4, 0x29, 0xdc, 0xeb, 0xdc, 0xec, 0xdc, 0xec, 0xdc, 0xec,
  0xd4, 0xec, 0xd4, 0xec, 0xd5, 0x0c, 0xd5, 0x0b, 0xd5, 0x4c, 0xd5, 0x6d,
  0xd5, 0x8d, 0xdd, 0xce, 0xdd, 0xee, 0xde, 0x2f, 0xde, 0x50, 0xde, 0x6f,
  0xde, 0xb5, 0xde, 0xfa, 0xde, 0xfa, 0xde, 0xfa, 0xde, 0xfa, 0xde, 0xfb,
  0xde, 0xfb, 0xde, 0xfb, 0xde, 0xfb, 0xde, 0xfb, 0xde, 0xfb, 0xde, 0xfb,
  0xde, 0xfb, 0xde, 0xfb, 0xde, 0xfb, 0xde, 0xfb, 0xde, 0xfb, 0xde, 0xfb,
  0xde, 0xfb, 0xde, 0xfb, 0xde, 0xfb, 0xde, 0xfb, 0xde, 0xfb, 0xde, 0xfb,
  0xde, 0xfb, 0xde, 0xfb, 0xde, 0xfb, 0xde, 0xfb, 0xde, 0xfb, 0xde, 0xfb,
  0xde, 0xfb, 0xde, 0xfb, 0xde, 0xfb, 0xde, 0xfb, 0xde, 0xfb, 0xde, 0xfb,
  0xde, 0xfb, 0xde, 0xfb, 0xde, 0xfb, 0xde, 0xfb, 0xde, 0xfb, 0x00, 0x00,
  0x00, 0x00, 0x00, 0x00, 0x00, 0x00, 0x00, 0x00, 0x00, 0x00, 0x00, 0x00,
  0x00, 0x00, 0x00, 0x00, 0x00, 0x00, 0x00, 0x00, 0x00, 0x00, 0x00, 0x00,
  0x00, 0x00, 0x00, 0x00, 0xa3, 0x48, 0xa3, 0x48, 0xa3, 0x28, 0x8b, 0x27,
  0x8b, 0x07, 0x8b, 0x07, 0x82, 0xe7, 0x82, 0xc6, 0x7a, 0xa5, 0x7a, 0x85,
  0x72, 0x85, 0x7a, 0x85, 0x7a, 0xc6, 0x7a, 0xa6, 0x7a, 0xa6, 0x7a, 0xa6,
  0x7a, 0xa6, 0x7a, 0xa6, 0x7a, 0xa5, 0x82, 0xe7, 0x9b, 0xaa, 0x93, 0x69,
  0x93, 0x69, 0x8b, 0x48, 0x8b, 0x28, 0x83, 0x07, 0x82, 0xe7, 0x82, 0xc7,
  0x72, 0x65, 0x72, 0x65, 0x72, 0x65, 0x72, 0x65, 0x72, 0x85, 0x72, 0x85,
  0x72, 0x85, 0x72, 0x65, 0x8b, 0x07, 0x93, 0x28, 0x93, 0x28, 0x93, 0x48,
  0x93, 0x48, 0x93, 0x48, 0x93, 0x48, 0x9b, 0x69, 0x82, 0xc6, 0x72, 0x24,
  0x72, 0x44, 0x72, 0x44, 0x72, 0x44, 0x72, 0x44, 0x72, 0x44, 0x72, 0x44,
  0x72, 0x23, 0x6a, 0x02, 0x7a, 0x64, 0x82, 0xc6, 0x93, 0x27, 0x9b, 0x68,
  0x9b, 0x68, 0x9b, 0x68, 0x93, 0x48, 0x9b, 0x48, 0x93, 0x47, 0x93, 0x27,
  0x8b, 0x07, 0x8a, 0xe6, 0x82, 0xc6, 0x82, 0xc5, 0x82, 0xc5, 0x7a, 0x04,
  0x79, 0xe4, 0x79, 0xe4, 0x79, 0xe4, 0x79, 0xe4, 0x79, 0xe4, 0x79, 0xe4,
  0x79, 0xe4, 0x79, 0xe4, 0x79, 0xe4, 0x79, 0xe4, 0x71, 0xe4, 0x71, 0xe4,
  0x71, 0xe4, 0x71, 0xe4, 0x71, 0xc3, 0x7a, 0x04, 0x82, 0x46, 0x82, 0x45,
  0x82, 0x45, 0x82, 0x45, 0x82, 0x45, 0x82, 0x45, 0x82, 0x45, 0x82, 0x45,
  0x8a, 0x87, 0x8a, 0x87, 0x8a, 0x87, 0x8a, 0x87, 0x8a, 0x87, 0x8a, 0x87,
  0x8a, 0x87, 0x8a, 0x87, 0x8a, 0x87, 0x8a, 0x87, 0x8a, 0x87, 0x8a, 0x87,
  0x8a, 0x87, 0x8a, 0x87, 0x8a, 0x87, 0x8a, 0x87, 0x8a, 0xa7, 0x8a, 0xa7,
  0x8a, 0x87, 0x82, 0x66, 0x82, 0x46, 0x7a, 0x25, 0x7a, 0x04, 0x71, 0xe4,
  0x72, 0x04, 0x7a, 0x24, 0x7a, 0x04, 0x7a, 0x04, 0x7a, 0x24, 0x7a, 0x24,
  0x7a, 0x24, 0x7a, 0x24, 0x7a, 0x25, 0x82, 0x65, 0x82, 0x65, 0x82, 0x65,
  0x82, 0x65, 0x82, 0x65, 0x82, 0x65, 0x82, 0x65, 0x82, 0x65, 0x9b, 0x26,
  0x9b, 0x27, 0x9b, 0x27, 0x9b, 0x27, 0x9b, 0x27, 0x9b, 0x27, 0x9b, 0x27,
  0x9b, 0x27, 0x9b, 0x06, 0x9b, 0x06, 0x9b, 0x26, 0x9b, 0x27, 0xa3, 0x47,
  0xa3, 0x68, 0xab, 0x88, 0xab, 0x88, 0xb3, 0xa8, 0xb3, 0xa7, 0xb3, 0xa7,
  0xb3, 0xa7, 0xb3, 0xa7, 0xb3, 0xa7, 0xb3, 0xa7, 0xb3, 0xa7, 0xb3, 0xa7,
  0xb3, 0xa7, 0xb3, 0xa7, 0xbb, 0xc7, 0xbb, 0xe8, 0xc4, 0x08, 0xc4, 0x29,
  0xcc, 0x49, 0xcc, 0x49, 0xdc, 0xcc, 0xdc, 0xec, 0xd4, 0xec, 0xd4, 0xec,
  0xd5, 0x0c, 0xd5, 0x0c, 0xcd, 0x0c, 0xcd, 0x0c, 0xd5, 0x4d, 0xd5, 0x6d,
  0xd5, 0xae, 0xd5, 0xee, 0xde, 0x2f, 0xde, 0x50, 0xde, 0x91, 0xde, 0xb0,
  0xde, 0xd6, 0xde, 0xdb, 0xde, 0xdb, 0xde, 0xdb, 0xde, 0xdb, 0xde, 0xdb,
  0xde, 0xdb, 0xde, 0xdb, 0xde, 0xdb, 0xde, 0xdb, 0xde, 0xdb, 0xde, 0xdb,
  0xde, 0xdb, 0xde, 0xdb, 0xde, 0xdb, 0xde, 0xdb, 0xde, 0xdb, 0xde, 0xdb,
  0xde, 0xdb, 0xde, 0xdb, 0xde, 0xdb, 0xde, 0xdb, 0xde, 0xdb, 0xde, 0xdb,
  0xde, 0xdb, 0xde, 0xdb, 0xde, 0xdb, 0xde, 0xdb, 0xde, 0xdb, 0xde, 0xdb,
  0xde, 0xdb, 0xde, 0xdb, 0xde, 0xdb, 0xde, 0xdb, 0xde, 0xdb, 0xde, 0xdb,
  0xde, 0xdb, 0xde, 0xdb, 0xde, 0xdb, 0xde, 0xdb, 0x00, 0x00, 0x00, 0x00,
  0x00, 0x00, 0x00, 0x00, 0x00, 0x00, 0x00, 0x00, 0x00, 0x00, 0x00, 0x00,
  0x00, 0x00, 0x00, 0x00, 0x00, 0x00, 0x00, 0x00, 0x00, 0x00, 0x00, 0x00,
  0x00, 0x00, 0x00, 0x00, 0xa3, 0x47, 0x9b, 0x28, 0xa3, 0x28, 0x8b, 0x07,
  0x83, 0x07, 0x83, 0x07, 0x82, 0xe6, 0x7a, 0xc6, 0x7a, 0xa5, 0x72, 0x85,
  0x72, 0x65, 0x7a, 0x85, 0x7a, 0xa6, 0x7a, 0xa5, 0x7a, 0xa5, 0x7a, 0xa5,
  0x7a, 0xa5, 0x7a, 0xa5, 0x7a, 0x85, 0x82, 0xc6, 0x93, 0x69, 0x8b, 0x49,
  0x8b, 0x28, 0x8b, 0x28, 0x83, 0x07, 0x82, 0xe7, 0x82, 0xc7, 0x7a, 0xc7,
  0x72, 0x65, 0x72, 0x65, 0x72, 0x65, 0x72, 0x65, 0x72, 0x65, 0x72, 0x65,
  0x72, 0x85, 0x72, 0x65, 0x8b, 0x07, 0x8b, 0x28, 0x8b, 0x28, 0x8b, 0x08,
  0x8b, 0x07, 0x8b, 0x07, 0x8b, 0x07, 0x8b, 0x28, 0x7a, 0x85, 0x6a, 0x24,
  0x72, 0x24, 0x72, 0x24, 0x72, 0x24, 0x72, 0x24, 0x72, 0x44, 0x72, 0x44,
  0x72, 0x24, 0x72, 0x44, 0x82, 0x85, 0x8a, 0xe6, 0x93, 0x27, 0x9b, 0x68,
  0x9b, 0x68, 0x93, 0x48, 0x93, 0x27, 0x93, 0x27, 0x93, 0x27, 0x93, 0x27,
  0x8b, 0x06, 0x8a, 0xc6, 0x82, 0xc5, 0x82, 0xa5, 0x82, 0xa5, 0x7a, 0x04,
  0x79, 0xe4, 0x79, 0xe4, 0x79, 0xe4, 0x79, 0xe4, 0x79, 0xe4, 0x79, 0xe4,
  0x79, 0xe4, 0x71, 0xe4, 0x71, 0xe4, 0x71, 0xe4, 0x71, 0xe4, 0x71, 0xe4,
  0x71, 0xe4, 0x71, 0xe4, 0x71, 0xc3, 0x7a, 0x04, 0x82, 0x45, 0x82, 0x25,
  0x82, 0x25, 0x82, 0x25, 0x82, 0x25, 0x82, 0x25, 0x82, 0x25, 0x82, 0x45,
  0x8a, 0x86, 0x8a, 0x86, 0x8a, 0x86, 0x8a, 0x86, 0x8a, 0x86, 0x8a, 0x86,
  0x8a, 0x86, 0x8a, 0x86, 0x8a, 0x86, 0x8a, 0x86, 0x8a, 0x86, 0x8a, 0x86,
  0x8a, 0x86, 0x8a, 0x86, 0x8a, 0x86, 0x8a, 0x86, 0x8a, 0x66, 0x82, 0x45,
  0x82, 0x45, 0x7a, 0x25, 0x7a, 0x05, 0x79, 0xe4, 0x71, 0xe4, 0x71, 0xc3,
  0x71, 0xe4, 0x7a, 0x25, 0x7a, 0x24, 0x7a, 0x24, 0x7a, 0x24, 0x7a, 0x24,
  0x7a, 0x24, 0x7a, 0x24, 0x7a, 0x25, 0x82, 0x65, 0x82, 0x65, 0x82, 0x65,
  0x82, 0x65, 0x82, 0x65, 0x82, 0x65, 0x82, 0x65, 0x82, 0x45, 0x9b, 0x06,
  0x9b, 0x06, 0x9b, 0x06, 0x9b, 0x06, 0x9b, 0x06, 0x9b, 0x06, 0x9b, 0x06,
  0x9b, 0x06, 0x9b, 0x06, 0x9b, 0x06, 0x9b, 0x27, 0x9b, 0x27, 0xa3, 0x47,
  0xa3, 0x68, 0xab, 0x88, 0xab, 0xa9, 0xab, 0xa8, 0xb3, 0xa7, 0xb3, 0xa7,
  0xb3, 0xa7, 0xb3, 0xa7, 0xb3, 0xa7, 0xb3, 0xa7, 0xb3, 0xa7, 0xb3, 0xa7,
  0xb3, 0xa7, 0xb3, 0xa7, 0xbb, 0xc8, 0xbb, 0xe8, 0xbc, 0x08, 0xc4, 0x29,
  0xc4, 0x49, 0xcc, 0x4a, 0xd4, 0xcb, 0xd4, 0xcc, 0xd4, 0xec, 0xd4, 0xec,
  0xd4, 0xec, 0xd4, 0xec, 0xcd, 0x0c, 0xcc, 0xeb, 0xcd, 0x4c, 0xd5, 0x6d,
  0xd5, 0xad, 0xd5, 0xce, 0xde, 0x0f, 0xde, 0x50, 0xde, 0x71, 0xde, 0x90,
  0xde, 0xb6, 0xde, 0xda, 0xde, 0xda, 0xde, 0xda, 0xde, 0xda, 0xde, 0xdb,
  0xde, 0xdb, 0xde, 0xdb, 0xde, 0xdb, 0xde, 0xdb, 0xde, 0xdb, 0xde, 0xdb,
  0xde, 0xdb, 0xde, 0xdb, 0xde, 0xdb, 0xde, 0xdb, 0xde, 0xdb, 0xde, 0xdb,
  0xde, 0xdb, 0xde, 0xdb, 0xde, 0xdb, 0xde, 0xdb, 0xde, 0xdb, 0xde, 0xdb,
  0xde, 0xdb, 0xde, 0xdb, 0xde, 0xdb, 0xde, 0xdb, 0xde, 0xdb, 0xde, 0xdb,
  0xde, 0xdb, 0xde, 0xdb, 0xde, 0xdb, 0xde, 0xdb, 0xde, 0xdb, 0xde, 0xdb,
  0xde, 0xdb, 0xde, 0xdb, 0xde, 0xdb, 0xde, 0xdb, 0x00, 0x00, 0x00, 0x00,
  0x00, 0x00, 0x00, 0x00, 0x00, 0x00, 0x00, 0x00, 0x00, 0x00, 0x00, 0x00,
  0x00, 0x00, 0x00, 0x00, 0x00, 0x00, 0x00, 0x00, 0x00, 0x00, 0x00, 0x00,
  0x00, 0x00, 0x00, 0x00, 0xa3, 0x47, 0x9b, 0x27, 0x9b, 0x07, 0x8b, 0x07,
  0x82, 0xe7, 0x82, 0xe7, 0x82, 0xc6, 0x7a, 0xa6, 0x7a, 0x85, 0x72, 0x85,
  0x72, 0x65, 0x72, 0x85, 0x7a, 0xa6, 0x7a, 0xa5, 0x7a, 0xa5, 0x7a, 0xa5,
  0x7a, 0xa5, 0x7a, 0xa5, 0x72, 0x85, 0x7a, 0xc6, 0x8b, 0x49, 0x8b, 0x28,
  0x8b, 0x08, 0x83, 0x07, 0x82, 0xe7, 0x7a, 0xc6, 0x7a, 0xa6, 0x7a, 0xa6,
  0x72, 0x65, 0x72, 0x65, 0x72, 0x65, 0x72, 0x65, 0x72, 0x65, 0x72, 0x65,
  0x72, 0x65, 0x72, 0x65, 0x82, 0xe7, 0x8b, 0x07, 0x8a, 0xe7, 0x8a, 0xe7,
  0x82, 0xc7, 0x82, 0xc6, 0x82, 0xa6, 0x82, 0xc6, 0x72, 0x44, 0x69, 0xe3,
  0x6a, 0x04, 0x6a, 0x24, 0x72, 0x24, 0x72, 0x44, 0x72, 0x44, 0x72, 0x44,
  0x7a, 0x65, 0x82, 0xa5, 0x8a, 0xe6, 0x93, 0x27, 0x9b, 0x68, 0x9b, 0x68,
  0x93, 0x48, 0x93, 0x27, 0x93, 0x07, 0x93, 0x27, 0x93, 0x27, 0x93, 0x07,
  0x8a, 0xe6, 0x82, 0xc6, 0x82, 0xa5, 0x82, 0xa5, 0x82, 0xa5, 0x71, 0xe4,
  0x71, 0xe4, 0x71, 0xe4, 0x71, 0xe4, 0x71, 0xe4, 0x71, 0xe4, 0x71, 0xe4,
  0x71, 0xe4, 0x71, 0xe4, 0x71, 0xc4, 0x71, 0xc4, 0x71, 0xc4, 0x71, 0xc4,
  0x71, 0xc4, 0x71, 0xc4, 0x71, 0xc3, 0x71, 0xe4, 0x7a, 0x25, 0x7a, 0x05,
  0x7a, 0x05, 0x7a, 0x05, 0x7a, 0x05, 0x7a, 0x05, 0x7a, 0x05, 0x7a, 0x25,
  0x82, 0x66, 0x82, 0x66, 0x82, 0x66, 0x82, 0x66, 0x82, 0x66, 0x82, 0x66,
  0x82, 0x66, 0x82, 0x66, 0x82, 0x66, 0x82, 0x66, 0x82, 0x66, 0x82, 0x66,
  0x82, 0x66, 0x82, 0x66, 0x82, 0x66, 0x82, 0x66, 0x7a, 0x05, 0x71, 0xe4,
  0x71, 0xe4, 0x71, 0xc4, 0x71, 0xc4, 0x71, 0xc4, 0x71, 0xc3, 0x69, 0xa3,
  0x71, 0xe4, 0x7a, 0x45, 0x7a, 0x25, 0x7a, 0x25, 0x7a, 0x25, 0x7a, 0x25,
  0x7a, 0x25, 0x7a, 0x25, 0x7a, 0x45, 0x82, 0x66, 0x82, 0x66, 0x82, 0x66,
  0x82, 0x66, 0x82, 0x66, 0x82, 0x66, 0x82, 0x66, 0x82, 0x66, 0x93, 0x06,
  0x9b, 0x06, 0x9b, 0x06, 0x9b, 0x06, 0x9b, 0x06, 0x9b, 0x06, 0x9b, 0x06,
  0x9b, 0x06, 0x9b, 0x06, 0x9b, 0x27, 0x9b, 0x27, 0xa3, 0x47, 0xa3, 0x68,
  0xab, 0x88, 0xab, 0x89, 0xab, 0xa9, 0xab, 0xa8, 0xb3, 0x86, 0xb3, 0x87,
  0xb3, 0x87, 0xb3, 0x87, 0xb3, 0x87, 0xb3, 0x87, 0xb3, 0x87, 0xb3, 0x87,
  0xb3, 0xc7, 0xb3, 0xc8, 0xbb, 0xe8, 0xbb, 0xe8, 0xc4, 0x09, 0xc4, 0x29,
  0xc4, 0x4a, 0xcc, 0x4a, 0xd4, 0xcb, 0xd4, 0xcb, 0xd4, 0xcb, 0xd4, 0xcb,
  0xcc, 0xcb, 0xcc, 0xcb, 0xcc, 0xeb, 0xc4, 0xeb, 0xcd, 0x4d, 0xd5, 0x6d,
  0xd5, 0xae, 0xd5, 0xce, 0xd6, 0x0f, 0xd6, 0x50, 0xd6, 0x71, 0xd6, 0x90,
  0xd6, 0xb5, 0xd6, 0xba, 0xd6, 0xba, 0xd6, 0xba, 0xd6, 0xba, 0xd6, 0xba,
  0xd6, 0xba, 0xd6, 0xba, 0xd6, 0xba, 0xd6, 0xba, 0xd6, 0xba, 0xd6, 0xba,
  0xd6, 0xba, 0xd6, 0xba, 0xd6, 0xba, 0xd6, 0xba, 0xd6, 0xba, 0xd6, 0xba,
  0xd6, 0xba, 0xd6, 0xba, 0xd6, 0xba, 0xd6, 0xba, 0xd6, 0xba, 0xd6, 0xba,
  0xd6, 0xba, 0xd6, 0xba, 0xd6, 0xba, 0xd6, 0xba, 0xd6, 0xba, 0xd6, 0xba,
  0xd6, 0xba, 0xd6, 0xba, 0xd6, 0xba, 0xd6, 0xba, 0xd6, 0xba, 0xd6, 0xba,
  0xd6, 0xba, 0xd6, 0xba, 0xd6, 0xba, 0xd6, 0xba, 0x00, 0x00, 0x00, 0x00,
  0x00, 0x00, 0x00, 0x00, 0x00, 0x00, 0x00, 0x00, 0x00, 0x00, 0x00, 0x00,
  0x00, 0x00, 0x00, 0x00, 0x00, 0x00, 0x00, 0x00, 0x00, 0x00, 0x00, 0x00,
  0x00, 0x00, 0x00, 0x00, 0x00, 0x00, 0x9b, 0x27, 0x9b, 0x07, 0x8b, 0x07,
  0x82, 0xe7, 0x82, 0xe7, 0x7a, 0xc6, 0x7a, 0xa6, 0x72, 0x85, 0x72, 0x65,
  0x72, 0x65, 0x72, 0x85, 0x7a, 0x85, 0x72, 0x85, 0x72, 0x85, 0x72, 0x85,
  0x72, 0x85, 0x72, 0x85, 0x72, 0x85, 0x7a, 0xa6, 0x8b, 0x28, 0x83, 0x07,
  0x82, 0xe7, 0x7a, 0xc7, 0x7a, 0xa6, 0x7a, 0xa6, 0x72, 0x86, 0x72, 0x65,
  0x72, 0x65, 0x72, 0x65, 0x72, 0x65, 0x72, 0x65, 0x72, 0x65, 0x72, 0x65,
  0x72, 0x65, 0x6a, 0x45, 0x82, 0xc7, 0x82, 0xe7, 0x82, 0xc7, 0x82, 0xa6,
  0x7a, 0xa6, 0x7a, 0x85, 0x72, 0x65, 0x72, 0x65, 0x6a, 0x03, 0x61, 0xc2,
  0x61, 0xe3, 0x6a, 0x03, 0x6a, 0x24, 0x72, 0x44, 0x72, 0x65, 0x72, 0x65,
  0x7a, 0xa6, 0x93, 0x27, 0x93, 0x48, 0x9b, 0x69, 0x9b, 0x89, 0x9b, 0x89,
  0x93, 0x48, 0x8b, 0x07, 0x8a, 0xe6, 0x93, 0x27, 0x8b, 0x07, 0x8b, 0x07,
  0x8a, 0xe6, 0x82, 0xc6, 0x82, 0xa5, 0x82, 0x85, 0x7a, 0x85, 0x71, 0xe4,
  0x71, 0xc4, 0x71, 0xe4, 0x71, 0xe4, 0x71, 0xe4, 0x71, 0xe4, 0x71, 0xe4,
  0x71, 0xe4, 0x71, 0xc4, 0x71, 0xc3, 0x71, 0xc3, 0x71, 0xc3, 0x71, 0xc3,
  0x71, 0xc3, 0x71, 0xc3, 0x71, 0xc3, 0x71, 0xc4, 0x71, 0xe4, 0x71, 0xe4,
  0x71, 0xe4, 0x71, 0xe4, 0x71, 0xe4, 0x71, 0xe4, 0x71, 0xe4, 0x79, 0xe4,
  0x82, 0x45, 0x82, 0x45, 0x82, 0x45, 0x82, 0x45, 0x82, 0x45, 0x82, 0x45,
  0x82, 0x45, 0x82, 0x45, 0x82, 0x45, 0x82, 0x45, 0x82, 0x45, 0x82, 0x45,
  0x82, 0x45, 0x82, 0x45, 0x82, 0x25, 0x82, 0x46, 0x71, 0xe4, 0x69, 0xa3,
  0x71, 0xa3, 0x71, 0xc3, 0x71, 0xc3, 0x71, 0xc3, 0x71, 0xc3, 0x71, 0xa3,
  0x71, 0xe4, 0x82, 0x65, 0x7a, 0x45, 0x7a, 0x45, 0x7a, 0x45, 0x7a, 0x45,
  0x7a, 0x45, 0x7a, 0x45, 0x7a, 0x45, 0x82, 0x86, 0x82, 0x86, 0x82, 0x86,
  0x82, 0x86, 0x82, 0x86, 0x82, 0x86, 0x82, 0x86, 0x82, 0x86, 0x92, 0xe6,
  0x93, 0x06, 0x93, 0x06, 0x93, 0x06, 0x93, 0x06, 0x93, 0x06, 0x93, 0x06,
  0x92, 0xe6, 0x9b, 0x07, 0x9b, 0x47, 0x9b, 0x47, 0xa3, 0x48, 0xa3, 0x68,
  0xab, 0x89, 0xab, 0xa9, 0xab, 0xc9, 0xab, 0xa8, 0xab, 0x86, 0xab, 0x87,
  0xab, 0x87, 0xab, 0x87, 0xab, 0x87, 0xab, 0x87, 0xab, 0x87, 0xab, 0x87,
  0xb3, 0xc8, 0xbb, 0xc8, 0xbb, 0xe8, 0xbc, 0x09, 0xc4, 0x29, 0xc4, 0x4a,
  0xc4, 0x4a, 0xcc, 0x6a, 0xd4, 0xab, 0xd4, 0xab, 0xcc, 0xcb, 0xcc, 0xcb,
  0xcc, 0xcb, 0xcc, 0xcb, 0xc4, 0xeb, 0xc4, 0xcb, 0xcd, 0x4d, 0xd5, 0x8e,
  0xd5, 0xae, 0xd5, 0xef, 0xd6, 0x2f, 0xd6, 0x50, 0xd6, 0x71, 0xd6, 0x90,
  0xd6, 0x95, 0xd6, 0x9a, 0xd6, 0x9a, 0xd6, 0x9a, 0xd6, 0x9a, 0xd6, 0x9a,
  0xd6, 0x9a, 0xd6, 0x9a, 0xd6, 0x9a, 0xd6, 0x9a, 0xd6, 0x9a, 0xd6, 0x9a,
  0xd6, 0x9a, 0xd6, 0x9a, 0xd6, 0x9a, 0xd6, 0x9a, 0xd6, 0x9a, 0xd6, 0x9a,
  0xd6, 0x9a, 0xd6, 0x9a, 0xd6, 0x9a, 0xd6, 0x9a, 0xd6, 0x9a, 0xd6, 0x9a,
  0xd6, 0x9a, 0xd6, 0x9a, 0xd6, 0x9a, 0xd6, 0x9a, 0xd6, 0x9a, 0xd6, 0x9a,
  0xd6, 0x9a, 0xd6, 0x9a, 0xd6, 0x9a, 0xd6, 0x9a, 0xd6, 0x9a, 0xd6, 0x9a,
  0xd6, 0x9a, 0xd6, 0x9a, 0xd6, 0x9a, 0x00, 0x00, 0x00, 0x00, 0x00, 0x00,
  0x00, 0x00, 0x00, 0x00, 0x00, 0x00, 0x00, 0x00, 0x00, 0x00, 0x00, 0x00,
  0x00, 0x00, 0x00, 0x00, 0x00, 0x00, 0x00, 0x00, 0x00, 0x00, 0x00, 0x00,
  0x00, 0x00, 0x00, 0x00, 0x00, 0x00, 0x9b, 0x07, 0x9b, 0x07, 0x82, 0xe7,
  0x82, 0xe7, 0x82, 0xe7, 0x7a, 0xc6, 0x7a, 0xa6, 0x72, 0x85, 0x72, 0x65,
  0x72, 0x65, 0x72, 0x65, 0x72, 0x85, 0x72, 0x85, 0x72, 0x85, 0x72, 0x85,
  0x72, 0x85, 0x72, 0x85, 0x72, 0x85, 0x7a, 0xa6, 0x82, 0xe8, 0x82, 0xe7,
  0x7a, 0xc7, 0x7a, 0xa6, 0x72, 0x86, 0x72, 0x85, 0x72, 0x65, 0x72, 0x65,
  0x72, 0x65, 0x72, 0x65, 0x72, 0x65, 0x72, 0x65, 0x72, 0x65, 0x72, 0x65,
  0x72, 0x65, 0x6a, 0x45, 0x82, 0xc6, 0x82, 0xe7, 0x82, 0xc6, 0x7a, 0x86,
  0x72, 0x65, 0x72, 0x44, 0x6a, 0x04, 0x6a, 0x03, 0x61, 0xc2, 0x59, 0xa2,
  0x61, 0xc3, 0x61, 0xe3, 0x6a, 0x04, 0x72, 0x44, 0x7a, 0x85, 0x7a, 0x85,
  0x82, 0xe7, 0x9b, 0x89, 0x9b, 0x89, 0xa3, 0xaa, 0xa3, 0xca, 0xa3, 0xa9,
  0x93, 0x48, 0x8b, 0x07, 0x82, 0xc6, 0x93, 0x27, 0x8b, 0x07, 0x8b, 0x07,
  0x8a, 0xe6, 0x82, 0xc6, 0x82, 0xa5, 0x7a, 0x85, 0x7a, 0x85, 0x71, 0xe4,
  0x71, 0xc4, 0x71, 0xe4, 0x71, 0xe4, 0x71, 0xe4, 0x71, 0xe4, 0x71, 0xe4,
  0x71, 0xe4, 0x71, 0xc4, 0x71, 0xc3, 0x71, 0xc3, 0x71, 0xc3, 0x71, 0xc3,
  0x71, 0xc3, 0x71, 0xc3, 0x71, 0xc3, 0x71, 0xc3, 0x71, 0xc4, 0x71, 0xc4,
  0x71, 0xc4, 0x71, 0xc4, 0x71, 0xc4, 0x71, 0xc4, 0x71, 0xc4, 0x71, 0xc4,
  0x7a, 0x25, 0x7a, 0x05, 0x7a, 0x05, 0x7a, 0x05, 0x7a, 0x05, 0x7a, 0x05,
  0x7a, 0x05, 0x7a, 0x05, 0x7a, 0x05, 0x7a, 0x05, 0x7a, 0x05, 0x7a, 0x05,
  0x7a, 0x05, 0x7a, 0x05, 0x7a, 0x05, 0x7a, 0x25, 0x71, 0xc4, 0x69, 0xa3,
  0x71, 0xa3, 0x71, 0xc3, 0x71, 0xc4, 0x71, 0xe4, 0x71, 0xe4, 0x79, 0xe4,
  0x7a, 0x25, 0x82, 0x66, 0x82, 0x66, 0x82, 0x66, 0x82, 0x66, 0x82, 0x66,
  0x82, 0x66, 0x82, 0x66, 0x82, 0x66, 0x8a, 0xa7, 0x82, 0xa6, 0x82, 0xa6,
  0x82, 0xa6, 0x82, 0xa6, 0x82, 0xa6, 0x82, 0xa6, 0x82, 0xa6, 0x92, 0xe6,
  0x92, 0xe6, 0x92, 0xe6, 0x92, 0xe6, 0x92, 0xe6, 0x92, 0xe6, 0x92, 0xe6,
  0x92, 0xe6, 0x9b, 0x27, 0x9b, 0x47, 0xa3, 0x48, 0xa3, 0x68, 0xa3, 0x88,
  0xab, 0xa9, 0xab, 0xc9, 0xb3, 0xca, 0xab, 0xa8, 0xab, 0x66, 0xab, 0x87,
  0xab, 0x87, 0xab, 0x87, 0xab, 0x87, 0xab, 0x87, 0xab, 0x66, 0xab, 0x87,
  0xbb, 0xe8, 0xbb, 0xe8, 0xbc, 0x09, 0xc4, 0x29, 0xc4, 0x2a, 0xc4, 0x4a,
  0xcc, 0x6a, 0xcc, 0x6a, 0xcc, 0xab, 0xcc, 0xab, 0xcc, 0xab, 0xcc, 0xab,
  0xcc, 0xab, 0xcc, 0xab, 0xc4, 0xcb, 0xc4, 0xcb, 0xcd, 0x4d, 0xd5, 0x8e,
  0xd5, 0xce, 0xd5, 0xef, 0xd6, 0x30, 0xd6, 0x50, 0xd6, 0x91, 0xd6, 0x90,
  0xd6, 0x95, 0xd6, 0x9a, 0xd6, 0x99, 0xd6, 0x9a, 0xd6, 0x9a, 0xd6, 0x9a,
  0xd6, 0x9a, 0xd6, 0x9a, 0xd6, 0x9a, 0xd6, 0x9a, 0xd6, 0x9a, 0xd6, 0x9a,
  0xd6, 0x9a, 0xd6, 0x9a, 0xd6, 0x9a, 0xd6, 0x9a, 0xd6, 0x9a, 0xd6, 0x9a,
  0xd6, 0x9a, 0xd6, 0x9a, 0xd6, 0x9a, 0xd6, 0x9a, 0xd6, 0x9a, 0xd6, 0x9a,
  0xd6, 0x9a, 0xd6, 0x9a, 0xd6, 0x9a, 0xd6, 0x9a, 0xd6, 0x9a, 0xd6, 0x9a,
  0xd6, 0x9a, 0xd6, 0x9a, 0xd6, 0x9a, 0xd6, 0x9a, 0xd6, 0x9a, 0xd6, 0x9a,
  0xd6, 0x9a, 0xd6, 0x9a, 0xd6, 0x9a, 0x00, 0x00, 0x00, 0x00, 0x00, 0x00,
  0x00, 0x00, 0x00, 0x00, 0x00, 0x00, 0x00, 0x00, 0x00, 0x00, 0x00, 0x00,
  0x00, 0x00, 0x00, 0x00, 0x00, 0x00, 0x00, 0x00, 0x00, 0x00, 0x00, 0x00,
  0x00, 0x00, 0x00, 0x00, 0x00, 0x00, 0x00, 0x00, 0x9b, 0x07, 0x82, 0xe7,
  0x7a, 0xe7, 0x7a, 0xc6, 0x7a, 0xc6, 0x7a, 0xa6, 0x72, 0x85, 0x72, 0x65,
  0x6a, 0x44, 0x72, 0x65, 0x72, 0x85, 0x72, 0x85, 0x72, 0x85, 0x72, 0x85,
  0x72, 0x85, 0x72, 0x85, 0x72, 0x85, 0x72, 0x86, 0x7a, 0xc7, 0x7a, 0xc6,
  0x7a, 0xa6, 0x72, 0x86, 0x72, 0x65, 0x6a, 0x45, 0x6a, 0x45, 0x6a, 0x45,
  0x6a, 0x45, 0x6a, 0x45, 0x6a, 0x45, 0x6a, 0x45, 0x6a, 0x45, 0x6a, 0x45,
  0x6a, 0x45, 0x6a, 0x45, 0x7a, 0xc6, 0x82, 0xc6, 0x7a, 0xa6, 0x72, 0x65,
  0x6a, 0x24, 0x6a, 0x03, 0x61, 0xc3, 0x59, 0xa2, 0x59, 0x82, 0x59, 0x82,
  0x61, 0xa2, 0x61, 0xe3, 0x6a, 0x24, 0x72, 0x65, 0x7a, 0x86, 0x7a, 0x86,
  0x8b, 0x07, 0xa3, 0xea, 0xa3, 0xca, 0xab, 0xea, 0xa3, 0xca, 0x9b, 0xa9,
  0x93, 0x48, 0x8a, 0xe6, 0x82, 0xc6, 0x8b, 0x07, 0x8b, 0x07, 0x8a, 0xe7,
  0x82, 0xe6, 0x82, 0xc6, 0x7a, 0xa5, 0x7a, 0x85, 0x7a, 0x85, 0x71, 0xe4,
  0x71, 0xc4, 0x71, 0xc4, 0x71, 0xc4, 0x71, 0xc4, 0x71, 0xc4, 0x71, 0xc4,
  0x71, 0xc4, 0x71, 0xc3, 0x71, 0xc3, 0x71, 0xc3, 0x71, 0xc3, 0x71, 0xc3,
  0x71, 0xc3, 0x71, 0xc3, 0x71, 0xc3, 0x71, 0xc3, 0x69, 0xa3, 0x69, 0xa3,
  0x69, 0xa3, 0x69, 0xa3, 0x69, 0xa3, 0x69, 0xa3, 0x69, 0xa3, 0x71, 0xa3,
  0x7a, 0x04, 0x7a, 0x04, 0x7a, 0x04, 0x7a, 0x04, 0x7a, 0x04, 0x7a, 0x04,
  0x7a, 0x04, 0x7a, 0x04, 0x72, 0x04, 0x72, 0x04, 0x72, 0x04, 0x72, 0x04,
  0x72, 0x04, 0x72, 0x04, 0x72, 0x04, 0x7a, 0x04, 0x71, 0xc4, 0x69, 0xa3,
  0x71, 0xc4, 0x71, 0xe4, 0x7a, 0x04, 0x7a, 0x25, 0x7a, 0x45, 0x82, 0x46,
  0x82, 0x66, 0x82, 0x66, 0x82, 0x66, 0x82, 0x66, 0x82, 0x66, 0x82, 0x66,
  0x82, 0x66, 0x82, 0x66, 0x82, 0x86, 0x8a, 0xa7, 0x8a, 0xa7, 0x8a, 0xa7,
  0x8a, 0xa7, 0x8a, 0xa7, 0x8a, 0xa7, 0x8a, 0xa7, 0x8a, 0xa7, 0x92, 0xe6,
  0x92, 0xe6, 0x92, 0xe6, 0x92, 0xe6, 0x92, 0xe6, 0x92, 0xe6, 0x92, 0xe6,
  0x92, 0xe6, 0x9b, 0x27, 0xa3, 0x48, 0xa3, 0x68, 0xa3, 0x68, 0xa3, 0x89,
  0xab, 0xa9, 0xab, 0xc9, 0xb3, 0xea, 0xab, 0xa8, 0xab, 0x66, 0xab, 0x67,
  0xab, 0x66, 0xab, 0x66, 0xab, 0x66, 0xab, 0x66, 0xab, 0x66, 0xab, 0x87,
  0xbb, 0xe9, 0xbb, 0xe9, 0xbc, 0x09, 0xbc, 0x29, 0xc4, 0x4a, 0xc4, 0x4a,
  0xcc, 0x6b, 0xcc, 0x6b, 0xcc, 0x8b, 0xcc, 0x8b, 0xcc, 0xab, 0xcc, 0xab,
  0xc4, 0xab, 0xc4, 0xab, 0xc4, 0xcb, 0xbc, 0xab, 0xcd, 0x4d, 0xcd, 0xae,
  0xcd, 0xce, 0xcd, 0xef, 0xce, 0x30, 0xce, 0x51, 0xce, 0x71, 0xce, 0x71,
  0xce, 0x75, 0xce, 0x79, 0xce, 0x79, 0xce, 0x79, 0xce, 0x79, 0xce, 0x79,
  0xce, 0x79, 0xce, 0x79, 0xce, 0x79, 0xce, 0x79, 0xce, 0x79, 0xce, 0x79,
  0xce, 0x79, 0xce, 0x79, 0xce, 0x79, 0xce, 0x79, 0xce, 0x79, 0xce, 0x79,
  0xce, 0x79, 0xce, 0x79, 0xce, 0x79, 0xce, 0x79, 0xce, 0x79, 0xce, 0x79,
  0xce, 0x79, 0xce, 0x79, 0xce, 0x79, 0xce, 0x79, 0xce, 0x79, 0xce, 0x79,
  0xce, 0x79, 0xce, 0x79, 0xce, 0x79, 0xce, 0x79, 0xce, 0x79, 0xce, 0x79,
  0xce, 0x79, 0xce, 0x79, 0x00, 0x00, 0x00, 0x00, 0x00, 0x00, 0x00, 0x00,
  0x00, 0x00, 0x00, 0x00, 0x00, 0x00, 0x00, 0x00, 0x00, 0x00, 0x00, 0x00,
  0x00, 0x00, 0x00, 0x00, 0x00, 0x00, 0x00, 0x00, 0x00, 0x00, 0x00, 0x00,
  0x00, 0x00, 0x00, 0x00, 0x00, 0x00, 0x00, 0x00, 0x92, 0xe7, 0x82, 0xe7,
  0x7a, 0xc6, 0x7a, 0xc6, 0x7a, 0xa6, 0x72, 0x86, 0x72, 0x65, 0x72, 0x65,
  0x6a, 0x44, 0x72, 0x65, 0x72, 0x65, 0x72, 0x65, 0x72, 0x65, 0x72, 0x65,
  0x72, 0x65, 0x72, 0x65, 0x72, 0x65, 0x72, 0x85, 0x7a, 0xc7, 0x7a, 0xa6,
  0x72, 0x86, 0x72, 0x66, 0x6a, 0x65, 0x6a, 0x45, 0x6a, 0x24, 0x62, 0x24,
  0x6a, 0x45, 0x6a, 0x45, 0x6a, 0x45, 0x6a, 0x45, 0x6a, 0x45, 0x6a, 0x45,
  0x6a, 0x45, 0x6a, 0x25, 0x82, 0xc6, 0x82, 0xc7, 0x7a, 0x86, 0x72, 0x45,
  0x6a, 0x04, 0x61, 0xc3, 0x59, 0x82, 0x59, 0x81, 0x51, 0x41, 0x51, 0x40,
  0x49, 0x41, 0x30, 0xe1, 0x18, 0x60, 0x08, 0x40, 0x00, 0x00, 0x00, 0x00,
  0x10, 0x61, 0x31, 0x43, 0x62, 0x66, 0xa3, 0xcb, 0xac, 0x0b, 0xa3, 0xaa,
  0x93, 0x48, 0x82, 0xe6, 0x39, 0x22, 0x00, 0x20, 0x00, 0x00, 0x00, 0x00,
  0x00, 0x00, 0x08, 0x40, 0x59, 0xc3, 0x7a, 0x85, 0x7a, 0x64, 0x69, 0xc3,
  0x20, 0x81, 0x00, 0x00, 0x00, 0x00, 0x00, 0x00, 0x00, 0x00, 0x10, 0x40,
  0x59, 0x83, 0x71, 0xc4, 0x69, 0xc3, 0x69, 0xc3, 0x69, 0xc3, 0x69, 0xc3,
  0x69, 0xc3, 0x28, 0xa1, 0x00, 0x00, 0x00, 0x00, 0x00, 0x00, 0x00, 0x00,
  0x00, 0x00, 0x00, 0x00, 0x20, 0x81, 0x61, 0x83, 0x69, 0x83, 0x69, 0xa3,
  0x30, 0xc1, 0x00, 0x00, 0x00, 0x00, 0x00, 0x00, 0x00, 0x00, 0x00, 0x00,
  0x00, 0x00, 0x00, 0x00, 0x00, 0x00, 0x00, 0x00, 0x00, 0x00, 0x00, 0x00,
  0x10, 0x40, 0x61, 0x83, 0x71, 0xe4, 0x71, 0xe4, 0x71, 0xc4, 0x69, 0xc4,
  0x28, 0xa1, 0x00, 0x00, 0x00, 0x00, 0x00, 0x00, 0x00, 0x00, 0x08, 0x20,
  0x39, 0x23, 0x82, 0x66, 0x82, 0x86, 0x82, 0x86, 0x82, 0x86, 0x82, 0x86,
  0x82, 0x86, 0x82, 0x86, 0x82, 0x86, 0x82, 0x87, 0x49, 0x84, 0x28, 0xc2,
  0x10, 0x40, 0x00, 0x00, 0x00, 0x00, 0x00, 0x20, 0x10, 0x61, 0x30, 0xe2,
  0x59, 0xc4, 0x8a, 0xc6, 0x8a, 0xc6, 0x8a, 0xc6, 0x8a, 0xc6, 0x8a, 0xc6,
  0x8a, 0xc5, 0x9b, 0x27, 0x9b, 0x48, 0x8a, 0xe7, 0x59, 0xe4, 0x28, 0xe2,
  0x10, 0x61, 0x00, 0x20, 0x08, 0x20, 0x10, 0x61, 0x31, 0x01, 0x62, 0x04,
  0x9b, 0x26, 0xa3, 0x66, 0xa3, 0x66, 0xa3, 0x66, 0xa3, 0x46, 0x49, 0x83,
  0x08, 0x20, 0x00, 0x00, 0x00, 0x00, 0x00, 0x00, 0x00, 0x00, 0x00, 0x00,
  0x00, 0x00, 0x08, 0x20, 0x10, 0x61, 0x29, 0x02, 0x5a, 0x25, 0xab, 0xe9,
  0xc4, 0x8b, 0xc4, 0x8b, 0xbc, 0x8b, 0xbc, 0x8a, 0xc5, 0x4d, 0xcd, 0x8e,
  0xcd, 0xae, 0xcd, 0xef, 0xce, 0x30, 0xce, 0x50, 0xce, 0x51, 0xce, 0x51,
  0xce, 0x55, 0xce, 0x59, 0xce, 0x59, 0xce, 0x59, 0xce, 0x59, 0xce, 0x59,
  0xce, 0x59, 0xce, 0x59, 0xce, 0x59, 0xce, 0x59, 0xce, 0x59, 0xce, 0x59,
  0xce, 0x59, 0xce, 0x59, 0xce, 0x59, 0xce, 0x59, 0xce, 0x59, 0xce, 0x59,
  0xce, 0x59, 0xce, 0x59, 0xce, 0x59, 0xce, 0x59, 0xce, 0x59, 0xce, 0x59,
  0xce, 0x59, 0xce, 0x59, 0xce, 0x59, 0xce, 0x59, 0xce, 0x59, 0xce, 0x59,
  0xce, 0x59, 0xce, 0x59, 0xce, 0x59, 0xce, 0x59, 0xce, 0x59, 0xce, 0x59,
  0xce, 0x59, 0xce, 0x59, 0x00, 0x00, 0x00, 0x00, 0x00, 0x00, 0x00, 0x00,
  0x00, 0x00, 0x00, 0x00, 0x00, 0x00, 0x00, 0x00, 0x00, 0x00, 0x00, 0x00,
  0x00, 0x00, 0x00, 0x00, 0x00, 0x00, 0x00, 0x00, 0x00, 0x00, 0x00, 0x00,
  0x00, 0x00, 0x00, 0x00, 0x00, 0x00, 0x00, 0x00, 0x92, 0xe7, 0x82, 0xe7,
  0x7a, 0xc7, 0x7a, 0xc6, 0x7a, 0xa6, 0x72, 0x86, 0x72, 0x65, 0x72, 0x65,
  0x6a, 0x44, 0x72, 0x65, 0x72, 0x85, 0x72, 0x85, 0x72, 0x85, 0x72, 0x85,
  0x72, 0x85, 0x72, 0x85, 0x72, 0x85, 0x72, 0x85, 0x72, 0x66, 0x72, 0x65,
  0x72, 0x65, 0x6a, 0x45, 0x6a, 0x45, 0x6a, 0x45, 0x6a, 0x25, 0x6a, 0x24,
  0x6a, 0x45, 0x6a, 0x45, 0x6a, 0x45, 0x6a, 0x45, 0x6a, 0x45, 0x6a, 0x45,
  0x6a, 0x45, 0x6a, 0x45, 0x72, 0x65, 0x72, 0x45, 0x6a, 0x24, 0x6a, 0x04,
  0x61, 0xe3, 0x59, 0xa2, 0x59, 0x82, 0x51, 0x61, 0x59, 0xc3, 0x30, 0xe2,
  0x00, 0x00, 0x00, 0x00, 0x00, 0x00, 0x00, 0x00, 0x00, 0x00, 0x00, 0x00,
  0x00, 0x00, 0x00, 0x00, 0x00, 0x00, 0x08, 0x20, 0x51, 0xc4, 0x93, 0x48,
  0x8b, 0x07, 0x6a, 0x45, 0x00, 0x00, 0x00, 0x00, 0x00, 0x00, 0x00, 0x00,
  0x00, 0x00, 0x00, 0x00, 0x08, 0x40, 0x7a, 0x65, 0x82, 0xc6, 0x49, 0x43,
  0x00, 0x00, 0x00, 0x00, 0x00, 0x00, 0x00, 0x00, 0x00, 0x00, 0x00, 0x00,
  0x18, 0x60, 0x69, 0xa3, 0x69, 0xc3, 0x69, 0xa3, 0x69, 0xa3, 0x69, 0xa3,
  0x51, 0x42, 0x00, 0x00, 0x00, 0x00, 0x00, 0x00, 0x00, 0x00, 0x00, 0x00,
  0x00, 0x00, 0x00, 0x00, 0x00, 0x00, 0x30, 0xc1, 0x69, 0xa3, 0x41, 0x02,
  0x00, 0x00, 0x00, 0x00, 0x00, 0x00, 0x00, 0x00, 0x00, 0x00, 0x00, 0x00,
  0x00, 0x00, 0x00, 0x00, 0x00, 0x00, 0x00, 0x00, 0x00, 0x00, 0x00, 0x00,
  0x00, 0x00, 0x10, 0x40, 0x69, 0xc4, 0x71, 0xc4, 0x71, 0xc4, 0x39, 0x02,
  0x00, 0x00, 0x00, 0x00, 0x00, 0x00, 0x00, 0x00, 0x00, 0x00, 0x00, 0x00,
  0x00, 0x00, 0x61, 0xc4, 0x7a, 0x46, 0x7a, 0x46, 0x7a, 0x46, 0x7a, 0x46,
  0x7a, 0x46, 0x7a, 0x46, 0x49, 0x63, 0x08, 0x20, 0x00, 0x00, 0x00, 0x00,
  0x00, 0x00, 0x00, 0x00, 0x00, 0x00, 0x00, 0x00, 0x00, 0x00, 0x00, 0x00,
  0x00, 0x00, 0x08, 0x40, 0x61, 0xe4, 0x93, 0x07, 0x93, 0x07, 0x9b, 0x27,
  0x9b, 0x27, 0x9b, 0x48, 0x41, 0x83, 0x00, 0x00, 0x00, 0x00, 0x00, 0x00,
  0x00, 0x00, 0x00, 0x00, 0x00, 0x00, 0x00, 0x00, 0x00, 0x00, 0x00, 0x00,
  0x08, 0x20, 0x59, 0xc3, 0xab, 0x67, 0xab, 0x67, 0x82, 0xa5, 0x00, 0x00,
  0x00, 0x00, 0x00, 0x00, 0x00, 0x00, 0x00, 0x00, 0x00, 0x00, 0x00, 0x00,
  0x00, 0x00, 0x00, 0x00, 0x00, 0x00, 0x00, 0x00, 0x00, 0x00, 0x00, 0x00,
  0x52, 0x05, 0xc4, 0xac, 0xc4, 0xec, 0xc4, 0xec, 0xc5, 0x6e, 0xc5, 0xae,
  0xc5, 0xcf, 0xc5, 0xef, 0xc6, 0x10, 0xc6, 0x30, 0xc6, 0x31, 0xc6, 0x30,
  0xc6, 0x35, 0xc6, 0x38, 0xc6, 0x38, 0xc6, 0x38, 0xc6, 0x38, 0xc6, 0x38,
  0xc6, 0x38, 0xc6, 0x38, 0xc6, 0x38, 0xc6, 0x38, 0xc6, 0x38, 0xc6, 0x38,
  0xc6, 0x38, 0xc6, 0x38, 0xc6, 0x38, 0xc6, 0x38, 0xc6, 0x38, 0xc6, 0x38,
  0xc6, 0x38, 0xc6, 0x38, 0xc6, 0x38, 0xc6, 0x38, 0xc6, 0x38, 0xc6, 0x38,
  0xc6, 0x38, 0xc6, 0x38, 0xc6, 0x38, 0xc6, 0x38, 0xc6, 0x38, 0xc6, 0x38,
  0xc6, 0x38, 0xc6, 0x38, 0xc6, 0x38, 0xc6, 0x38, 0xc6, 0x38, 0xc6, 0x38,
  0xc6, 0x38, 0xc6, 0x38, 0x00, 0x00, 0x00, 0x00, 0x00, 0x00, 0x00, 0x00,
  0x00, 0x00, 0x00, 0x00, 0x00, 0x00, 0x00, 0x00, 0x00, 0x00, 0x00, 0x00,
  0x00, 0x00, 0x00, 0x00, 0x00, 0x00, 0x00, 0x00, 0x00, 0x00, 0x00, 0x00,
  0x00, 0x00, 0x00, 0x00, 0x00, 0x00, 0x00, 0x00, 0x00, 0x00, 0x82, 0xe7,
  0x7a, 0xc7, 0x7a, 0xc6, 0x7a, 0xa6, 0x72, 0x86, 0x72, 0x65, 0x6a, 0x65,
  0x6a, 0x44, 0x72, 0x65, 0x72, 0x86, 0x72, 0x86, 0x72, 0x86, 0x72, 0x86,
  0x72, 0x86, 0x72, 0x86, 0x72, 0x86, 0x72, 0x85, 0x6a, 0x24, 0x6a, 0x45,
  0x6a, 0x45, 0x6a, 0x45, 0x6a, 0x45, 0x6a, 0x45, 0x6a, 0x45, 0x6a, 0x45,
  0x6a, 0x65, 0x6a, 0x65, 0x6a, 0x65, 0x6a, 0x65, 0x6a, 0x65, 0x6a, 0x65,
  0x6a, 0x65, 0x72, 0x65, 0x6a, 0x04, 0x61, 0xe3, 0x61, 0xe3, 0x61, 0xc3,
  0x59, 0xc2, 0x59, 0xa2, 0x59, 0xa2, 0x49, 0x41, 0x10, 0x61, 0x00, 0x00,
  0x00, 0x00, 0x5a, 0xcb, 0xad, 0x55, 0xde, 0xfb, 0xf7, 0xbe, 0xf7, 0xbe,
  0xde, 0xfb, 0xa5, 0x14, 0x4a, 0x49, 0x00, 0x00, 0x00, 0x00, 0x28, 0xe2,
  0x82, 0xe7, 0x5a, 0x05, 0x00, 0x00, 0x52, 0x8a, 0xff, 0xff, 0xff, 0xff,
  0xff, 0xff, 0x00, 0x20, 0x00, 0x00, 0x7a, 0x85, 0x8b, 0x27, 0x41, 0x43,
  0x00, 0x00, 0x7b, 0xef, 0xff, 0xff, 0xff, 0xff, 0xde, 0xdb, 0x00, 0x00,
  0x08, 0x20, 0x61, 0x83, 0x69, 0xc3, 0x69, 0xa3, 0x69, 0xa3, 0x69, 0xa3,
  0x41, 0x02, 0x00, 0x00, 0x63, 0x0c, 0xff, 0xff, 0xff, 0xff, 0xff, 0xff,
  0xff, 0xff, 0xbd, 0xf7, 0x00, 0x00, 0x10, 0x40, 0x69, 0xa3, 0x20, 0x81,
  0x00, 0x00, 0x94, 0xb2, 0xff, 0xff, 0xff, 0xff, 0xff, 0xff, 0xff, 0xff,
  0x8c, 0x51, 0x00, 0x00, 0xbd, 0xd7, 0xff, 0xff, 0xff, 0xff, 0xff, 0xdf,
  0x29, 0x45, 0x00, 0x00, 0x38, 0xe2, 0x69, 0xc4, 0x61, 0xa4, 0x00, 0x00,
  0x00, 0x00, 0xbd, 0xf7, 0xff, 0xff, 0xff, 0xff, 0xf7, 0x9e, 0x18, 0xc3,
  0x00, 0x00, 0x59, 0xc4, 0x72, 0x25, 0x72, 0x25, 0x72, 0x25, 0x72, 0x25,
  0x72, 0x25, 0x28, 0xc1, 0x00, 0x00, 0x00, 0x00, 0x39, 0xc7, 0x94, 0xb2,
  0xd6, 0xba, 0xef, 0x7d, 0xff, 0xdf, 0xf7, 0x9e, 0xce, 0x79, 0x94, 0xb2,
  0x31, 0xa6, 0x00, 0x00, 0x00, 0x00, 0x51, 0xa4, 0x9b, 0x48, 0xa3, 0x68,
  0x93, 0x28, 0x20, 0xc2, 0x00, 0x00, 0x00, 0x00, 0x5a, 0xcb, 0xad, 0x55,
  0xde, 0xfb, 0xf7, 0xbe, 0xf7, 0xbe, 0xde, 0xfb, 0xa5, 0x14, 0x4a, 0x49,
  0x00, 0x00, 0x00, 0x00, 0x31, 0x02, 0xa3, 0x67, 0x6a, 0x44, 0x00, 0x00,
  0x5a, 0xcb, 0xff, 0xff, 0xff, 0xff, 0xff, 0xff, 0xff, 0xff, 0xff, 0xff,
  0xff, 0xff, 0xf7, 0xbe, 0xe7, 0x3c, 0xbd, 0xf7, 0x63, 0x0c, 0x00, 0x20,
  0x00, 0x00, 0x39, 0x63, 0xc5, 0x2d, 0xc5, 0x4d, 0xc5, 0x8e, 0xc5, 0xcf,
  0xc5, 0xcf, 0xc5, 0xef, 0xc6, 0x10, 0xc6, 0x30, 0xc6, 0x31, 0xc6, 0x30,
  0xc6, 0x34, 0xc6, 0x38, 0xc6, 0x38, 0xc6, 0x38, 0xc6, 0x38, 0xc6, 0x38,
  0xc6, 0x38, 0xc6, 0x38, 0xc6, 0x38, 0xc6, 0x38, 0xc6, 0x38, 0xc6, 0x38,
  0xc6, 0x38, 0xc6, 0x38, 0xc6, 0x38, 0xc6, 0x38, 0xc6, 0x38, 0xc6, 0x38,
  0xc6, 0x38, 0xc6, 0x38, 0xc6, 0x38, 0xc6, 0x38, 0xc6, 0x38, 0xc6, 0x38,
  0xc6, 0x38, 0xc6, 0x38, 0xc6, 0x38, 0xc6, 0x38, 0xc6, 0x38, 0xc6, 0x38,
  0xc6, 0x38, 0xc6, 0x38, 0xc6, 0x38, 0xc6, 0x38, 0xc6, 0x38, 0xc6, 0x38,
  0xc6, 0x38, 0x00, 0x00, 0x00, 0x00, 0x00, 0x00, 0x00, 0x00, 0x00, 0x00,
  0x00, 0x00, 0x00, 0x00, 0x00, 0x00, 0x00, 0x00, 0x00, 0x00, 0x00, 0x00,
  0x00, 0x00, 0x00, 0x00, 0x00, 0x00, 0x00, 0x00, 0x00, 0x00, 0x00, 0x00,
  0x00, 0x00, 0x00, 0x00, 0x00, 0x00, 0x00, 0x00, 0x00, 0x00, 0x82, 0xc7,
  0x7a, 0xc7, 0x7a, 0xa6, 0x72, 0xa6, 0x72, 0x85, 0x72, 0x65, 0x6a, 0x45,
  0x6a, 0x44, 0x6a, 0x65, 0x72, 0x86, 0x72, 0x85, 0x72, 0x85, 0x72, 0x85,
  0x72, 0x85, 0x72, 0x85, 0x72, 0x86, 0x72, 0x65, 0x6a, 0x25, 0x6a, 0x45,
  0x6a, 0x45, 0x6a, 0x45, 0x6a, 0x45, 0x6a, 0x45, 0x6a, 0x45, 0x6a, 0x45,
  0x6a, 0x45, 0x6a, 0x45, 0x6a, 0x45, 0x6a, 0x45, 0x6a, 0x45, 0x6a, 0x45,
  0x6a, 0x45, 0x6a, 0x65, 0x6a, 0x04, 0x62, 0x04, 0x61, 0xe3, 0x61, 0xc3,
  0x59, 0xc3, 0x59, 0xa2, 0x51, 0x82, 0x10, 0x40, 0x00, 0x00, 0x21, 0x04,
  0xd6, 0x9a, 0xff, 0xff, 0xff, 0xff, 0xff, 0xff, 0xff, 0xff, 0xff, 0xff,
  0xff, 0xff, 0xff, 0xff, 0xff, 0xff, 0xbd, 0xf7, 0x10, 0xa2, 0x00, 0x00,
  0x29, 0x02, 0x62, 0x46, 0x00, 0x00, 0x52, 0x8a, 0xff, 0xff, 0xff, 0xff,
  0xff, 0xff, 0x00, 0x20, 0x00, 0x00, 0x7a, 0xa6, 0x93, 0x28, 0x41, 0x63,
  0x00, 0x00, 0x7b, 0xef, 0xff, 0xff, 0xff, 0xff, 0xde, 0xdb, 0x00, 0x00,
  0x08, 0x20, 0x61, 0x83, 0x69, 0xa3, 0x69, 0xa3, 0x69, 0xa3, 0x69, 0xa3,
  0x41, 0x02, 0x00, 0x00, 0x63, 0x0c, 0xff, 0xff, 0xff, 0xff, 0xff, 0xff,
  0xff, 0xff, 0xf7, 0xbe, 0x00, 0x20, 0x00, 0x00, 0x61, 0x83, 0x08, 0x20,
  0x00, 0x00, 0xd6, 0xba, 0xff, 0xff, 0xff, 0xff, 0xff, 0xff, 0xff, 0xff,
  0x8c, 0x51, 0x00, 0x00, 0x21, 0x24, 0xff, 0xdf, 0xff, 0xff, 0xff, 0xff,
  0xb5, 0xb6, 0x00, 0x00, 0x00, 0x00, 0x61, 0x83, 0x28, 0xa1, 0x00, 0x00,
  0x4a, 0x69, 0xff, 0xff, 0xff, 0xff, 0xff, 0xff, 0x73, 0x8e, 0x00, 0x00,
  0x18, 0x61, 0x72, 0x45, 0x72, 0x25, 0x72, 0x25, 0x72, 0x25, 0x72, 0x25,
  0x28, 0xc2, 0x00, 0x00, 0x08, 0x41, 0x94, 0xb2, 0xff, 0xff, 0xff, 0xff,
  0xff, 0xff, 0xff, 0xff, 0xff, 0xff, 0xff, 0xff, 0xff, 0xff, 0xff, 0xff,
  0xff, 0xff, 0x9c, 0xd3, 0x00, 0x20, 0x00, 0x00, 0x6a, 0x45, 0x9b, 0x48,
  0x20, 0xc2, 0x00, 0x00, 0x21, 0x04, 0xd6, 0x9a, 0xff, 0xff, 0xff, 0xff,
  0xff, 0xff, 0xff, 0xff, 0xff, 0xff, 0xff, 0xff, 0xff, 0xff, 0xff, 0xff,
  0xbd, 0xf7, 0x10, 0xa2, 0x00, 0x00, 0x31, 0x02, 0x6a, 0x44, 0x00, 0x00,
  0x5a, 0xcb, 0xff, 0xff, 0xff, 0xff, 0xff, 0xff, 0xff, 0xff, 0xff, 0xff,
  0xff, 0xff, 0xff, 0xff, 0xff, 0xff, 0xff, 0xff, 0xff, 0xff, 0xce, 0x59,
  0x18, 0xc3, 0x00, 0x00, 0x5a, 0x66, 0xc5, 0x0d, 0xc5, 0x8e, 0xc5, 0xaf,
  0xc5, 0xcf, 0xc5, 0xef, 0xc6, 0x10, 0xc6, 0x10, 0xc6, 0x11, 0xc6, 0x10,
  0xc6, 0x14, 0xc6, 0x18, 0xc6, 0x18, 0xc6, 0x18, 0xc6, 0x18, 0xc6, 0x18,
  0xc6, 0x18, 0xc6, 0x18, 0xc6, 0x18, 0xc6, 0x18, 0xc6, 0x18, 0xc6, 0x18,
  0xc6, 0x18, 0xc6, 0x18, 0xc6, 0x18, 0xc6, 0x18, 0xc6, 0x18, 0xc6, 0x18,
  0xc6, 0x18, 0xc6, 0x18, 0xc6, 0x18, 0xc6, 0x18, 0xc6, 0x18, 0xc6, 0x18,
  0xc6, 0x18, 0xc6, 0x18, 0xc6, 0x18, 0xc6, 0x18, 0xc6, 0x18, 0xc6, 0x18,
  0xc6, 0x18, 0xc6, 0x18, 0xc6, 0x18, 0xc6, 0x18, 0xc6, 0x18, 0xc6, 0x18,
  0xc6, 0x18, 0x00, 0x00, 0x00, 0x00, 0x00, 0x00, 0x00, 0x00, 0x00, 0x00,
  0x00, 0x00, 0x00, 0x00, 0x00, 0x00, 0x00, 0x00, 0x00, 0x00, 0x00, 0x00,
  0x00, 0x00, 0x00, 0x00, 0x00, 0x00, 0x00, 0x00, 0x00, 0x00, 0x00, 0x00,
  0x00, 0x00, 0x00, 0x00, 0x00, 0x00, 0x00, 0x00, 0x00, 0x00, 0x00, 0x00,
  0x7a, 0xc6, 0x7a, 0xa6, 0x72, 0x86, 0x72, 0x65, 0x6a, 0x65, 0x6a, 0x45,
  0x6a, 0x24, 0x6a, 0x65, 0x72, 0x85, 0x72, 0x65, 0x72, 0x65, 0x72, 0x65,
  0x72, 0x65, 0x72, 0x65, 0x72, 0x85, 0x6a, 0x65, 0x62, 0x25, 0x62, 0x25,
  0x62, 0x25, 0x62, 0x25, 0x62, 0x25, 0x62, 0x25, 0x62, 0x25, 0x62, 0x25,
  0x6a, 0x45, 0x6a, 0x45, 0x6a, 0x45, 0x6a, 0x45, 0x6a, 0x45, 0x6a, 0x45,
  0x6a, 0x45, 0x6a, 0x45, 0x62, 0x04, 0x61, 0xe3, 0x61, 0xe3, 0x59, 0xc3,
  0x59, 0xa2, 0x59, 0x82, 0x28, 0xc1, 0x00, 0x00, 0x18, 0xe3, 0xef, 0x5d,
  0xff, 0xff, 0xff, 0xff, 0xff, 0xff, 0xff, 0xff, 0xff, 0xff, 0xff, 0xff,
  0xff, 0xff, 0xff, 0xff, 0xff, 0xff, 0xff, 0xff, 0xde, 0xfb, 0x10, 0x82,
  0x00, 0x00, 0x41, 0x84, 0x00, 0x00, 0x52, 0x8a, 0xff, 0xff, 0xff, 0xff,
  0xff, 0xff, 0x00, 0x20, 0x00, 0x00, 0x82, 0xe7, 0x9b, 0x89, 0x49, 0x84,
  0x00, 0x00, 0x7b, 0xef, 0xff, 0xff, 0xff, 0xff, 0xde, 0xdb, 0x00, 0x00,
  0x08, 0x20, 0x61, 0x83, 0x69, 0xa3, 0x69, 0xa3, 0x69, 0xa3, 0x69, 0xa3,
  0x41, 0x02, 0x00, 0x00, 0x63, 0x0c, 0xff, 0xff, 0xff, 0xff, 0xff, 0xff,
  0xff, 0xff, 0xff, 0xff, 0x42, 0x08, 0x00, 0x00, 0x30, 0xc1, 0x00, 0x00,
  0x10, 0xa2, 0xff, 0xff, 0xff, 0xff, 0xff, 0xff, 0xff, 0xff, 0xff, 0xff,
  0x8c, 0x51, 0x00, 0x00, 0x00, 0x00, 0x84, 0x10, 0xff, 0xff, 0xff, 0xff,
  0xff, 0xff, 0x4a, 0x49, 0x00, 0x00, 0x18, 0x61, 0x00, 0x00, 0x00, 0x20,
  0xde, 0xdb, 0xff, 0xff, 0xff, 0xff, 0xd6, 0x9a, 0x00, 0x00, 0x00, 0x00,
  0x59, 0x84, 0x72, 0x25, 0x72, 0x25, 0x72, 0x25, 0x72, 0x25, 0x51, 0x83,
  0x00, 0x00, 0x00, 0x20, 0xc6, 0x18, 0xff, 0xff, 0xff, 0xff, 0xff, 0xff,
  0xff, 0xff, 0xff, 0xff, 0xff, 0xff, 0xff, 0xff, 0xff, 0xff, 0xff, 0xff,
  0xff, 0xff, 0xff, 0xff, 0x94, 0x92, 0x00, 0x00, 0x10, 0x61, 0x51, 0xa4,
  0x00, 0x00, 0x18, 0xe3, 0xef, 0x5d, 0xff, 0xff, 0xff, 0xff, 0xff, 0xff,
  0xff, 0xff, 0xff, 0xff, 0xff, 0xff, 0xff, 0xff, 0xff, 0xff, 0xff, 0xff,
  0xff, 0xff, 0xde, 0xfb, 0x10, 0x82, 0x00, 0x00, 0x39, 0x42, 0x00, 0x00,
  0x5a, 0xcb, 0xff, 0xff, 0xff, 0xff, 0xff, 0xff, 0xff, 0xff, 0xff, 0xff,
  0xff, 0xff, 0xff, 0xff, 0xff, 0xff, 0xff, 0xff, 0xff, 0xff, 0xff, 0xff,
  0xce, 0x59, 0x00, 0x20, 0x00, 0x00, 0xa4, 0x4a, 0xbd, 0x8e, 0xbd, 0xaf,
  0xbd, 0xcf, 0xbd, 0xef, 0xbd, 0xf0, 0xbd, 0xf0, 0xbd, 0xf1, 0xbd, 0xf0,
  0xbd, 0xf4, 0xbd, 0xf7, 0xbd, 0xf7, 0xbd, 0xf7, 0xbd, 0xf7, 0xbd, 0xf7,
  0xbd, 0xf7, 0xbd, 0xf7, 0xbd, 0xf7, 0xbd, 0xf7, 0xbd, 0xf7, 0xbd, 0xf7,
  0xbd, 0xf7, 0xbd, 0xf7, 0xbd, 0xf7, 0xbd, 0xf7, 0xbd, 0xf7, 0xbd, 0xf7,
  0xbd, 0xf7, 0xbd, 0xf7, 0xbd, 0xf7, 0xbd, 0xf7, 0xbd, 0xf7, 0xbd, 0xf7,
  0xbd, 0xf7, 0xbd, 0xf7, 0xbd, 0xf7, 0xbd, 0xf7, 0xbd, 0xf7, 0xbd, 0xf7,
  0xbd, 0xf7, 0xbd, 0xf7, 0xbd, 0xf7, 0xbd, 0xf7, 0xbd, 0xf7, 0xbd, 0xf7,
  0x00, 0x00, 0x00, 0x00, 0x00, 0x00, 0x00, 0x00, 0x00, 0x00, 0x00, 0x00,
  0x00, 0x00, 0x00, 0x00, 0x00, 0x00, 0x00, 0x00, 0x00, 0x00, 0x00, 0x00,
  0x00, 0x00, 0x00, 0x00, 0x00, 0x00, 0x00, 0x00, 0x00, 0x00, 0x00, 0x00,
  0x00, 0x00, 0x00, 0x00, 0x00, 0x00, 0x00, 0x00, 0x00, 0x00, 0x00, 0x00,
  0x72, 0xa6, 0x72, 0xa6, 0x72, 0x86, 0x6a, 0x65, 0x6a, 0x45, 0x6a, 0x45,
  0x62, 0x24, 0x6a, 0x45, 0x72, 0x65, 0x6a, 0x65, 0x6a, 0x65, 0x6a, 0x65,
  0x6a, 0x65, 0x6a, 0x65, 0x72, 0x65, 0x6a, 0x65, 0x62, 0x24, 0x62, 0x25,
  0x62, 0x25, 0x62, 0x25, 0x62, 0x25, 0x62, 0x25, 0x62, 0x25, 0x62, 0x25,
  0x6a, 0x45, 0x6a, 0x45, 0x6a, 0x45, 0x6a, 0x45, 0x6a, 0x45, 0x6a, 0x45,
  0x6a, 0x45, 0x6a, 0x45, 0x62, 0x04, 0x61, 0xe3, 0x61, 0xe3, 0x59, 0xc3,
  0x59, 0xa2, 0x51, 0x62, 0x00, 0x00, 0x00, 0x00, 0xc6, 0x18, 0xff, 0xff,
  0xff, 0xff, 0xff, 0xff, 0xb5, 0xb6, 0x39, 0xe7, 0x08, 0x41, 0x08, 0x41,
  0x39, 0xe7, 0xbd, 0xd7, 0xff, 0xff, 0xff, 0xff, 0xff, 0xff, 0xb5, 0x96,
  0x00, 0x00, 0x08, 0x40, 0x00, 0x00, 0x52, 0x8a, 0xff, 0xff, 0xff, 0xff,
  0xff, 0xff, 0x00, 0x20, 0x00, 0x00, 0x8b, 0x28, 0xa3, 0xca, 0x51, 0xc5,
  0x00, 0x00, 0x7b, 0xef, 0xff, 0xff, 0xff, 0xff, 0xde, 0xdb, 0x00, 0x00,
  0x08, 0x20, 0x61, 0x83, 0x69, 0xa3, 0x61, 0xa3, 0x61, 0xa3, 0x61, 0xa3,
  0x41, 0x02, 0x00, 0x00, 0x63, 0x0c, 0xff, 0xff, 0xff, 0xff, 0xff, 0xdf,
  0xff, 0xff, 0xff, 0xff, 0x84, 0x10, 0x00, 0x00, 0x00, 0x20, 0x00, 0x00,
  0x5a, 0xcb, 0xff, 0xff, 0xff, 0xff, 0xff, 0xdf, 0xff, 0xff, 0xff, 0xff,
  0x8c, 0x51, 0x00, 0x00, 0x00, 0x00, 0x00, 0x20, 0xde, 0xdb, 0xff, 0xff,
  0xff, 0xff, 0xd6, 0xba, 0x00, 0x20, 0x00, 0x00, 0x00, 0x00, 0x6b, 0x6d,
  0xff, 0xff, 0xff, 0xff, 0xff, 0xff, 0x39, 0xc7, 0x00, 0x00, 0x28, 0xc1,
  0x69, 0xe4, 0x72, 0x25, 0x72, 0x25, 0x72, 0x25, 0x72, 0x25, 0x10, 0x40,
  0x00, 0x00, 0x8c, 0x51, 0xff, 0xff, 0xff, 0xff, 0xff, 0xff, 0xce, 0x59,
  0x4a, 0x69, 0x10, 0x82, 0x08, 0x41, 0x21, 0x24, 0x84, 0x10, 0xff, 0xdf,
  0xff, 0xff, 0xff, 0xff, 0xff, 0xff, 0x18, 0xc3, 0x00, 0x00, 0x00, 0x20,
  0x00, 0x00, 0xc6, 0x18, 0xff, 0xff, 0xff, 0xff, 0xff, 0xff, 0xb5, 0xb6,
  0x39, 0xe7, 0x08, 0x41, 0x08, 0x41, 0x39, 0xe7, 0xbd, 0xd7, 0xff, 0xff,
  0xff, 0xff, 0xff, 0xff, 0xb5, 0x96, 0x00, 0x00, 0x08, 0x20, 0x00, 0x00,
  0x5a, 0xcb, 0xff, 0xff, 0xff, 0xff, 0xff, 0xff, 0x00, 0x00, 0x00, 0x00,
  0x00, 0x20, 0x10, 0x82, 0x42, 0x08, 0xc6, 0x18, 0xff, 0xff, 0xff, 0xff,
  0xff, 0xff, 0x6b, 0x4d, 0x00, 0x00, 0x4a, 0x05, 0xbd, 0x6e, 0xbd, 0xcf,
  0xbd, 0xcf, 0xbd, 0xf0, 0xbd, 0xf0, 0xbd, 0xf0, 0xbd, 0xf1, 0xbd, 0xf0,
  0xbd, 0xf4, 0xbd, 0xf7, 0xbd, 0xf7, 0xbd, 0xf7, 0xbd, 0xf7, 0xbd, 0xf7,
  0xbd, 0xf7, 0xbd, 0xf7, 0xbd, 0xf7, 0xbd, 0xf7, 0xbd, 0xf7, 0xbd, 0xf7,
  0xbd, 0xf7, 0xbd, 0xf7, 0xbd, 0xf7, 0xbd, 0xf7, 0xbd, 0xf7, 0xbd, 0xf7,
  0xbd, 0xf7, 0xbd, 0xf7, 0xbd, 0xf7, 0xbd, 0xf7, 0xbd, 0xf7, 0xbd, 0xf7,
  0xbd, 0xf7, 0xbd, 0xf7, 0xbd, 0xf7, 0xbd, 0xf7, 0xbd, 0xf7, 0xbd, 0xf7,
  0xbd, 0xf7, 0xbd, 0xf7, 0xbd, 0xf7, 0xbd, 0xf7, 0xbd, 0xf7, 0xbd, 0xf7,
  0x00, 0x00, 0x00, 0x00, 0x00, 0x00, 0x00, 0x00, 0x00, 0x00, 0x00, 0x00,
  0x00, 0x00, 0x00, 0x00, 0x00, 0x00, 0x00, 0x00, 0x00, 0x00, 0x00, 0x00,
  0x00, 0x00, 0x00, 0x00, 0x00, 0x00, 0x00, 0x00, 0x00, 0x00, 0x00, 0x00,
  0x00, 0x00, 0x00, 0x00, 0x00, 0x00, 0x00, 0x00, 0x00, 0x00, 0x00, 0x00,
  0x00, 0x00, 0x72, 0x86, 0x72, 0x86, 0x6a, 0x65, 0x6a, 0x45, 0x6a, 0x45,
  0x62, 0x24, 0x6a, 0x45, 0x6a, 0x65, 0x6a, 0x65, 0x6a, 0x65, 0x6a, 0x65,
  0x6a, 0x65, 0x6a, 0x65, 0x6a, 0x65, 0x6a, 0x45, 0x62, 0x04, 0x62, 0x24,
  0x62, 0x24, 0x62, 0x24, 0x62, 0x24, 0x62, 0x24, 0x62, 0x24, 0x62, 0x24,
  0x6a, 0x45, 0x6a, 0x45, 0x6a, 0x45, 0x6a, 0x45, 0x6a, 0x45, 0x6a, 0x45,
  0x6a, 0x45, 0x6a, 0x45, 0x61, 0xe4, 0x61, 0xe3, 0x59, 0xc3, 0x59, 0xc3,
  0x59, 0xa2, 0x31, 0x01, 0x00, 0x00, 0x42, 0x08, 0xff, 0xff, 0xff, 0xff,
  0xff, 0xff, 0x9c, 0xd3, 0x00, 0x00, 0x00, 0x00, 0x00, 0x00, 0x00, 0x00,
  0x00, 0x00, 0x00, 0x00, 0xa5, 0x14, 0xff, 0xff, 0xff, 0xff, 0xff, 0xff,
  0x31, 0xa6, 0x00, 0x00, 0x00, 0x00, 0x52, 0x8a, 0xff, 0xff, 0xff, 0xff,
  0xff, 0xff, 0x00, 0x20, 0x00, 0x00, 0x9b, 0x8a, 0xac, 0x2c, 0x59, 0xe6,
  0x00, 0x00, 0x7b, 0xef, 0xff, 0xff, 0xff, 0xff, 0xde, 0xdb, 0x00, 0x00,
  0x08, 0x20, 0x61, 0x62, 0x61, 0xa3, 0x61, 0xa3, 0x61, 0xa3, 0x61, 0xa3,
  0x41, 0x02, 0x00, 0x00, 0x63, 0x0c, 0xff, 0xff, 0xff, 0xff, 0xce, 0x59,
  0xff, 0xff, 0xff, 0xff, 0xc6, 0x38, 0x00, 0x00, 0x00, 0x00, 0x00, 0x00,
  0x9c, 0xd3, 0xff, 0xff, 0xff, 0xff, 0xce, 0x59, 0xff, 0xff, 0xff, 0xff,
  0x8c, 0x51, 0x00, 0x00, 0x10, 0x40, 0x00, 0x00, 0x42, 0x28, 0xff, 0xff,
  0xff, 0xff, 0xff, 0xff, 0x6b, 0x6d, 0x00, 0x00, 0x10, 0x82, 0xef, 0x7d,
  0xff, 0xff, 0xff, 0xff, 0x9c, 0xd3, 0x00, 0x00, 0x08, 0x20, 0x61, 0xa4,
  0x69, 0xe4, 0x72, 0x25, 0x72, 0x05, 0x72, 0x05, 0x51, 0x83, 0x00, 0x00,
  0x18, 0xe3, 0xff, 0xdf, 0xff, 0xff, 0xff, 0xff, 0xb5, 0x96, 0x00, 0x20,
  0x00, 0x00, 0x00, 0x00, 0x00, 0x00, 0x00, 0x00, 0x00, 0x00, 0x52, 0xaa,
  0xde, 0xdb, 0x8c, 0x51, 0x39, 0xe7, 0x00, 0x00, 0x00, 0x00, 0x00, 0x00,
  0x42, 0x08, 0xff, 0xff, 0xff, 0xff, 0xff, 0xff, 0x9c, 0xd3, 0x00, 0x00,
  0x00, 0x00, 0x00, 0x00, 0x00, 0x00, 0x00, 0x00, 0x00, 0x00, 0xa5, 0x14,
  0xff, 0xff, 0xff, 0xff, 0xff, 0xff, 0x31, 0xa6, 0x00, 0x00, 0x00, 0x00,
  0x5a, 0xcb, 0xff, 0xff, 0xff, 0xff, 0xff, 0xff, 0x00, 0x00, 0x00, 0x00,
  0x00, 0x00, 0x00, 0x00, 0x00, 0x00, 0x00, 0x20, 0xce, 0x79, 0xff, 0xff,
  0xff, 0xff, 0xd6, 0xba, 0x00, 0x00, 0x08, 0x61, 0xbd, 0x8e, 0xbd, 0xcf,
  0xbd, 0xcf, 0xbd, 0xd0, 0xbd, 0xd0, 0xbd, 0xd1, 0xbd, 0xd1, 0xbd, 0xd0,
  0xbd, 0xd4, 0xbd, 0xd7, 0xbd, 0xd7, 0xbd, 0xd7, 0xbd, 0xd7, 0xbd, 0xd7,
  0xbd, 0xd7, 0xbd, 0xd7, 0xbd, 0xd7, 0xbd, 0xd7, 0xbd, 0xd7, 0xbd, 0xd7,
  0xbd, 0xd7, 0xbd, 0xd7, 0xbd, 0xd7, 0xbd, 0xd7, 0xbd, 0xd7, 0xbd, 0xd7,
  0xbd, 0xd7, 0xbd, 0xd7, 0xbd, 0xd7, 0xbd, 0xd7, 0xbd, 0xd7, 0xbd, 0xd7,
  0xbd, 0xd7, 0xbd, 0xd7, 0xbd, 0xd7, 0xbd, 0xd7, 0xbd, 0xd7, 0xbd, 0xd7,
  0xbd, 0xd7, 0xbd, 0xd7, 0xbd, 0xd7, 0xbd, 0xd7, 0xbd, 0xd7, 0x00, 0x00,
  0x00, 0x00, 0x00, 0x00, 0x00, 0x00, 0x00, 0x00, 0x00, 0x00, 0x00, 0x00,
  0x00, 0x00, 0x00, 0x00, 0x00, 0x00, 0x00, 0x00, 0x00, 0x00, 0x00, 0x00,
  0x00, 0x00, 0x00, 0x00, 0x00, 0x00, 0x00, 0x00, 0x00, 0x00, 0x00, 0x00,
  0x00, 0x00, 0x00, 0x00, 0x00, 0x00, 0x00, 0x00, 0x00, 0x00, 0x00, 0x00,
  0x00, 0x00, 0x72, 0x86, 0x72, 0x86, 0x6a, 0x65, 0x6a, 0x45, 0x62, 0x24,
  0x62, 0x24, 0x6a, 0x45, 0x6a, 0x65, 0x6a, 0x65, 0x6a, 0x65, 0x6a, 0x65,
  0x6a, 0x65, 0x6a, 0x65, 0x6a, 0x65, 0x6a, 0x45, 0x62, 0x04, 0x62, 0x04,
  0x62, 0x04, 0x62, 0x04, 0x62, 0x04, 0x62, 0x04, 0x62, 0x04, 0x62, 0x04,
  0x62, 0x25, 0x62, 0x25, 0x62, 0x25, 0x62, 0x25, 0x62, 0x25, 0x62, 0x25,
  0x62, 0x25, 0x62, 0x45, 0x61, 0xe4, 0x59, 0xe3, 0x59, 0xc3, 0x59, 0xa3,
  0x59, 0xa2, 0x18, 0x80, 0x00, 0x00, 0x94, 0xb2, 0xff, 0xff, 0xff, 0xff,
  0xef, 0x7d, 0x08, 0x41, 0x00, 0x00, 0x5a, 0x67, 0xa4, 0x4d, 0xa4, 0x6e,
  0x5a, 0x67, 0x00, 0x00, 0x08, 0x61, 0xf7, 0xbe, 0xff, 0xff, 0xff, 0xff,
  0x8c, 0x71, 0x00, 0x00, 0x00, 0x00, 0x52, 0x8a, 0xff, 0xff, 0xff, 0xff,
  0xff, 0xff, 0x00, 0x20, 0x00, 0x00, 0x00, 0x00, 0x00, 0x00, 0x00, 0x00,
  0x00, 0x00, 0x7b, 0xef, 0xff, 0xff, 0xff, 0xff, 0xde, 0xdb, 0x00, 0x00,
  0x08, 0x20, 0x61, 0x62, 0x61, 0xa3, 0x61, 0x83, 0x61, 0x83, 0x61, 0x83,
  0x39, 0x02, 0x00, 0x00, 0x63, 0x0c, 0xff, 0xff, 0xff, 0xff, 0xbd, 0xd7,
  0xd6, 0xba, 0xff, 0xff, 0xff, 0xdf, 0x08, 0x41, 0x00, 0x00, 0x00, 0x00,
  0xde, 0xdb, 0xff, 0xff, 0xf7, 0xbe, 0x94, 0xb2, 0xff, 0xff, 0xff, 0xff,
  0x8c, 0x51, 0x00, 0x00, 0x28, 0xa1, 0x00, 0x20, 0x00, 0x00, 0xad, 0x55,
  0xff, 0xff, 0xff, 0xff, 0xef, 0x7d, 0x10, 0x82, 0x8c, 0x71, 0xff, 0xff,
  0xff, 0xff, 0xef, 0x5d, 0x10, 0x82, 0x00, 0x00, 0x41, 0x22, 0x69, 0xc4,
  0x69, 0xe4, 0x72, 0x05, 0x6a, 0x05, 0x6a, 0x05, 0x30, 0xe2, 0x00, 0x00,
  0x7b, 0xcf, 0xff, 0xff, 0xff, 0xff, 0xff, 0xdf, 0x18, 0xc3, 0x00, 0x00,
  0x31, 0x02, 0x72, 0x46, 0x82, 0xa7, 0x62, 0x26, 0x08, 0x20, 0x00, 0x00,
  0x00, 0x00, 0x00, 0x00, 0x00, 0x00, 0x00, 0x00, 0x18, 0xa1, 0x00, 0x00,
  0x94, 0xb2, 0xff, 0xff, 0xff, 0xff, 0xef, 0x7d, 0x08, 0x41, 0x00, 0x00,
  0x49, 0xa4, 0x8b, 0x07, 0x8b, 0x08, 0x49, 0x83, 0x00, 0x00, 0x08, 0x61,
  0xf7, 0xbe, 0xff, 0xff, 0xff, 0xff, 0x8c, 0x71, 0x00, 0x00, 0x00, 0x00,
  0x5a, 0xcb, 0xff, 0xff, 0xff, 0xff, 0xff, 0xff, 0x00, 0x00, 0x00, 0x00,
  0xb4, 0x0a, 0xab, 0xc9, 0x41, 0xa4, 0x00, 0x00, 0x5a, 0xcb, 0xff, 0xff,
  0xff, 0xff, 0xff, 0xff, 0x18, 0xe3, 0x00, 0x00, 0x9c, 0xac, 0xb5, 0xb0,
  0xb5, 0xb0, 0xb5, 0xb0, 0xb5, 0xb0, 0xb5, 0xb1, 0xb5, 0xb1, 0xb5, 0xb1,
  0xb5, 0xb4, 0xb5, 0xb6, 0xb5, 0xb6, 0xb5, 0xb6, 0xb5, 0xb6, 0xb5, 0xb6,
  0xb5, 0xb6, 0xb5, 0xb6, 0xb5, 0xb6, 0xb5, 0xb6, 0xb5, 0xb6, 0xb5, 0xb6,
  0xb5, 0xb6, 0xb5, 0xb6, 0xb5, 0xb6, 0xb5, 0xb6, 0xb5, 0xb6, 0xb5, 0xb6,
  0xb5, 0xb6, 0xb5, 0xb6, 0xb5, 0xb6, 0xb5, 0xb6, 0xb5, 0xb6, 0xb5, 0xb6,
  0xb5, 0xb6, 0xb5, 0xb6, 0xb5, 0xb6, 0xb5, 0xb6, 0xb5, 0xb6, 0xb5, 0xb6,
  0xb5, 0xb6, 0xb5, 0xb6, 0xb5, 0xb6, 0xb5, 0xb6, 0xb5, 0xb6, 0x00, 0x00,
  0x00, 0x00, 0x00, 0x00, 0x00, 0x00, 0x00, 0x00, 0x00, 0x00, 0x00, 0x00,
  0x00, 0x00, 0x00, 0x00, 0x00, 0x00, 0x00, 0x00, 0x00, 0x00, 0x00, 0x00,
  0x00, 0x00, 0x00, 0x00, 0x00, 0x00, 0x00, 0x00, 0x00, 0x00, 0x00, 0x00,
  0x00, 0x00, 0x00, 0x00, 0x00, 0x00, 0x00, 0x00, 0x00, 0x00, 0x00, 0x00,
  0x00, 0x00, 0x00, 0x00, 0x6a, 0x65, 0x6a, 0x45, 0x62, 0x25, 0x62, 0x24,
  0x62, 0x04, 0x62, 0x25, 0x6a, 0x65, 0x6a, 0x45, 0x6a, 0x45, 0x6a, 0x45,
  0x6a, 0x45, 0x6a, 0x45, 0x6a, 0x65, 0x6a, 0x45, 0x62, 0x04, 0x62, 0x04,
  0x62, 0x04, 0x62, 0x04, 0x62, 0x04, 0x62, 0x04, 0x62, 0x04, 0x62, 0x04,
  0x62, 0x25, 0x62, 0x25, 0x62, 0x25, 0x62, 0x25, 0x62, 0x25, 0x62, 0x25,
  0x62, 0x25, 0x62, 0x25, 0x61, 0xe3, 0x59, 0xc3, 0x59, 0xc3, 0x59, 0xc3,
  0x59, 0xa2, 0x08, 0x40, 0x00, 0x00, 0xd6, 0x9a, 0xff, 0xff, 0xff, 0xff,
  0xa5, 0x34, 0x00, 0x00, 0x28, 0xe2, 0xb4, 0x6d, 0xb4, 0xae, 0xb4, 0xae,
  0xb4, 0xae, 0x29, 0x23, 0x00, 0x00, 0xb5, 0x96, 0xff, 0xff, 0xff, 0xff,
  0xce, 0x59, 0x00, 0x00, 0x00, 0x00, 0x52, 0x8a, 0xff, 0xff, 0xff, 0xff,
  0xff, 0xff, 0x00, 0x20, 0x00, 0x00, 0x00, 0x00, 0x00, 0x00, 0x00, 0x00,
  0x00, 0x00, 0x7b, 0xef, 0xff, 0xff, 0xff, 0xff, 0xde, 0xdb, 0x00, 0x00,
  0x08, 0x20, 0x59, 0x62, 0x61, 0x83, 0x61, 0x83, 0x61, 0x83, 0x61, 0x83,
  0x38, 0xe2, 0x00, 0x00, 0x63, 0x0c, 0xff, 0xff, 0xff, 0xff, 0xbd, 0xd7,
  0x94, 0xb2, 0xff, 0xff, 0xff, 0xff, 0x4a, 0x49, 0x00, 0x00, 0x18, 0xe3,
  0xff, 0xff, 0xff, 0xff, 0xbd, 0xf7, 0x94, 0x92, 0xff, 0xff, 0xff, 0xff,
  0x8c, 0x51, 0x00, 0x00, 0x28, 0xc1, 0x38, 0xe2, 0x00, 0x00, 0x18, 0xc3,
  0xf7, 0x9e, 0xff, 0xff, 0xff, 0xff, 0xad, 0x75, 0xff, 0xdf, 0xff, 0xff,
  0xff, 0xff, 0x63, 0x0c, 0x00, 0x00, 0x18, 0x61, 0x69, 0xa4, 0x69, 0xa4,
  0x69, 0xc4, 0x6a, 0x05, 0x6a, 0x05, 0x6a, 0x05, 0x18, 0x81, 0x00, 0x00,
  0xbd, 0xd7, 0xff, 0xff, 0xff, 0xff, 0xbd, 0xf7, 0x00, 0x00, 0x10, 0x61,
  0x72, 0x46, 0x18, 0xa1, 0x00, 0x00, 0x00, 0x00, 0x00, 0x00, 0x00, 0x00,
  0x00, 0x00, 0x00, 0x00, 0x00, 0x00, 0x00, 0x00, 0x08, 0x20, 0x00, 0x00,
  0xd6, 0x9a, 0xff, 0xff, 0xff, 0xff, 0xa5, 0x34, 0x00, 0x00, 0x20, 0xc2,
  0x93, 0x48, 0x93, 0x48, 0x93, 0x48, 0x9b, 0x47, 0x20, 0xc1, 0x00, 0x00,
  0xb5, 0x96, 0xff, 0xff, 0xff, 0xff, 0xce, 0x59, 0x00, 0x00, 0x00, 0x00,
  0x5a, 0xcb, 0xff, 0xff, 0xff, 0xff, 0xff, 0xff, 0x00, 0x00, 0x00, 0x00,
  0xb4, 0x0a, 0xb4, 0x2a, 0x9b, 0x68, 0x00, 0x00, 0x18, 0xe3, 0xff, 0xff,
  0xff, 0xff, 0xff, 0xff, 0x52, 0x8a, 0x00, 0x00, 0x7b, 0xa9, 0xb5, 0xaf,
  0xb5, 0x8f, 0xb5, 0xaf, 0xb5, 0xb0, 0xb5, 0xb0, 0xb5, 0xb1, 0xb5, 0xb0,
  0xb5, 0xb3, 0xb5, 0xb6, 0xb5, 0xb6, 0xb5, 0xb6, 0xb5, 0xb6, 0xb5, 0xb6,
  0xb5, 0xb6, 0xb5, 0xb6, 0xb5, 0xb6, 0xb5, 0xb6, 0xb5, 0xb6, 0xb5, 0xb6,
  0xb5, 0xb6, 0xb5, 0xb6, 0xb5, 0xb6, 0xb5, 0xb6, 0xb5, 0xb6, 0xb5, 0xb6,
  0xb5, 0xb6, 0xb5, 0xb6, 0xb5, 0xb6, 0xb5, 0xb6, 0xb5, 0xb6, 0xb5, 0xb6,
  0xb5, 0xb6, 0xb5, 0xb6, 0xb5, 0xb6, 0xb5, 0xb6, 0xb5, 0xb6, 0xb5, 0xb6,
  0xb5, 0xb6, 0xb5, 0xb6, 0xb5, 0xb6, 0xb5, 0xb6, 0x00, 0x00, 0x00, 0x00,
  0x00, 0x00, 0x00, 0x00, 0x00, 0x00, 0x00, 0x00, 0x00, 0x00, 0x00, 0x00,
  0x00, 0x00, 0x00, 0x00, 0x00, 0x00, 0x00, 0x00, 0x00, 0x00, 0x00, 0x00,
  0x00, 0x00, 0x00, 0x00, 0x00, 0x00, 0x00, 0x00, 0x00, 0x00, 0x00, 0x00,
  0x00, 0x00, 0x00, 0x00, 0x00, 0x00, 0x00, 0x00, 0x00, 0x00, 0x00, 0x00,
  0x00, 0x00, 0x00, 0x00, 0x6a, 0x66, 0x6a, 0x65, 0x6a, 0x45, 0x62, 0x25,
  0x62, 0x24, 0x62, 0x25, 0x6a, 0x45, 0x6a, 0x45, 0x6a, 0x45, 0x6a, 0x45,
  0x6a, 0x45, 0x6a, 0x45, 0x6a, 0x45, 0x62, 0x25, 0x5a, 0x05, 0x62, 0x05,
  0x62, 0x05, 0x62, 0x05, 0x62, 0x05, 0x62, 0x05, 0x62, 0x05, 0x62, 0x05,
  0x62, 0x25, 0x62, 0x25, 0x62, 0x25, 0x62, 0x25, 0x62, 0x25, 0x62, 0x05,
  0x5a, 0x05, 0x62, 0x05, 0x59, 0xe4, 0x59, 0xc4, 0x51, 0xa3, 0x51, 0x83,
  0x49, 0x62, 0x00, 0x20, 0x00, 0x00, 0xef, 0x5d, 0xff, 0xff, 0xff, 0xff,
  0x7b, 0xcf, 0x00, 0x00, 0x49, 0xe6, 0xac, 0x4e, 0xb4, 0x6e, 0xb4, 0x6f,
  0xb4, 0xaf, 0x52, 0x47, 0x00, 0x00, 0x84, 0x30, 0xff, 0xff, 0xff, 0xff,
  0xe7, 0x3c, 0x00, 0x00, 0x00, 0x00, 0x52, 0x8a, 0xff, 0xff, 0xff, 0xff,
  0xff, 0xff, 0xff, 0xff, 0xff, 0xff, 0xff, 0xff, 0xff, 0xff, 0xff, 0xff,
  0xff, 0xff, 0xff, 0xff, 0xff, 0xff, 0xff, 0xff, 0xde, 0xdb, 0x00, 0x00,
  0x08, 0x20, 0x59, 0x62, 0x61, 0x83, 0x61, 0x83, 0x61, 0x83, 0x61, 0x83,
  0x39, 0x02, 0x00, 0x00, 0x63, 0x0c, 0xff, 0xff, 0xff, 0xff, 0xbd, 0xd7,
  0x52, 0xaa, 0xff, 0xff, 0xff, 0xff, 0x8c, 0x51, 0x00, 0x00, 0x5a, 0xeb,
  0xff, 0xff, 0xff, 0xff, 0x7b, 0xef, 0x94, 0x92, 0xff, 0xff, 0xff, 0xff,
  0x8c, 0x51, 0x00, 0x00, 0x28, 0xc1, 0x61, 0xa3, 0x10, 0x60, 0x00, 0x00,
  0x73, 0x8e, 0xff, 0xff, 0xff, 0xff, 0xff, 0xff, 0xff, 0xff, 0xff, 0xff,
  0xc6, 0x18, 0x00, 0x00, 0x00, 0x00, 0x59, 0x83, 0x61, 0xc4, 0x61, 0xc4,
  0x69, 0xe4, 0x6a, 0x25, 0x6a, 0x25, 0x6a, 0x25, 0x10, 0x40, 0x00, 0x00,
  0xde, 0xdb, 0xff, 0xff, 0xff, 0xff, 0x94, 0xb2, 0x00, 0x00, 0x31, 0x02,
  0x31, 0x23, 0x00, 0x00, 0x00, 0x00, 0x00, 0x00, 0x00, 0x00, 0x00, 0x00,
  0x00, 0x00, 0x00, 0x00, 0x00, 0x00, 0x00, 0x00, 0x00, 0x00, 0x00, 0x00,
  0xef, 0x5d, 0xff, 0xff, 0xff, 0xff, 0x7b, 0xcf, 0x00, 0x00, 0x49, 0xa4,
  0x93, 0x28, 0x93, 0x28, 0x93, 0x28, 0x93, 0x27, 0x41, 0x62, 0x00, 0x00,
  0x84, 0x30, 0xff, 0xff, 0xff, 0xff, 0xe7, 0x3c, 0x00, 0x00, 0x00, 0x00,
  0x5a, 0xcb, 0xff, 0xff, 0xff, 0xff, 0xff, 0xff, 0x00, 0x00, 0x00, 0x00,
  0xb4, 0x0a, 0xb4, 0x0a, 0xac, 0x29, 0x00, 0x00, 0x00, 0x20, 0xff, 0xff,
  0xff, 0xff, 0xff, 0xff, 0x63, 0x2c, 0x00, 0x00, 0x6b, 0x49, 0xb5, 0x91,
  0xb5, 0x91, 0xb5, 0x91, 0xb5, 0x91, 0xb5, 0x91, 0xb5, 0x92, 0xb5, 0x91,
  0xb5, 0x93, 0xb5, 0x96, 0xb5, 0x96, 0xb5, 0x96, 0xb5, 0x96, 0xb5, 0x96,
  0xb5, 0x96, 0xb5, 0x96, 0xb5, 0x96, 0xb5, 0x96, 0xb5, 0x96, 0xb5, 0x96,
  0xb5, 0x96, 0xb5, 0x96, 0xb5, 0x96, 0xb5, 0x96, 0xb5, 0x96, 0xb5, 0x96,
  0xb5, 0x96, 0xb5, 0x96, 0xb5, 0x96, 0xb5, 0x96, 0xb5, 0x96, 0xb5, 0x96,
  0xb5, 0x96, 0xb5, 0x96, 0xb5, 0x96, 0xb5, 0x96, 0xb5, 0x96, 0xb5, 0x96,
  0xb5, 0x96, 0xb5, 0x96, 0xb5, 0x96, 0xb5, 0x96, 0x00, 0x00, 0x00, 0x00,
  0x00, 0x00, 0x00, 0x00, 0x00, 0x00, 0x00, 0x00, 0x00, 0x00, 0x00, 0x00,
  0x00, 0x00, 0x00, 0x00, 0x00, 0x00, 0x00, 0x00, 0x00, 0x00, 0x00, 0x00,
  0x00, 0x00, 0x00, 0x00, 0x00, 0x00, 0x00, 0x00, 0x00, 0x00, 0x00, 0x00,
  0x00, 0x00, 0x00, 0x00, 0x00, 0x00, 0x00, 0x00, 0x00, 0x00, 0x00, 0x00,
  0x00, 0x00, 0x00, 0x00, 0x00, 0x00, 0x72, 0x86, 0x72, 0x66, 0x6a, 0x66,
  0x6a, 0x65, 0x6a, 0x25, 0x62, 0x24, 0x62, 0x25, 0x62, 0x25, 0x62, 0x25,
  0x62, 0x25, 0x62, 0x25, 0x62, 0x24, 0x62, 0x25, 0x5a, 0x47, 0x5a, 0x46,
  0x5a, 0x46, 0x5a, 0x46, 0x5a, 0x46, 0x5a, 0x46, 0x5a, 0x46, 0x5a, 0x46,
  0x62, 0x47, 0x62, 0x47, 0x5a, 0x26, 0x5a, 0x26, 0x52, 0x05, 0x51, 0xe5,
  0x51, 0xc5, 0x49, 0xc4, 0x49, 0xc6, 0x49, 0xa5, 0x41, 0x44, 0x39, 0x03,
  0x30, 0xc2, 0x00, 0x00, 0x00, 0x00, 0xff, 0xdf, 0xff, 0xff, 0xff, 0xff,
  0x6b, 0x6d, 0x00, 0x00, 0x5a, 0x49, 0xac, 0x72, 0xab, 0xf0, 0xac, 0x52,
  0xac, 0xd2, 0x5a, 0x67, 0x00, 0x00, 0x7b, 0xef, 0xff, 0xff, 0xff, 0xff,
  0xf7, 0x9e, 0x00, 0x00, 0x00, 0x00, 0x52, 0x8a, 0xff, 0xff, 0xff, 0xff,
  0xff, 0xff, 0xff, 0xff, 0xff, 0xff, 0xff, 0xff, 0xff, 0xff, 0xff, 0xff,
  0xff, 0xff, 0xff, 0xff, 0xff, 0xff, 0xff, 0xff, 0xde, 0xdb, 0x00, 0x00,
  0x08, 0x20, 0x59, 0x62, 0x61, 0x83, 0x61, 0x83, 0x61, 0xa3, 0x61, 0xc4,
  0x41, 0x22, 0x00, 0x00, 0x63, 0x0c, 0xff, 0xff, 0xff, 0xff, 0xbd, 0xd7,
  0x18, 0xc3, 0xff, 0xff, 0xff, 0xff, 0xce, 0x79, 0x00, 0x00, 0x9c, 0xf3,
  0xff, 0xff, 0xff, 0xff, 0x39, 0xe7, 0x94, 0x92, 0xff, 0xff, 0xff, 0xff,
  0x8c, 0x51, 0x00, 0x00, 0x28, 0xe2, 0x61, 0xc4, 0x51, 0x83, 0x00, 0x00,
  0x00, 0x00, 0xce, 0x79, 0xff, 0xff, 0xff, 0xff, 0xff, 0xff, 0xff, 0xdf,
  0x29, 0x65, 0x00, 0x00, 0x31, 0x02, 0x62, 0x05, 0x62, 0x05, 0x61, 0xe5,
  0x6a, 0x25, 0x72, 0x85, 0x72, 0x65, 0x72, 0x85, 0x08, 0x40, 0x00, 0x00,
  0xe7, 0x1c, 0xff, 0xff, 0xff, 0xff, 0x8c, 0x71, 0x00, 0x00, 0x39, 0x43,
  0x28, 0xe2, 0x00, 0x00, 0xad, 0x75, 0xff, 0xff, 0xff, 0xff, 0xff, 0xff,
  0xff, 0xff, 0xff, 0xff, 0xff, 0xff, 0x84, 0x10, 0x00, 0x00, 0x00, 0x00,
  0xff, 0xdf, 0xff, 0xff, 0xff, 0xff, 0x6b, 0x6d, 0x00, 0x00, 0x51, 0xc4,
  0x93, 0x27, 0x93, 0x27, 0x93, 0x47, 0x8b, 0x06, 0x41, 0x62, 0x00, 0x00,
  0x7b, 0xef, 0xff, 0xff, 0xff, 0xff, 0xf7, 0x9e, 0x00, 0x00, 0x00, 0x00,
  0x5a, 0xcb, 0xff, 0xff, 0xff, 0xff, 0xff, 0xff, 0x00, 0x00, 0x00, 0x00,
  0xac, 0x29, 0xac, 0x29, 0xa4, 0xa8, 0x00, 0x00, 0x00, 0x00, 0xff, 0xdf,
  0xff, 0xff, 0xff, 0xff, 0x73, 0x8e, 0x00, 0x00, 0x63, 0x0b, 0xad, 0x75,
  0xad, 0x75, 0xad, 0x75, 0xad, 0x75, 0xad, 0x75, 0xad, 0x74, 0xad, 0x74,
  0xad, 0x75, 0xad, 0x75, 0xad, 0x75, 0xad, 0x75, 0xad, 0x75, 0xad, 0x75,
  0xad, 0x75, 0xad, 0x75, 0xad, 0x75, 0xad, 0x75, 0xad, 0x75, 0xad, 0x75,
  0xad, 0x75, 0xad, 0x75, 0xad, 0x75, 0xad, 0x75, 0xad, 0x75, 0xad, 0x75,
  0xad, 0x75, 0xad, 0x75, 0xad, 0x75, 0xad, 0x75, 0xad, 0x75, 0xad, 0x75,
  0xad, 0x75, 0xad, 0x75, 0xad, 0x75, 0xad, 0x75, 0xad, 0x75, 0xad, 0x75,
  0xad, 0x75, 0xad, 0x75, 0xad, 0x75, 0x00, 0x00, 0x00, 0x00, 0x00, 0x00,
  0x00, 0x00, 0x00, 0x00, 0x00, 0x00, 0x00, 0x00, 0x00, 0x00, 0x00, 0x00,
  0x00, 0x00, 0x00, 0x00, 0x00, 0x00, 0x00, 0x00, 0x00, 0x00, 0x00, 0x00,
  0x00, 0x00, 0x00, 0x00, 0x00, 0x00, 0x00, 0x00, 0x00, 0x00, 0x00, 0x00,
  0x00, 0x00, 0x00, 0x00, 0x00, 0x00, 0x00, 0x00, 0x00, 0x00, 0x00, 0x00,
  0x00, 0x00, 0x00, 0x00, 0x00, 0x00, 0x72, 0x86, 0x6a, 0x66, 0x6a, 0x45,
  0x6a, 0x45, 0x62, 0x25, 0x62, 0x04, 0x62, 0x24, 0x62, 0x24, 0x62, 0x24,
  0x62, 0x24, 0x62, 0x24, 0x62, 0x24, 0x62, 0x25, 0x5a, 0x26, 0x5a, 0x26,
  0x5a, 0x26, 0x5a, 0x26, 0x5a, 0x26, 0x5a, 0x26, 0x5a, 0x26, 0x5a, 0x26,
  0x5a, 0x26, 0x5a, 0x26, 0x5a, 0x26, 0x52, 0x05, 0x51, 0xe5, 0x51, 0xe5,
  0x51, 0xc5, 0x49, 0xc4, 0x49, 0xa5, 0x41, 0x85, 0x41, 0x44, 0x39, 0x03,
  0x30, 0xc2, 0x00, 0x00, 0x00, 0x00, 0xf7, 0x9e, 0xff, 0xff, 0xff, 0xff,
  0x7b, 0xef, 0x00, 0x00, 0x49, 0xa6, 0xac, 0x30, 0xac, 0x51, 0xac, 0x72,
  0xac, 0x91, 0x4a, 0x06, 0x00, 0x00, 0x8c, 0x51, 0xff, 0xff, 0xff, 0xff,
  0xe7, 0x3c, 0x00, 0x00, 0x00, 0x00, 0x52, 0x8a, 0xff, 0xff, 0xff, 0xff,
  0xff, 0xff, 0xff, 0xff, 0xff, 0xff, 0xff, 0xff, 0xff, 0xff, 0xff, 0xff,
  0xff, 0xff, 0xff, 0xff, 0xff, 0xff, 0xff, 0xff, 0xde, 0xdb, 0x00, 0x00,
  0x08, 0x20, 0x59, 0x62, 0x59, 0x83, 0x59, 0x83, 0x61, 0xa3, 0x61, 0xa3,
  0x41, 0x22, 0x00, 0x00, 0x63, 0x0c, 0xff, 0xff, 0xff, 0xff, 0xbd, 0xd7,
  0x00, 0x00, 0xde, 0xdb, 0xff, 0xff, 0xff, 0xff, 0x10, 0x82, 0xde, 0xfb,
  0xff, 0xff, 0xff, 0xdf, 0x08, 0x41, 0x94, 0x92, 0xff, 0xff, 0xff, 0xff,
  0x8c, 0x51, 0x00, 0x00, 0x28, 0xc2, 0x61, 0xc4, 0x61, 0xc4, 0x28, 0xc1,
  0x00, 0x00, 0x39, 0xc7, 0xff, 0xff, 0xff, 0xff, 0xff, 0xff, 0x8c, 0x51,
  0x00, 0x00, 0x08, 0x40, 0x61, 0xe4, 0x61, 0xe4, 0x61, 0xe4, 0x61, 0xe4,
  0x6a, 0x25, 0x72, 0x65, 0x6a, 0x65, 0x6a, 0x65, 0x10, 0x40, 0x00, 0x00,
  0xce, 0x59, 0xff, 0xff, 0xff, 0xff, 0x9c, 0xf3, 0x00, 0x00, 0x29, 0x02,
  0x28, 0xe2, 0x00, 0x00, 0xad, 0x75, 0xff, 0xff, 0xff, 0xff, 0xff, 0xff,
  0xff, 0xff, 0xff, 0xff, 0xff, 0xff, 0x84, 0x10, 0x00, 0x00, 0x00, 0x00,
  0xf7, 0x9e, 0xff, 0xff, 0xff, 0xff, 0x7b, 0xef, 0x00, 0x00, 0x49, 0x83,
  0x93, 0x27, 0x93, 0x27, 0x93, 0x27, 0x8b, 0x06, 0x39, 0x42, 0x00, 0x00,
  0x8c, 0x51, 0xff, 0xff, 0xff, 0xff, 0xe7, 0x3c, 0x00, 0x00, 0x00, 0x00,
  0x5a, 0xcb, 0xff, 0xff, 0xff, 0xff, 0xff, 0xff, 0x00, 0x00, 0x00, 0x00,
  0xac, 0x09, 0xac, 0x09, 0x9c, 0x68, 0x00, 0x00, 0x00, 0x20, 0xff, 0xff,
  0xff, 0xff, 0xff, 0xff, 0x6b, 0x4d, 0x00, 0x00, 0x63, 0x2b, 0xad, 0x54,
  0xad, 0x54, 0xad, 0x54, 0xad, 0x54, 0xad, 0x54, 0xad, 0x54, 0xad, 0x53,
  0xad, 0x54, 0xad, 0x55, 0xad, 0x55, 0xad, 0x55, 0xad, 0x55, 0xad, 0x55,
  0xad, 0x55, 0xad, 0x55, 0xad, 0x55, 0xad, 0x55, 0xad, 0x55, 0xad, 0x55,
  0xad, 0x55, 0xad, 0x55, 0xad, 0x55, 0xad, 0x55, 0xad, 0x55, 0xad, 0x55,
  0xad, 0x55, 0xad, 0x55, 0xad, 0x55, 0xad, 0x55, 0xad, 0x55, 0xad, 0x55,
  0xad, 0x55, 0xad, 0x55, 0xad, 0x55, 0xad, 0x55, 0xad, 0x55, 0xad, 0x55,
  0xad, 0x55, 0xad, 0x55, 0xad, 0x55, 0x00, 0x00, 0x00, 0x00, 0x00, 0x00,
  0x00, 0x00, 0x00, 0x00, 0x00, 0x00, 0x00, 0x00, 0x00, 0x00, 0x00, 0x00,
  0x00, 0x00, 0x00, 0x00, 0x00, 0x00, 0x00, 0x00, 0x00, 0x00, 0x00, 0x00,
  0x00, 0x00, 0x00, 0x00, 0x00, 0x00, 0x00, 0x00, 0x00, 0x00, 0x00, 0x00,
  0x00, 0x00, 0x00, 0x00, 0x00, 0x00, 0x00, 0x00, 0x00, 0x00, 0x00, 0x00,
  0x00, 0x00, 0x00, 0x00, 0x00, 0x00, 0x00, 0x00, 0x6a, 0x66, 0x6a, 0x45,
  0x6a, 0x45, 0x62, 0x25, 0x62, 0x04, 0x62, 0x04, 0x62, 0x04, 0x62, 0x04,
  0x62, 0x04, 0x62, 0x04, 0x62, 0x04, 0x62, 0x25, 0x5a, 0x26, 0x5a, 0x26,
  0x5a, 0x26, 0x5a, 0x26, 0x5a, 0x26, 0x5a, 0x26, 0x5a, 0x26, 0x5a, 0x26,
  0x5a, 0x26, 0x5a, 0x06, 0x52, 0x05, 0x51, 0xe5, 0x51, 0xc5, 0x49, 0xc4,
  0x49, 0xa4, 0x49, 0xa4, 0x41, 0x84, 0x39, 0x64, 0x39, 0x23, 0x30, 0xe2,
  0x30, 0xc2, 0x00, 0x20, 0x00, 0x00, 0xd6, 0xba, 0xff, 0xff, 0xff, 0xff,
  0xad, 0x55, 0x00, 0x00, 0x18, 0x82, 0xa3, 0xef, 0xac, 0xb2, 0xac, 0x92,
  0xac, 0x70, 0x20, 0xe2, 0x00, 0x00, 0xb5, 0xb6, 0xff, 0xff, 0xff, 0xff,
  0xce, 0x59, 0x00, 0x00, 0x00, 0x00, 0x52, 0x8a, 0xff, 0xff, 0xff, 0xff,
  0xff, 0xff, 0x00, 0x20, 0x00, 0x00, 0x00, 0x00, 0x00, 0x00, 0x00, 0x00,
  0x00, 0x00, 0x7b, 0xef, 0xff, 0xff, 0xff, 0xff, 0xde, 0xdb, 0x00, 0x00,
  0x08, 0x20, 0x59, 0x62, 0x59, 0x83, 0x59, 0x83, 0x61, 0xa3, 0x61, 0xa3,
  0x41, 0x22, 0x00, 0x00, 0x63, 0x0c, 0xff, 0xff, 0xff, 0xff, 0xbd, 0xd7,
  0x00, 0x00, 0x9c, 0xf3, 0xff, 0xff, 0xff, 0xff, 0x73, 0x8e, 0xff, 0xff,
  0xff, 0xff, 0xc6, 0x18, 0x00, 0x00, 0x94, 0x92, 0xff, 0xff, 0xff, 0xff,
  0x8c, 0x51, 0x00, 0x00, 0x28, 0xc2, 0x59, 0xc4, 0x59, 0xc4, 0x59, 0xa4,
  0x00, 0x00, 0x00, 0x00, 0xff, 0xff, 0xff, 0xff, 0xff, 0xff, 0x52, 0x8a,
  0x00, 0x00, 0x39, 0x23, 0x61, 0xe4, 0x61, 0xe4, 0x61, 0xe4, 0x61, 0xe4,
  0x6a, 0x25, 0x6a, 0x65, 0x6a, 0x65, 0x6a, 0x65, 0x18, 0xa1, 0x00, 0x00,
  0xad, 0x75, 0xff, 0xff, 0xff, 0xff, 0xce, 0x59, 0x00, 0x00, 0x08, 0x40,
  0x20, 0xc2, 0x00, 0x00, 0xad, 0x75, 0xff, 0xff, 0xff, 0xff, 0xff, 0xff,
  0xff, 0xff, 0xff, 0xff, 0xff, 0xff, 0x84, 0x10, 0x00, 0x00, 0x00, 0x00,
  0xd6, 0xba, 0xff, 0xff, 0xff, 0xff, 0xad, 0x55, 0x00, 0x00, 0x20, 0xa1,
  0x8b, 0x27, 0x8b, 0x26, 0x8b, 0x27, 0x8b, 0x06, 0x18, 0x81, 0x00, 0x00,
  0xb5, 0xb6, 0xff, 0xff, 0xff, 0xff, 0xce, 0x59, 0x00, 0x00, 0x00, 0x00,
  0x5a, 0xcb, 0xff, 0xff, 0xff, 0xff, 0xff, 0xff, 0x00, 0x00, 0x00, 0x00,
  0xab, 0xe9, 0xab, 0xe9, 0x8b, 0xe8, 0x00, 0x00, 0x18, 0xe3, 0xff, 0xff,
  0xff, 0xff, 0xff, 0xff, 0x52, 0xaa, 0x00, 0x00, 0x6b, 0x6d, 0xad, 0x55,
  0xad, 0x54, 0xad, 0x55, 0xad, 0x54, 0xad, 0x54, 0xad, 0x54, 0xad, 0x53,
  0xad, 0x54, 0xad, 0x55, 0xad, 0x55, 0xad, 0x55, 0xad, 0x55, 0xad, 0x55,
  0xad, 0x55, 0xad, 0x55, 0xad, 0x55, 0xad, 0x55, 0xad, 0x55, 0xad, 0x55,
  0xad, 0x55, 0xad, 0x55, 0xad, 0x55, 0xad, 0x55, 0xad, 0x55, 0xad, 0x55,
  0xad, 0x55, 0xad, 0x55, 0xad, 0x55, 0xad, 0x55, 0xad, 0x55, 0xad, 0x55,
  0xad, 0x55, 0xad, 0x55, 0xad, 0x55, 0xad, 0x55, 0xad, 0x55, 0xad, 0x55,
  0xad, 0x55, 0xad, 0x55, 0x00, 0x00, 0x00, 0x00, 0x00, 0x00, 0x00, 0x00,
  0x00, 0x00, 0x00, 0x00, 0x00, 0x00, 0x00, 0x00, 0x00, 0x00, 0x00, 0x00,
  0x00, 0x00, 0x00, 0x00, 0x00, 0x00, 0x00, 0x00, 0x00, 0x00, 0x00, 0x00,
  0x00, 0x00, 0x00, 0x00, 0x00, 0x00, 0x00, 0x00, 0x00, 0x00, 0x00, 0x00,
  0x00, 0x00, 0x00, 0x00, 0x00, 0x00, 0x00, 0x00, 0x00, 0x00, 0x00, 0x00,
  0x00, 0x00, 0x00, 0x00, 0x00, 0x00, 0x00, 0x00, 0x6a, 0x45, 0x6a, 0x45,
  0x62, 0x45, 0x62, 0x25, 0x62, 0x04, 0x62, 0x04, 0x62, 0x04, 0x62, 0x04,
  0x62, 0x04, 0x62, 0x04, 0x62, 0x04, 0x5a, 0x05, 0x5a, 0x26, 0x5a, 0x26,
  0x5a, 0x26, 0x5a, 0x26, 0x5a, 0x26, 0x5a, 0x26, 0x5a, 0x26, 0x5a, 0x26,
  0x52, 0x05, 0x51, 0xe5, 0x51, 0xe5, 0x49, 0xc5, 0x49, 0xa4, 0x49, 0xa4,
  0x49, 0x84, 0x49, 0x84, 0x39, 0x44, 0x31, 0x23, 0x30, 0xe2, 0x28, 0xc2,
  0x28, 0xa1, 0x10, 0x40, 0x00, 0x00, 0x9c, 0xf3, 0xff, 0xff, 0xff, 0xff,
  0xf7, 0x9e, 0x08, 0x61, 0x00, 0x00, 0x49, 0x86, 0x9c, 0x30, 0x94, 0x10,
  0x49, 0xc7, 0x00, 0x00, 0x10, 0xa2, 0xff, 0xdf, 0xff, 0xff, 0xff, 0xff,
  0x94, 0x92, 0x00, 0x00, 0x00, 0x00, 0x52, 0x8a, 0xff, 0xff, 0xff, 0xff,
  0xff, 0xff, 0x00, 0x20, 0x00, 0x00, 0x00, 0x00, 0x00, 0x00, 0x00, 0x00,
  0x00, 0x00, 0x7b, 0xef, 0xff, 0xff, 0xff, 0xff, 0xde, 0xdb, 0x00, 0x00,
  0x08, 0x20, 0x59, 0x62, 0x59, 0x83, 0x59, 0x83, 0x59, 0x83, 0x61, 0xa3,
  0x41, 0x22, 0x00, 0x00, 0x63, 0x0c, 0xff, 0xff, 0xff, 0xff, 0xbd, 0xd7,
  0x00, 0x00, 0x5a, 0xeb, 0xff, 0xff, 0xff, 0xff, 0xef, 0x5d, 0xff, 0xff,
  0xff, 0xff, 0x84, 0x10, 0x00, 0x00, 0x94, 0x92, 0xff, 0xff, 0xff, 0xff,
  0x8c, 0x51, 0x00, 0x00, 0x28, 0xc2, 0x59, 0xc4, 0x59, 0xc4, 0x59, 0xc4,
  0x00, 0x00, 0x00, 0x00, 0xff, 0xff, 0xff, 0xff, 0xff, 0xff, 0x52, 0x8a,
  0x00, 0x00, 0x41, 0x43, 0x61, 0xe4, 0x61, 0xe4, 0x61, 0xe4, 0x61, 0xc4,
  0x62, 0x04, 0x6a, 0x65, 0x6a, 0x45, 0x6a, 0x45, 0x31, 0x22, 0x00, 0x00,
  0x63, 0x2c, 0xff, 0xff, 0xff, 0xff, 0xff, 0xff, 0x21, 0x24, 0x00, 0x00,
  0x00, 0x00, 0x00, 0x00, 0x00, 0x00, 0x00, 0x00, 0x00, 0x00, 0x00, 0x00,
  0xde, 0xfb, 0xff, 0xff, 0xff, 0xff, 0x84, 0x10, 0x00, 0x00, 0x00, 0x00,
  0x9c, 0xf3, 0xff, 0xff, 0xff, 0xff, 0xf7, 0x9e, 0x08, 0x61, 0x00, 0x00,
  0x41, 0x63, 0x82, 0xc6, 0x82, 0xc6, 0x39, 0x42, 0x00, 0x00, 0x10, 0xa2,
  0xff, 0xdf, 0xff, 0xff, 0xff, 0xff, 0x94, 0x92, 0x00, 0x00, 0x00, 0x00,
  0x5a, 0xcb, 0xff, 0xff, 0xff, 0xff, 0xff, 0xff, 0x00, 0x00, 0x00, 0x00,
  0xa3, 0xe9, 0x9b, 0xc8, 0x4a, 0x24, 0x00, 0x00, 0x52, 0x8a, 0xff, 0xff,
  0xff, 0xff, 0xff, 0xff, 0x21, 0x24, 0x00, 0x00, 0x84, 0x30, 0xa5, 0x34,
  0xa5, 0x34, 0xa5, 0x34, 0xa5, 0x34, 0xa5, 0x34, 0xa5, 0x33, 0xa5, 0x33,
  0xa5, 0x34, 0xa5, 0x34, 0xa5, 0x34, 0xa5, 0x34, 0xa5, 0x34, 0xa5, 0x34,
  0xa5, 0x34, 0xa5, 0x34, 0xa5, 0x34, 0xa5, 0x34, 0xa5, 0x34, 0xa5, 0x34,
  0xa5, 0x34, 0xa5, 0x34, 0xa5, 0x34, 0xa5, 0x34, 0xa5, 0x34, 0xa5, 0x34,
  0xa5, 0x34, 0xa5, 0x34, 0xa5, 0x34, 0xa5, 0x34, 0xa5, 0x34, 0xa5, 0x34,
  0xa5, 0x34, 0xa5, 0x34, 0xa5, 0x34, 0xa5, 0x34, 0xa5, 0x34, 0xa5, 0x34,
  0xa5, 0x34, 0xa5, 0x34, 0x00, 0x00, 0x00, 0x00, 0x00, 0x00, 0x00, 0x00,
  0x00, 0x00, 0x00, 0x00, 0x00, 0x00, 0x00, 0x00, 0x00, 0x00, 0x00, 0x00,
  0x00, 0x00, 0x00, 0x00, 0x00, 0x00, 0x00, 0x00, 0x00, 0x00, 0x00, 0x00,
  0x00, 0x00, 0x00, 0x00, 0x00, 0x00, 0x00, 0x00, 0x00, 0x00, 0x00, 0x00,
  0x00, 0x00, 0x00, 0x00, 0x00, 0x00, 0x00, 0x00, 0x00, 0x00, 0x00, 0x00,
  0x00, 0x00, 0x00, 0x00, 0x00, 0x00, 0x00, 0x00, 0x00, 0x00, 0x62, 0x45,
  0x62, 0x25, 0x62, 0x04, 0x5a, 0x04, 0x5a, 0x04, 0x5a, 0x04, 0x5a, 0x04,
  0x5a, 0x04, 0x5a, 0x04, 0x62, 0x04, 0x5a, 0x05, 0x52, 0x06, 0x5a, 0x06,
  0x5a, 0x06, 0x5a, 0x06, 0x5a, 0x06, 0x5a, 0x06, 0x5a, 0x06, 0x5a, 0x06,
  0x51, 0xe5, 0x51, 0xc5, 0x49, 0xc5, 0x49, 0xa4, 0x49, 0x84, 0x41, 0x83,
  0x41, 0x63, 0x41, 0x63, 0x31, 0x23, 0x28, 0xe2, 0x28, 0xc2, 0x20, 0xa1,
  0x28, 0xa1, 0x18, 0x61, 0x00, 0x00, 0x42, 0x28, 0xff, 0xff, 0xff, 0xff,
  0xff, 0xff, 0xa5, 0x34, 0x00, 0x00, 0x00, 0x00, 0x00, 0x00, 0x00, 0x00,
  0x00, 0x00, 0x00, 0x00, 0xad, 0x75, 0xff, 0xff, 0xff, 0xff, 0xff, 0xff,
  0x39, 0xc7, 0x00, 0x00, 0x00, 0x00, 0x52, 0x8a, 0xff, 0xff, 0xff, 0xff,
  0xff, 0xff, 0x00, 0x20, 0x00, 0x00, 0x7a, 0x46, 0xa4, 0x2d, 0x52, 0x06,
  0x00, 0x00, 0x7b, 0xef, 0xff, 0xff, 0xff, 0xff, 0xde, 0xdb, 0x00, 0x00,
  0x08, 0x20, 0x51, 0x42, 0x59, 0x63, 0x59, 0x63, 0x59, 0x83, 0x61, 0xa3,
  0x39, 0x02, 0x00, 0x00, 0x63, 0x0c, 0xff, 0xff, 0xff, 0xff, 0xbd, 0xd7,
  0x00, 0x00, 0x21, 0x04, 0xff, 0xff, 0xff, 0xff, 0xff, 0xff, 0xff, 0xff,
  0xff, 0xff, 0x42, 0x28, 0x00, 0x00, 0x94, 0x92, 0xff, 0xff, 0xff, 0xff,
  0x8c, 0x51, 0x00, 0x00, 0x28, 0xc1, 0x59, 0xa4, 0x59, 0xa4, 0x59, 0xa4,
  0x00, 0x00, 0x00, 0x00, 0xff, 0xff, 0xff, 0xff, 0xff, 0xff, 0x52, 0x8a,
  0x00, 0x00, 0x41, 0x43, 0x61, 0xc4, 0x61, 0xc4, 0x61, 0xc4, 0x59, 0xc4,
  0x62, 0x04, 0x6a, 0x45, 0x6a, 0x45, 0x6a, 0x45, 0x51, 0xc3, 0x00, 0x00,
  0x10, 0x82, 0xff, 0xdf, 0xff, 0xff, 0xff, 0xff, 0xc6, 0x38, 0x08, 0x41,
  0x00, 0x00, 0x00, 0x00, 0x00, 0x00, 0x00, 0x00, 0x00, 0x00, 0x00, 0x00,
  0xe7, 0x1c, 0xff, 0xff, 0xff, 0xff, 0x84, 0x10, 0x00, 0x00, 0x00, 0x00,
  0x42, 0x28, 0xff, 0xff, 0xff, 0xff, 0xff, 0xff, 0xa5, 0x34, 0x00, 0x00,
  0x00, 0x00, 0x00, 0x00, 0x00, 0x00, 0x00, 0x00, 0x00, 0x00, 0xad, 0x75,
  0xff, 0xff, 0xff, 0xff, 0xff, 0xff, 0x39, 0xc7, 0x00, 0x00, 0x00, 0x00,
  0x5a, 0xcb, 0xff, 0xff, 0xff, 0xff, 0xff, 0xff, 0x00, 0x00, 0x00, 0x00,
  0x00, 0x00, 0x00, 0x00, 0x00, 0x00, 0x00, 0x00, 0xbd, 0xd7, 0xff, 0xff,
  0xff, 0xff, 0xde, 0xdb, 0x00, 0x00, 0x08, 0x40, 0x42, 0x28, 0x00, 0x20,
  0x00, 0x00, 0x00, 0x00, 0x00, 0x00, 0x18, 0xe3, 0x8c, 0x50, 0xa5, 0x13,
  0xa5, 0x14, 0xa5, 0x14, 0xa5, 0x14, 0xa5, 0x14, 0xa5, 0x14, 0xa5, 0x14,
  0xa5, 0x14, 0xa5, 0x14, 0xa5, 0x14, 0xa5, 0x14, 0xa5, 0x14, 0xa5, 0x14,
  0xa5, 0x14, 0xa5, 0x14, 0xa5, 0x14, 0xa5, 0x14, 0xa5, 0x14, 0xa5, 0x14,
  0xa5, 0x14, 0xa5, 0x14, 0xa5, 0x14, 0xa5, 0x14, 0xa5, 0x14, 0xa5, 0x14,
  0xa5, 0x14, 0xa5, 0x14, 0xa5, 0x14, 0xa5, 0x14, 0xa5, 0x14, 0xa5, 0x14,
  0xa5, 0x14, 0x00, 0x00, 0x00, 0x00, 0x00, 0x00, 0x00, 0x00, 0x00, 0x00,
  0x00, 0x00, 0x00, 0x00, 0x00, 0x00, 0x00, 0x00, 0x00, 0x00, 0x00, 0x00,
  0x00, 0x00, 0x00, 0x00, 0x00, 0x00, 0x00, 0x00, 0x00, 0x00, 0x00, 0x00,
  0x00, 0x00, 0x00, 0x00, 0x00, 0x00, 0x00, 0x00, 0x00, 0x00, 0x00, 0x00,
  0x00, 0x00, 0x00, 0x00, 0x00, 0x00, 0x00, 0x00, 0x00, 0x00, 0x00, 0x00,
  0x00, 0x00, 0x00, 0x00, 0x00, 0x00, 0x00, 0x00, 0x00, 0x00, 0x00, 0x00,
  0x62, 0x25, 0x5a, 0x04, 0x59, 0xe4, 0x59, 0xe4, 0x59, 0xe4, 0x59, 0xe4,
  0x59, 0xe4, 0x59, 0xe4, 0x59, 0xe4, 0x5a, 0x05, 0x52, 0x06, 0x52, 0x06,
  0x52, 0x06, 0x52, 0x06, 0x52, 0x06, 0x52, 0x06, 0x52, 0x06, 0x52, 0x06,
  0x49, 0xc5, 0x49, 0xc4, 0x49, 0xa4, 0x49, 0x84, 0x41, 0x83, 0x41, 0x63,
  0x41, 0x63, 0x41, 0x63, 0x28, 0xe2, 0x20, 0xc2, 0x20, 0xa1, 0x20, 0x81,
  0x20, 0x81, 0x28, 0xa1, 0x00, 0x00, 0x00, 0x00, 0xc6, 0x38, 0xff, 0xff,
  0xff, 0xff, 0xff, 0xff, 0xbd, 0xf7, 0x42, 0x08, 0x08, 0x41, 0x08, 0x41,
  0x42, 0x08, 0xc6, 0x18, 0xff, 0xff, 0xff, 0xff, 0xff, 0xff, 0xbd, 0xd7,
  0x00, 0x00, 0x08, 0x40, 0x00, 0x00, 0x52, 0x8a, 0xff, 0xff, 0xff, 0xff,
  0xff, 0xff, 0x00, 0x20, 0x00, 0x00, 0x72, 0x05, 0x9b, 0xec, 0x52, 0x06,
  0x00, 0x00, 0x7b, 0xef, 0xff, 0xff, 0xff, 0xff, 0xde, 0xdb, 0x00, 0x00,
  0x08, 0x20, 0x51, 0x42, 0x59, 0x62, 0x59, 0x63, 0x59, 0x83, 0x59, 0x83,
  0x39, 0x02, 0x00, 0x00, 0x63, 0x0c, 0xff, 0xff, 0xff, 0xff, 0xbd, 0xd7,
  0x00, 0x00, 0x00, 0x00, 0xe7, 0x1c, 0xff, 0xff, 0xff, 0xff, 0xff, 0xff,
  0xff, 0xdf, 0x08, 0x41, 0x00, 0x00, 0x94, 0x92, 0xff, 0xff, 0xff, 0xff,
  0x8c, 0x51, 0x00, 0x00, 0x28, 0xc1, 0x59, 0xa4, 0x59, 0xa4, 0x59, 0xa4,
  0x00, 0x00, 0x00, 0x00, 0xff, 0xff, 0xff, 0xff, 0xff, 0xff, 0x52, 0x8a,
  0x00, 0x00, 0x41, 0x43, 0x59, 0xc4, 0x59, 0xc4, 0x59, 0xc4, 0x59, 0xc4,
  0x62, 0x04, 0x6a, 0x44, 0x6a, 0x44, 0x6a, 0x44, 0x6a, 0x44, 0x10, 0x60,
  0x00, 0x00, 0x7b, 0xcf, 0xff, 0xff, 0xff, 0xff, 0xff, 0xff, 0xd6, 0x9a,
  0x52, 0x8a, 0x10, 0x82, 0x00, 0x20, 0x21, 0x24, 0x6b, 0x4d, 0xd6, 0xba,
  0xff, 0xff, 0xff, 0xff, 0xff, 0xff, 0x84, 0x10, 0x00, 0x00, 0x00, 0x00,
  0x00, 0x00, 0xc6, 0x38, 0xff, 0xff, 0xff, 0xff, 0xff, 0xff, 0xbd, 0xf7,
  0x42, 0x08, 0x08, 0x41, 0x08, 0x41, 0x42, 0x08, 0xc6, 0x18, 0xff, 0xff,
  0xff, 0xff, 0xff, 0xff, 0xbd, 0xd7, 0x00, 0x00, 0x08, 0x20, 0x00, 0x00,
  0x5a, 0xcb, 0xff, 0xff, 0xff, 0xff, 0xff, 0xff, 0x00, 0x00, 0x00, 0x00,
  0x00, 0x00, 0x08, 0x41, 0x31, 0x86, 0xa5, 0x14, 0xff, 0xff, 0xff, 0xff,
  0xff, 0xff, 0x6b, 0x4d, 0x00, 0x00, 0x31, 0x85, 0x00, 0x00, 0x00, 0x00,
  0x00, 0x00, 0x00, 0x00, 0x00, 0x00, 0x00, 0x00, 0x31, 0x85, 0xa5, 0x13,
  0xa5, 0x13, 0xa5, 0x14, 0xa5, 0x14, 0xa5, 0x14, 0xa5, 0x14, 0xa5, 0x14,
  0xa5, 0x14, 0xa5, 0x14, 0xa5, 0x14, 0xa5, 0x14, 0xa5, 0x14, 0xa5, 0x14,
  0xa5, 0x14, 0xa5, 0x14, 0xa5, 0x14, 0xa5, 0x14, 0xa5, 0x14, 0xa5, 0x14,
  0xa5, 0x14, 0xa5, 0x14, 0xa5, 0x14, 0xa5, 0x14, 0xa5, 0x14, 0xa5, 0x14,
  0xa5, 0x14, 0xa5, 0x14, 0xa5, 0x14, 0xa5, 0x14, 0xa5, 0x14, 0xa5, 0x14,
  0x00, 0x00, 0x00, 0x00, 0x00, 0x00, 0x00, 0x00, 0x00, 0x00, 0x00, 0x00,
  0x00, 0x00, 0x00, 0x00, 0x00, 0x00, 0x00, 0x00, 0x00, 0x00, 0x00, 0x00,
  0x00, 0x00, 0x00, 0x00, 0x00, 0x00, 0x00, 0x00, 0x00, 0x00, 0x00, 0x00,
  0x00, 0x00, 0x00, 0x00, 0x00, 0x00, 0x00, 0x00, 0x00, 0x00, 0x00, 0x00,
  0x00, 0x00, 0x00, 0x00, 0x00, 0x00, 0x00, 0x00, 0x00, 0x00, 0x00, 0x00,
  0x00, 0x00, 0x00, 0x00, 0x00, 0x00, 0x00, 0x00, 0x00, 0x00, 0x00, 0x00,
  0x62, 0x25, 0x5a, 0x04, 0x59, 0xe4, 0x59, 0xe4, 0x59, 0xe4, 0x59, 0xe4,
  0x59, 0xe4, 0x59, 0xe4, 0x59, 0xe4, 0x59, 0xe4, 0x52, 0x06, 0x52, 0x05,
  0x52, 0x05, 0x52, 0x05, 0x52, 0x05, 0x52, 0x05, 0x52, 0x05, 0x52, 0x05,
  0x49, 0xa4, 0x49, 0xa4, 0x41, 0x84, 0x41, 0x84, 0x41, 0x63, 0x39, 0x43,
  0x39, 0x43, 0x39, 0x43, 0x20, 0xc1, 0x18, 0xa1, 0x18, 0x81, 0x18, 0x80,
  0x20, 0x81, 0x20, 0xc1, 0x10, 0x61, 0x00, 0x00, 0x18, 0xe3, 0xef, 0x5d,
  0xff, 0xff, 0xff, 0xff, 0xff, 0xff, 0xff, 0xff, 0xff, 0xff, 0xff, 0xff,
  0xff, 0xff, 0xff, 0xff, 0xff, 0xff, 0xff, 0xff, 0xe7, 0x1c, 0x10, 0xa2,
  0x00, 0x00, 0x39, 0xc5, 0x00, 0x00, 0x52, 0x8a, 0xff, 0xff, 0xff, 0xff,
  0xff, 0xff, 0x00, 0x20, 0x00, 0x00, 0x69, 0xc4, 0x9b, 0xcc, 0x52, 0x06,
  0x00, 0x00, 0x7b, 0xef, 0xff, 0xff, 0xff, 0xff, 0xde, 0xdb, 0x00, 0x00,
  0x08, 0x20, 0x51, 0x42, 0x51, 0x62, 0x51, 0x62, 0x59, 0x83, 0x59, 0x83,
  0x39, 0x02, 0x00, 0x00, 0x63, 0x0c, 0xff, 0xff, 0xff, 0xff, 0xbd, 0xd7,
  0x00, 0x00, 0x00, 0x00, 0xa5, 0x34, 0xff, 0xff, 0xff, 0xff, 0xff, 0xff,
  0xce, 0x59, 0x00, 0x00, 0x00, 0x00, 0x94, 0x92, 0xff, 0xff, 0xff, 0xff,
  0x8c, 0x51, 0x00, 0x00, 0x28, 0xc1, 0x59, 0xa3, 0x59, 0xa3, 0x59, 0xa3,
  0x00, 0x00, 0x00, 0x00, 0xff, 0xff, 0xff, 0xff, 0xff, 0xff, 0x52, 0x8a,
  0x00, 0x00, 0x41, 0x23, 0x59, 0xc4, 0x59, 0xc4, 0x59, 0xc4, 0x59, 0xc4,
  0x61, 0xe4, 0x62, 0x44, 0x62, 0x24, 0x62, 0x24, 0x62, 0x24, 0x49, 0xa3,
  0x00, 0x00, 0x00, 0x00, 0xbd, 0xf7, 0xff, 0xff, 0xff, 0xff, 0xff, 0xff,
  0xff, 0xff, 0xff, 0xff, 0xff, 0xff, 0xff, 0xff, 0xff, 0xff, 0xff, 0xff,
  0xff, 0xff, 0xff, 0xff, 0xf7, 0x9e, 0x42, 0x08, 0x00, 0x00, 0x20, 0xc1,
  0x00, 0x00, 0x18, 0xe3, 0xef, 0x5d, 0xff, 0xff, 0xff, 0xff, 0xff, 0xff,
  0xff, 0xff, 0xff, 0xff, 0xff, 0xff, 0xff, 0xff, 0xff, 0xff, 0xff, 0xff,
  0xff, 0xff, 0xe7, 0x1c, 0x10, 0xa2, 0x00, 0x00, 0x39, 0x43, 0x00, 0x00,
  0x5a, 0xcb, 0xff, 0xff, 0xff, 0xff, 0xff, 0xff, 0xff, 0xff, 0xff, 0xff,
  0xff, 0xff, 0xff, 0xff, 0xff, 0xff, 0xff, 0xff, 0xff, 0xff, 0xff, 0xff,
  0xc6, 0x38, 0x00, 0x20, 0x00, 0x00, 0x52, 0xaa, 0x00, 0x00, 0x5a, 0xcb,
  0xff, 0xff, 0xff, 0xff, 0xd6, 0x9a, 0x00, 0x00, 0x18, 0xe3, 0x9c, 0xf3,
  0x9c, 0xf3, 0x9c, 0xf3, 0x9c, 0xf3, 0x9c, 0xf3, 0x9c, 0xf3, 0x9c, 0xf3,
  0x9c, 0xf3, 0x9c, 0xf3, 0x9c, 0xf3, 0x9c, 0xf3, 0x9c, 0xf3, 0x9c, 0xf3,
  0x9c, 0xf3, 0x9c, 0xf3, 0x9c, 0xf3, 0x9c, 0xf3, 0x9c, 0xf3, 0x9c, 0xf3,
  0x9c, 0xf3, 0x9c, 0xf3, 0x9c, 0xf3, 0x9c, 0xf3, 0x9c, 0xf3, 0x9c, 0xf3,
  0x9c, 0xf3, 0x9c, 0xf3, 0x9c, 0xf3, 0x9c, 0xf3, 0x9c, 0xf3, 0x9c, 0xf3,
  0x00, 0x00, 0x00, 0x00, 0x00, 0x00, 0x00, 0x00, 0x00, 0x00, 0x00, 0x00,
  0x00, 0x00, 0x00, 0x00, 0x00, 0x00, 0x00, 0x00, 0x00, 0x00, 0x00, 0x00,
  0x00, 0x00, 0x00, 0x00, 0x00, 0x00, 0x00, 0x00, 0x00, 0x00, 0x00, 0x00,
  0x00, 0x00, 0x00, 0x00, 0x00, 0x00, 0x00, 0x00, 0x00, 0x00, 0x00, 0x00,
  0x00, 0x00, 0x00, 0x00, 0x00, 0x00, 0x00, 0x00, 0x00, 0x00, 0x00, 0x00,
  0x00, 0x00, 0x00, 0x00, 0x00, 0x00, 0x00, 0x00, 0x00, 0x00, 0x00, 0x00,
  0x00, 0x00, 0x59, 0xe4, 0x59, 0xe4, 0x59, 0xe4, 0x59, 0xe4, 0x59, 0xe4,
  0x59, 0xe4, 0x59, 0xe4, 0x59, 0xe4, 0x59, 0xe4, 0x51, 0xe6, 0x51, 0xe5,
  0x51, 0xe5, 0x51, 0xe5, 0x51, 0xe5, 0x51, 0xe5, 0x51, 0xe5, 0x51, 0xe5,
  0x49, 0xa4, 0x41, 0x84, 0x41, 0x84, 0x41, 0x63, 0x41, 0x63, 0x39, 0x43,
  0x39, 0x42, 0x39, 0x22, 0x20, 0xc1, 0x18, 0x81, 0x18, 0x80, 0x18, 0x60,
  0x18, 0x81, 0x20, 0xa1, 0x28, 0xe2, 0x08, 0x40, 0x00, 0x00, 0x21, 0x04,
  0xce, 0x79, 0xff, 0xff, 0xff, 0xff, 0xff, 0xff, 0xff, 0xff, 0xff, 0xff,
  0xff, 0xff, 0xff, 0xff, 0xff, 0xff, 0xc6, 0x38, 0x18, 0xc3, 0x00, 0x00,
  0x29, 0x44, 0x6b, 0x4a, 0x00, 0x00, 0x52, 0x8a, 0xff, 0xff, 0xff, 0xff,
  0xff, 0xff, 0x00, 0x20, 0x00, 0x00, 0x61, 0xc4, 0x9b, 0xab, 0x51, 0xe6,
  0x00, 0x00, 0x7b, 0xef, 0xff, 0xff, 0xff, 0xff, 0xde, 0xdb, 0x00, 0x00,
  0x08, 0x20, 0x51, 0x42, 0x51, 0x62, 0x51, 0x63, 0x59, 0x83, 0x59, 0x83,
  0x39, 0x02, 0x00, 0x00, 0x63, 0x0c, 0xff, 0xff, 0xff, 0xff, 0xbd, 0xd7,
  0x00, 0x00, 0x00, 0x00, 0x63, 0x2c, 0xff, 0xff, 0xff, 0xff, 0xff, 0xff,
  0x8c, 0x51, 0x00, 0x00, 0x00, 0x00, 0x94, 0x92, 0xff, 0xff, 0xff, 0xff,
  0x8c, 0x51, 0x00, 0x00, 0x28, 0xc1, 0x59, 0xa3, 0x59, 0xa3, 0x59, 0xa3,
  0x00, 0x00, 0x00, 0x00, 0xff, 0xff, 0xff, 0xff, 0xff, 0xff, 0x52, 0x8a,
  0x00, 0x00, 0x39, 0x23, 0x59, 0xc4, 0x59, 0xc4, 0x59, 0xc4, 0x59, 0xc4,
  0x59, 0xe4, 0x62, 0x44, 0x62, 0x24, 0x62, 0x24, 0x62, 0x24, 0x62, 0x24,
  0x28, 0xe2, 0x00, 0x00, 0x00, 0x20, 0x94, 0x92, 0xff, 0xff, 0xff, 0xff,
  0xff, 0xff, 0xff, 0xff, 0xff, 0xff, 0xff, 0xff, 0xff, 0xff, 0xff, 0xff,
  0xff, 0xff, 0xad, 0x75, 0x21, 0x24, 0x00, 0x00, 0x08, 0x20, 0x72, 0x85,
  0x18, 0xa1, 0x00, 0x00, 0x21, 0x04, 0xce, 0x79, 0xff, 0xff, 0xff, 0xff,
  0xff, 0xff, 0xff, 0xff, 0xff, 0xff, 0xff, 0xff, 0xff, 0xff, 0xff, 0xff,
  0xc6, 0x38, 0x18, 0xc3, 0x00, 0x00, 0x29, 0x02, 0x62, 0x65, 0x00, 0x00,
  0x5a, 0xcb, 0xff, 0xff, 0xff, 0xff, 0xff, 0xff, 0xff, 0xff, 0xff, 0xff,
  0xff, 0xff, 0xff, 0xff, 0xff, 0xff, 0xff, 0xff, 0xff, 0xff, 0xce, 0x59,
  0x18, 0xc3, 0x00, 0x00, 0x42, 0x28, 0x63, 0x2c, 0x00, 0x00, 0x5a, 0xcb,
  0xff, 0xff, 0xff, 0xff, 0xd6, 0x9a, 0x00, 0x00, 0x18, 0xe3, 0x9c, 0xd3,
  0x9c, 0xd3, 0x9c, 0xd3, 0x9c, 0xd3, 0x9c, 0xd3, 0x9c, 0xd3, 0x9c, 0xd3,
  0x9c, 0xd3, 0x9c, 0xd3, 0x9c, 0xd3, 0x9c, 0xd3, 0x9c, 0xd3, 0x9c, 0xd3,
  0x9c, 0xd3, 0x9c, 0xd3, 0x9c, 0xd3, 0x9c, 0xd3, 0x9c, 0xd3, 0x9c, 0xd3,
  0x9c, 0xd3, 0x9c, 0xd3, 0x9c, 0xd3, 0x9c, 0xd3, 0x9c, 0xd3, 0x9c, 0xd3,
  0x9c, 0xd3, 0x9c, 0xd3, 0x9c, 0xd3, 0x9c, 0xd3, 0x9c, 0xd3, 0x00, 0x00,
  0x00, 0x00, 0x00, 0x00, 0x00, 0x00, 0x00, 0x00, 0x00, 0x00, 0x00, 0x00,
  0x00, 0x00, 0x00, 0x00, 0x00, 0x00, 0x00, 0x00, 0x00, 0x00, 0x00, 0x00,
  0x00, 0x00, 0x00, 0x00, 0x00, 0x00, 0x00, 0x00, 0x00, 0x00, 0x00, 0x00,
  0x00, 0x00, 0x00, 0x00, 0x00, 0x00, 0x00, 0x00, 0x00, 0x00, 0x00, 0x00,
  0x00, 0x00, 0x00, 0x00, 0x00, 0x00, 0x00, 0x00, 0x00, 0x00, 0x00, 0x00,
  0x00, 0x00, 0x00, 0x00, 0x00, 0x00, 0x00, 0x00, 0x00, 0x00, 0x00, 0x00,
  0x00, 0x00, 0x62, 0x25, 0x59, 0xe4, 0x5a, 0x04, 0x5a, 0x04, 0x5a, 0x04,
  0x5a, 0x04, 0x5a, 0x04, 0x5a, 0x04, 0x59, 0xe5, 0x49, 0xe5, 0x49, 0xc5,
  0x49, 0xc5, 0x49, 0xa4, 0x41, 0x84, 0x41, 0x84, 0x41, 0x84, 0x41, 0x63,
  0x41, 0x63, 0x39, 0x63, 0x39, 0x43, 0x39, 0x22, 0x39, 0x22, 0x31, 0x02,
  0x31, 0x02, 0x30, 0xe1, 0x29, 0x02, 0x18, 0xc1, 0x10, 0x60, 0x08, 0x40,
  0x10, 0x60, 0x18, 0xa1, 0x20, 0xc2, 0x18, 0x60, 0x08, 0x40, 0x00, 0x00,
  0x00, 0x00, 0x52, 0xaa, 0xad, 0x55, 0xe7, 0x1c, 0xf7, 0xbe, 0xf7, 0xbe,
  0xde, 0xfb, 0xa5, 0x34, 0x4a, 0x69, 0x00, 0x00, 0x00, 0x00, 0x29, 0x23,
  0x8c, 0x2d, 0x6b, 0x4b, 0x00, 0x00, 0x52, 0x8a, 0xff, 0xff, 0xff, 0xff,
  0xff, 0xff, 0x00, 0x20, 0x00, 0x00, 0x61, 0xa3, 0x8a, 0xc8, 0x49, 0xc5,
  0x00, 0x00, 0x7b, 0xef, 0xff, 0xff, 0xff, 0xff, 0xde, 0xdb, 0x00, 0x00,
  0x08, 0x20, 0x59, 0xa3, 0x59, 0xa4, 0x59, 0xa4, 0x59, 0xa4, 0x59, 0xa4,
  0x39, 0x02, 0x00, 0x00, 0x63, 0x0c, 0xff, 0xff, 0xff, 0xff, 0xbd, 0xd7,
  0x00, 0x00, 0x00, 0x00, 0x21, 0x24, 0xff, 0xff, 0xff, 0xff, 0xff, 0xff,
  0x4a, 0x49, 0x00, 0x00, 0x00, 0x00, 0x94, 0x92, 0xff, 0xff, 0xff, 0xff,
  0x8c, 0x51, 0x00, 0x00, 0x28, 0xc2, 0x59, 0xc4, 0x59, 0xc4, 0x59, 0xc4,
  0x00, 0x00, 0x00, 0x00, 0xff, 0xff, 0xff, 0xff, 0xff, 0xff, 0x52, 0x8a,
  0x00, 0x00, 0x39, 0x22, 0x59, 0xc4, 0x59, 0xe4, 0x61, 0xe5, 0x61, 0xe5,
  0x62, 0x04, 0x5a, 0x04, 0x62, 0x04, 0x62, 0x24, 0x62, 0x24, 0x6a, 0x45,
  0x6a, 0x45, 0x28, 0xe2, 0x00, 0x00, 0x00, 0x00, 0x29, 0x65, 0x94, 0x92,
  0xce, 0x79, 0xf7, 0x9e, 0xff, 0xdf, 0xe7, 0x3c, 0xc6, 0x38, 0x7b, 0xef,
  0x29, 0x45, 0x00, 0x00, 0x00, 0x00, 0x10, 0x61, 0x6a, 0x65, 0x82, 0xc6,
  0x72, 0x85, 0x18, 0xa1, 0x00, 0x00, 0x00, 0x00, 0x52, 0xaa, 0xad, 0x55,
  0xe7, 0x1c, 0xf7, 0xbe, 0xf7, 0xbe, 0xde, 0xfb, 0xa5, 0x34, 0x4a, 0x69,
  0x00, 0x00, 0x00, 0x00, 0x28, 0xe2, 0x8b, 0x68, 0x62, 0x65, 0x00, 0x00,
  0x5a, 0xcb, 0xff, 0xff, 0xff, 0xff, 0xff, 0xff, 0xff, 0xff, 0xff, 0xff,
  0xff, 0xff, 0xff, 0xdf, 0xe7, 0x3c, 0xb5, 0xb6, 0x5a, 0xeb, 0x00, 0x20,
  0x00, 0x00, 0x21, 0x24, 0x94, 0xb2, 0x63, 0x2c, 0x00, 0x00, 0x5a, 0xcb,
  0xff, 0xff, 0xff, 0xff, 0xd6, 0x9a, 0x00, 0x00, 0x18, 0xe3, 0x9c, 0xd3,
  0x9c, 0xd3, 0x9c, 0xd3, 0x9c, 0xd3, 0x9c, 0xd3, 0x9c, 0xd3, 0x9c, 0xd3,
  0x9c, 0xd3, 0x9c, 0xd3, 0x9c, 0xd3, 0x9c, 0xd3, 0x9c, 0xd3, 0x9c, 0xd3,
  0x9c, 0xd3, 0x9c, 0xd3, 0x9c, 0xd3, 0x9c, 0xd3, 0x9c, 0xd3, 0x9c, 0xd3,
  0x9c, 0xd3, 0x9c, 0xd3, 0x9c, 0xd3, 0x9c, 0xd3, 0x9c, 0xd3, 0x9c, 0xd3,
  0x9c, 0xd3, 0x9c, 0xd3, 0x9c, 0xd3, 0x9c, 0xd3, 0x9c, 0xd3, 0x00, 0x00,
  0x00, 0x00, 0x00, 0x00, 0x00, 0x00, 0x00, 0x00, 0x00, 0x00, 0x00, 0x00,
  0x00, 0x00, 0x00, 0x00, 0x00, 0x00, 0x00, 0x00, 0x00, 0x00, 0x00, 0x00,
  0x00, 0x00, 0x00, 0x00, 0x00, 0x00, 0x00, 0x00, 0x00, 0x00, 0x00, 0x00,
  0x00, 0x00, 0x00, 0x00, 0x00, 0x00, 0x00, 0x00, 0x00, 0x00, 0x00, 0x00,
  0x00, 0x00, 0x00, 0x00, 0x00, 0x00, 0x00, 0x00, 0x00, 0x00, 0x00, 0x00,
  0x00, 0x00, 0x00, 0x00, 0x00, 0x00, 0x00, 0x00, 0x00, 0x00, 0x00, 0x00,
  0x00, 0x00, 0x00, 0x00, 0x59, 0xe4, 0x59, 0xe4, 0x59, 0xe4, 0x59, 0xe4,
  0x59, 0xe4, 0x59, 0xe4, 0x59, 0xe4, 0x59, 0xe4, 0x49, 0xc5, 0x49, 0xc5,
  0x49, 0xc5, 0x49, 0xa4, 0x41, 0x84, 0x41, 0x84, 0x41, 0x63, 0x41, 0x63,
  0x39, 0x43, 0x39, 0x43, 0x39, 0x43, 0x39, 0x22, 0x31, 0x02, 0x31, 0x02,
  0x30, 0xe1, 0x30, 0xe1, 0x21, 0x02, 0x18, 0xc1, 0x10, 0x60, 0x08, 0x40,
  0x10, 0x60, 0x18, 0xa1, 0x20, 0xc1, 0x18, 0x81, 0x31, 0x03, 0x18, 0x82,
  0x00, 0x00, 0x00, 0x00, 0x00, 0x00, 0x00, 0x00, 0x00, 0x00, 0x00, 0x00,
  0x00, 0x00, 0x00, 0x00, 0x00, 0x00, 0x00, 0x20, 0x4a, 0x06, 0x94, 0x2c,
  0x94, 0x6d, 0x73, 0xab, 0x00, 0x00, 0x00, 0x00, 0x00, 0x00, 0x00, 0x00,
  0x00, 0x00, 0x00, 0x00, 0x00, 0x00, 0x48, 0xe0, 0x61, 0xc4, 0x59, 0xe6,
  0x00, 0x00, 0x00, 0x00, 0x00, 0x00, 0x00, 0x00, 0x00, 0x00, 0x00, 0x00,
  0x10, 0x60, 0x59, 0x83, 0x59, 0xa4, 0x59, 0xa4, 0x59, 0xa4, 0x59, 0xa4,
  0x41, 0x23, 0x00, 0x00, 0x00, 0x00, 0x00, 0x00, 0x00, 0x00, 0x00, 0x00,
  0x00, 0x00, 0x00, 0x00, 0x00, 0x00, 0x00, 0x00, 0x00, 0x00, 0x00, 0x00,
  0x00, 0x00, 0x00, 0x00, 0x00, 0x00, 0x00, 0x00, 0x00, 0x00, 0x00, 0x00,
  0x00, 0x00, 0x00, 0x00, 0x31, 0x02, 0x59, 0xc4, 0x59, 0xc4, 0x59, 0xc4,
  0x08, 0x20, 0x00, 0x00, 0x00, 0x00, 0x00, 0x00, 0x00, 0x00, 0x00, 0x00,
  0x00, 0x00, 0x49, 0x63, 0x59, 0xc4, 0x59, 0xe5, 0x61, 0xe5, 0x62, 0x05,
  0x62, 0x05, 0x5a, 0x04, 0x62, 0x04, 0x62, 0x24, 0x62, 0x25, 0x62, 0x45,
  0x6a, 0x45, 0x6a, 0x65, 0x41, 0xa3, 0x08, 0x40, 0x00, 0x00, 0x00, 0x00,
  0x00, 0x00, 0x00, 0x00, 0x00, 0x00, 0x00, 0x00, 0x00, 0x00, 0x00, 0x00,
  0x00, 0x00, 0x08, 0x40, 0x41, 0x83, 0x7a, 0xa6, 0x7a, 0xc6, 0x7a, 0xc6,
  0x7a, 0xc6, 0x7a, 0xc6, 0x39, 0x43, 0x00, 0x00, 0x00, 0x00, 0x00, 0x00,
  0x00, 0x00, 0x00, 0x00, 0x00, 0x00, 0x00, 0x00, 0x00, 0x00, 0x00, 0x00,
  0x00, 0x20, 0x49, 0xa3, 0x93, 0x68, 0x93, 0xa8, 0x72, 0xc6, 0x00, 0x00,
  0x00, 0x00, 0x00, 0x00, 0x00, 0x00, 0x00, 0x00, 0x00, 0x00, 0x00, 0x00,
  0x00, 0x00, 0x00, 0x00, 0x00, 0x00, 0x00, 0x00, 0x00, 0x00, 0x00, 0x00,
  0x42, 0x07, 0x94, 0x90, 0x94, 0xb2, 0x73, 0x8e, 0x00, 0x00, 0x00, 0x00,
  0x00, 0x00, 0x00, 0x00, 0x00, 0x00, 0x00, 0x00, 0x29, 0x65, 0x94, 0xb2,
  0x94, 0xb2, 0x94, 0xb2, 0x94, 0xb2, 0x94, 0xb2, 0x94, 0xb2, 0x94, 0xb2,
  0x94, 0xb2, 0x94, 0xb2, 0x94, 0xb2, 0x94, 0xb2, 0x94, 0xb2, 0x94, 0xb2,
  0x94, 0xb2, 0x94, 0xb2, 0x94, 0xb2, 0x94, 0xb2, 0x94, 0xb2, 0x94, 0xb2,
  0x94, 0xb2, 0x94, 0xb2, 0x94, 0xb2, 0x94, 0xb2, 0x94, 0xb2, 0x94, 0xb2,
  0x94, 0xb2, 0x94, 0xb2, 0x94, 0xb2, 0x94, 0xb2, 0x00, 0x00, 0x00, 0x00,
  0x00, 0x00, 0x00, 0x00, 0x00, 0x00, 0x00, 0x00, 0x00, 0x00, 0x00, 0x00,
  0x00, 0x00, 0x00, 0x00, 0x00, 0x00, 0x00, 0x00, 0x00, 0x00, 0x00, 0x00,
  0x00, 0x00, 0x00, 0x00, 0x00, 0x00, 0x00, 0x00, 0x00, 0x00, 0x00, 0x00,
  0x00, 0x00, 0x00, 0x00, 0x00, 0x00, 0x00, 0x00, 0x00, 0x00, 0x00, 0x00,
  0x00, 0x00, 0x00, 0x00, 0x00, 0x00, 0x00, 0x00, 0x00, 0x00, 0x00, 0x00,
  0x00, 0x00, 0x00, 0x00, 0x00, 0x00, 0x00, 0x00, 0x00, 0x00, 0x00, 0x00,
  0x00, 0x00, 0x00, 0x00, 0x00, 0x00, 0x59, 0xe4, 0x59, 0xe4, 0x59, 0xe4,
  0x59, 0xe4, 0x59, 0xe4, 0x59, 0xe4, 0x51, 0xe4, 0x49, 0xc5, 0x49, 0xc5,
  0x49, 0xa4, 0x41, 0xa4, 0x41, 0x84, 0x41, 0x63, 0x41, 0x63, 0x41, 0x63,
  0x39, 0x43, 0x39, 0x22, 0x39, 0x22, 0x31, 0x02, 0x31, 0x02, 0x30, 0xe1,
  0x28, 0xe1, 0x28, 0xc1, 0x21, 0x02, 0x18, 0xc1, 0x08, 0x60, 0x08, 0x40,
  0x10, 0x60, 0x18, 0xa1, 0x20, 0xc1, 0x18, 0x81, 0x20, 0xc2, 0x28, 0xe2,
  0x20, 0xa2, 0x18, 0x81, 0x10, 0x41, 0x00, 0x20, 0x00, 0x00, 0x00, 0x00,
  0x08, 0x41, 0x29, 0x03, 0x52, 0x06, 0x83, 0x8b, 0x93, 0xec, 0x94, 0x6e,
  0x94, 0x8f, 0x94, 0x8f, 0x42, 0x07, 0x00, 0x20, 0x00, 0x00, 0x00, 0x00,
  0x00, 0x00, 0x08, 0x40, 0x30, 0xc0, 0x49, 0x01, 0x61, 0xa3, 0x7a, 0xc8,
  0x28, 0xe2, 0x00, 0x00, 0x00, 0x00, 0x00, 0x00, 0x00, 0x00, 0x08, 0x20,
  0x41, 0x22, 0x59, 0x83, 0x59, 0xa4, 0x59, 0xa3, 0x59, 0xa3, 0x59, 0xa3,
  0x59, 0xa3, 0x20, 0xa1, 0x00, 0x00, 0x00, 0x00, 0x00, 0x00, 0x00, 0x00,
  0x10, 0x61, 0x39, 0x03, 0x08, 0x40, 0x00, 0x00, 0x00, 0x00, 0x00, 0x00,
  0x08, 0x20, 0x31, 0x02, 0x18, 0x81, 0x00, 0x00, 0x00, 0x00, 0x00, 0x00,
  0x00, 0x00, 0x18, 0x81, 0x51, 0xa4, 0x59, 0xc4, 0x59, 0xc4, 0x59, 0xc4,
  0x39, 0x43, 0x08, 0x20, 0x00, 0x00, 0x00, 0x00, 0x00, 0x00, 0x00, 0x00,
  0x28, 0xc1, 0x59, 0xc4, 0x59, 0xc4, 0x59, 0xe5, 0x61, 0xe5, 0x62, 0x05,
  0x62, 0x05, 0x5a, 0x04, 0x62, 0x04, 0x62, 0x24, 0x62, 0x25, 0x62, 0x45,
  0x6a, 0x65, 0x6a, 0x65, 0x6a, 0x86, 0x72, 0xc7, 0x49, 0xc4, 0x29, 0x02,
  0x10, 0x61, 0x00, 0x20, 0x00, 0x00, 0x08, 0x40, 0x18, 0x81, 0x31, 0x22,
  0x5a, 0x04, 0x7a, 0xa6, 0x7a, 0xc6, 0x7a, 0xc6, 0x7a, 0xc6, 0x7a, 0xc6,
  0x7a, 0xa6, 0x82, 0xe6, 0x82, 0xe7, 0x72, 0xa6, 0x41, 0x83, 0x20, 0xc1,
  0x08, 0x40, 0x00, 0x00, 0x00, 0x20, 0x10, 0x60, 0x28, 0xe2, 0x49, 0xc4,
  0x83, 0x06, 0x93, 0x67, 0x93, 0x68, 0x93, 0x88, 0x93, 0x88, 0x41, 0x83,
  0x00, 0x20, 0x00, 0x00, 0x00, 0x00, 0x00, 0x00, 0x00, 0x00, 0x00, 0x00,
  0x00, 0x00, 0x00, 0x00, 0x08, 0x41, 0x21, 0x02, 0x42, 0x26, 0x84, 0x0d,
  0x94, 0x91, 0x94, 0x91, 0x94, 0x92, 0x94, 0x92, 0x42, 0x08, 0x00, 0x20,
  0x00, 0x00, 0x00, 0x00, 0x00, 0x00, 0x18, 0xc3, 0x7b, 0xcf, 0x94, 0x92,
  0x94, 0x92, 0x94, 0x92, 0x94, 0x92, 0x94, 0x92, 0x94, 0x92, 0x94, 0x92,
  0x94, 0x92, 0x94, 0x92, 0x94, 0x92, 0x94, 0x92, 0x94, 0x92, 0x94, 0x92,
  0x94, 0x92, 0x94, 0x92, 0x94, 0x92, 0x94, 0x92, 0x94, 0x92, 0x94, 0x92,
  0x94, 0x92, 0x94, 0x92, 0x94, 0x92, 0x94, 0x92, 0x94, 0x92, 0x94, 0x92,
  0x94, 0x92, 0x94, 0x92, 0x94, 0x92, 0x00, 0x00, 0x00, 0x00, 0x00, 0x00,
  0x00, 0x00, 0x00, 0x00, 0x00, 0x00, 0x00, 0x00, 0x00, 0x00, 0x00, 0x00,
  0x00, 0x00, 0x00, 0x00, 0x00, 0x00, 0x00, 0x00, 0x00, 0x00, 0x00, 0x00,
  0x00, 0x00, 0x00, 0x00, 0x00, 0x00, 0x00, 0x00, 0x00, 0x00, 0x00, 0x00,
  0x00, 0x00, 0x00, 0x00, 0x00, 0x00, 0x00, 0x00, 0x00, 0x00, 0x00, 0x00,
  0x00, 0x00, 0x00, 0x00, 0x00, 0x00, 0x00, 0x00, 0x00, 0x00, 0x00, 0x00,
  0x00, 0x00, 0x00, 0x00, 0x00, 0x00, 0x00, 0x00, 0x00, 0x00, 0x00, 0x00,
  0x00, 0x00, 0x00, 0x00, 0x00, 0x00, 0x59, 0xe4, 0x59, 0xe4, 0x59, 0xe4,
  0x59, 0xe4, 0x59, 0xe4, 0x59, 0xe4, 0x51, 0xe4, 0x49, 0xc5, 0x49, 0xc5,
  0x49, 0xa4, 0x41, 0x84, 0x41, 0x84, 0x41, 0x63, 0x41, 0x63, 0x39, 0x43,
  0x39, 0x22, 0x31, 0x22, 0x31, 0x02, 0x31, 0x02, 0x30, 0xe1, 0x28, 0xc1,
  0x28, 0xc1, 0x28, 0xa1, 0x21, 0x02, 0x18, 0xe1, 0x08, 0x60, 0x08, 0x40,
  0x10, 0x60, 0x18, 0xa1, 0x18, 0xc1, 0x18, 0xa1, 0x20, 0xa1, 0x20, 0xa1,
  0x20, 0x81, 0x31, 0x03, 0x39, 0x44, 0x39, 0x03, 0x30, 0xc2, 0x30, 0xe3,
  0x51, 0x85, 0x8a, 0xe8, 0x93, 0xab, 0x93, 0x8b, 0x93, 0x8b, 0x94, 0x6e,
  0x94, 0x8f, 0x94, 0x8e, 0x94, 0x6e, 0x94, 0x6d, 0x94, 0x8e, 0x94, 0x8e,
  0x94, 0x2d, 0x82, 0xe8, 0x59, 0xa3, 0x51, 0x42, 0x61, 0xc4, 0x72, 0x87,
  0x72, 0x67, 0x6a, 0x05, 0x59, 0xa4, 0x51, 0x63, 0x51, 0x42, 0x51, 0x42,
  0x51, 0x63, 0x59, 0x83, 0x59, 0xa4, 0x59, 0x83, 0x59, 0x83, 0x59, 0x83,
  0x59, 0x83, 0x59, 0x83, 0x59, 0x83, 0x59, 0xa4, 0x59, 0xc5, 0x59, 0xc4,
  0x59, 0xc4, 0x59, 0xc4, 0x59, 0xc4, 0x59, 0xc4, 0x59, 0xc4, 0x59, 0xc4,
  0x59, 0xa4, 0x59, 0xa4, 0x59, 0xa4, 0x59, 0xa4, 0x59, 0xa4, 0x59, 0xa4,
  0x59, 0xa4, 0x59, 0xa4, 0x59, 0xa4, 0x59, 0xa4, 0x59, 0xa4, 0x59, 0xa4,
  0x59, 0xa4, 0x59, 0xa4, 0x59, 0xa4, 0x59, 0xa4, 0x51, 0xa4, 0x51, 0xa4,
  0x59, 0xa4, 0x59, 0xc4, 0x59, 0xe5, 0x59, 0xe5, 0x62, 0x05, 0x62, 0x05,
  0x62, 0x05, 0x5a, 0x04, 0x62, 0x24, 0x62, 0x25, 0x62, 0x45, 0x6a, 0x45,
  0x6a, 0x65, 0x6a, 0x66, 0x6a, 0x86, 0x72, 0xc7, 0x72, 0xc7, 0x72, 0xc7,
  0x72, 0xc7, 0x72, 0xc7, 0x72, 0xc7, 0x72, 0xc7, 0x72, 0xc7, 0x7a, 0xa6,
  0x7a, 0xa6, 0x7a, 0xa6, 0x7a, 0xa6, 0x7a, 0xa6, 0x7a, 0xa6, 0x7a, 0xa6,
  0x7a, 0xa6, 0x7a, 0xc6, 0x82, 0xe6, 0x82, 0xe6, 0x82, 0xe6, 0x82, 0xe6,
  0x82, 0xe6, 0x82, 0xe6, 0x82, 0xe6, 0x83, 0x06, 0x8b, 0x27, 0x8b, 0x27,
  0x8b, 0x47, 0x8b, 0x47, 0x93, 0x68, 0x93, 0x88, 0x93, 0x88, 0x93, 0x88,
  0x93, 0x68, 0x93, 0x88, 0x93, 0x88, 0x93, 0xa9, 0x93, 0xa9, 0x93, 0xc9,
  0x93, 0xc9, 0x93, 0xe9, 0x94, 0x0b, 0x94, 0x4b, 0x94, 0x6d, 0x94, 0x8e,
  0x94, 0x90, 0x94, 0x91, 0x94, 0x91, 0x94, 0x92, 0x94, 0x92, 0x94, 0x92,
  0x94, 0x92, 0x94, 0x92, 0x94, 0x92, 0x94, 0x92, 0x94, 0x92, 0x94, 0x92,
  0x94, 0x92, 0x94, 0x92, 0x94, 0x92, 0x94, 0x92, 0x94, 0x92, 0x94, 0x92,
  0x94, 0x92, 0x94, 0x92, 0x94, 0x92, 0x94, 0x92, 0x94, 0x92, 0x94, 0x92,
  0x94, 0x92, 0x94, 0x92, 0x94, 0x92, 0x94, 0x92, 0x94, 0x92, 0x94, 0x92,
  0x94, 0x92, 0x94, 0x92, 0x94, 0x92, 0x94, 0x92, 0x94, 0x92, 0x94, 0x92,
  0x94, 0x92, 0x94, 0x92, 0x94, 0x92, 0x00, 0x00, 0x00, 0x00, 0x00, 0x00,
  0x00, 0x00, 0x00, 0x00, 0x00, 0x00, 0x00, 0x00, 0x00, 0x00, 0x00, 0x00,
  0x00, 0x00, 0x00, 0x00, 0x00, 0x00, 0x00, 0x00, 0x00, 0x00, 0x00, 0x00,
  0x00, 0x00, 0x00, 0x00, 0x00, 0x00, 0x00, 0x00, 0x00, 0x00, 0x00, 0x00,
  0x00, 0x00, 0x00, 0x00, 0x00, 0x00, 0x00, 0x00, 0x00, 0x00, 0x00, 0x00,
  0x00, 0x00, 0x00, 0x00, 0x00, 0x00, 0x00, 0x00, 0x00, 0x00, 0x00, 0x00,
  0x00, 0x00, 0x00, 0x00, 0x00, 0x00, 0x00, 0x00, 0x00, 0x00, 0x00, 0x00,
  0x00, 0x00, 0x00, 0x00, 0x00, 0x00, 0x00, 0x00, 0x51, 0xc4, 0x51, 0xc4,
  0x51, 0xc4, 0x51, 0xc4, 0x51, 0xc4, 0x51, 0xc4, 0x49, 0xa5, 0x49, 0xa4,
  0x41, 0xa4, 0x41, 0x84, 0x41, 0x84, 0x41, 0x63, 0x39, 0x63, 0x39, 0x43,
  0x31, 0x02, 0x31, 0x02, 0x31, 0x02, 0x28, 0xe1, 0x28, 0xc1, 0x28, 0xc1,
  0x28, 0xa1, 0x28, 0xa0, 0x21, 0x02, 0x10, 0xe1, 0x08, 0x60, 0x00, 0x60,
  0x08, 0x80, 0x10, 0xc1, 0x18, 0xc1, 0x18, 0xa1, 0x18, 0xa1, 0x18, 0x81,
  0x18, 0x81, 0x29, 0x03, 0x39, 0x64, 0x39, 0x24, 0x28, 0xc2, 0x20, 0x81,
  0x39, 0x02, 0x72, 0x26, 0x8b, 0x09, 0x83, 0x09, 0x83, 0x29, 0x8c, 0x2c,
  0x8c, 0x4d, 0x8c, 0x2d, 0x8c, 0x4d, 0x8c, 0x6d, 0x8c, 0x6d, 0x8c, 0x6e,
  0x8c, 0x0c, 0x7a, 0xc8, 0x51, 0x62, 0x40, 0xe0, 0x49, 0x01, 0x62, 0x05,
  0x6a, 0x06, 0x61, 0xc4, 0x59, 0xa4, 0x51, 0x63, 0x51, 0x63, 0x51, 0x63,
  0x51, 0x42, 0x51, 0x83, 0x59, 0x83, 0x59, 0x83, 0x59, 0x83, 0x59, 0x83,
  0x59, 0x83, 0x59, 0x83, 0x59, 0x83, 0x59, 0xa4, 0x59, 0xc4, 0x59, 0xc4,
  0x59, 0xc4, 0x59, 0xc4, 0x59, 0xc4, 0x59, 0xc4, 0x59, 0xc4, 0x59, 0xc4,
  0x51, 0xa4, 0x51, 0xa4, 0x51, 0xa4, 0x51, 0xa4, 0x51, 0xa4, 0x51, 0xa4,
  0x51, 0xa4, 0x51, 0xa4, 0x51, 0xa4, 0x51, 0xa4, 0x51, 0xa4, 0x51, 0xa4,
  0x51, 0xa4, 0x51, 0xa4, 0x51, 0xa4, 0x51, 0xa4, 0x51, 0xa4, 0x51, 0xa4,
  0x59, 0xc4, 0x59, 0xc4, 0x59, 0xe5, 0x62, 0x05, 0x62, 0x05, 0x62, 0x06,
  0x62, 0x05, 0x62, 0x24, 0x62, 0x25, 0x62, 0x25, 0x62, 0x45, 0x6a, 0x65,
  0x6a, 0x66, 0x6a, 0x66, 0x6a, 0x86, 0x72, 0xa7, 0x72, 0xa7, 0x72, 0xa7,
  0x72, 0xa7, 0x72, 0xa7, 0x72, 0xa7, 0x72, 0xa7, 0x72, 0xa7, 0x72, 0xa6,
  0x7a, 0xa6, 0x7a, 0xa6, 0x7a, 0xa6, 0x7a, 0xa6, 0x7a, 0xa6, 0x7a, 0xa6,
  0x72, 0xa5, 0x7a, 0xc6, 0x7a, 0xc6, 0x7a, 0xc6, 0x7a, 0xc6, 0x7a, 0xc6,
  0x7a, 0xc6, 0x7a, 0xc6, 0x7a, 0xc6, 0x82, 0xe6, 0x83, 0x26, 0x83, 0x27,
  0x8b, 0x27, 0x8b, 0x47, 0x8b, 0x48, 0x8b, 0x68, 0x8b, 0x68, 0x8b, 0x68,
  0x8b, 0x68, 0x8b, 0x68, 0x8b, 0x68, 0x8b, 0x88, 0x8b, 0xa9, 0x8b, 0xa9,
  0x8b, 0xc9, 0x8b, 0xc9, 0x8b, 0xeb, 0x8c, 0x2b, 0x8c, 0x4d, 0x8c, 0x6e,
  0x8c, 0x70, 0x8c, 0x71, 0x8c, 0x71, 0x8c, 0x71, 0x8c, 0x71, 0x8c, 0x71,
  0x8c, 0x71, 0x8c, 0x71, 0x8c, 0x71, 0x8c, 0x71, 0x8c, 0x71, 0x8c, 0x71,
  0x8c, 0x71, 0x8c, 0x71, 0x8c, 0x71, 0x8c, 0x71, 0x8c, 0x71, 0x8c, 0x71,
  0x8c, 0x71, 0x8c, 0x71, 0x8c, 0x71, 0x8c, 0x71, 0x8c, 0x71, 0x8c, 0x71,
  0x8c, 0x71, 0x8c, 0x71, 0x8c, 0x71, 0x8c, 0x71, 0x8c, 0x71, 0x8c, 0x71,
  0x8c, 0x71, 0x8c, 0x71, 0x8c, 0x71, 0x8c, 0x71, 0x8c, 0x71, 0x8c, 0x71,
  0x8c, 0x71, 0x8c, 0x71, 0x00, 0x00, 0x00, 0x00, 0x00, 0x00, 0x00, 0x00,
  0x00, 0x00, 0x00, 0x00, 0x00, 0x00, 0x00, 0x00, 0x00, 0x00, 0x00, 0x00,
  0x00, 0x00, 0x00, 0x00, 0x00, 0x00, 0x00, 0x00, 0x00, 0x00, 0x00, 0x00,
  0x00, 0x00, 0x00, 0x00, 0x00, 0x00, 0x00, 0x00, 0x00, 0x00, 0x00, 0x00,
  0x00, 0x00, 0x00, 0x00, 0x00, 0x00, 0x00, 0x00, 0x00, 0x00, 0x00, 0x00,
  0x00, 0x00, 0x00, 0x00, 0x00, 0x00, 0x00, 0x00, 0x00, 0x00, 0x00, 0x00,
  0x00, 0x00, 0x00, 0x00, 0x00, 0x00, 0x00, 0x00, 0x00, 0x00, 0x00, 0x00,
  0x00, 0x00, 0x00, 0x00, 0x00, 0x00, 0x00, 0x00, 0x00, 0x00, 0x51, 0xc4,
  0x51, 0xc4, 0x51, 0xc4, 0x51, 0xc4, 0x51, 0xc4, 0x41, 0xa5, 0x41, 0xa4,
  0x41, 0x84, 0x41, 0x84, 0x41, 0x64, 0x39, 0x63, 0x39, 0x43, 0x39, 0x43,
  0x30, 0xe2, 0x30, 0xe2, 0x28, 0xe1, 0x28, 0xc1, 0x28, 0xa1, 0x20, 0xa0,
  0x20, 0xa0, 0x20, 0x80, 0x19, 0x02, 0x10, 0xe1, 0x08, 0x60, 0x00, 0x40,
  0x08, 0x80, 0x10, 0xa1, 0x18, 0xc1, 0x18, 0x81, 0x18, 0xa1, 0x20, 0xa1,
  0x18, 0x81, 0x28, 0xe3, 0x39, 0x64, 0x39, 0x44, 0x28, 0xc2, 0x20, 0x61,
  0x30, 0xe2, 0x6a, 0x05, 0x7a, 0x87, 0x82, 0xe8, 0x8b, 0x6a, 0x8c, 0x2c,
  0x8c, 0x4d, 0x8c, 0x4d, 0x8c, 0x4d, 0x8c, 0x4e, 0x8c, 0x4e, 0x8c, 0x4e,
  0x8b, 0xec, 0x72, 0xa7, 0x49, 0x42, 0x38, 0x80, 0x38, 0x80, 0x59, 0xa4,
  0x59, 0xc4, 0x59, 0xa4, 0x39, 0x22, 0x20, 0x81, 0x08, 0x40, 0x00, 0x00,
  0x00, 0x00, 0x00, 0x00, 0x08, 0x40, 0x20, 0x81, 0x41, 0x22, 0x51, 0x83,
  0x51, 0x83, 0x51, 0x83, 0x28, 0xa1, 0x00, 0x00, 0x00, 0x00, 0x00, 0x00,
  0x00, 0x00, 0x08, 0x20, 0x39, 0x23, 0x51, 0xa4, 0x51, 0xa4, 0x51, 0xa4,
  0x18, 0x81, 0x00, 0x00, 0x00, 0x00, 0x00, 0x00, 0x00, 0x00, 0x08, 0x40,
  0x41, 0x43, 0x51, 0xa4, 0x51, 0xa4, 0x51, 0xa4, 0x51, 0xa4, 0x49, 0x63,
  0x28, 0xe2, 0x10, 0x61, 0x08, 0x20, 0x00, 0x00, 0x00, 0x00, 0x08, 0x20,
  0x18, 0x81, 0x31, 0x03, 0x59, 0xc5, 0x62, 0x05, 0x62, 0x05, 0x62, 0x06,
  0x62, 0x25, 0x28, 0xe2, 0x00, 0x00, 0x00, 0x00, 0x00, 0x00, 0x00, 0x00,
  0x00, 0x00, 0x00, 0x00, 0x00, 0x00, 0x00, 0x00, 0x00, 0x00, 0x00, 0x00,
  0x00, 0x00, 0x00, 0x00, 0x00, 0x00, 0x10, 0x61, 0x5a, 0x05, 0x72, 0x85,
  0x72, 0x85, 0x51, 0xe4, 0x31, 0x02, 0x10, 0x61, 0x08, 0x20, 0x00, 0x00,
  0x00, 0x20, 0x10, 0x61, 0x31, 0x02, 0x5a, 0x04, 0x7a, 0xc6, 0x7a, 0xc6,
  0x7a, 0xc6, 0x7a, 0xc6, 0x7a, 0xc6, 0x7a, 0xe6, 0x83, 0x06, 0x83, 0x06,
  0x83, 0x27, 0x8b, 0x27, 0x8b, 0x47, 0x8b, 0x48, 0x8b, 0x68, 0x8b, 0x68,
  0x8b, 0x47, 0x8b, 0x48, 0x8b, 0x68, 0x8b, 0x68, 0x8b, 0x88, 0x8b, 0xa9,
  0x8b, 0xa9, 0x8b, 0xa9, 0x8b, 0xea, 0x8c, 0x0b, 0x8c, 0x4d, 0x8c, 0x4e,
  0x8c, 0x50, 0x8c, 0x50, 0x8c, 0x51, 0x8c, 0x51, 0x8c, 0x51, 0x8c, 0x51,
  0x8c, 0x51, 0x8c, 0x51, 0x8c, 0x51, 0x8c, 0x51, 0x8c, 0x51, 0x8c, 0x51,
  0x8c, 0x51, 0x8c, 0x51, 0x8c, 0x51, 0x8c, 0x51, 0x8c, 0x51, 0x8c, 0x51,
  0x8c, 0x51, 0x8c, 0x51, 0x8c, 0x51, 0x8c, 0x51, 0x8c, 0x51, 0x8c, 0x51,
  0x8c, 0x51, 0x8c, 0x51, 0x8c, 0x51, 0x8c, 0x51, 0x8c, 0x51, 0x8c, 0x51,
  0x8c, 0x51, 0x8c, 0x51, 0x8c, 0x51, 0x8c, 0x51, 0x8c, 0x51, 0x8c, 0x51,
  0x8c, 0x51, 0x00, 0x00, 0x00, 0x00, 0x00, 0x00, 0x00, 0x00, 0x00, 0x00,
  0x00, 0x00, 0x00, 0x00, 0x00, 0x00, 0x00, 0x00, 0x00, 0x00, 0x00, 0x00,
  0x00, 0x00, 0x00, 0x00, 0x00, 0x00, 0x00, 0x00, 0x00, 0x00, 0x00, 0x00,
  0x00, 0x00, 0x00, 0x00, 0x00, 0x00, 0x00, 0x00, 0x00, 0x00, 0x00, 0x00,
  0x00, 0x00, 0x00, 0x00, 0x00, 0x00, 0x00, 0x00, 0x00, 0x00, 0x00, 0x00,
  0x00, 0x00, 0x00, 0x00, 0x00, 0x00, 0x00, 0x00, 0x00, 0x00, 0x00, 0x00,
  0x00, 0x00, 0x00, 0x00, 0x00, 0x00, 0x00, 0x00, 0x00, 0x00, 0x00, 0x00,
  0x00, 0x00, 0x00, 0x00, 0x00, 0x00, 0x00, 0x00, 0x00, 0x00, 0x00, 0x00,
  0x51, 0xc4, 0x51, 0xc4, 0x51, 0xc4, 0x49, 0xc4, 0x41, 0xa5, 0x41, 0xa4,
  0x41, 0x84, 0x41, 0x84, 0x39, 0x63, 0x39, 0x43, 0x39, 0x43, 0x39, 0x43,
  0x28, 0xe1, 0x28, 0xe1, 0x28, 0xc1, 0x28, 0xc1, 0x20, 0xa0, 0x20, 0x80,
  0x20, 0x80, 0x20, 0x60, 0x19, 0x02, 0x10, 0xe1, 0x08, 0x60, 0x00, 0x60,
  0x08, 0x80, 0x10, 0xa1, 0x18, 0xc1, 0x10, 0x81, 0x20, 0xe2, 0x20, 0xe2,
  0x18, 0xa1, 0x28, 0xe2, 0x39, 0x64, 0x39, 0x44, 0x28, 0xe2, 0x20, 0x81,
  0x30, 0xc2, 0x59, 0x83, 0x59, 0xc4, 0x72, 0xa7, 0x83, 0x6a, 0x83, 0xcb,
  0x83, 0xec, 0x84, 0x0c, 0x84, 0x0c, 0x84, 0x2e, 0x84, 0x2d, 0x83, 0xec,
  0x83, 0x8a, 0x72, 0x87, 0x49, 0x62, 0x40, 0xe0, 0x40, 0xe1, 0x51, 0x63,
  0x49, 0x43, 0x10, 0x61, 0x00, 0x00, 0x00, 0x00, 0x00, 0x00, 0x00, 0x00,
  0x00, 0x00, 0x00, 0x00, 0x00, 0x00, 0x00, 0x00, 0x00, 0x00, 0x10, 0x60,
  0x49, 0x43, 0x41, 0x23, 0x00, 0x00, 0x00, 0x00, 0x00, 0x00, 0x00, 0x00,
  0x00, 0x00, 0x00, 0x00, 0x08, 0x20, 0x51, 0xa4, 0x51, 0xa4, 0x31, 0x02,
  0x00, 0x00, 0x00, 0x00, 0x00, 0x00, 0x00, 0x00, 0x00, 0x00, 0x00, 0x00,
  0x10, 0x61, 0x51, 0xa4, 0x51, 0xa4, 0x49, 0x84, 0x20, 0xa1, 0x00, 0x00,
  0x00, 0x00, 0x00, 0x00, 0x00, 0x00, 0x00, 0x00, 0x00, 0x00, 0x00, 0x00,
  0x00, 0x00, 0x00, 0x00, 0x00, 0x20, 0x31, 0x03, 0x62, 0x06, 0x62, 0x26,
  0x49, 0xa4, 0x00, 0x00, 0x00, 0x00, 0x00, 0x00, 0x00, 0x00, 0x00, 0x00,
  0x00, 0x00, 0x00, 0x00, 0x00, 0x00, 0x00, 0x00, 0x00, 0x00, 0x00, 0x00,
  0x00, 0x00, 0x00, 0x00, 0x00, 0x00, 0x00, 0x00, 0x18, 0xa1, 0x62, 0x25,
  0x18, 0xa1, 0x00, 0x00, 0x00, 0x00, 0x00, 0x00, 0x00, 0x00, 0x00, 0x00,
  0x00, 0x00, 0x00, 0x00, 0x00, 0x00, 0x00, 0x00, 0x18, 0xa1, 0x6a, 0x65,
  0x7a, 0xa6, 0x7a, 0xa6, 0x7a, 0xa6, 0x7a, 0xc6, 0x82, 0xe6, 0x83, 0x06,
  0x83, 0x07, 0x83, 0x27, 0x83, 0x27, 0x83, 0x47, 0x83, 0x48, 0x83, 0x48,
  0x83, 0x47, 0x83, 0x47, 0x83, 0x48, 0x83, 0x68, 0x83, 0x68, 0x83, 0x88,
  0x83, 0x89, 0x83, 0x89, 0x83, 0xca, 0x83, 0xeb, 0x84, 0x2d, 0x84, 0x2e,
  0x84, 0x30, 0x84, 0x30, 0x84, 0x30, 0x84, 0x30, 0x84, 0x30, 0x84, 0x30,
  0x84, 0x30, 0x84, 0x30, 0x84, 0x30, 0x84, 0x30, 0x84, 0x30, 0x84, 0x30,
  0x84, 0x30, 0x84, 0x30, 0x84, 0x30, 0x84, 0x30, 0x84, 0x30, 0x84, 0x30,
  0x84, 0x30, 0x84, 0x30, 0x84, 0x30, 0x84, 0x30, 0x84, 0x30, 0x84, 0x30,
  0x84, 0x30, 0x84, 0x30, 0x84, 0x30, 0x84, 0x30, 0x84, 0x30, 0x84, 0x30,
  0x84, 0x30, 0x84, 0x30, 0x84, 0x30, 0x84, 0x30, 0x84, 0x30, 0x84, 0x30,
  0x00, 0x00, 0x00, 0x00, 0x00, 0x00, 0x00, 0x00, 0x00, 0x00, 0x00, 0x00,
  0x00, 0x00, 0x00, 0x00, 0x00, 0x00, 0x00, 0x00, 0x00, 0x00, 0x00, 0x00,
  0x00, 0x00, 0x00, 0x00, 0x00, 0x00, 0x00, 0x00, 0x00, 0x00, 0x00, 0x00,
  0x00, 0x00, 0x00, 0x00, 0x00, 0x00, 0x00, 0x00, 0x00, 0x00, 0x00, 0x00,
  0x00, 0x00, 0x00, 0x00, 0x00, 0x00, 0x00, 0x00, 0x00, 0x00, 0x00, 0x00,
  0x00, 0x00, 0x00, 0x00, 0x00, 0x00, 0x00, 0x00, 0x00, 0x00, 0x00, 0x00,
  0x00, 0x00, 0x00, 0x00, 0x00, 0x00, 0x00, 0x00, 0x00, 0x00, 0x00, 0x00,
  0x00, 0x00, 0x00, 0x00, 0x00, 0x00, 0x00, 0x00, 0x00, 0x00, 0x00, 0x00,
  0x51, 0xc4, 0x51, 0xc4, 0x51, 0xc4, 0x49, 0xa4, 0x41, 0xa4, 0x41, 0xa4,
  0x41, 0x84, 0x41, 0x84, 0x39, 0x63, 0x39, 0x43, 0x39, 0x43, 0x39, 0x43,
  0x28, 0xc1, 0x28, 0xc1, 0x28, 0xc1, 0x28, 0xa1, 0x20, 0xa0, 0x20, 0x80,
  0x20, 0x80, 0x20, 0x60, 0x19, 0x02, 0x10, 0xe1, 0x08, 0x60, 0x00, 0x40,
  0x08, 0x80, 0x10, 0xa1, 0x18, 0xc1, 0x10, 0x80, 0x21, 0x03, 0x29, 0x23,
  0x20, 0xa1, 0x28, 0xe2, 0x39, 0x64, 0x39, 0x64, 0x31, 0x03, 0x20, 0xa2,
  0x28, 0xa1, 0x38, 0x60, 0x30, 0x60, 0x59, 0xa3, 0x7a, 0xa7, 0x6a, 0xc7,
  0x72, 0xc7, 0x73, 0x08, 0x73, 0x08, 0x73, 0x29, 0x6a, 0xe8, 0x72, 0xc7,
  0x6a, 0xa7, 0x61, 0xe4, 0x49, 0x21, 0x40, 0xe1, 0x51, 0x22, 0x41, 0x22,
  0x08, 0x20, 0x00, 0x00, 0x10, 0xa2, 0x84, 0x10, 0xce, 0x59, 0xef, 0x5d,
  0xff, 0xdf, 0xef, 0x7d, 0xce, 0x59, 0x84, 0x30, 0x18, 0xc3, 0x00, 0x00,
  0x08, 0x20, 0x30, 0xe2, 0x00, 0x00, 0x52, 0x8a, 0xff, 0xff, 0xff, 0xff,
  0xff, 0xff, 0x00, 0x20, 0x00, 0x00, 0x51, 0x84, 0x51, 0xa4, 0x28, 0xc2,
  0x00, 0x00, 0x7b, 0xef, 0xff, 0xff, 0xff, 0xff, 0xde, 0xdb, 0x00, 0x00,
  0x08, 0x40, 0x51, 0x84, 0x49, 0x63, 0x10, 0x40, 0x00, 0x00, 0x00, 0x00,
  0x5a, 0xcb, 0xad, 0x55, 0xde, 0xfb, 0xf7, 0xbe, 0xf7, 0xbe, 0xde, 0xfb,
  0xa5, 0x14, 0x4a, 0x49, 0x00, 0x00, 0x00, 0x00, 0x18, 0x81, 0x5a, 0x06,
  0x41, 0x63, 0x00, 0x00, 0x52, 0xaa, 0xff, 0xff, 0xff, 0xff, 0xff, 0xff,
  0xff, 0xff, 0xff, 0xff, 0xff, 0xff, 0xff, 0xff, 0xff, 0xff, 0xff, 0xff,
  0xff, 0xff, 0xff, 0xff, 0xe7, 0x1c, 0x00, 0x00, 0x08, 0x40, 0x08, 0x40,
  0x00, 0x00, 0x10, 0xa2, 0x84, 0x10, 0xce, 0x59, 0xef, 0x5d, 0xff, 0xdf,
  0xef, 0x7d, 0xce, 0x59, 0x84, 0x30, 0x18, 0xc3, 0x00, 0x00, 0x08, 0x40,
  0x6a, 0x45, 0x72, 0xa6, 0x72, 0x86, 0x7a, 0xa6, 0x7a, 0xe6, 0x7a, 0xe6,
  0x7a, 0xe6, 0x83, 0x07, 0x83, 0x07, 0x83, 0x27, 0x83, 0x27, 0x83, 0x27,
  0x83, 0x27, 0x83, 0x27, 0x83, 0x27, 0x83, 0x48, 0x83, 0x68, 0x83, 0x88,
  0x83, 0x88, 0x83, 0x89, 0x83, 0xaa, 0x83, 0xca, 0x84, 0x0c, 0x84, 0x2d,
  0x84, 0x2f, 0x84, 0x30, 0x84, 0x30, 0x84, 0x30, 0x84, 0x30, 0x84, 0x30,
  0x84, 0x30, 0x84, 0x30, 0x84, 0x30, 0x84, 0x30, 0x84, 0x30, 0x84, 0x30,
  0x84, 0x30, 0x84, 0x30, 0x84, 0x30, 0x84, 0x30, 0x84, 0x30, 0x84, 0x30,
  0x84, 0x30, 0x84, 0x30, 0x84, 0x30, 0x84, 0x30, 0x84, 0x30, 0x84, 0x30,
  0x84, 0x30, 0x84, 0x30, 0x84, 0x30, 0x84, 0x30, 0x84, 0x30, 0x84, 0x30,
  0x84, 0x30, 0x84, 0x30, 0x84, 0x30, 0x84, 0x30, 0x84, 0x30, 0x84, 0x30,
  0x00, 0x00, 0x00, 0x00, 0x00, 0x00, 0x00, 0x00, 0x00, 0x00, 0x00, 0x00,
  0x00, 0x00, 0x00, 0x00, 0x00, 0x00, 0x00, 0x00, 0x00, 0x00, 0x00, 0x00,
  0x00, 0x00, 0x00, 0x00, 0x00, 0x00, 0x00, 0x00, 0x00, 0x00, 0x00, 0x00,
  0x00, 0x00, 0x00, 0x00, 0x00, 0x00, 0x00, 0x00, 0x00, 0x00, 0x00, 0x00,
  0x00, 0x00, 0x00, 0x00, 0x00, 0x00, 0x00, 0x00, 0x00, 0x00, 0x00, 0x00,
  0x00, 0x00, 0x00, 0x00, 0x00, 0x00, 0x00, 0x00, 0x00, 0x00, 0x00, 0x00,
  0x00, 0x00, 0x00, 0x00, 0x00, 0x00, 0x00, 0x00, 0x00, 0x00, 0x00, 0x00,
  0x00, 0x00, 0x00, 0x00, 0x00, 0x00, 0x00, 0x00, 0x00, 0x00, 0x00, 0x00,
  0x00, 0x00, 0x49, 0x83, 0x49, 0x83, 0x41, 0x83, 0x31, 0x65, 0x39, 0x64,
  0x31, 0x44, 0x31, 0x44, 0x29, 0x23, 0x29, 0x03, 0x28, 0xe2, 0x20, 0xe2,
  0x18, 0xa1, 0x18, 0xa1, 0x18, 0xa1, 0x18, 0x81, 0x18, 0x81, 0x18, 0x81,
  0x18, 0x81, 0x18, 0x81, 0x18, 0x81, 0x18, 0x81, 0x10, 0x81, 0x10, 0x81,
  0x10, 0x81, 0x18, 0x81, 0x18, 0x81, 0x10, 0x81, 0x20, 0xc2, 0x20, 0xe3,
  0x20, 0xc2, 0x20, 0xe3, 0x28, 0xe3, 0x28, 0xe3, 0x20, 0xe3, 0x20, 0xe3,
  0x20, 0xc2, 0x18, 0x60, 0x10, 0x20, 0x28, 0xe1, 0x39, 0x63, 0x41, 0xa4,
  0x52, 0x46, 0x5a, 0xa8, 0x52, 0x46, 0x5a, 0x67, 0x52, 0x47, 0x52, 0x26,
  0x4a, 0x05, 0x41, 0xc4, 0x39, 0x63, 0x39, 0x43, 0x31, 0x43, 0x10, 0x61,
  0x00, 0x00, 0x39, 0xe7, 0xf7, 0x9e, 0xff, 0xff, 0xff, 0xff, 0xff, 0xff,
  0xff, 0xff, 0xff, 0xff, 0xff, 0xff, 0xff, 0xff, 0xef, 0x7d, 0x42, 0x08,
  0x00, 0x00, 0x08, 0x40, 0x00, 0x00, 0x52, 0x8a, 0xff, 0xff, 0xff, 0xff,
  0xff, 0xff, 0x00, 0x20, 0x00, 0x00, 0x51, 0xc4, 0x51, 0xc5, 0x28, 0xe2,
  0x00, 0x00, 0x7b, 0xef, 0xff, 0xff, 0xff, 0xff, 0xde, 0xdb, 0x00, 0x00,
  0x08, 0x40, 0x51, 0xa4, 0x10, 0x61, 0x00, 0x00, 0x21, 0x04, 0xd6, 0x9a,
  0xff, 0xff, 0xff, 0xff, 0xff, 0xff, 0xff, 0xff, 0xff, 0xff, 0xff, 0xff,
  0xff, 0xff, 0xff, 0xff, 0xbd, 0xf7, 0x10, 0xa2, 0x00, 0x00, 0x18, 0xa1,
  0x41, 0x63, 0x00, 0x00, 0x52, 0xaa, 0xff, 0xff, 0xff, 0xff, 0xff, 0xff,
  0xff, 0xff, 0xff, 0xff, 0xff, 0xff, 0xff, 0xff, 0xff, 0xff, 0xff, 0xff,
  0xff, 0xff, 0xff, 0xff, 0xe7, 0x1c, 0x00, 0x00, 0x00, 0x00, 0x00, 0x00,
  0x39, 0xe7, 0xf7, 0x9e, 0xff, 0xff, 0xff, 0xff, 0xff, 0xff, 0xff, 0xff,
  0xff, 0xff, 0xff, 0xff, 0xff, 0xff, 0xef, 0x7d, 0x42, 0x08, 0x00, 0x00,
  0x18, 0xa1, 0x7a, 0xc6, 0x7a, 0xe7, 0x7a, 0xe6, 0x82, 0xe4, 0x83, 0x05,
  0x83, 0x26, 0x83, 0x47, 0x83, 0x68, 0x83, 0x88, 0x83, 0x88, 0x83, 0x88,
  0x83, 0x87, 0x83, 0x88, 0x83, 0x67, 0x83, 0x27, 0x82, 0xc7, 0x82, 0xc7,
  0x82, 0xe8, 0x83, 0x29, 0x83, 0xef, 0x84, 0x0f, 0x84, 0x0f, 0x84, 0x0f,
  0x84, 0x10, 0x84, 0x10, 0x84, 0x10, 0x84, 0x10, 0x84, 0x10, 0x84, 0x10,
  0x84, 0x10, 0x84, 0x10, 0x84, 0x10, 0x84, 0x10, 0x84, 0x10, 0x84, 0x10,
  0x84, 0x10, 0x84, 0x10, 0x84, 0x10, 0x84, 0x10, 0x84, 0x10, 0x84, 0x10,
  0x84, 0x10, 0x84, 0x10, 0x84, 0x10, 0x84, 0x10, 0x84, 0x10, 0x84, 0x10,
  0x84, 0x10, 0x84, 0x10, 0x84, 0x10, 0x84, 0x10, 0x84, 0x10, 0x84, 0x10,
  0x84, 0x10, 0x84, 0x10, 0x84, 0x10, 0x84, 0x10, 0x84, 0x10, 0x00, 0x00,
  0x00, 0x00, 0x00, 0x00, 0x00, 0x00, 0x00, 0x00, 0x00, 0x00, 0x00, 0x00,
  0x00, 0x00, 0x00, 0x00, 0x00, 0x00, 0x00, 0x00, 0x00, 0x00, 0x00, 0x00,
  0x00, 0x00, 0x00, 0x00, 0x00, 0x00, 0x00, 0x00, 0x00, 0x00, 0x00, 0x00,
  0x00, 0x00, 0x00, 0x00, 0x00, 0x00, 0x00, 0x00, 0x00, 0x00, 0x00, 0x00,
  0x00, 0x00, 0x00, 0x00, 0x00, 0x00, 0x00, 0x00, 0x00, 0x00, 0x00, 0x00,
  0x00, 0x00, 0x00, 0x00, 0x00, 0x00, 0x00, 0x00, 0x00, 0x00, 0x00, 0x00,
  0x00, 0x00, 0x00, 0x00, 0x00, 0x00, 0x00, 0x00, 0x00, 0x00, 0x00, 0x00,
  0x00, 0x00, 0x00, 0x00, 0x00, 0x00, 0x00, 0x00, 0x00, 0x00, 0x00, 0x00,
  0x00, 0x00, 0x00, 0x00, 0x41, 0x62, 0x39, 0x63, 0x31, 0x65, 0x31, 0x44,
  0x31, 0x44, 0x29, 0x23, 0x29, 0x03, 0x20, 0xe2, 0x20, 0xc2, 0x20, 0xc2,
  0x18, 0x81, 0x18, 0x81, 0x18, 0x81, 0x18, 0x81, 0x18, 0x81, 0x18, 0x81,
  0x18, 0x81, 0x18, 0x81, 0x18, 0x81, 0x18, 0x81, 0x18, 0x81, 0x18, 0x81,
  0x18, 0x81, 0x18, 0x81, 0x18, 0x81, 0x18, 0x61, 0x18, 0xa2, 0x20, 0xe3,
  0x20, 0xe3, 0x20, 0xe3, 0x20, 0xc3, 0x20, 0xc3, 0x20, 0xe3, 0x20, 0xe3,
  0x20, 0xe2, 0x18, 0xa0, 0x10, 0x40, 0x18, 0xa0, 0x29, 0x02, 0x31, 0x63,
  0x4a, 0x26, 0x52, 0x68, 0x4a, 0x06, 0x52, 0x47, 0x52, 0x47, 0x4a, 0x06,
  0x41, 0xe5, 0x39, 0xa5, 0x39, 0x84, 0x31, 0x63, 0x21, 0x02, 0x00, 0x00,
  0x10, 0x82, 0xef, 0x7d, 0xff, 0xff, 0xff, 0xff, 0xff, 0xff, 0xff, 0xff,
  0xff, 0xff, 0xff, 0xff, 0xff, 0xff, 0xff, 0xff, 0xff, 0xff, 0xef, 0x7d,
  0x10, 0xa2, 0x00, 0x00, 0x00, 0x00, 0x52, 0x8a, 0xff, 0xff, 0xff, 0xff,
  0xff, 0xff, 0x00, 0x20, 0x00, 0x00, 0x51, 0xc5, 0x51, 0xc5, 0x28, 0xe2,
  0x00, 0x00, 0x7b, 0xef, 0xff, 0xff, 0xff, 0xff, 0xde, 0xdb, 0x00, 0x00,
  0x08, 0x40, 0x28, 0xc2, 0x00, 0x00, 0x18, 0xe3, 0xef, 0x5d, 0xff, 0xff,
  0xff, 0xff, 0xff, 0xff, 0xff, 0xff, 0xff, 0xff, 0xff, 0xff, 0xff, 0xff,
  0xff, 0xff, 0xff, 0xff, 0xff, 0xff, 0xde, 0xfb, 0x10, 0x82, 0x00, 0x00,
  0x20, 0xc2, 0x00, 0x00, 0x52, 0xaa, 0xff, 0xff, 0xff, 0xff, 0xff, 0xff,
  0xff, 0xff, 0xff, 0xff, 0xff, 0xff, 0xff, 0xff, 0xff, 0xff, 0xff, 0xff,
  0xff, 0xff, 0xff, 0xff, 0xe7, 0x1c, 0x00, 0x00, 0x00, 0x00, 0x10, 0x82,
  0xef, 0x7d, 0xff, 0xff, 0xff, 0xff, 0xff, 0xff, 0xff, 0xff, 0xff, 0xff,
  0xff, 0xff, 0xff, 0xff, 0xff, 0xff, 0xff, 0xff, 0xef, 0x7d, 0x10, 0xa2,
  0x00, 0x00, 0x5a, 0x25, 0x7a, 0xe7, 0x7a, 0xe5, 0x7a, 0xc3, 0x7a, 0xe5,
  0x7b, 0x26, 0x7b, 0x47, 0x7b, 0x68, 0x7b, 0x88, 0x7b, 0x88, 0x7b, 0xa8,
  0x7b, 0x87, 0x7b, 0x88, 0x7b, 0x47, 0x7b, 0x06, 0x7a, 0xa6, 0x7a, 0x86,
  0x7a, 0xc8, 0x7b, 0x09, 0x7b, 0xef, 0x7b, 0xef, 0x7b, 0xef, 0x7b, 0xef,
  0x7b, 0xef, 0x7b, 0xef, 0x7b, 0xef, 0x7b, 0xef, 0x7b, 0xef, 0x7b, 0xef,
  0x7b, 0xef, 0x7b, 0xef, 0x7b, 0xef, 0x7b, 0xef, 0x7b, 0xef, 0x7b, 0xef,
  0x7b, 0xef, 0x7b, 0xef, 0x7b, 0xef, 0x7b, 0xef, 0x7b, 0xef, 0x7b, 0xef,
  0x7b, 0xef, 0x7b, 0xef, 0x7b, 0xef, 0x7b, 0xef, 0x7b, 0xef, 0x7b, 0xef,
  0x7b, 0xef, 0x7b, 0xef, 0x7b, 0xef, 0x7b, 0xef, 0x7b, 0xef, 0x7b, 0xef,
  0x7b, 0xef, 0x7b, 0xef, 0x7b, 0xef, 0x7b, 0xef, 0x00, 0x00, 0x00, 0x00,
  0x00, 0x00, 0x00, 0x00, 0x00, 0x00, 0x00, 0x00, 0x00, 0x00, 0x00, 0x00,
  0x00, 0x00, 0x00, 0x00, 0x00, 0x00, 0x00, 0x00, 0x00, 0x00, 0x00, 0x00,
  0x00, 0x00, 0x00, 0x00, 0x00, 0x00, 0x00, 0x00, 0x00, 0x00, 0x00, 0x00,
  0x00, 0x00, 0x00, 0x00, 0x00, 0x00, 0x00, 0x00, 0x00, 0x00, 0x00, 0x00,
  0x00, 0x00, 0x00, 0x00, 0x00, 0x00, 0x00, 0x00, 0x00, 0x00, 0x00, 0x00,
  0x00, 0x00, 0x00, 0x00, 0x00, 0x00, 0x00, 0x00, 0x00, 0x00, 0x00, 0x00,
  0x00, 0x00, 0x00, 0x00, 0x00, 0x00, 0x00, 0x00, 0x00, 0x00, 0x00, 0x00,
  0x00, 0x00, 0x00, 0x00, 0x00, 0x00, 0x00, 0x00, 0x00, 0x00, 0x00, 0x00,
  0x00, 0x00, 0x00, 0x00, 0x00, 0x00, 0x39, 0x63, 0x31, 0x44, 0x31, 0x44,
  0x29, 0x24, 0x29, 0x03, 0x20, 0xe3, 0x20, 0xc2, 0x20, 0xc2, 0x18, 0xa2,
  0x18, 0x81, 0x18, 0x81, 0x18, 0x81, 0x18, 0x81, 0x18, 0x81, 0x18, 0x81,
  0x18, 0x81, 0x18, 0x81, 0x18, 0x81, 0x18, 0x81, 0x18, 0x81, 0x18, 0x81,
  0x18, 0x81, 0x18, 0x81, 0x18, 0x81, 0x10, 0x61, 0x18, 0xa2, 0x20, 0xe3,
  0x20, 0xc3, 0x20, 0xc3, 0x20, 0xc3, 0x20, 0xc3, 0x20, 0xc3, 0x20, 0xc3,
  0x29, 0x03, 0x29, 0x02, 0x10, 0x60, 0x18, 0x80, 0x20, 0xc1, 0x31, 0x43,
  0x41, 0xe6, 0x52, 0x27, 0x4a, 0x06, 0x52, 0x27, 0x4a, 0x26, 0x4a, 0x06,
  0x41, 0xe5, 0x39, 0xa4, 0x39, 0x84, 0x31, 0x63, 0x18, 0xc2, 0x00, 0x00,
  0x6b, 0x4d, 0xff, 0xff, 0xff, 0xff, 0xf7, 0x9e, 0x63, 0x0c, 0x18, 0xc3,
  0x00, 0x20, 0x21, 0x04, 0x8c, 0x71, 0xff, 0xff, 0xff, 0xff, 0xff, 0xff,
  0x7b, 0xcf, 0x00, 0x00, 0x00, 0x00, 0x52, 0x8a, 0xff, 0xff, 0xff, 0xff,
  0xff, 0xff, 0x00, 0x20, 0x00, 0x00, 0x51, 0xc4, 0x51, 0xc4, 0x28, 0xe2,
  0x00, 0x00, 0x7b, 0xef, 0xff, 0xff, 0xff, 0xff, 0xde, 0xdb, 0x00, 0x00,
  0x08, 0x40, 0x00, 0x00, 0x00, 0x00, 0xc6, 0x18, 0xff, 0xff, 0xff, 0xff,
  0xff, 0xff, 0xb5, 0xb6, 0x39, 0xe7, 0x08, 0x41, 0x08, 0x41, 0x39, 0xe7,
  0xbd, 0xd7, 0xff, 0xff, 0xff, 0xff, 0xff, 0xff, 0xb5, 0x96, 0x00, 0x00,
  0x00, 0x20, 0x00, 0x00, 0x52, 0xaa, 0xff, 0xff, 0xff, 0xff, 0xff, 0xff,
  0x00, 0x00, 0x00, 0x00, 0x00, 0x00, 0x00, 0x00, 0x00, 0x00, 0x00, 0x00,
  0x00, 0x00, 0x00, 0x00, 0x00, 0x00, 0x00, 0x00, 0x00, 0x00, 0x6b, 0x4d,
  0xff, 0xff, 0xff, 0xff, 0xf7, 0x9e, 0x63, 0x0c, 0x18, 0xc3, 0x00, 0x20,
  0x21, 0x04, 0x8c, 0x71, 0xff, 0xff, 0xff, 0xff, 0xff, 0xff, 0x7b, 0xcf,
  0x00, 0x00, 0x31, 0x43, 0x7a, 0xc7, 0x7a, 0xc5, 0x7a, 0xc4, 0x7a, 0xe5,
  0x7b, 0x06, 0x7b, 0x26, 0x7b, 0x48, 0x7b, 0x68, 0x7b, 0x68, 0x7b, 0x68,
  0x7b, 0x67, 0x7b, 0x67, 0x7b, 0x27, 0x7a, 0xe6, 0x7a, 0x86, 0x7a, 0xa6,
  0x7a, 0xc9, 0x7b, 0x2a, 0x7b, 0xef, 0x7b, 0xef, 0x7b, 0xef, 0x7b, 0xef,
  0x7b, 0xef, 0x7b, 0xef, 0x7b, 0xef, 0x7b, 0xef, 0x7b, 0xef, 0x7b, 0xef,
  0x7b, 0xef, 0x7b, 0xef, 0x7b, 0xef, 0x7b, 0xef, 0x7b, 0xef, 0x7b, 0xef,
  0x7b, 0xef, 0x7b, 0xef, 0x7b, 0xef, 0x7b, 0xef, 0x7b, 0xef, 0x7b, 0xef,
  0x7b, 0xef, 0x7b, 0xef, 0x7b, 0xef, 0x7b, 0xef, 0x7b, 0xef, 0x7b, 0xef,
  0x7b, 0xef, 0x7b, 0xef, 0x7b, 0xef, 0x7b, 0xef, 0x7b, 0xef, 0x7b, 0xef,
  0x7b, 0xef, 0x7b, 0xef, 0x7b, 0xef, 0x00, 0x00, 0x00, 0x00, 0x00, 0x00,
  0x00, 0x00, 0x00, 0x00, 0x00, 0x00, 0x00, 0x00, 0x00, 0x00, 0x00, 0x00,
  0x00, 0x00, 0x00, 0x00, 0x00, 0x00, 0x00, 0x00, 0x00, 0x00, 0x00, 0x00,
  0x00, 0x00, 0x00, 0x00, 0x00, 0x00, 0x00, 0x00, 0x00, 0x00, 0x00, 0x00,
  0x00, 0x00, 0x00, 0x00, 0x00, 0x00, 0x00, 0x00, 0x00, 0x00, 0x00, 0x00,
  0x00, 0x00, 0x00, 0x00, 0x00, 0x00, 0x00, 0x00, 0x00, 0x00, 0x00, 0x00,
  0x00, 0x00, 0x00, 0x00, 0x00, 0x00, 0x00, 0x00, 0x00, 0x00, 0x00, 0x00,
  0x00, 0x00, 0x00, 0x00, 0x00, 0x00, 0x00, 0x00, 0x00, 0x00, 0x00, 0x00,
  0x00, 0x00, 0x00, 0x00, 0x00, 0x00, 0x00, 0x00, 0x00, 0x00, 0x00, 0x00,
  0x00, 0x00, 0x00, 0x00, 0x00, 0x00, 0x39, 0x43, 0x29, 0x24, 0x29, 0x23,
  0x29, 0x03, 0x21, 0x03, 0x20, 0xe2, 0x20, 0xc2, 0x18, 0xa2, 0x18, 0xa1,
  0x18, 0x81, 0x18, 0x81, 0x18, 0x81, 0x18, 0x81, 0x18, 0x81, 0x18, 0x81,
  0x18, 0x81, 0x18, 0x81, 0x18, 0x81, 0x18, 0x81, 0x18, 0x81, 0x18, 0x81,
  0x18, 0x81, 0x18, 0x81, 0x18, 0x81, 0x10, 0x61, 0x18, 0xa2, 0x20, 0xe3,
  0x20, 0xc2, 0x20, 0xc3, 0x20, 0xc3, 0x20, 0xc3, 0x20, 0xc3, 0x20, 0xc2,
  0x29, 0x03, 0x31, 0x63, 0x18, 0x80, 0x10, 0x60, 0x18, 0x80, 0x29, 0x02,
  0x39, 0xa4, 0x41, 0xe5, 0x41, 0xc5, 0x4a, 0x06, 0x4a, 0x06, 0x41, 0xe5,
  0x41, 0xc5, 0x39, 0xa4, 0x39, 0x84, 0x31, 0x64, 0x10, 0x81, 0x00, 0x00,
  0x8c, 0x71, 0xff, 0xff, 0xff, 0xff, 0xad, 0x75, 0x00, 0x00, 0x00, 0x00,
  0x00, 0x00, 0x00, 0x00, 0x00, 0x00, 0xc6, 0x38, 0xff, 0xff, 0xff, 0xff,
  0xb5, 0x96, 0x00, 0x00, 0x00, 0x00, 0x52, 0x8a, 0xff, 0xff, 0xff, 0xff,
  0xff, 0xff, 0x00, 0x20, 0x00, 0x00, 0x51, 0xa4, 0x51, 0xc4, 0x28, 0xe2,
  0x00, 0x00, 0x7b, 0xef, 0xff, 0xff, 0xff, 0xff, 0xde, 0xdb, 0x00, 0x00,
  0x08, 0x20, 0x00, 0x00, 0x42, 0x08, 0xff, 0xff, 0xff, 0xff, 0xff, 0xff,
  0x9c, 0xd3, 0x00, 0x00, 0x00, 0x00, 0x00, 0x00, 0x00, 0x00, 0x00, 0x00,
  0x00, 0x00, 0xa5, 0x14, 0xff, 0xff, 0xff, 0xff, 0xff, 0xff, 0x31, 0xa6,
  0x00, 0x00, 0x00, 0x00, 0x52, 0xaa, 0xff, 0xff, 0xff, 0xff, 0xff, 0xff,
  0x00, 0x00, 0x00, 0x00, 0x00, 0x00, 0x00, 0x00, 0x00, 0x00, 0x00, 0x00,
  0x00, 0x00, 0x00, 0x00, 0x00, 0x00, 0x00, 0x20, 0x00, 0x00, 0x8c, 0x71,
  0xff, 0xff, 0xff, 0xff, 0xad, 0x75, 0x00, 0x00, 0x00, 0x00, 0x00, 0x00,
  0x00, 0x00, 0x00, 0x00, 0xc6, 0x38, 0xff, 0xff, 0xff, 0xff, 0xb5, 0x96,
  0x00, 0x00, 0x20, 0xc2, 0x7a, 0xc7, 0x7a, 0xc5, 0x7a, 0xa3, 0x7a, 0xc5,
  0x7a, 0xe6, 0x7b, 0x06, 0x73, 0x48, 0x7b, 0x48, 0x7b, 0x68, 0x7b, 0x68,
  0x7b, 0x47, 0x7b, 0x47, 0x7b, 0x06, 0x7a, 0xa5, 0x72, 0x66, 0x7a, 0x86,
  0x7a, 0xe9, 0x7b, 0x2a, 0x7b, 0xcf, 0x7b, 0xcf, 0x7b, 0xcf, 0x7b, 0xcf,
  0x7b, 0xcf, 0x7b, 0xcf, 0x7b, 0xcf, 0x7b, 0xcf, 0x7b, 0xcf, 0x7b, 0xcf,
  0x7b, 0xcf, 0x7b, 0xcf, 0x7b, 0xcf, 0x7b, 0xcf, 0x7b, 0xcf, 0x7b, 0xcf,
  0x7b, 0xcf, 0x7b, 0xcf, 0x7b, 0xcf, 0x7b, 0xcf, 0x7b, 0xcf, 0x7b, 0xcf,
  0x7b, 0xcf, 0x7b, 0xcf, 0x7b, 0xcf, 0x7b, 0xcf, 0x7b, 0xcf, 0x7b, 0xcf,
  0x7b, 0xcf, 0x7b, 0xcf, 0x7b, 0xcf, 0x7b, 0xcf, 0x7b, 0xcf, 0x7b, 0xcf,
  0x7b, 0xcf, 0x7b, 0xcf, 0x7b, 0xcf, 0x00, 0x00, 0x00, 0x00, 0x00, 0x00,
  0x00, 0x00, 0x00, 0x00, 0x00, 0x00, 0x00, 0x00, 0x00, 0x00, 0x00, 0x00,
  0x00, 0x00, 0x00, 0x00, 0x00, 0x00, 0x00, 0x00, 0x00, 0x00, 0x00, 0x00,
  0x00, 0x00, 0x00, 0x00, 0x00, 0x00, 0x00, 0x00, 0x00, 0x00, 0x00, 0x00,
  0x00, 0x00, 0x00, 0x00, 0x00, 0x00, 0x00, 0x00, 0x00, 0x00, 0x00, 0x00,
  0x00, 0x00, 0x00, 0x00, 0x00, 0x00, 0x00, 0x00, 0x00, 0x00, 0x00, 0x00,
  0x00, 0x00, 0x00, 0x00, 0x00, 0x00, 0x00, 0x00, 0x00, 0x00, 0x00, 0x00,
  0x00, 0x00, 0x00, 0x00, 0x00, 0x00, 0x00, 0x00, 0x00, 0x00, 0x00, 0x00,
  0x00, 0x00, 0x00, 0x00, 0x00, 0x00, 0x00, 0x00, 0x00, 0x00, 0x00, 0x00,
  0x00, 0x00, 0x00, 0x00, 0x00, 0x00, 0x00, 0x00, 0x29, 0x23, 0x29, 0x03,
  0x29, 0x03, 0x20, 0xe2, 0x20, 0xc2, 0x18, 0xa2, 0x18, 0xa1, 0x18, 0x81,
  0x18, 0x81, 0x18, 0x81, 0x18, 0x81, 0x18, 0x81, 0x18, 0x81, 0x18, 0x81,
  0x18, 0x81, 0x18, 0x81, 0x10, 0x81, 0x10, 0x81, 0x10, 0x81, 0x10, 0x81,
  0x10, 0x81, 0x10, 0x81, 0x18, 0x81, 0x10, 0x61, 0x18, 0xa2, 0x20, 0xc3,
  0x20, 0xc2, 0x20, 0xc2, 0x20, 0xc2, 0x20, 0xc2, 0x20, 0xc2, 0x18, 0xc2,
  0x29, 0x03, 0x39, 0x84, 0x20, 0xe1, 0x10, 0x60, 0x10, 0x60, 0x20, 0xe1,
  0x31, 0x43, 0x39, 0x84, 0x39, 0xa4, 0x49, 0xe6, 0x41, 0xe5, 0x41, 0xc5,
  0x41, 0xc5, 0x39, 0xa4, 0x39, 0x84, 0x39, 0x84, 0x18, 0xa2, 0x00, 0x00,
  0x73, 0x8e, 0xff, 0xff, 0xff, 0xff, 0xff, 0xdf, 0x84, 0x10, 0x18, 0xe3,
  0x00, 0x00, 0x00, 0x00, 0x00, 0x00, 0x00, 0x00, 0x00, 0x00, 0x00, 0x00,
  0x00, 0x00, 0x00, 0x00, 0x00, 0x00, 0x52, 0x8a, 0xff, 0xff, 0xff, 0xff,
  0xff, 0xff, 0x00, 0x20, 0x00, 0x00, 0x00, 0x00, 0x00, 0x00, 0x00, 0x00,
  0x00, 0x00, 0x7b, 0xef, 0xff, 0xff, 0xff, 0xff, 0xde, 0xdb, 0x00, 0x00,
  0x00, 0x00, 0x00, 0x00, 0x94, 0xb2, 0xff, 0xff, 0xff, 0xff, 0xef, 0x7d,
  0x08, 0x41, 0x00, 0x00, 0x28, 0xe2, 0x49, 0x83, 0x49, 0xa4, 0x28, 0xe2,
  0x00, 0x00, 0x08, 0x61, 0xf7, 0xbe, 0xff, 0xff, 0xff, 0xff, 0x8c, 0x71,
  0x00, 0x00, 0x00, 0x00, 0x52, 0xaa, 0xff, 0xff, 0xff, 0xff, 0xff, 0xff,
  0x00, 0x00, 0x00, 0x00, 0x00, 0x00, 0x00, 0x00, 0x00, 0x00, 0x00, 0x00,
  0x00, 0x00, 0x00, 0x00, 0x00, 0x20, 0x18, 0x81, 0x00, 0x00, 0x73, 0x8e,
  0xff, 0xff, 0xff, 0xff, 0xff, 0xdf, 0x84, 0x10, 0x18, 0xe3, 0x00, 0x00,
  0x00, 0x00, 0x00, 0x00, 0x00, 0x00, 0x00, 0x00, 0x00, 0x00, 0x00, 0x00,
  0x00, 0x00, 0x29, 0x02, 0x72, 0xc7, 0x72, 0xc6, 0x72, 0xc4, 0x72, 0xc5,
  0x72, 0xe6, 0x73, 0x07, 0x73, 0x28, 0x73, 0x48, 0x73, 0x48, 0x73, 0x48,
  0x73, 0x47, 0x73, 0x27, 0x72, 0xc6, 0x72, 0x85, 0x72, 0x66, 0x72, 0x86,
  0x73, 0x09, 0x73, 0x6b, 0x73, 0xae, 0x73, 0xae, 0x73, 0xae, 0x73, 0xae,
  0x73, 0xae, 0x73, 0xae, 0x73, 0xae, 0x73, 0xae, 0x73, 0xae, 0x73, 0xae,
  0x73, 0xae, 0x73, 0xae, 0x73, 0xae, 0x73, 0xae, 0x73, 0xae, 0x73, 0xae,
  0x73, 0xae, 0x73, 0xae, 0x73, 0xae, 0x73, 0xae, 0x73, 0xae, 0x73, 0xae,
  0x73, 0xae, 0x73, 0xae, 0x73, 0xae, 0x73, 0xae, 0x73, 0xae, 0x73, 0xae,
  0x73, 0xae, 0x73, 0xae, 0x73, 0xae, 0x73, 0xae, 0x73, 0xae, 0x73, 0xae,
  0x73, 0xae, 0x73, 0xae, 0x00, 0x00, 0x00, 0x00, 0x00, 0x00, 0x00, 0x00,
  0x00, 0x00, 0x00, 0x00, 0x00, 0x00, 0x00, 0x00, 0x00, 0x00, 0x00, 0x00,
  0x00, 0x00, 0x00, 0x00, 0x00, 0x00, 0x00, 0x00, 0x00, 0x00, 0x00, 0x00,
  0x00, 0x00, 0x00, 0x00, 0x00, 0x00, 0x00, 0x00, 0x00, 0x00, 0x00, 0x00,
  0x00, 0x00, 0x00, 0x00, 0x00, 0x00, 0x00, 0x00, 0x00, 0x00, 0x00, 0x00,
  0x00, 0x00, 0x00, 0x00, 0x00, 0x00, 0x00, 0x00, 0x00, 0x00, 0x00, 0x00,
  0x00, 0x00, 0x00, 0x00, 0x00, 0x00, 0x00, 0x00, 0x00, 0x00, 0x00, 0x00,
  0x00, 0x00, 0x00, 0x00, 0x00, 0x00, 0x00, 0x00, 0x00, 0x00, 0x00, 0x00,
  0x00, 0x00, 0x00, 0x00, 0x00, 0x00, 0x00, 0x00, 0x00, 0x00, 0x00, 0x00,
  0x00, 0x00, 0x00, 0x00, 0x00, 0x00, 0x00, 0x00, 0x00, 0x00, 0x29, 0x03,
  0x20, 0xe3, 0x20, 0xc2, 0x18, 0xa2, 0x18, 0xa1, 0x18, 0x81, 0x18, 0x81,
  0x18, 0x81, 0x18, 0x81, 0x18, 0x81, 0x18, 0x81, 0x18, 0x81, 0x18, 0x81,
  0x18, 0x81, 0x18, 0x81, 0x10, 0x61, 0x10, 0x61, 0x10, 0x61, 0x10, 0x61,
  0x10, 0x61, 0x10, 0x61, 0x10, 0x81, 0x10, 0x61, 0x18, 0xa2, 0x20, 0xc3,
  0x20, 0xc2, 0x20, 0xc2, 0x20, 0xc2, 0x20, 0xc2, 0x20, 0xc2, 0x18, 0xc2,
  0x20, 0xe3, 0x31, 0x63, 0x29, 0x23, 0x20, 0xc1, 0x18, 0x80, 0x18, 0xa1,
  0x20, 0xc1, 0x29, 0x02, 0x39, 0x84, 0x41, 0xc5, 0x41, 0xc5, 0x41, 0xc5,
  0x39, 0xa5, 0x39, 0xa4, 0x39, 0x84, 0x39, 0x84, 0x29, 0x23, 0x00, 0x00,
  0x18, 0xe3, 0xf7, 0xbe, 0xff, 0xff, 0xff, 0xff, 0xff, 0xff, 0xff, 0xff,
  0xd6, 0x9a, 0x94, 0x92, 0x4a, 0x49, 0x08, 0x41, 0x00, 0x00, 0x00, 0x00,
  0x00, 0x00, 0x08, 0x20, 0x00, 0x00, 0x52, 0x8a, 0xff, 0xff, 0xff, 0xff,
  0xff, 0xff, 0x00, 0x20, 0x00, 0x00, 0x00, 0x00, 0x00, 0x00, 0x00, 0x00,
  0x00, 0x00, 0x7b, 0xef, 0xff, 0xff, 0xff, 0xff, 0xde, 0xdb, 0x00, 0x00,
  0x00, 0x00, 0x00, 0x00, 0xd6, 0x9a, 0xff, 0xff, 0xff, 0xff, 0xa5, 0x34,
  0x00, 0x00, 0x10, 0x61, 0x49, 0xa4, 0x49, 0xa4, 0x51, 0xc4, 0x51, 0xe4,
  0x10, 0x61, 0x00, 0x00, 0xb5, 0x96, 0xff, 0xff, 0xff, 0xff, 0xce, 0x59,
  0x00, 0x00, 0x00, 0x00, 0x52, 0xaa, 0xff, 0xff, 0xff, 0xff, 0xff, 0xff,
  0x00, 0x00, 0x00, 0x00, 0x00, 0x00, 0x00, 0x00, 0x00, 0x00, 0x00, 0x00,
  0x00, 0x00, 0x00, 0x00, 0x00, 0x00, 0x00, 0x00, 0x00, 0x00, 0x18, 0xe3,
  0xf7, 0xbe, 0xff, 0xff, 0xff, 0xff, 0xff, 0xff, 0xff, 0xff, 0xd6, 0x9a,
  0x94, 0x92, 0x4a, 0x49, 0x08, 0x41, 0x00, 0x00, 0x00, 0x00, 0x00, 0x00,
  0x10, 0x61, 0x62, 0x66, 0x72, 0xc7, 0x72, 0xc6, 0x72, 0xa4, 0x72, 0xc5,
  0x72, 0xe6, 0x73, 0x06, 0x73, 0x28, 0x73, 0x28, 0x73, 0x28, 0x73, 0x28,
  0x73, 0x27, 0x73, 0x07, 0x72, 0xa6, 0x6a, 0x65, 0x6a, 0x45, 0x72, 0x86,
  0x73, 0x0a, 0x73, 0x8b, 0x73, 0xae, 0x73, 0xae, 0x73, 0xae, 0x73, 0xae,
  0x73, 0xae, 0x73, 0xae, 0x73, 0xae, 0x73, 0xae, 0x73, 0xae, 0x73, 0xae,
  0x73, 0xae, 0x73, 0xae, 0x73, 0xae, 0x73, 0xae, 0x73, 0xae, 0x73, 0xae,
  0x73, 0xae, 0x73, 0xae, 0x73, 0xae, 0x73, 0xae, 0x73, 0xae, 0x73, 0xae,
  0x73, 0xae, 0x73, 0xae, 0x73, 0xae, 0x73, 0xae, 0x73, 0xae, 0x73, 0xae,
  0x73, 0xae, 0x73, 0xae, 0x73, 0xae, 0x73, 0xae, 0x73, 0xae, 0x73, 0xae,
  0x73, 0xae, 0x00, 0x00, 0x00, 0x00, 0x00, 0x00, 0x00, 0x00, 0x00, 0x00,
  0x00, 0x00, 0x00, 0x00, 0x00, 0x00, 0x00, 0x00, 0x00, 0x00, 0x00, 0x00,
  0x00, 0x00, 0x00, 0x00, 0x00, 0x00, 0x00, 0x00, 0x00, 0x00, 0x00, 0x00,
  0x00, 0x00, 0x00, 0x00, 0x00, 0x00, 0x00, 0x00, 0x00, 0x00, 0x00, 0x00,
  0x00, 0x00, 0x00, 0x00, 0x00, 0x00, 0x00, 0x00, 0x00, 0x00, 0x00, 0x00,
  0x00, 0x00, 0x00, 0x00, 0x00, 0x00, 0x00, 0x00, 0x00, 0x00, 0x00, 0x00,
  0x00, 0x00, 0x00, 0x00, 0x00, 0x00, 0x00, 0x00, 0x00, 0x00, 0x00, 0x00,
  0x00, 0x00, 0x00, 0x00, 0x00, 0x00, 0x00, 0x00, 0x00, 0x00, 0x00, 0x00,
  0x00, 0x00, 0x00, 0x00, 0x00, 0x00, 0x00, 0x00, 0x00, 0x00, 0x00, 0x00,
  0x00, 0x00, 0x00, 0x00, 0x00, 0x00, 0x00, 0x00, 0x00, 0x00, 0x00, 0x00,
  0x20, 0xc2, 0x18, 0xc2, 0x18, 0xa1, 0x18, 0x81, 0x10, 0x81, 0x10, 0x61,
  0x10, 0x81, 0x10, 0x81, 0x10, 0x81, 0x10, 0x81, 0x10, 0x81, 0x10, 0x81,
  0x10, 0x81, 0x10, 0x81, 0x10, 0x61, 0x10, 0x61, 0x10, 0x61, 0x10, 0x61,
  0x10, 0x61, 0x10, 0x61, 0x10, 0x81, 0x10, 0x61, 0x18, 0xa2, 0x20, 0xc2,
  0x18, 0xc2, 0x20, 0xc2, 0x20, 0xc2, 0x20, 0xc2, 0x20, 0xc2, 0x18, 0xc2,
  0x20, 0xc2, 0x29, 0x23, 0x31, 0x64, 0x29, 0x22, 0x20, 0xc1, 0x18, 0x80,
  0x10, 0x60, 0x18, 0xa1, 0x31, 0x43, 0x39, 0xa5, 0x39, 0xa5, 0x39, 0xa5,
  0x39, 0xa4, 0x39, 0x84, 0x39, 0x84, 0x39, 0x84, 0x31, 0x84, 0x08, 0x40,
  0x00, 0x00, 0x5a, 0xeb, 0xff, 0xff, 0xff, 0xff, 0xff, 0xff, 0xff, 0xff,
  0xff, 0xff, 0xff, 0xff, 0xff, 0xff, 0xf7, 0x9e, 0x8c, 0x71, 0x08, 0x61,
  0x00, 0x00, 0x10, 0x41, 0x00, 0x00, 0x52, 0x8a, 0xff, 0xff, 0xff, 0xff,
  0xff, 0xff, 0xff, 0xff, 0xff, 0xff, 0xff, 0xff, 0xff, 0xff, 0xff, 0xff,
  0xff, 0xff, 0xff, 0xff, 0xff, 0xff, 0xff, 0xff, 0xde, 0xdb, 0x00, 0x00,
  0x00, 0x00, 0x00, 0x00, 0xef, 0x5d, 0xff, 0xff, 0xff, 0xff, 0x7b, 0xcf,
  0x00, 0x00, 0x20, 0xc2, 0x49, 0xa4, 0x49, 0xa4, 0x51, 0xc4, 0x51, 0xc4,
  0x20, 0xc2, 0x00, 0x00, 0x84, 0x30, 0xff, 0xff, 0xff, 0xff, 0xe7, 0x3c,
  0x00, 0x00, 0x00, 0x00, 0x52, 0xaa, 0xff, 0xff, 0xff, 0xff, 0xff, 0xff,
  0xff, 0xff, 0xff, 0xff, 0xff, 0xff, 0xff, 0xff, 0xff, 0xff, 0xff, 0xff,
  0xff, 0xff, 0xff, 0xff, 0x42, 0x28, 0x00, 0x00, 0x08, 0x40, 0x00, 0x00,
  0x5a, 0xeb, 0xff, 0xff, 0xff, 0xff, 0xff, 0xff, 0xff, 0xff, 0xff, 0xff,
  0xff, 0xff, 0xff, 0xff, 0xf7, 0x9e, 0x8c, 0x71, 0x08, 0x61, 0x00, 0x00,
  0x20, 0xc2, 0x72, 0xc7, 0x72, 0xc7, 0x72, 0xc6, 0x72, 0xa4, 0x72, 0xc5,
  0x72, 0xc6, 0x72, 0xe7, 0x6b, 0x08, 0x6b, 0x08, 0x73, 0x28, 0x73, 0x28,
  0x73, 0x07, 0x72, 0xe7, 0x72, 0x85, 0x6a, 0x44, 0x62, 0x25, 0x6a, 0x86,
  0x73, 0x2a, 0x73, 0x8c, 0x73, 0x8e, 0x73, 0x8e, 0x73, 0x8e, 0x73, 0x8e,
  0x73, 0x8e, 0x73, 0x8e, 0x73, 0x8e, 0x73, 0x8e, 0x73, 0x8e, 0x73, 0x8e,
  0x73, 0x8e, 0x73, 0x8e, 0x73, 0x8e, 0x73, 0x8e, 0x73, 0x8e, 0x73, 0x8e,
  0x73, 0x8e, 0x73, 0x8e, 0x73, 0x8e, 0x73, 0x8e, 0x73, 0x8e, 0x73, 0x8e,
  0x73, 0x8e, 0x73, 0x8e, 0x73, 0x8e, 0x73, 0x8e, 0x73, 0x8e, 0x73, 0x8e,
  0x73, 0x8e, 0x73, 0x8e, 0x73, 0x8e, 0x73, 0x8e, 0x73, 0x8e, 0x73, 0x8e,
  0x00, 0x00, 0x00, 0x00, 0x00, 0x00, 0x00, 0x00, 0x00, 0x00, 0x00, 0x00,
  0x00, 0x00, 0x00, 0x00, 0x00, 0x00, 0x00, 0x00, 0x00, 0x00, 0x00, 0x00,
  0x00, 0x00, 0x00, 0x00, 0x00, 0x00, 0x00, 0x00, 0x00, 0x00, 0x00, 0x00,
  0x00, 0x00, 0x00, 0x00, 0x00, 0x00, 0x00, 0x00, 0x00, 0x00, 0x00, 0x00,
  0x00, 0x00, 0x00, 0x00, 0x00, 0x00, 0x00, 0x00, 0x00, 0x00, 0x00, 0x00,
  0x00, 0x00, 0x00, 0x00, 0x00, 0x00, 0x00, 0x00, 0x00, 0x00, 0x00, 0x00,
  0x00, 0x00, 0x00, 0x00, 0x00, 0x00, 0x00, 0x00, 0x00, 0x00, 0x00, 0x00,
  0x00, 0x00, 0x00, 0x00, 0x00, 0x00, 0x00, 0x00, 0x00, 0x00, 0x00, 0x00,
  0x00, 0x00, 0x00, 0x00, 0x00, 0x00, 0x00, 0x00, 0x00, 0x00, 0x00, 0x00,
  0x00, 0x00, 0x00, 0x00, 0x00, 0x00, 0x00, 0x00, 0x00, 0x00, 0x00, 0x00,
  0x00, 0x00, 0x18, 0xa2, 0x18, 0x81, 0x10, 0x81, 0x10, 0x61, 0x10, 0x60,
  0x10, 0x81, 0x10, 0x81, 0x10, 0x81, 0x10, 0x81, 0x10, 0x81, 0x10, 0x81,
  0x10, 0x81, 0x10, 0x81, 0x10, 0x61, 0x10, 0x61, 0x10, 0x61, 0x10, 0x61,
  0x10, 0x61, 0x10, 0x61, 0x10, 0x61, 0x10, 0x61, 0x18, 0xa2, 0x20, 0xc2,
  0x18, 0xc2, 0x18, 0xc2, 0x18, 0xc2, 0x18, 0xc2, 0x18, 0xc2, 0x20, 0xc2,
  0x18, 0xa2, 0x20, 0xe2, 0x39, 0xa5, 0x31, 0x43, 0x18, 0xc1, 0x10, 0x60,
  0x08, 0x00, 0x10, 0x40, 0x29, 0x22, 0x39, 0xa5, 0x39, 0x84, 0x39, 0xa4,
  0x39, 0x84, 0x39, 0x84, 0x39, 0x84, 0x39, 0x84, 0x31, 0x84, 0x39, 0x43,
  0x00, 0x00, 0x00, 0x00, 0x39, 0xc7, 0xbd, 0xd7, 0xff, 0xff, 0xff, 0xff,
  0xff, 0xff, 0xff, 0xff, 0xff, 0xff, 0xff, 0xff, 0xff, 0xff, 0xde, 0xdb,
  0x10, 0xa2, 0x00, 0x00, 0x00, 0x00, 0x52, 0x8a, 0xff, 0xff, 0xff, 0xff,
  0xff, 0xff, 0xff, 0xff, 0xff, 0xff, 0xff, 0xff, 0xff, 0xff, 0xff, 0xff,
  0xff, 0xff, 0xff, 0xff, 0xff, 0xff, 0xff, 0xff, 0xde, 0xdb, 0x00, 0x00,
  0x00, 0x00, 0x00, 0x00, 0xff, 0xdf, 0xff, 0xff, 0xff, 0xff, 0x6b, 0x6d,
  0x00, 0x00, 0x28, 0xe2, 0x49, 0xa3, 0x49, 0x83, 0x49, 0xa4, 0x49, 0xc4,
  0x28, 0xe2, 0x00, 0x00, 0x7b, 0xef, 0xff, 0xff, 0xff, 0xff, 0xf7, 0x9e,
  0x00, 0x00, 0x00, 0x00, 0x52, 0xaa, 0xff, 0xff, 0xff, 0xff, 0xff, 0xff,
  0xff, 0xff, 0xff, 0xff, 0xff, 0xff, 0xff, 0xff, 0xff, 0xff, 0xff, 0xff,
  0xff, 0xff, 0xff, 0xff, 0x42, 0x28, 0x00, 0x00, 0x31, 0x43, 0x00, 0x00,
  0x00, 0x00, 0x39, 0xc7, 0xbd, 0xd7, 0xff, 0xff, 0xff, 0xff, 0xff, 0xff,
  0xff, 0xff, 0xff, 0xff, 0xff, 0xff, 0xff, 0xff, 0xde, 0xdb, 0x10, 0xa2,
  0x00, 0x00, 0x41, 0x84, 0x6a, 0xc7, 0x6a, 0xa6, 0x6a, 0xa4, 0x6a, 0xa5,
  0x6a, 0xc6, 0x6a, 0xc6, 0x6a, 0xe7, 0x6a, 0xe7, 0x6b, 0x08, 0x6b, 0x08,
  0x6a, 0xe7, 0x6a, 0xe7, 0x6a, 0x86, 0x62, 0x24, 0x5a, 0x05, 0x62, 0x66,
  0x6b, 0x0a, 0x6b, 0x6c, 0x6b, 0x6d, 0x6b, 0x6d, 0x6b, 0x6d, 0x6b, 0x6d,
  0x6b, 0x6d, 0x6b, 0x6d, 0x6b, 0x6d, 0x6b, 0x6d, 0x6b, 0x6d, 0x6b, 0x6d,
  0x6b, 0x6d, 0x6b, 0x6d, 0x6b, 0x6d, 0x6b, 0x6d, 0x6b, 0x6d, 0x6b, 0x6d,
  0x6b, 0x6d, 0x6b, 0x6d, 0x6b, 0x6d, 0x6b, 0x6d, 0x6b, 0x6d, 0x6b, 0x6d,
  0x6b, 0x6d, 0x6b, 0x6d, 0x6b, 0x6d, 0x6b, 0x6d, 0x6b, 0x6d, 0x6b, 0x6d,
  0x6b, 0x6d, 0x6b, 0x6d, 0x6b, 0x6d, 0x6b, 0x6d, 0x6b, 0x6d, 0x00, 0x00,
  0x00, 0x00, 0x00, 0x00, 0x00, 0x00, 0x00, 0x00, 0x00, 0x00, 0x00, 0x00,
  0x00, 0x00, 0x00, 0x00, 0x00, 0x00, 0x00, 0x00, 0x00, 0x00, 0x00, 0x00,
  0x00, 0x00, 0x00, 0x00, 0x00, 0x00, 0x00, 0x00, 0x00, 0x00, 0x00, 0x00,
  0x00, 0x00, 0x00, 0x00, 0x00, 0x00, 0x00, 0x00, 0x00, 0x00, 0x00, 0x00,
  0x00, 0x00, 0x00, 0x00, 0x00, 0x00, 0x00, 0x00, 0x00, 0x00, 0x00, 0x00,
  0x00, 0x00, 0x00, 0x00, 0x00, 0x00, 0x00, 0x00, 0x00, 0x00, 0x00, 0x00,
  0x00, 0x00, 0x00, 0x00, 0x00, 0x00, 0x00, 0x00, 0x00, 0x00, 0x00, 0x00,
  0x00, 0x00, 0x00, 0x00, 0x00, 0x00, 0x00, 0x00, 0x00, 0x00, 0x00, 0x00,
  0x00, 0x00, 0x00, 0x00, 0x00, 0x00, 0x00, 0x00, 0x00, 0x00, 0x00, 0x00,
  0x00, 0x00, 0x00, 0x00, 0x00, 0x00, 0x00, 0x00, 0x00, 0x00, 0x00, 0x00,
  0x00, 0x00, 0x00, 0x00, 0x18, 0xa2, 0x18, 0xa1, 0x18, 0x81, 0x18, 0x81,
  0x10, 0x81, 0x10, 0x81, 0x10, 0x81, 0x10, 0x81, 0x10, 0x81, 0x10, 0x81,
  0x10, 0x81, 0x10, 0x81, 0x10, 0x81, 0x10, 0x81, 0x10, 0x81, 0x10, 0x81,
  0x10, 0x81, 0x10, 0x81, 0x10, 0x81, 0x10, 0x81, 0x18, 0x82, 0x18, 0xa2,
  0x18, 0xa2, 0x18, 0xa2, 0x18, 0xa2, 0x18, 0xa2, 0x18, 0xa2, 0x18, 0xa2,
  0x18, 0xa1, 0x20, 0xc1, 0x31, 0x64, 0x39, 0xc5, 0x39, 0x84, 0x20, 0xc1,
  0x08, 0x20, 0x18, 0xa1, 0x39, 0xa5, 0x31, 0x43, 0x39, 0x84, 0x39, 0x84,
  0x39, 0x84, 0x39, 0x84, 0x31, 0x63, 0x39, 0x84, 0x20, 0xe2, 0x00, 0x20,
  0x00, 0x00, 0x00, 0x00, 0x00, 0x00, 0x00, 0x00, 0x18, 0xe3, 0x63, 0x2c,
  0xad, 0x55, 0xef, 0x5d, 0xff, 0xff, 0xff, 0xff, 0xff, 0xff, 0xff, 0xff,
  0xad, 0x55, 0x00, 0x00, 0x00, 0x00, 0x52, 0x8a, 0xff, 0xff, 0xff, 0xff,
  0xff, 0xff, 0xff, 0xff, 0xff, 0xff, 0xff, 0xff, 0xff, 0xff, 0xff, 0xff,
  0xff, 0xff, 0xff, 0xff, 0xff, 0xff, 0xff, 0xff, 0xde, 0xdb, 0x00, 0x00,
  0x00, 0x00, 0x00, 0x00, 0xf7, 0x9e, 0xff, 0xff, 0xff, 0xff, 0x7b, 0xef,
  0x00, 0x00, 0x20, 0xe2, 0x49, 0xa4, 0x49, 0xa4, 0x49, 0xc4, 0x51, 0xe4,
  0x20, 0xc2, 0x00, 0x00, 0x8c, 0x51, 0xff, 0xff, 0xff, 0xff, 0xe7, 0x3c,
  0x00, 0x00, 0x00, 0x00, 0x52, 0xaa, 0xff, 0xff, 0xff, 0xff, 0xff, 0xff,
  0xff, 0xff, 0xff, 0xff, 0xff, 0xff, 0xff, 0xff, 0xff, 0xff, 0xff, 0xff,
  0xff, 0xff, 0xff, 0xff, 0x42, 0x28, 0x00, 0x00, 0x00, 0x00, 0x00, 0x00,
  0x00, 0x00, 0x00, 0x00, 0x00, 0x00, 0x18, 0xe3, 0x63, 0x2c, 0xad, 0x55,
  0xef, 0x5d, 0xff, 0xff, 0xff, 0xff, 0xff, 0xff, 0xff, 0xff, 0xad, 0x55,
  0x00, 0x00, 0x10, 0x61, 0x6a, 0xc7, 0x6a, 0xa6, 0x6a, 0x84, 0x6a, 0xc5,
  0x6a, 0xe7, 0x6b, 0x08, 0x6b, 0x29, 0x6b, 0x08, 0x6b, 0x08, 0x6a, 0xe8,
  0x6a, 0xa6, 0x62, 0x45, 0x59, 0xe4, 0x5a, 0x04, 0x62, 0x66, 0x6a, 0xc8,
  0x6b, 0x2b, 0x6b, 0x4b, 0x6b, 0x4d, 0x6b, 0x4d, 0x6b, 0x4d, 0x6b, 0x4d,
  0x6b, 0x4d, 0x6b, 0x4d, 0x6b, 0x4d, 0x6b, 0x4d, 0x6b, 0x4d, 0x6b, 0x4d,
  0x6b, 0x4d, 0x6b, 0x4d, 0x6b, 0x4d, 0x6b, 0x4d, 0x6b, 0x4d, 0x6b, 0x4d,
  0x6b, 0x4d, 0x6b, 0x4d, 0x6b, 0x4d, 0x6b, 0x4d, 0x6b, 0x4d, 0x6b, 0x4d,
  0x6b, 0x4d, 0x6b, 0x4d, 0x6b, 0x4d, 0x6b, 0x4d, 0x6b, 0x4d, 0x6b, 0x4d,
  0x6b, 0x4d, 0x6b, 0x4d, 0x6b, 0x4d, 0x6b, 0x4d, 0x00, 0x00, 0x00, 0x00,
  0x00, 0x00, 0x00, 0x00, 0x00, 0x00, 0x00, 0x00, 0x00, 0x00, 0x00, 0x00,
  0x00, 0x00, 0x00, 0x00, 0x00, 0x00, 0x00, 0x00, 0x00, 0x00, 0x00, 0x00,
  0x00, 0x00, 0x00, 0x00, 0x00, 0x00, 0x00, 0x00, 0x00, 0x00, 0x00, 0x00,
  0x00, 0x00, 0x00, 0x00, 0x00, 0x00, 0x00, 0x00, 0x00, 0x00, 0x00, 0x00,
  0x00, 0x00, 0x00, 0x00, 0x00, 0x00, 0x00, 0x00, 0x00, 0x00, 0x00, 0x00,
  0x00, 0x00, 0x00, 0x00, 0x00, 0x00, 0x00, 0x00, 0x00, 0x00, 0x00, 0x00,
  0x00, 0x00, 0x00, 0x00, 0x00, 0x00, 0x00, 0x00, 0x00, 0x00, 0x00, 0x00,
  0x00, 0x00, 0x00, 0x00, 0x00, 0x00, 0x00, 0x00, 0x00, 0x00, 0x00, 0x00,
  0x00, 0x00, 0x00, 0x00, 0x00, 0x00, 0x00, 0x00, 0x00, 0x00, 0x00, 0x00,
  0x00, 0x00, 0x00, 0x00, 0x00, 0x00, 0x00, 0x00, 0x00, 0x00, 0x00, 0x00,
  0x00, 0x00, 0x00, 0x00, 0x00, 0x00, 0x18, 0xa2, 0x18, 0xa2, 0x18, 0xa2,
  0x10, 0x61, 0x10, 0x61, 0x10, 0x61, 0x10, 0x61, 0x10, 0x61, 0x10, 0x61,
  0x10, 0x61, 0x10, 0x61, 0x18, 0x81, 0x18, 0x82, 0x18, 0x81, 0x18, 0x81,
  0x18, 0x81, 0x18, 0x81, 0x18, 0x81, 0x18, 0x81, 0x18, 0x82, 0x18, 0x82,
  0x18, 0x82, 0x18, 0x82, 0x18, 0x82, 0x18, 0x82, 0x18, 0x82, 0x18, 0x82,
  0x18, 0xa1, 0x20, 0xc1, 0x29, 0x02, 0x41, 0xc5, 0x41, 0xe6, 0x29, 0x02,
  0x10, 0x40, 0x20, 0xc1, 0x39, 0xa5, 0x29, 0x02, 0x39, 0x84, 0x31, 0x64,
  0x39, 0x84, 0x31, 0x64, 0x29, 0x23, 0x39, 0x84, 0x00, 0x00, 0x00, 0x00,
  0x00, 0x00, 0x00, 0x00, 0x00, 0x00, 0x00, 0x00, 0x00, 0x00, 0x00, 0x00,
  0x00, 0x00, 0x00, 0x00, 0x39, 0xe7, 0xce, 0x79, 0xff, 0xff, 0xff, 0xff,
  0xff, 0xdf, 0x08, 0x61, 0x00, 0x00, 0x52, 0x8a, 0xff, 0xff, 0xff, 0xff,
  0xff, 0xff, 0x00, 0x20, 0x00, 0x00, 0x00, 0x00, 0x00, 0x00, 0x00, 0x00,
  0x00, 0x00, 0x7b, 0xef, 0xff, 0xff, 0xff, 0xff, 0xde, 0xdb, 0x00, 0x00,
  0x00, 0x00, 0x00, 0x00, 0xd6, 0xba, 0xff, 0xff, 0xff, 0xff, 0xad, 0x55,
  0x00, 0x00, 0x10, 0x61, 0x49, 0xc4, 0x49, 0xc4, 0x51, 0xc4, 0x51, 0xe5,
  0x10, 0x61, 0x00, 0x00, 0xb5, 0xb6, 0xff, 0xff, 0xff, 0xff, 0xce, 0x59,
  0x00, 0x00, 0x00, 0x00, 0x52, 0xaa, 0xff, 0xff, 0xff, 0xff, 0xff, 0xff,
  0x00, 0x00, 0x00, 0x00, 0x00, 0x00, 0x00, 0x00, 0x00, 0x00, 0x00, 0x00,
  0x00, 0x00, 0x00, 0x00, 0x00, 0x00, 0x00, 0x00, 0x00, 0x00, 0x00, 0x00,
  0x00, 0x00, 0x00, 0x00, 0x00, 0x00, 0x00, 0x00, 0x00, 0x00, 0x00, 0x00,
  0x00, 0x00, 0x39, 0xe7, 0xce, 0x79, 0xff, 0xff, 0xff, 0xff, 0xff, 0xdf,
  0x08, 0x61, 0x00, 0x00, 0x62, 0x86, 0x62, 0xa6, 0x62, 0x84, 0x6a, 0xc6,
  0x6b, 0x08, 0x6b, 0x49, 0x6b, 0x4a, 0x6b, 0x29, 0x6b, 0x09, 0x6a, 0xc8,
  0x62, 0x66, 0x51, 0xe4, 0x49, 0x82, 0x59, 0xe4, 0x6a, 0xa8, 0x6b, 0x2a,
  0x6b, 0x4b, 0x6b, 0x2b, 0x6b, 0x4d, 0x6b, 0x4d, 0x6b, 0x4d, 0x6b, 0x4d,
  0x6b, 0x4d, 0x6b, 0x4d, 0x6b, 0x4d, 0x6b, 0x4d, 0x6b, 0x4d, 0x6b, 0x4d,
  0x6b, 0x4d, 0x6b, 0x4d, 0x6b, 0x4d, 0x6b, 0x4d, 0x6b, 0x4d, 0x6b, 0x4d,
  0x6b, 0x4d, 0x6b, 0x4d, 0x6b, 0x4d, 0x6b, 0x4d, 0x6b, 0x4d, 0x6b, 0x4d,
  0x6b, 0x4d, 0x6b, 0x4d, 0x6b, 0x4d, 0x6b, 0x4d, 0x6b, 0x4d, 0x6b, 0x4d,
  0x6b, 0x4d, 0x6b, 0x4d, 0x6b, 0x4d, 0x00, 0x00, 0x00, 0x00, 0x00, 0x00,
  0x00, 0x00, 0x00, 0x00, 0x00, 0x00, 0x00, 0x00, 0x00, 0x00, 0x00, 0x00,
  0x00, 0x00, 0x00, 0x00, 0x00, 0x00, 0x00, 0x00, 0x00, 0x00, 0x00, 0x00,
  0x00, 0x00, 0x00, 0x00, 0x00, 0x00, 0x00, 0x00, 0x00, 0x00, 0x00, 0x00,
  0x00, 0x00, 0x00, 0x00, 0x00, 0x00, 0x00, 0x00, 0x00, 0x00, 0x00, 0x00,
  0x00, 0x00, 0x00, 0x00, 0x00, 0x00, 0x00, 0x00, 0x00, 0x00, 0x00, 0x00,
  0x00, 0x00, 0x00, 0x00, 0x00, 0x00, 0x00, 0x00, 0x00, 0x00, 0x00, 0x00,
  0x00, 0x00, 0x00, 0x00, 0x00, 0x00, 0x00, 0x00, 0x00, 0x00, 0x00, 0x00,
  0x00, 0x00, 0x00, 0x00, 0x00, 0x00, 0x00, 0x00, 0x00, 0x00, 0x00, 0x00,
  0x00, 0x00, 0x00, 0x00, 0x00, 0x00, 0x00, 0x00, 0x00, 0x00, 0x00, 0x00,
  0x00, 0x00, 0x00, 0x00, 0x00, 0x00, 0x00, 0x00, 0x00, 0x00, 0x00, 0x00,
  0x00, 0x00, 0x00, 0x00, 0x00, 0x00, 0x00, 0x00, 0x18, 0xa2, 0x18, 0xa1,
  0x10, 0x61, 0x10, 0x61, 0x10, 0x61, 0x10, 0x61, 0x10, 0x61, 0x10, 0x61,
  0x10, 0x61, 0x10, 0x61, 0x10, 0x81, 0x10, 0x81, 0x10, 0x81, 0x10, 0x81,
  0x10, 0x81, 0x10, 0x81, 0x10, 0x81, 0x10, 0x81, 0x18, 0x81, 0x18, 0x82,
  0x18, 0x82, 0x18, 0x82, 0x18, 0x82, 0x18, 0x82, 0x18, 0x82, 0x18, 0x82,
  0x18, 0xa1, 0x18, 0xa1, 0x20, 0xe2, 0x31, 0x64, 0x39, 0x84, 0x20, 0xe2,
  0x08, 0x20, 0x08, 0x20, 0x18, 0xa1, 0x20, 0xe2, 0x31, 0x43, 0x29, 0x23,
  0x31, 0x64, 0x31, 0x43, 0x29, 0x02, 0x31, 0x64, 0x00, 0x00, 0x10, 0xa2,
  0xff, 0xff, 0xff, 0xff, 0xff, 0xff, 0x39, 0xc7, 0x00, 0x00, 0x08, 0x20,
  0x10, 0x61, 0x00, 0x00, 0x00, 0x00, 0x29, 0x65, 0xff, 0xff, 0xff, 0xff,
  0xff, 0xff, 0x29, 0x65, 0x00, 0x00, 0x52, 0x8a, 0xff, 0xff, 0xff, 0xff,
  0xff, 0xff, 0x00, 0x20, 0x00, 0x00, 0x00, 0x00, 0x00, 0x00, 0x00, 0x00,
  0x00, 0x00, 0x7b, 0xef, 0xff, 0xff, 0xff, 0xff, 0xde, 0xdb, 0x00, 0x00,
  0x00, 0x00, 0x00, 0x00, 0x9c, 0xf3, 0xff, 0xff, 0xff, 0xff, 0xf7, 0x9e,
  0x08, 0x61, 0x00, 0x00, 0x20, 0xc2, 0x41, 0x83, 0x41, 0xa4, 0x20, 0xc2,
  0x00, 0x00, 0x10, 0xa2, 0xff, 0xdf, 0xff, 0xff, 0xff, 0xff, 0x94, 0x92,
  0x00, 0x00, 0x00, 0x00, 0x52, 0xaa, 0xff, 0xff, 0xff, 0xff, 0xff, 0xff,
  0x00, 0x00, 0x00, 0x00, 0x00, 0x00, 0x00, 0x00, 0x00, 0x00, 0x00, 0x00,
  0x00, 0x00, 0x00, 0x00, 0x00, 0x00, 0x00, 0x00, 0x10, 0xa2, 0xff, 0xff,
  0xff, 0xff, 0xff, 0xff, 0x39, 0xc7, 0x00, 0x00, 0x08, 0x20, 0x10, 0x81,
  0x00, 0x00, 0x00, 0x00, 0x29, 0x65, 0xff, 0xff, 0xff, 0xff, 0xff, 0xff,
  0x29, 0x65, 0x00, 0x00, 0x52, 0x25, 0x62, 0x86, 0x62, 0x84, 0x62, 0xc6,
  0x63, 0x08, 0x63, 0x28, 0x63, 0x29, 0x63, 0x09, 0x62, 0xe8, 0x62, 0xa8,
  0x5a, 0x25, 0x51, 0xe4, 0x51, 0xa3, 0x5a, 0x04, 0x62, 0xa8, 0x63, 0x2a,
  0x63, 0x2c, 0x63, 0x2b, 0x63, 0x2c, 0x63, 0x2c, 0x63, 0x2c, 0x63, 0x2c,
  0x63, 0x2c, 0x63, 0x2c, 0x63, 0x2c, 0x63, 0x2c, 0x63, 0x2c, 0x63, 0x2c,
  0x63, 0x2c, 0x63, 0x2c, 0x63, 0x2c, 0x63, 0x2c, 0x63, 0x2c, 0x63, 0x2c,
  0x63, 0x2c, 0x63, 0x2c, 0x63, 0x2c, 0x63, 0x2c, 0x63, 0x2c, 0x63, 0x2c,
  0x63, 0x2c, 0x63, 0x2c, 0x63, 0x2c, 0x63, 0x2c, 0x63, 0x2c, 0x63, 0x2c,
  0x63, 0x2c, 0x63, 0x2c, 0x00, 0x00, 0x00, 0x00, 0x00, 0x00, 0x00, 0x00,
  0x00, 0x00, 0x00, 0x00, 0x00, 0x00, 0x00, 0x00, 0x00, 0x00, 0x00, 0x00,
  0x00, 0x00, 0x00, 0x00, 0x00, 0x00, 0x00, 0x00, 0x00, 0x00, 0x00, 0x00,
  0x00, 0x00, 0x00, 0x00, 0x00, 0x00, 0x00, 0x00, 0x00, 0x00, 0x00, 0x00,
  0x00, 0x00, 0x00, 0x00, 0x00, 0x00, 0x00, 0x00, 0x00, 0x00, 0x00, 0x00,
  0x00, 0x00, 0x00, 0x00, 0x00, 0x00, 0x00, 0x00, 0x00, 0x00, 0x00, 0x00,
  0x00, 0x00, 0x00, 0x00, 0x00, 0x00, 0x00, 0x00, 0x00, 0x00, 0x00, 0x00,
  0x00, 0x00, 0x00, 0x00, 0x00, 0x00, 0x00, 0x00, 0x00, 0x00, 0x00, 0x00,
  0x00, 0x00, 0x00, 0x00, 0x00, 0x00, 0x00, 0x00, 0x00, 0x00, 0x00, 0x00,
  0x00, 0x00, 0x00, 0x00, 0x00, 0x00, 0x00, 0x00, 0x00, 0x00, 0x00, 0x00,
  0x00, 0x00, 0x00, 0x00, 0x00, 0x00, 0x00, 0x00, 0x00, 0x00, 0x00, 0x00,
  0x00, 0x00, 0x00, 0x00, 0x00, 0x00, 0x00, 0x00, 0x00, 0x00, 0x18, 0xa1,
  0x10, 0x61, 0x10, 0x61, 0x10, 0x61, 0x10, 0x61, 0x10, 0x61, 0x10, 0x61,
  0x10, 0x61, 0x10, 0x61, 0x10, 0x81, 0x10, 0x81, 0x10, 0x81, 0x10, 0x81,
  0x10, 0x81, 0x10, 0x81, 0x10, 0x81, 0x10, 0x81, 0x10, 0x81, 0x18, 0x82,
  0x18, 0x82, 0x18, 0x82, 0x18, 0x82, 0x18, 0x82, 0x18, 0x82, 0x18, 0x82,
  0x18, 0x81, 0x18, 0x80, 0x18, 0x81, 0x21, 0x02, 0x31, 0x44, 0x29, 0x02,
  0x10, 0x60, 0x08, 0x00, 0x08, 0x20, 0x18, 0xa1, 0x29, 0x02, 0x21, 0x02,
  0x29, 0x43, 0x29, 0x23, 0x29, 0x02, 0x31, 0x64, 0x00, 0x00, 0x00, 0x00,
  0xde, 0xfb, 0xff, 0xff, 0xff, 0xff, 0xad, 0x55, 0x00, 0x00, 0x00, 0x00,
  0x00, 0x00, 0x00, 0x00, 0x00, 0x00, 0x52, 0x8a, 0xff, 0xff, 0xff, 0xff,
  0xff, 0xff, 0x21, 0x04, 0x00, 0x00, 0x52, 0x8a, 0xff, 0xff, 0xff, 0xff,
  0xff, 0xff, 0x00, 0x20, 0x00, 0x00, 0x41, 0x63, 0x41, 0x63, 0x20, 0xa1,
  0x00, 0x00, 0x7b, 0xef, 0xff, 0xff, 0xff, 0xff, 0xde, 0xdb, 0x00, 0x00,
  0x00, 0x20, 0x00, 0x00, 0x42, 0x28, 0xff, 0xff, 0xff, 0xff, 0xff, 0xff,
  0xa5, 0x34, 0x00, 0x00, 0x00, 0x00, 0x00, 0x00, 0x00, 0x00, 0x00, 0x00,
  0x00, 0x00, 0xad, 0x75, 0xff, 0xff, 0xff, 0xff, 0xff, 0xff, 0x39, 0xc7,
  0x00, 0x00, 0x00, 0x00, 0x52, 0xaa, 0xff, 0xff, 0xff, 0xff, 0xff, 0xff,
  0x00, 0x00, 0x00, 0x00, 0x00, 0x00, 0x00, 0x00, 0x00, 0x00, 0x00, 0x00,
  0x00, 0x00, 0x00, 0x00, 0x00, 0x00, 0x00, 0x00, 0x00, 0x00, 0xde, 0xfb,
  0xff, 0xff, 0xff, 0xff, 0xad, 0x55, 0x00, 0x00, 0x00, 0x00, 0x00, 0x00,
  0x00, 0x00, 0x00, 0x00, 0x52, 0x8a, 0xff, 0xff, 0xff, 0xff, 0xff, 0xff,
  0x21, 0x04, 0x00, 0x00, 0x00, 0x00, 0x00, 0x00, 0x00, 0x00, 0x00, 0x00,
  0x10, 0x81, 0x52, 0x87, 0x63, 0x09, 0x62, 0xe9, 0x62, 0xc8, 0x62, 0x87,
  0x51, 0xc4, 0x51, 0xc4, 0x51, 0xc4, 0x5a, 0x25, 0x62, 0xc8, 0x63, 0x0a,
  0x63, 0x0c, 0x63, 0x0c, 0x63, 0x0c, 0x63, 0x0c, 0x63, 0x0c, 0x63, 0x0c,
  0x63, 0x0c, 0x63, 0x0c, 0x63, 0x0c, 0x63, 0x0c, 0x63, 0x0c, 0x63, 0x0c,
  0x63, 0x0c, 0x63, 0x0c, 0x63, 0x0c, 0x63, 0x0c, 0x63, 0x0c, 0x63, 0x0c,
  0x63, 0x0c, 0x63, 0x0c, 0x63, 0x0c, 0x63, 0x0c, 0x63, 0x0c, 0x63, 0x0c,
  0x63, 0x0c, 0x63, 0x0c, 0x63, 0x0c, 0x63, 0x0c, 0x63, 0x0c, 0x63, 0x0c,
  0x63, 0x0c, 0x00, 0x00, 0x00, 0x00, 0x00, 0x00, 0x00, 0x00, 0x00, 0x00,
  0x00, 0x00, 0x00, 0x00, 0x00, 0x00, 0x00, 0x00, 0x00, 0x00, 0x00, 0x00,
  0x00, 0x00, 0x00, 0x00, 0x00, 0x00, 0x00, 0x00, 0x00, 0x00, 0x00, 0x00,
  0x00, 0x00, 0x00, 0x00, 0x00, 0x00, 0x00, 0x00, 0x00, 0x00, 0x00, 0x00,
  0x00, 0x00, 0x00, 0x00, 0x00, 0x00, 0x00, 0x00, 0x00, 0x00, 0x00, 0x00,
  0x00, 0x00, 0x00, 0x00, 0x00, 0x00, 0x00, 0x00, 0x00, 0x00, 0x00, 0x00,
  0x00, 0x00, 0x00, 0x00, 0x00, 0x00, 0x00, 0x00, 0x00, 0x00, 0x00, 0x00,
  0x00, 0x00, 0x00, 0x00, 0x00, 0x00, 0x00, 0x00, 0x00, 0x00, 0x00, 0x00,
  0x00, 0x00, 0x00, 0x00, 0x00, 0x00, 0x00, 0x00, 0x00, 0x00, 0x00, 0x00,
  0x00, 0x00, 0x00, 0x00, 0x00, 0x00, 0x00, 0x00, 0x00, 0x00, 0x00, 0x00,
  0x00, 0x00, 0x00, 0x00, 0x00, 0x00, 0x00, 0x00, 0x00, 0x00, 0x00, 0x00,
  0x00, 0x00, 0x00, 0x00, 0x00, 0x00, 0x00, 0x00, 0x00, 0x00, 0x00, 0x00,
  0x10, 0x61, 0x10, 0x61, 0x10, 0x61, 0x10, 0x61, 0x10, 0x61, 0x10, 0x61,
  0x10, 0x61, 0x10, 0x61, 0x10, 0x61, 0x10, 0x81, 0x10, 0x81, 0x10, 0x81,
  0x10, 0x81, 0x10, 0x81, 0x10, 0x81, 0x10, 0x81, 0x10, 0x81, 0x10, 0x81,
  0x10, 0x81, 0x10, 0x81, 0x10, 0x81, 0x10, 0x81, 0x10, 0x81, 0x10, 0x82,
  0x18, 0x81, 0x10, 0x60, 0x10, 0x60, 0x18, 0xc1, 0x31, 0x43, 0x31, 0x44,
  0x20, 0xe2, 0x10, 0x60, 0x08, 0x20, 0x18, 0x80, 0x20, 0xe2, 0x20, 0xc2,
  0x29, 0x23, 0x29, 0x23, 0x29, 0x02, 0x31, 0x64, 0x10, 0x81, 0x00, 0x00,
  0x84, 0x30, 0xff, 0xff, 0xff, 0xff, 0xff, 0xff, 0x9c, 0xf3, 0x29, 0x45,
  0x08, 0x41, 0x18, 0xc3, 0x63, 0x0c, 0xef, 0x5d, 0xff, 0xff, 0xff, 0xff,
  0xe7, 0x1c, 0x00, 0x00, 0x00, 0x00, 0x52, 0x8a, 0xff, 0xff, 0xff, 0xff,
  0xff, 0xff, 0x00, 0x20, 0x00, 0x00, 0x41, 0x43, 0x41, 0x43, 0x20, 0xa1,
  0x00, 0x00, 0x7b, 0xef, 0xff, 0xff, 0xff, 0xff, 0xde, 0xdb, 0x00, 0x00,
  0x08, 0x20, 0x00, 0x00, 0x00, 0x00, 0xc6, 0x38, 0xff, 0xff, 0xff, 0xff,
  0xff, 0xff, 0xbd, 0xf7, 0x42, 0x08, 0x08, 0x41, 0x08, 0x41, 0x42, 0x08,
  0xc6, 0x18, 0xff, 0xff, 0xff, 0xff, 0xff, 0xff, 0xbd, 0xd7, 0x00, 0x00,
  0x00, 0x00, 0x00, 0x00, 0x52, 0xaa, 0xff, 0xff, 0xff, 0xff, 0xff, 0xff,
  0x00, 0x00, 0x00, 0x00, 0x00, 0x00, 0x00, 0x00, 0x00, 0x00, 0x00, 0x00,
  0x00, 0x00, 0x00, 0x00, 0x00, 0x00, 0x00, 0x00, 0x00, 0x00, 0x84, 0x30,
  0xff, 0xff, 0xff, 0xff, 0xff, 0xff, 0x9c, 0xf3, 0x29, 0x45, 0x08, 0x41,
  0x18, 0xc3, 0x63, 0x0c, 0xef, 0x5d, 0xff, 0xff, 0xff, 0xff, 0xe7, 0x1c,
  0x00, 0x00, 0x00, 0x00, 0x00, 0x00, 0x00, 0x00, 0x00, 0x00, 0x00, 0x00,
  0x00, 0x00, 0x18, 0xe2, 0x63, 0x09, 0x62, 0xe9, 0x62, 0xa8, 0x5a, 0x67,
  0x49, 0xa4, 0x51, 0xc4, 0x51, 0xe4, 0x5a, 0x46, 0x62, 0xe9, 0x63, 0x0a,
  0x63, 0x0b, 0x63, 0x0b, 0x63, 0x0c, 0x63, 0x0c, 0x63, 0x0c, 0x63, 0x0c,
  0x63, 0x0c, 0x63, 0x0c, 0x63, 0x0c, 0x63, 0x0c, 0x63, 0x0c, 0x63, 0x0c,
  0x63, 0x0c, 0x63, 0x0c, 0x63, 0x0c, 0x63, 0x0c, 0x63, 0x0c, 0x63, 0x0c,
  0x63, 0x0c, 0x63, 0x0c, 0x63, 0x0c, 0x63, 0x0c, 0x63, 0x0c, 0x63, 0x0c,
  0x63, 0x0c, 0x63, 0x0c, 0x63, 0x0c, 0x63, 0x0c, 0x63, 0x0c, 0x63, 0x0c,
  0x00, 0x00, 0x00, 0x00, 0x00, 0x00, 0x00, 0x00, 0x00, 0x00, 0x00, 0x00,
  0x00, 0x00, 0x00, 0x00, 0x00, 0x00, 0x00, 0x00, 0x00, 0x00, 0x00, 0x00,
  0x00, 0x00, 0x00, 0x00, 0x00, 0x00, 0x00, 0x00, 0x00, 0x00, 0x00, 0x00,
  0x00, 0x00, 0x00, 0x00, 0x00, 0x00, 0x00, 0x00, 0x00, 0x00, 0x00, 0x00,
  0x00, 0x00, 0x00, 0x00, 0x00, 0x00, 0x00, 0x00, 0x00, 0x00, 0x00, 0x00,
  0x00, 0x00, 0x00, 0x00, 0x00, 0x00, 0x00, 0x00, 0x00, 0x00, 0x00, 0x00,
  0x00, 0x00, 0x00, 0x00, 0x00, 0x00, 0x00, 0x00, 0x00, 0x00, 0x00, 0x00,
  0x00, 0x00, 0x00, 0x00, 0x00, 0x00, 0x00, 0x00, 0x00, 0x00, 0x00, 0x00,
  0x00, 0x00, 0x00, 0x00, 0x00, 0x00, 0x00, 0x00, 0x00, 0x00, 0x00, 0x00,
  0x00, 0x00, 0x00, 0x00, 0x00, 0x00, 0x00, 0x00, 0x00, 0x00, 0x00, 0x00,
  0x00, 0x00, 0x00, 0x00, 0x00, 0x00, 0x00, 0x00, 0x00, 0x00, 0x00, 0x00,
  0x00, 0x00, 0x00, 0x00, 0x00, 0x00, 0x00, 0x00, 0x00, 0x00, 0x00, 0x00,
  0x00, 0x00, 0x10, 0x61, 0x10, 0x61, 0x10, 0x61, 0x10, 0x61, 0x10, 0x61,
  0x10, 0x61, 0x10, 0x61, 0x10, 0x61, 0x10, 0x61, 0x10, 0x61, 0x10, 0x61,
  0x10, 0x61, 0x10, 0x61, 0x10, 0x61, 0x10, 0x61, 0x10, 0x81, 0x10, 0x81,
  0x10, 0x81, 0x10, 0x81, 0x10, 0x81, 0x10, 0x81, 0x10, 0x81, 0x10, 0x81,
  0x10, 0x81, 0x10, 0x60, 0x10, 0x60, 0x18, 0xa1, 0x29, 0x23, 0x39, 0x84,
  0x31, 0x44, 0x20, 0xc1, 0x10, 0x60, 0x10, 0x60, 0x20, 0xc1, 0x20, 0xc1,
  0x29, 0x03, 0x29, 0x23, 0x29, 0x03, 0x39, 0x84, 0x29, 0x23, 0x00, 0x00,
  0x10, 0x82, 0xe7, 0x3c, 0xff, 0xff, 0xff, 0xff, 0xff, 0xff, 0xff, 0xff,
  0xff, 0xff, 0xff, 0xff, 0xff, 0xff, 0xff, 0xff, 0xff, 0xff, 0xff, 0xff,
  0x63, 0x2c, 0x00, 0x00, 0x00, 0x00, 0x52, 0x8a, 0xff, 0xff, 0xff, 0xff,
  0xff, 0xff, 0x00, 0x20, 0x00, 0x00, 0x39, 0x43, 0x39, 0x43, 0x18, 0xa1,
  0x00, 0x00, 0x7b, 0xef, 0xff, 0xff, 0xff, 0xff, 0xde, 0xdb, 0x00, 0x00,
  0x08, 0x20, 0x18, 0xa1, 0x00, 0x00, 0x18, 0xe3, 0xef, 0x5d, 0xff, 0xff,
  0xff, 0xff, 0xff, 0xff, 0xff, 0xff, 0xff, 0xff, 0xff, 0xff, 0xff, 0xff,
  0xff, 0xff, 0xff, 0xff, 0xff, 0xff, 0xe7, 0x1c, 0x10, 0xa2, 0x00, 0x00,
  0x18, 0xa1, 0x00, 0x00, 0x52, 0xaa, 0xff, 0xff, 0xff, 0xff, 0xff, 0xff,
  0xff, 0xff, 0xff, 0xff, 0xff, 0xff, 0xff, 0xff, 0xff, 0xff, 0xff, 0xff,
  0xff, 0xff, 0xff, 0xff, 0xff, 0xff, 0x31, 0xa6, 0x00, 0x00, 0x10, 0x82,
  0xe7, 0x3c, 0xff, 0xff, 0xff, 0xff, 0xff, 0xff, 0xff, 0xff, 0xff, 0xff,
  0xff, 0xff, 0xff, 0xff, 0xff, 0xff, 0xff, 0xff, 0xff, 0xff, 0x63, 0x2c,
  0x00, 0x00, 0x00, 0x00, 0x5a, 0xcb, 0xff, 0xff, 0xff, 0xff, 0xd6, 0x9a,
  0x00, 0x00, 0x10, 0x81, 0x5a, 0xe9, 0x5a, 0xc8, 0x5a, 0x88, 0x5a, 0x47,
  0x49, 0x83, 0x51, 0xc4, 0x5a, 0x05, 0x5a, 0x67, 0x5a, 0xe9, 0x5a, 0xea,
  0x5a, 0xeb, 0x5a, 0xeb, 0x5a, 0xeb, 0x5a, 0xeb, 0x5a, 0xeb, 0x5a, 0xeb,
  0x5a, 0xeb, 0x5a, 0xeb, 0x5a, 0xeb, 0x5a, 0xeb, 0x5a, 0xeb, 0x5a, 0xeb,
  0x5a, 0xeb, 0x5a, 0xeb, 0x5a, 0xeb, 0x5a, 0xeb, 0x5a, 0xeb, 0x5a, 0xeb,
  0x5a, 0xeb, 0x5a, 0xeb, 0x5a, 0xeb, 0x5a, 0xeb, 0x5a, 0xeb, 0x5a, 0xeb,
  0x5a, 0xeb, 0x5a, 0xeb, 0x5a, 0xeb, 0x5a, 0xeb, 0x5a, 0xeb, 0x00, 0x00,
  0x00, 0x00, 0x00, 0x00, 0x00, 0x00, 0x00, 0x00, 0x00, 0x00, 0x00, 0x00,
  0x00, 0x00, 0x00, 0x00, 0x00, 0x00, 0x00, 0x00, 0x00, 0x00, 0x00, 0x00,
  0x00, 0x00, 0x00, 0x00, 0x00, 0x00, 0x00, 0x00, 0x00, 0x00, 0x00, 0x00,
  0x00, 0x00, 0x00, 0x00, 0x00, 0x00, 0x00, 0x00, 0x00, 0x00, 0x00, 0x00,
  0x00, 0x00, 0x00, 0x00, 0x00, 0x00, 0x00, 0x00, 0x00, 0x00, 0x00, 0x00,
  0x00, 0x00, 0x00, 0x00, 0x00, 0x00, 0x00, 0x00, 0x00, 0x00, 0x00, 0x00,
  0x00, 0x00, 0x00, 0x00, 0x00, 0x00, 0x00, 0x00, 0x00, 0x00, 0x00, 0x00,
  0x00, 0x00, 0x00, 0x00, 0x00, 0x00, 0x00, 0x00, 0x00, 0x00, 0x00, 0x00,
  0x00, 0x00, 0x00, 0x00, 0x00, 0x00, 0x00, 0x00, 0x00, 0x00, 0x00, 0x00,
  0x00, 0x00, 0x00, 0x00, 0x00, 0x00, 0x00, 0x00, 0x00, 0x00, 0x00, 0x00,
  0x00, 0x00, 0x00, 0x00, 0x00, 0x00, 0x00, 0x00, 0x00, 0x00, 0x00, 0x00,
  0x00, 0x00, 0x00, 0x00, 0x00, 0x00, 0x00, 0x00, 0x00, 0x00, 0x00, 0x00,
  0x00, 0x00, 0x00, 0x00, 0x10, 0x61, 0x10, 0x61, 0x10, 0x61, 0x10, 0x61,
  0x10, 0x61, 0x10, 0x61, 0x10, 0x61, 0x10, 0x61, 0x10, 0x61, 0x10, 0x61,
  0x10, 0x61, 0x10, 0x61, 0x10, 0x61, 0x10, 0x61, 0x10, 0x81, 0x10, 0x81,
  0x10, 0x81, 0x10, 0x81, 0x10, 0x81, 0x10, 0x81, 0x10, 0x81, 0x10, 0x81,
  0x10, 0x81, 0x18, 0x80, 0x10, 0x80, 0x18, 0xa1, 0x29, 0x03, 0x31, 0x64,
  0x31, 0x64, 0x21, 0x02, 0x18, 0x81, 0x10, 0x60, 0x20, 0xc1, 0x20, 0xc2,
  0x29, 0x23, 0x29, 0x43, 0x29, 0x23, 0x39, 0xa5, 0x39, 0xc5, 0x10, 0x61,
  0x00, 0x00, 0x31, 0x86, 0xe7, 0x1c, 0xff, 0xff, 0xff, 0xff, 0xff, 0xff,
  0xff, 0xff, 0xff, 0xff, 0xff, 0xff, 0xff, 0xff, 0xff, 0xff, 0x8c, 0x51,
  0x00, 0x00, 0x00, 0x00, 0x00, 0x00, 0x52, 0x8a, 0xff, 0xff, 0xff, 0xff,
  0xff, 0xff, 0x00, 0x20, 0x00, 0x00, 0x39, 0x43, 0x39, 0x43, 0x18, 0xa1,
  0x00, 0x00, 0x7b, 0xef, 0xff, 0xff, 0xff, 0xff, 0xde, 0xdb, 0x00, 0x00,
  0x08, 0x20, 0x39, 0x43, 0x08, 0x40, 0x00, 0x00, 0x21, 0x04, 0xce, 0x79,
  0xff, 0xff, 0xff, 0xff, 0xff, 0xff, 0xff, 0xff, 0xff, 0xff, 0xff, 0xff,
  0xff, 0xff, 0xff, 0xff, 0xc6, 0x38, 0x18, 0xc3, 0x00, 0x00, 0x10, 0x61,
  0x31, 0x02, 0x00, 0x00, 0x52, 0xaa, 0xff, 0xff, 0xff, 0xff, 0xff, 0xff,
  0xff, 0xff, 0xff, 0xff, 0xff, 0xff, 0xff, 0xff, 0xff, 0xff, 0xff, 0xff,
  0xff, 0xff, 0xff, 0xff, 0xff, 0xff, 0x31, 0xa6, 0x00, 0x00, 0x00, 0x00,
  0x31, 0x86, 0xe7, 0x1c, 0xff, 0xff, 0xff, 0xff, 0xff, 0xff, 0xff, 0xff,
  0xff, 0xff, 0xff, 0xff, 0xff, 0xff, 0xff, 0xff, 0x8c, 0x51, 0x00, 0x00,
  0x00, 0x00, 0x00, 0x00, 0x5a, 0xcb, 0xff, 0xff, 0xff, 0xff, 0xd6, 0x9a,
  0x00, 0x00, 0x10, 0x81, 0x5a, 0xc9, 0x5a, 0xc8, 0x5a, 0x88, 0x5a, 0x46,
  0x49, 0x84, 0x51, 0xe5, 0x5a, 0x46, 0x5a, 0x88, 0x5a, 0xca, 0x5a, 0xca,
  0x5a, 0xcb, 0x5a, 0xcb, 0x5a, 0xcb, 0x5a, 0xcb, 0x5a, 0xcb, 0x5a, 0xcb,
  0x5a, 0xcb, 0x5a, 0xcb, 0x5a, 0xcb, 0x5a, 0xcb, 0x5a, 0xcb, 0x5a, 0xcb,
  0x5a, 0xcb, 0x5a, 0xcb, 0x5a, 0xcb, 0x5a, 0xcb, 0x5a, 0xcb, 0x5a, 0xcb,
  0x5a, 0xcb, 0x5a, 0xcb, 0x5a, 0xcb, 0x5a, 0xcb, 0x5a, 0xcb, 0x5a, 0xcb,
  0x5a, 0xcb, 0x5a, 0xcb, 0x5a, 0xcb, 0x5a, 0xcb, 0x00, 0x00, 0x00, 0x00,
  0x00, 0x00, 0x00, 0x00, 0x00, 0x00, 0x00, 0x00, 0x00, 0x00, 0x00, 0x00,
  0x00, 0x00, 0x00, 0x00, 0x00, 0x00, 0x00, 0x00, 0x00, 0x00, 0x00, 0x00,
  0x00, 0x00, 0x00, 0x00, 0x00, 0x00, 0x00, 0x00, 0x00, 0x00, 0x00, 0x00,
  0x00, 0x00, 0x00, 0x00, 0x00, 0x00, 0x00, 0x00, 0x00, 0x00, 0x00, 0x00,
  0x00, 0x00, 0x00, 0x00, 0x00, 0x00, 0x00, 0x00, 0x00, 0x00, 0x00, 0x00,
  0x00, 0x00, 0x00, 0x00, 0x00, 0x00, 0x00, 0x00, 0x00, 0x00, 0x00, 0x00,
  0x00, 0x00, 0x00, 0x00, 0x00, 0x00, 0x00, 0x00, 0x00, 0x00, 0x00, 0x00,
  0x00, 0x00, 0x00, 0x00, 0x00, 0x00, 0x00, 0x00, 0x00, 0x00, 0x00, 0x00,
  0x00, 0x00, 0x00, 0x00, 0x00, 0x00, 0x00, 0x00, 0x00, 0x00, 0x00, 0x00,
  0x00, 0x00, 0x00, 0x00, 0x00, 0x00, 0x00, 0x00, 0x00, 0x00, 0x00, 0x00,
  0x00, 0x00, 0x00, 0x00, 0x00, 0x00, 0x00, 0x00, 0x00, 0x00, 0x00, 0x00,
  0x00, 0x00, 0x00, 0x00, 0x00, 0x00, 0x00, 0x00, 0x00, 0x00, 0x00, 0x00,
  0x00, 0x00, 0x00, 0x00, 0x00, 0x00, 0x10, 0x61, 0x10, 0x61, 0x10, 0x61,
  0x10, 0x61, 0x10, 0x61, 0x10, 0x61, 0x10, 0x61, 0x10, 0x61, 0x10, 0x61,
  0x10, 0x61, 0x10, 0x61, 0x10, 0x61, 0x10, 0x61, 0x10, 0x81, 0x10, 0x81,
  0x10, 0x81, 0x10, 0x81, 0x10, 0x81, 0x10, 0x81, 0x10, 0x81, 0x10, 0x61,
  0x18, 0x81, 0x20, 0xc1, 0x18, 0xa1, 0x18, 0xa1, 0x20, 0xe2, 0x29, 0x23,
  0x29, 0x23, 0x20, 0xc2, 0x10, 0x60, 0x10, 0x60, 0x20, 0xc1, 0x20, 0xc2,
  0x29, 0x23, 0x31, 0x43, 0x29, 0x43, 0x41, 0xc6, 0x41, 0xe6, 0x41, 0x84,
  0x08, 0x40, 0x00, 0x00, 0x08, 0x61, 0x73, 0xae, 0xc6, 0x18, 0xef, 0x7d,
  0xff, 0xdf, 0xef, 0x7d, 0xd6, 0xba, 0x94, 0xb2, 0x31, 0xa6, 0x00, 0x00,
  0x00, 0x00, 0x18, 0xa1, 0x00, 0x00, 0x52, 0x8a, 0xff, 0xff, 0xff, 0xff,
  0xff, 0xff, 0x00, 0x20, 0x00, 0x00, 0x39, 0x23, 0x39, 0x23, 0x18, 0xa1,
  0x00, 0x00, 0x7b, 0xef, 0xff, 0xff, 0xff, 0xff, 0xde, 0xdb, 0x00, 0x00,
  0x08, 0x20, 0x39, 0x43, 0x39, 0x43, 0x08, 0x40, 0x00, 0x00, 0x00, 0x00,
  0x52, 0xaa, 0xad, 0x55, 0xe7, 0x1c, 0xf7, 0xbe, 0xf7, 0xbe, 0xde, 0xfb,
  0xa5, 0x34, 0x4a, 0x69, 0x00, 0x00, 0x00, 0x00, 0x10, 0x61, 0x41, 0x64,
  0x29, 0x02, 0x00, 0x00, 0x52, 0xaa, 0xff, 0xff, 0xff, 0xff, 0xff, 0xff,
  0xff, 0xff, 0xff, 0xff, 0xff, 0xff, 0xff, 0xff, 0xff, 0xff, 0xff, 0xff,
  0xff, 0xff, 0xff, 0xff, 0xff, 0xff, 0x31, 0xa6, 0x00, 0x00, 0x08, 0x20,
  0x00, 0x00, 0x08, 0x61, 0x73, 0xae, 0xc6, 0x18, 0xef, 0x7d, 0xff, 0xdf,
  0xef, 0x7d, 0xd6, 0xba, 0x94, 0xb2, 0x31, 0xa6, 0x00, 0x00, 0x00, 0x00,
  0x20, 0xe2, 0x00, 0x00, 0x5a, 0xcb, 0xff, 0xff, 0xff, 0xff, 0xd6, 0x9a,
  0x00, 0x00, 0x10, 0x81, 0x5a, 0xc9, 0x5a, 0xa8, 0x5a, 0x68, 0x52, 0x27,
  0x49, 0x84, 0x51, 0xe5, 0x5a, 0x47, 0x5a, 0xa8, 0x5a, 0xc9, 0x5a, 0xca,
  0x5a, 0xcb, 0x5a, 0xca, 0x5a, 0xcb, 0x5a, 0xcb, 0x5a, 0xcb, 0x5a, 0xcb,
  0x5a, 0xcb, 0x5a, 0xcb, 0x5a, 0xcb, 0x5a, 0xcb, 0x5a, 0xcb, 0x5a, 0xcb,
  0x5a, 0xcb, 0x5a, 0xcb, 0x5a, 0xcb, 0x5a, 0xcb, 0x5a, 0xcb, 0x5a, 0xcb,
  0x5a, 0xcb, 0x5a, 0xcb, 0x5a, 0xcb, 0x5a, 0xcb, 0x5a, 0xcb, 0x5a, 0xcb,
  0x5a, 0xcb, 0x5a, 0xcb, 0x5a, 0xcb, 0x00, 0x00, 0x00, 0x00, 0x00, 0x00,
  0x00, 0x00, 0x00, 0x00, 0x00, 0x00, 0x00, 0x00, 0x00, 0x00, 0x00, 0x00,
  0x00, 0x00, 0x00, 0x00, 0x00, 0x00, 0x00, 0x00, 0x00, 0x00, 0x00, 0x00,
  0x00, 0x00, 0x00, 0x00, 0x00, 0x00, 0x00, 0x00, 0x00, 0x00, 0x00, 0x00,
  0x00, 0x00, 0x00, 0x00, 0x00, 0x00, 0x00, 0x00, 0x00, 0x00, 0x00, 0x00,
  0x00, 0x00, 0x00, 0x00, 0x00, 0x00, 0x00, 0x00, 0x00, 0x00, 0x00, 0x00,
  0x00, 0x00, 0x00, 0x00, 0x00, 0x00, 0x00, 0x00, 0x00, 0x00, 0x00, 0x00,
  0x00, 0x00, 0x00, 0x00, 0x00, 0x00, 0x00, 0x00, 0x00, 0x00, 0x00, 0x00,
  0x00, 0x00, 0x00, 0x00, 0x00, 0x00, 0x00, 0x00, 0x00, 0x00, 0x00, 0x00,
  0x00, 0x00, 0x00, 0x00, 0x00, 0x00, 0x00, 0x00, 0x00, 0x00, 0x00, 0x00,
  0x00, 0x00, 0x00, 0x00, 0x00, 0x00, 0x00, 0x00, 0x00, 0x00, 0x00, 0x00,
  0x00, 0x00, 0x00, 0x00, 0x00, 0x00, 0x00, 0x00, 0x00, 0x00, 0x00, 0x00,
  0x00, 0x00, 0x00, 0x00, 0x00, 0x00, 0x00, 0x00, 0x00, 0x00, 0x00, 0x00,
  0x00, 0x00, 0x00, 0x00, 0x00, 0x00, 0x00, 0x00, 0x10, 0x60, 0x10, 0x60,
  0x10, 0x60, 0x10, 0x40, 0x10, 0x61, 0x10, 0x61, 0x10, 0x61, 0x10, 0x61,
  0x10, 0x61, 0x10, 0x61, 0x10, 0x61, 0x10, 0x61, 0x10, 0x61, 0x10, 0x61,
  0x10, 0x61, 0x10, 0x61, 0x10, 0x61, 0x10, 0x61, 0x10, 0x61, 0x10, 0x61,
  0x10, 0x81, 0x18, 0xa1, 0x10, 0xa1, 0x18, 0xa1, 0x18, 0xc1, 0x21, 0x02,
  0x21, 0x03, 0x20, 0xe2, 0x18, 0xa1, 0x18, 0x81, 0x20, 0xe2, 0x20, 0xe2,
  0x29, 0x23, 0x31, 0x44, 0x31, 0x44, 0x39, 0xa5, 0x41, 0xc6, 0x41, 0x84,
  0x39, 0x64, 0x10, 0x81, 0x00, 0x00, 0x00, 0x00, 0x00, 0x00, 0x00, 0x00,
  0x00, 0x00, 0x00, 0x00, 0x00, 0x00, 0x00, 0x00, 0x00, 0x00, 0x00, 0x00,
  0x28, 0xe2, 0x31, 0x03, 0x00, 0x00, 0x00, 0x00, 0x00, 0x00, 0x00, 0x00,
  0x00, 0x00, 0x00, 0x00, 0x00, 0x20, 0x39, 0x43, 0x39, 0x43, 0x20, 0xc2,
  0x00, 0x00, 0x00, 0x00, 0x00, 0x00, 0x00, 0x00, 0x00, 0x00, 0x00, 0x00,
  0x10, 0x41, 0x39, 0x43, 0x39, 0x63, 0x39, 0x63, 0x18, 0xa1, 0x00, 0x00,
  0x00, 0x00, 0x00, 0x00, 0x00, 0x00, 0x00, 0x00, 0x00, 0x00, 0x00, 0x00,
  0x00, 0x00, 0x00, 0x00, 0x00, 0x00, 0x20, 0xc2, 0x41, 0x83, 0x41, 0x84,
  0x31, 0x23, 0x00, 0x00, 0x00, 0x00, 0x00, 0x00, 0x00, 0x00, 0x00, 0x00,
  0x00, 0x00, 0x00, 0x00, 0x00, 0x00, 0x00, 0x00, 0x00, 0x00, 0x00, 0x00,
  0x00, 0x00, 0x00, 0x00, 0x00, 0x00, 0x00, 0x00, 0x00, 0x00, 0x39, 0x63,
  0x18, 0x81, 0x00, 0x00, 0x00, 0x00, 0x00, 0x00, 0x00, 0x00, 0x00, 0x00,
  0x00, 0x00, 0x00, 0x00, 0x00, 0x00, 0x00, 0x00, 0x00, 0x20, 0x39, 0x63,
  0x41, 0xa4, 0x00, 0x00, 0x00, 0x00, 0x00, 0x00, 0x00, 0x00, 0x00, 0x00,
  0x00, 0x00, 0x18, 0xc2, 0x52, 0xa9, 0x52, 0x88, 0x52, 0x27, 0x49, 0xe6,
  0x49, 0xc5, 0x52, 0x06, 0x52, 0x68, 0x52, 0xa8, 0x52, 0xa9, 0x52, 0xa9,
  0x52, 0xaa, 0x52, 0xaa, 0x52, 0xaa, 0x52, 0xaa, 0x52, 0xaa, 0x52, 0xaa,
  0x52, 0xaa, 0x52, 0xaa, 0x52, 0xaa, 0x52, 0xaa, 0x52, 0xaa, 0x52, 0xaa,
  0x52, 0xaa, 0x52, 0xaa, 0x52, 0xaa, 0x52, 0xaa, 0x52, 0xaa, 0x52, 0xaa,
  0x52, 0xaa, 0x52, 0xaa, 0x52, 0xaa, 0x52, 0xaa, 0x52, 0xaa, 0x52, 0xaa,
  0x52, 0xaa, 0x52, 0xaa, 0x00, 0x00, 0x00, 0x00, 0x00, 0x00, 0x00, 0x00,
  0x00, 0x00, 0x00, 0x00, 0x00, 0x00, 0x00, 0x00, 0x00, 0x00, 0x00, 0x00,
  0x00, 0x00, 0x00, 0x00, 0x00, 0x00, 0x00, 0x00, 0x00, 0x00, 0x00, 0x00,
  0x00, 0x00, 0x00, 0x00, 0x00, 0x00, 0x00, 0x00, 0x00, 0x00, 0x00, 0x00,
  0x00, 0x00, 0x00, 0x00, 0x00, 0x00, 0x00, 0x00, 0x00, 0x00, 0x00, 0x00,
  0x00, 0x00, 0x00, 0x00, 0x00, 0x00, 0x00, 0x00, 0x00, 0x00, 0x00, 0x00,
  0x00, 0x00, 0x00, 0x00, 0x00, 0x00, 0x00, 0x00, 0x00, 0x00, 0x00, 0x00,
  0x00, 0x00, 0x00, 0x00, 0x00, 0x00, 0x00, 0x00, 0x00, 0x00, 0x00, 0x00,
  0x00, 0x00, 0x00, 0x00, 0x00, 0x00, 0x00, 0x00, 0x00, 0x00, 0x00, 0x00,
  0x00, 0x00, 0x00, 0x00, 0x00, 0x00, 0x00, 0x00, 0x00, 0x00, 0x00, 0x00,
  0x00, 0x00, 0x00, 0x00, 0x00, 0x00, 0x00, 0x00, 0x00, 0x00, 0x00, 0x00,
  0x00, 0x00, 0x00, 0x00, 0x00, 0x00, 0x00, 0x00, 0x00, 0x00, 0x00, 0x00,
  0x00, 0x00, 0x00, 0x00, 0x00, 0x00, 0x00, 0x00, 0x00, 0x00, 0x00, 0x00,
  0x00, 0x00, 0x00, 0x00, 0x00, 0x00, 0x00, 0x00, 0x00, 0x00, 0x10, 0x40,
  0x10, 0x40, 0x08, 0x40, 0x08, 0x41, 0x08, 0x41, 0x08, 0x41, 0x08, 0x41,
  0x08, 0x41, 0x08, 0x41, 0x08, 0x41, 0x08, 0x41, 0x08, 0x41, 0x08, 0x61,
  0x08, 0x61, 0x08, 0x61, 0x08, 0x61, 0x08, 0x61, 0x08, 0x61, 0x08, 0x41,
  0x08, 0x60, 0x08, 0x80, 0x08, 0x80, 0x10, 0xa1, 0x10, 0xe2, 0x19, 0x02,
  0x21, 0x23, 0x29, 0x43, 0x29, 0x44, 0x20, 0xe2, 0x21, 0x02, 0x29, 0x03,
  0x29, 0x23, 0x29, 0x23, 0x31, 0x44, 0x31, 0x44, 0x31, 0x64, 0x31, 0x23,
  0x39, 0x43, 0x39, 0x64, 0x31, 0x43, 0x18, 0xc2, 0x08, 0x61, 0x00, 0x20,
  0x00, 0x00, 0x00, 0x00, 0x08, 0x20, 0x10, 0x61, 0x20, 0xe2, 0x39, 0x43,
  0x39, 0x63, 0x39, 0x63, 0x18, 0xa1, 0x00, 0x00, 0x00, 0x00, 0x00, 0x00,
  0x00, 0x00, 0x00, 0x20, 0x28, 0xe2, 0x39, 0x43, 0x39, 0x43, 0x39, 0x43,
  0x10, 0x61, 0x00, 0x00, 0x00, 0x00, 0x00, 0x00, 0x00, 0x00, 0x08, 0x20,
  0x31, 0x22, 0x39, 0x43, 0x39, 0x83, 0x39, 0x83, 0x39, 0x83, 0x39, 0x63,
  0x20, 0xc2, 0x10, 0x61, 0x00, 0x20, 0x00, 0x00, 0x00, 0x00, 0x00, 0x20,
  0x10, 0x61, 0x20, 0xc2, 0x39, 0x43, 0x39, 0x63, 0x39, 0x63, 0x39, 0x63,
  0x41, 0x83, 0x18, 0xa1, 0x00, 0x00, 0x00, 0x00, 0x00, 0x00, 0x00, 0x00,
  0x00, 0x00, 0x00, 0x00, 0x00, 0x00, 0x00, 0x00, 0x00, 0x00, 0x00, 0x00,
  0x00, 0x00, 0x00, 0x00, 0x00, 0x00, 0x00, 0x00, 0x20, 0xe2, 0x41, 0xa3,
  0x41, 0xa3, 0x39, 0x42, 0x18, 0xa1, 0x08, 0x40, 0x00, 0x20, 0x00, 0x00,
  0x00, 0x20, 0x08, 0x40, 0x18, 0xa1, 0x31, 0x43, 0x4a, 0x05, 0x52, 0x26,
  0x52, 0x47, 0x21, 0x03, 0x00, 0x00, 0x00, 0x00, 0x00, 0x00, 0x00, 0x00,
  0x08, 0x61, 0x42, 0x28, 0x52, 0x88, 0x52, 0x27, 0x49, 0xa4, 0x41, 0x84,
  0x4a, 0x06, 0x4a, 0x47, 0x52, 0x89, 0x52, 0x89, 0x52, 0x89, 0x52, 0x89,
  0x52, 0x89, 0x52, 0x89, 0x52, 0x8a, 0x52, 0x8a, 0x52, 0x8a, 0x52, 0x8a,
  0x52, 0x8a, 0x52, 0x8a, 0x52, 0x8a, 0x52, 0x8a, 0x52, 0x8a, 0x52, 0x8a,
  0x52, 0x8a, 0x52, 0x8a, 0x52, 0x8a, 0x52, 0x8a, 0x52, 0x8a, 0x52, 0x8a,
  0x52, 0x8a, 0x52, 0x8a, 0x52, 0x8a, 0x52, 0x8a, 0x52, 0x8a, 0x52, 0x8a,
  0x52, 0x8a, 0x00, 0x00, 0x00, 0x00, 0x00, 0x00, 0x00, 0x00, 0x00, 0x00,
  0x00, 0x00, 0x00, 0x00, 0x00, 0x00, 0x00, 0x00, 0x00, 0x00, 0x00, 0x00,
  0x00, 0x00, 0x00, 0x00, 0x00, 0x00, 0x00, 0x00, 0x00, 0x00, 0x00, 0x00,
  0x00, 0x00, 0x00, 0x00, 0x00, 0x00, 0x00, 0x00, 0x00, 0x00, 0x00, 0x00,
  0x00, 0x00, 0x00, 0x00, 0x00, 0x00, 0x00, 0x00, 0x00, 0x00, 0x00, 0x00,
  0x00, 0x00, 0x00, 0x00, 0x00, 0x00, 0x00, 0x00, 0x00, 0x00, 0x00, 0x00,
  0x00, 0x00, 0x00, 0x00, 0x00, 0x00, 0x00, 0x00, 0x00, 0x00, 0x00, 0x00,
  0x00, 0x00, 0x00, 0x00, 0x00, 0x00, 0x00, 0x00, 0x00, 0x00, 0x00, 0x00,
  0x00, 0x00, 0x00, 0x00, 0x00, 0x00, 0x00, 0x00, 0x00, 0x00, 0x00, 0x00,
  0x00, 0x00, 0x00, 0x00, 0x00, 0x00, 0x00, 0x00, 0x00, 0x00, 0x00, 0x00,
  0x00, 0x00, 0x00, 0x00, 0x00, 0x00, 0x00, 0x00, 0x00, 0x00, 0x00, 0x00,
  0x00, 0x00, 0x00, 0x00, 0x00, 0x00, 0x00, 0x00, 0x00, 0x00, 0x00, 0x00,
  0x00, 0x00, 0x00, 0x00, 0x00, 0x00, 0x00, 0x00, 0x00, 0x00, 0x00, 0x00,
  0x00, 0x00, 0x00, 0x00, 0x00, 0x00, 0x00, 0x00, 0x00, 0x00, 0x00, 0x00,
  0x08, 0x40, 0x08, 0x40, 0x08, 0x41, 0x08, 0x41, 0x08, 0x41, 0x08, 0x41,
  0x08, 0x41, 0x08, 0x41, 0x08, 0x41, 0x08, 0x41, 0x08, 0x41, 0x08, 0x41,
  0x08, 0x41, 0x08, 0x41, 0x08, 0x41, 0x08, 0x41, 0x08, 0x61, 0x08, 0x41,
  0x08, 0x61, 0x08, 0xa1, 0x10, 0xa1, 0x10, 0xa1, 0x10, 0xc1, 0x18, 0xe2,
  0x19, 0x02, 0x21, 0x03, 0x21, 0x03, 0x20, 0xe2, 0x20, 0xe2, 0x21, 0x03,
  0x29, 0x03, 0x29, 0x23, 0x31, 0x24, 0x31, 0x44, 0x31, 0x44, 0x31, 0x43,
  0x39, 0x43, 0x39, 0x64, 0x41, 0x84, 0x41, 0xa5, 0x41, 0xc5, 0x41, 0xa5,
  0x41, 0xa5, 0x39, 0x64, 0x39, 0x43, 0x39, 0x43, 0x39, 0x43, 0x39, 0x43,
  0x39, 0x43, 0x39, 0x43, 0x39, 0x43, 0x39, 0x43, 0x39, 0x43, 0x39, 0x43,
  0x39, 0x43, 0x39, 0x43, 0x39, 0x43, 0x39, 0x43, 0x39, 0x43, 0x39, 0x43,
  0x39, 0x43, 0x39, 0x43, 0x39, 0x43, 0x39, 0x43, 0x39, 0x43, 0x39, 0x43,
  0x39, 0x43, 0x39, 0x43, 0x39, 0x63, 0x39, 0x63, 0x39, 0x63, 0x39, 0x63,
  0x39, 0x63, 0x39, 0x63, 0x39, 0x63, 0x39, 0x63, 0x39, 0x63, 0x39, 0x63,
  0x39, 0x63, 0x39, 0x63, 0x39, 0x63, 0x39, 0x63, 0x39, 0x63, 0x39, 0x63,
  0x39, 0x63, 0x41, 0x63, 0x41, 0x63, 0x41, 0x63, 0x41, 0x63, 0x41, 0x63,
  0x41, 0x63, 0x41, 0x63, 0x41, 0x63, 0x41, 0x83, 0x41, 0x83, 0x41, 0x83,
  0x41, 0x83, 0x41, 0x83, 0x41, 0x83, 0x41, 0x83, 0x41, 0x83, 0x41, 0x83,
  0x41, 0xa3, 0x41, 0xa3, 0x49, 0xa3, 0x49, 0xa3, 0x49, 0xa3, 0x49, 0xc3,
  0x49, 0xc3, 0x49, 0xe4, 0x49, 0xe4, 0x4a, 0x05, 0x4a, 0x05, 0x4a, 0x26,
  0x4a, 0x26, 0x4a, 0x47, 0x4a, 0x47, 0x4a, 0x68, 0x4a, 0x69, 0x4a, 0x69,
  0x4a, 0x69, 0x4a, 0x69, 0x4a, 0x67, 0x4a, 0x26, 0x49, 0xa4, 0x41, 0x84,
  0x49, 0xe6, 0x4a, 0x27, 0x4a, 0x68, 0x4a, 0x69, 0x4a, 0x69, 0x4a, 0x69,
  0x4a, 0x69, 0x4a, 0x69, 0x4a, 0x69, 0x4a, 0x69, 0x4a, 0x69, 0x4a, 0x69,
  0x4a, 0x69, 0x4a, 0x69, 0x4a, 0x69, 0x4a, 0x69, 0x4a, 0x69, 0x4a, 0x69,
  0x4a, 0x69, 0x4a, 0x69, 0x4a, 0x69, 0x4a, 0x69, 0x4a, 0x69, 0x4a, 0x69,
  0x4a, 0x69, 0x4a, 0x69, 0x4a, 0x69, 0x4a, 0x69, 0x4a, 0x69, 0x4a, 0x69,
  0x00, 0x00, 0x00, 0x00, 0x00, 0x00, 0x00, 0x00, 0x00, 0x00, 0x00, 0x00,
  0x00, 0x00, 0x00, 0x00, 0x00, 0x00, 0x00, 0x00, 0x00, 0x00, 0x00, 0x00,
  0x00, 0x00, 0x00, 0x00, 0x00, 0x00, 0x00, 0x00, 0x00, 0x00, 0x00, 0x00,
  0x00, 0x00, 0x00, 0x00, 0x00, 0x00, 0x00, 0x00, 0x00, 0x00, 0x00, 0x00,
  0x00, 0x00, 0x00, 0x00, 0x00, 0x00, 0x00, 0x00, 0x00, 0x00, 0x00, 0x00,
  0x00, 0x00, 0x00, 0x00, 0x00, 0x00, 0x00, 0x00, 0x00, 0x00, 0x00, 0x00,
  0x00, 0x00, 0x00, 0x00, 0x00, 0x00, 0x00, 0x00, 0x00, 0x00, 0x00, 0x00,
  0x00, 0x00, 0x00, 0x00, 0x00, 0x00, 0x00, 0x00, 0x00, 0x00, 0x00, 0x00,
  0x00, 0x00, 0x00, 0x00, 0x00, 0x00, 0x00, 0x00, 0x00, 0x00, 0x00, 0x00,
  0x00, 0x00, 0x00, 0x00, 0x00, 0x00, 0x00, 0x00, 0x00, 0x00, 0x00, 0x00,
  0x00, 0x00, 0x00, 0x00, 0x00, 0x00, 0x00, 0x00, 0x00, 0x00, 0x00, 0x00,
  0x00, 0x00, 0x00, 0x00, 0x00, 0x00, 0x00, 0x00, 0x00, 0x00, 0x00, 0x00,
  0x00, 0x00, 0x00, 0x00, 0x00, 0x00, 0x00, 0x00, 0x00, 0x00, 0x00, 0x00,
  0x00, 0x00, 0x00, 0x00, 0x00, 0x00, 0x00, 0x00, 0x00, 0x00, 0x00, 0x00,
  0x00, 0x00, 0x08, 0x40, 0x08, 0x41, 0x08, 0x41, 0x08, 0x41, 0x08, 0x41,
  0x08, 0x41, 0x08, 0x41, 0x08, 0x41, 0x08, 0x41, 0x08, 0x41, 0x08, 0x41,
  0x08, 0x41, 0x08, 0x41, 0x08, 0x41, 0x08, 0x41, 0x08, 0x41, 0x08, 0x41,
  0x08, 0x61, 0x10, 0xa1, 0x10, 0xa1, 0x10, 0xc1, 0x18, 0xc2, 0x18, 0xe2,
  0x18, 0xe2, 0x20, 0xe2, 0x20, 0xe2, 0x20, 0xe2, 0x20, 0xe2, 0x21, 0x03,
  0x29, 0x03, 0x29, 0x03, 0x29, 0x23, 0x31, 0x24, 0x31, 0x44, 0x31, 0x43,
  0x39, 0x43, 0x39, 0x64, 0x41, 0x84, 0x41, 0xa5, 0x41, 0xa5, 0x41, 0xa5,
  0x41, 0xa5, 0x39, 0x64, 0x39, 0x43, 0x39, 0x43, 0x39, 0x43, 0x39, 0x43,
  0x39, 0x43, 0x39, 0x43, 0x39, 0x43, 0x39, 0x43, 0x31, 0x23, 0x31, 0x43,
  0x31, 0x43, 0x31, 0x43, 0x31, 0x43, 0x31, 0x43, 0x31, 0x43, 0x31, 0x43,
  0x39, 0x43, 0x39, 0x43, 0x39, 0x43, 0x39, 0x43, 0x39, 0x43, 0x39, 0x43,
  0x39, 0x43, 0x39, 0x43, 0x39, 0x63, 0x39, 0x63, 0x39, 0x63, 0x39, 0x63,
  0x39, 0x63, 0x39, 0x63, 0x39, 0x63, 0x39, 0x63, 0x39, 0x63, 0x39, 0x63,
  0x39, 0x63, 0x39, 0x63, 0x39, 0x63, 0x39, 0x63, 0x39, 0x63, 0x39, 0x43,
  0x39, 0x63, 0x41, 0x63, 0x41, 0x63, 0x41, 0x63, 0x41, 0x63, 0x41, 0x63,
  0x41, 0x63, 0x41, 0x63, 0x41, 0x63, 0x41, 0x63, 0x41, 0x63, 0x41, 0x63,
  0x41, 0x63, 0x41, 0x63, 0x41, 0x63, 0x41, 0x63, 0x41, 0x63, 0x41, 0x83,
  0x41, 0xa3, 0x41, 0xa3, 0x41, 0xa3, 0x49, 0xa3, 0x49, 0xa3, 0x49, 0xc3,
  0x49, 0xc3, 0x49, 0xc4, 0x49, 0xe4, 0x49, 0xe5, 0x4a, 0x05, 0x4a, 0x06,
  0x4a, 0x26, 0x4a, 0x47, 0x4a, 0x47, 0x4a, 0x48, 0x4a, 0x69, 0x4a, 0x69,
  0x4a, 0x69, 0x4a, 0x68, 0x4a, 0x47, 0x4a, 0x06, 0x49, 0xa4, 0x41, 0xa4,
  0x4a, 0x06, 0x4a, 0x27, 0x4a, 0x68, 0x4a, 0x69, 0x4a, 0x69, 0x4a, 0x69,
  0x4a, 0x68, 0x4a, 0x69, 0x4a, 0x69, 0x4a, 0x69, 0x4a, 0x69, 0x4a, 0x69,
  0x4a, 0x69, 0x4a, 0x69, 0x4a, 0x69, 0x4a, 0x69, 0x4a, 0x69, 0x4a, 0x69,
  0x4a, 0x69, 0x4a, 0x69, 0x4a, 0x69, 0x4a, 0x69, 0x4a, 0x69, 0x4a, 0x69,
  0x4a, 0x69, 0x4a, 0x69, 0x4a, 0x69, 0x4a, 0x69, 0x4a, 0x69, 0x00, 0x00,
  0x00, 0x00, 0x00, 0x00, 0x00, 0x00, 0x00, 0x00, 0x00, 0x00, 0x00, 0x00,
  0x00, 0x00, 0x00, 0x00, 0x00, 0x00, 0x00, 0x00, 0x00, 0x00, 0x00, 0x00,
  0x00, 0x00, 0x00, 0x00, 0x00, 0x00, 0x00, 0x00, 0x00, 0x00, 0x00, 0x00,
  0x00, 0x00, 0x00, 0x00, 0x00, 0x00, 0x00, 0x00, 0x00, 0x00, 0x00, 0x00,
  0x00, 0x00, 0x00, 0x00, 0x00, 0x00, 0x00, 0x00, 0x00, 0x00, 0x00, 0x00,
  0x00, 0x00, 0x00, 0x00, 0x00, 0x00, 0x00, 0x00, 0x00, 0x00, 0x00, 0x00,
  0x00, 0x00, 0x00, 0x00, 0x00, 0x00, 0x00, 0x00, 0x00, 0x00, 0x00, 0x00,
  0x00, 0x00, 0x00, 0x00, 0x00, 0x00, 0x00, 0x00, 0x00, 0x00, 0x00, 0x00,
  0x00, 0x00, 0x00, 0x00, 0x00, 0x00, 0x00, 0x00, 0x00, 0x00, 0x00, 0x00,
  0x00, 0x00, 0x00, 0x00, 0x00, 0x00, 0x00, 0x00, 0x00, 0x00, 0x00, 0x00,
  0x00, 0x00, 0x00, 0x00, 0x00, 0x00, 0x00, 0x00, 0x00, 0x00, 0x00, 0x00,
  0x00, 0x00, 0x00, 0x00, 0x00, 0x00, 0x00, 0x00, 0x00, 0x00, 0x00, 0x00,
  0x00, 0x00, 0x00, 0x00, 0x00, 0x00, 0x00, 0x00, 0x00, 0x00, 0x00, 0x00,
  0x00, 0x00, 0x00, 0x00, 0x00, 0x00, 0x00, 0x00, 0x00, 0x00, 0x00, 0x00,
  0x00, 0x00, 0x00, 0x00, 0x08, 0x40, 0x08, 0x41, 0x08, 0x41, 0x08, 0x41,
  0x08, 0x41, 0x08, 0x41, 0x08, 0x41, 0x08, 0x41, 0x08, 0x41, 0x08, 0x41,
  0x08, 0x41, 0x08, 0x41, 0x08, 0x41, 0x08, 0x41, 0x08, 0x41, 0x08, 0x41,
  0x10, 0x61, 0x10, 0xc1, 0x10, 0xa1, 0x10, 0xc1, 0x10, 0xc1, 0x18, 0xc2,
  0x18, 0xc2, 0x18, 0xc2, 0x18, 0xc2, 0x20, 0xe2, 0x20, 0xe2, 0x20, 0xe3,
  0x29, 0x03, 0x29, 0x03, 0x29, 0x03, 0x29, 0x23, 0x29, 0x23, 0x31, 0x23,
  0x39, 0x43, 0x39, 0x64, 0x39, 0x84, 0x41, 0x84, 0x41, 0x84, 0x41, 0x84,
  0x39, 0x84, 0x39, 0x43, 0x31, 0x23, 0x31, 0x43, 0x31, 0x43, 0x31, 0x43,
  0x31, 0x43, 0x31, 0x43, 0x31, 0x43, 0x31, 0x23, 0x31, 0x22, 0x31, 0x23,
  0x31, 0x23, 0x31, 0x23, 0x31, 0x23, 0x31, 0x23, 0x31, 0x23, 0x31, 0x23,
  0x31, 0x23, 0x31, 0x23, 0x31, 0x23, 0x31, 0x23, 0x31, 0x23, 0x31, 0x23,
  0x31, 0x23, 0x31, 0x23, 0x39, 0x43, 0x39, 0x43, 0x39, 0x43, 0x39, 0x43,
  0x39, 0x43, 0x39, 0x43, 0x39, 0x43, 0x39, 0x43, 0x39, 0x43, 0x31, 0x43,
  0x31, 0x43, 0x31, 0x43, 0x31, 0x43, 0x31, 0x43, 0x31, 0x43, 0x31, 0x43,
  0x39, 0x43, 0x39, 0x63, 0x39, 0x63, 0x39, 0x63, 0x39, 0x63, 0x39, 0x63,
  0x39, 0x63, 0x39, 0x63, 0x39, 0x63, 0x39, 0x63, 0x39, 0x63, 0x39, 0x63,
  0x39, 0x63, 0x39, 0x63, 0x39, 0x63, 0x39, 0x63, 0x39, 0x63, 0x41, 0x83,
  0x41, 0x83, 0x41, 0x83, 0x41, 0xa3, 0x49, 0xa3, 0x49, 0xa3, 0x49, 0xa3,
  0x49, 0xa3, 0x49, 0xc4, 0x49, 0xc4, 0x49, 0xc4, 0x49, 0xe5, 0x4a, 0x06,
  0x4a, 0x26, 0x4a, 0x47, 0x4a, 0x47, 0x4a, 0x48, 0x4a, 0x49, 0x4a, 0x49,
  0x4a, 0x48, 0x4a, 0x48, 0x4a, 0x06, 0x49, 0xe5, 0x49, 0xa4, 0x41, 0xa4,
  0x4a, 0x06, 0x4a, 0x27, 0x4a, 0x48, 0x4a, 0x49, 0x4a, 0x48, 0x4a, 0x48,
  0x4a, 0x48, 0x4a, 0x48, 0x4a, 0x49, 0x4a, 0x49, 0x4a, 0x49, 0x4a, 0x49,
  0x4a, 0x49, 0x4a, 0x49, 0x4a, 0x49, 0x4a, 0x49, 0x4a, 0x49, 0x4a, 0x49,
  0x4a, 0x49, 0x4a, 0x49, 0x4a, 0x49, 0x4a, 0x49, 0x4a, 0x49, 0x4a, 0x49,
  0x4a, 0x49, 0x4a, 0x49, 0x4a, 0x49, 0x4a, 0x49, 0x00, 0x00, 0x00, 0x00,
  0x00, 0x00, 0x00, 0x00, 0x00, 0x00, 0x00, 0x00, 0x00, 0x00, 0x00, 0x00,
  0x00, 0x00, 0x00, 0x00, 0x00, 0x00, 0x00, 0x00, 0x00, 0x00, 0x00, 0x00,
  0x00, 0x00, 0x00, 0x00, 0x00, 0x00, 0x00, 0x00, 0x00, 0x00, 0x00, 0x00,
  0x00, 0x00, 0x00, 0x00, 0x00, 0x00, 0x00, 0x00, 0x00, 0x00, 0x00, 0x00,
  0x00, 0x00, 0x00, 0x00, 0x00, 0x00, 0x00, 0x00, 0x00, 0x00, 0x00, 0x00,
  0x00, 0x00, 0x00, 0x00, 0x00, 0x00, 0x00, 0x00, 0x00, 0x00, 0x00, 0x00,
  0x00, 0x00, 0x00, 0x00, 0x00, 0x00, 0x00, 0x00, 0x00, 0x00, 0x00, 0x00,
  0x00, 0x00, 0x00, 0x00, 0x00, 0x00, 0x00, 0x00, 0x00, 0x00, 0x00, 0x00,
  0x00, 0x00, 0x00, 0x00, 0x00, 0x00, 0x00, 0x00, 0x00, 0x00, 0x00, 0x00,
  0x00, 0x00, 0x00, 0x00, 0x00, 0x00, 0x00, 0x00, 0x00, 0x00, 0x00, 0x00,
  0x00, 0x00, 0x00, 0x00, 0x00, 0x00, 0x00, 0x00, 0x00, 0x00, 0x00, 0x00,
  0x00, 0x00, 0x00, 0x00, 0x00, 0x00, 0x00, 0x00, 0x00, 0x00, 0x00, 0x00,
  0x00, 0x00, 0x00, 0x00, 0x00, 0x00, 0x00, 0x00, 0x00, 0x00, 0x00, 0x00,
  0x00, 0x00, 0x00, 0x00, 0x00, 0x00, 0x00, 0x00, 0x00, 0x00, 0x00, 0x00,
  0x00, 0x00, 0x00, 0x00, 0x00, 0x00, 0x00, 0x00, 0x08, 0x41, 0x08, 0x41,
  0x08, 0x41, 0x08, 0x41, 0x08, 0x41, 0x08, 0x41, 0x08, 0x41, 0x08, 0x41,
  0x08, 0x41, 0x08, 0x41, 0x08, 0x41, 0x08, 0x41, 0x08, 0x41, 0x08, 0x41,
  0x08, 0x61, 0x10, 0xa1, 0x10, 0xa1, 0x10, 0xa1, 0x10, 0xc1, 0x18, 0xc2,
  0x18, 0xc2, 0x18, 0xc2, 0x18, 0xc2, 0x20, 0xe3, 0x20, 0xe3, 0x20, 0xe3,
  0x28, 0xe3, 0x28, 0xe3, 0x29, 0x03, 0x29, 0x03, 0x29, 0x03, 0x31, 0x23,
  0x39, 0x43, 0x39, 0x64, 0x39, 0x64, 0x39, 0x84, 0x39, 0x84, 0x39, 0x64,
  0x39, 0x64, 0x31, 0x43, 0x31, 0x23, 0x31, 0x23, 0x31, 0x23, 0x31, 0x23,
  0x31, 0x23, 0x31, 0x23, 0x31, 0x23, 0x31, 0x23, 0x31, 0x22, 0x31, 0x22,
  0x31, 0x22, 0x31, 0x22, 0x31, 0x22, 0x31, 0x22, 0x31, 0x22, 0x31, 0x22,
  0x31, 0x23, 0x31, 0x23, 0x31, 0x23, 0x31, 0x23, 0x31, 0x23, 0x31, 0x23,
  0x31, 0x23, 0x31, 0x23, 0x31, 0x43, 0x31, 0x43, 0x31, 0x43, 0x31, 0x43,
  0x31, 0x43, 0x31, 0x43, 0x31, 0x43, 0x31, 0x43, 0x31, 0x43, 0x31, 0x43,
  0x31, 0x43, 0x31, 0x43, 0x31, 0x43, 0x31, 0x43, 0x31, 0x43, 0x31, 0x43,
  0x31, 0x43, 0x39, 0x42, 0x39, 0x42, 0x39, 0x42, 0x39, 0x42, 0x39, 0x42,
  0x39, 0x42, 0x39, 0x42, 0x39, 0x43, 0x39, 0x43, 0x39, 0x43, 0x39, 0x43,
  0x39, 0x43, 0x39, 0x43, 0x39, 0x43, 0x39, 0x43, 0x39, 0x43, 0x41, 0x83,
  0x41, 0x83, 0x41, 0x83, 0x41, 0x83, 0x41, 0xa3, 0x41, 0xa3, 0x41, 0xa3,
  0x41, 0xa3, 0x41, 0xa3, 0x41, 0xa3, 0x41, 0xc4, 0x41, 0xe5, 0x42, 0x06,
  0x42, 0x26, 0x42, 0x27, 0x42, 0x27, 0x42, 0x28, 0x42, 0x28, 0x42, 0x28,
  0x42, 0x28, 0x42, 0x27, 0x41, 0xe5, 0x41, 0xc5, 0x41, 0xa4, 0x41, 0xa4,
  0x42, 0x06, 0x42, 0x27, 0x42, 0x28, 0x42, 0x28, 0x42, 0x28, 0x42, 0x28,
  0x42, 0x28, 0x42, 0x28, 0x42, 0x28, 0x42, 0x28, 0x42, 0x28, 0x42, 0x28,
  0x42, 0x28, 0x42, 0x28, 0x42, 0x28, 0x42, 0x28, 0x42, 0x28, 0x42, 0x28,
  0x42, 0x28, 0x42, 0x28, 0x42, 0x28, 0x42, 0x28, 0x42, 0x28, 0x42, 0x28,
  0x42, 0x28, 0x42, 0x28, 0x00, 0x00, 0x00, 0x00, 0x00, 0x00, 0x00, 0x00,
  0x00, 0x00, 0x00, 0x00, 0x00, 0x00, 0x00, 0x00, 0x00, 0x00, 0x00, 0x00,
  0x00, 0x00, 0x00, 0x00, 0x00, 0x00, 0x00, 0x00, 0x00, 0x00, 0x00, 0x00,
  0x00, 0x00, 0x00, 0x00, 0x00, 0x00, 0x00, 0x00, 0x00, 0x00, 0x00, 0x00,
  0x00, 0x00, 0x00, 0x00, 0x00, 0x00, 0x00, 0x00, 0x00, 0x00, 0x00, 0x00,
  0x00, 0x00, 0x00, 0x00, 0x00, 0x00, 0x00, 0x00, 0x00, 0x00, 0x00, 0x00,
  0x00, 0x00, 0x00, 0x00, 0x00, 0x00, 0x00, 0x00, 0x00, 0x00, 0x00, 0x00,
  0x00, 0x00, 0x00, 0x00, 0x00, 0x00, 0x00, 0x00, 0x00, 0x00, 0x00, 0x00,
  0x00, 0x00, 0x00, 0x00, 0x00, 0x00, 0x00, 0x00, 0x00, 0x00, 0x00, 0x00,
  0x00, 0x00, 0x00, 0x00, 0x00, 0x00, 0x00, 0x00, 0x00, 0x00, 0x00, 0x00,
  0x00, 0x00, 0x00, 0x00, 0x00, 0x00, 0x00, 0x00, 0x00, 0x00, 0x00, 0x00,
  0x00, 0x00, 0x00, 0x00, 0x00, 0x00, 0x00, 0x00, 0x00, 0x00, 0x00, 0x00,
  0x00, 0x00, 0x00, 0x00, 0x00, 0x00, 0x00, 0x00, 0x00, 0x00, 0x00, 0x00,
  0x00, 0x00, 0x00, 0x00, 0x00, 0x00, 0x00, 0x00, 0x00, 0x00, 0x00, 0x00,
  0x00, 0x00, 0x00, 0x00, 0x00, 0x00, 0x00, 0x00, 0x00, 0x00, 0x00, 0x00,
  0x00, 0x00, 0x00, 0x00, 0x00, 0x00, 0x00, 0x00, 0x00, 0x00, 0x08, 0x40,
  0x08, 0x40, 0x08, 0x40, 0x08, 0x40, 0x08, 0x40, 0x08, 0x41, 0x08, 0x41,
  0x08, 0x41, 0x08, 0x41, 0x08, 0x41, 0x08, 0x41, 0x08, 0x41, 0x08, 0x41,
  0x08, 0x61, 0x10, 0x81, 0x10, 0x81, 0x10, 0xa1, 0x10, 0xa1, 0x18, 0xc2,
  0x18, 0xc2, 0x18, 0xc2, 0x18, 0xe2, 0x20, 0xe3, 0x20, 0xe3, 0x20, 0xe3,
  0x20, 0xe3, 0x28, 0xe3, 0x28, 0xe3, 0x28, 0xe3, 0x28, 0xe3, 0x31, 0x23,
  0x31, 0x43, 0x39, 0x64, 0x39, 0x64, 0x39, 0x64, 0x39, 0x64, 0x39, 0x44,
  0x31, 0x43, 0x31, 0x23, 0x31, 0x23, 0x31, 0x23, 0x31, 0x23, 0x31, 0x23,
  0x31, 0x23, 0x31, 0x23, 0x31, 0x23, 0x31, 0x23, 0x31, 0x02, 0x31, 0x02,
  0x31, 0x02, 0x31, 0x02, 0x31, 0x02, 0x31, 0x02, 0x31, 0x02, 0x31, 0x02,
  0x31, 0x22, 0x31, 0x22, 0x31, 0x22, 0x31, 0x22, 0x31, 0x22, 0x31, 0x22,
  0x31, 0x22, 0x31, 0x22, 0x31, 0x23, 0x31, 0x43, 0x31, 0x43, 0x31, 0x43,
  0x31, 0x43, 0x31, 0x43, 0x31, 0x43, 0x31, 0x43, 0x31, 0x23, 0x31, 0x22,
  0x31, 0x22, 0x31, 0x22, 0x31, 0x22, 0x31, 0x22, 0x31, 0x22, 0x31, 0x22,
  0x31, 0x22, 0x39, 0x42, 0x39, 0x42, 0x39, 0x42, 0x39, 0x42, 0x39, 0x42,
  0x39, 0x42, 0x39, 0x42, 0x39, 0x42, 0x39, 0x42, 0x39, 0x42, 0x39, 0x42,
  0x39, 0x42, 0x39, 0x42, 0x39, 0x42, 0x39, 0x42, 0x39, 0x42, 0x39, 0x83,
  0x39, 0x83, 0x41, 0x83, 0x41, 0x83, 0x41, 0x83, 0x41, 0xa3, 0x41, 0xa3,
  0x41, 0xa3, 0x41, 0xa3, 0x41, 0xa3, 0x41, 0xa4, 0x41, 0xc5, 0x41, 0xe5,
  0x42, 0x06, 0x42, 0x27, 0x42, 0x27, 0x42, 0x28, 0x42, 0x28, 0x42, 0x28,
  0x42, 0x27, 0x42, 0x06, 0x41, 0xc5, 0x41, 0xa4, 0x41, 0xa4, 0x41, 0xa5,
  0x42, 0x06, 0x42, 0x27, 0x42, 0x28, 0x42, 0x28, 0x42, 0x28, 0x42, 0x28,
  0x42, 0x28, 0x42, 0x28, 0x42, 0x28, 0x42, 0x28, 0x42, 0x28, 0x42, 0x28,
  0x42, 0x28, 0x42, 0x28, 0x42, 0x28, 0x42, 0x28, 0x42, 0x28, 0x42, 0x28,
  0x42, 0x28, 0x42, 0x28, 0x42, 0x28, 0x42, 0x28, 0x42, 0x28, 0x42, 0x28,
  0x42, 0x28, 0x00, 0x00, 0x00, 0x00, 0x00, 0x00, 0x00, 0x00, 0x00, 0x00,
  0x00, 0x00, 0x00, 0x00, 0x00, 0x00, 0x00, 0x00, 0x00, 0x00, 0x00, 0x00,
  0x00, 0x00, 0x00, 0x00, 0x00, 0x00, 0x00, 0x00, 0x00, 0x00, 0x00, 0x00,
  0x00, 0x00, 0x00, 0x00, 0x00, 0x00, 0x00, 0x00, 0x00, 0x00, 0x00, 0x00,
  0x00, 0x00, 0x00, 0x00, 0x00, 0x00, 0x00, 0x00, 0x00, 0x00, 0x00, 0x00,
  0x00, 0x00, 0x00, 0x00, 0x00, 0x00, 0x00, 0x00, 0x00, 0x00, 0x00, 0x00,
  0x00, 0x00, 0x00, 0x00, 0x00, 0x00, 0x00, 0x00, 0x00, 0x00, 0x00, 0x00,
  0x00, 0x00, 0x00, 0x00, 0x00, 0x00, 0x00, 0x00, 0x00, 0x00, 0x00, 0x00,
  0x00, 0x00, 0x00, 0x00, 0x00, 0x00, 0x00, 0x00, 0x00, 0x00, 0x00, 0x00,
  0x00, 0x00, 0x00, 0x00, 0x00, 0x00, 0x00, 0x00, 0x00, 0x00, 0x00, 0x00,
  0x00, 0x00, 0x00, 0x00, 0x00, 0x00, 0x00, 0x00, 0x00, 0x00, 0x00, 0x00,
  0x00, 0x00, 0x00, 0x00, 0x00, 0x00, 0x00, 0x00, 0x00, 0x00, 0x00, 0x00,
  0x00, 0x00, 0x00, 0x00, 0x00, 0x00, 0x00, 0x00, 0x00, 0x00, 0x00, 0x00,
  0x00, 0x00, 0x00, 0x00, 0x00, 0x00, 0x00, 0x00, 0x00, 0x00, 0x00, 0x00,
  0x00, 0x00, 0x00, 0x00, 0x00, 0x00, 0x00, 0x00, 0x00, 0x00, 0x00, 0x00,
  0x00, 0x00, 0x00, 0x00, 0x00, 0x00, 0x00, 0x00, 0x00, 0x00, 0x00, 0x00,
  0x08, 0x40, 0x08, 0x40, 0x08, 0x40, 0x08, 0x40, 0x08, 0x41, 0x08, 0x41,
  0x08, 0x41, 0x08, 0x41, 0x08, 0x41, 0x08, 0x41, 0x08, 0x41, 0x08, 0x41,
  0x08, 0x40, 0x08, 0x60, 0x10, 0x60, 0x10, 0x81, 0x10, 0xa1, 0x18, 0xc2,
  0x18, 0xc2, 0x20, 0xe2, 0x20, 0xe2, 0x20, 0xe3, 0x20, 0xe3, 0x28, 0xe3,
  0x20, 0xe3, 0x28, 0xe3, 0x28, 0xe3, 0x28, 0xc2, 0x20, 0xc2, 0x31, 0x23,
  0x31, 0x43, 0x39, 0x44, 0x39, 0x64, 0x39, 0x64, 0x39, 0x44, 0x31, 0x43,
  0x31, 0x23, 0x31, 0x23, 0x31, 0x03, 0x31, 0x23, 0x31, 0x23, 0x31, 0x23,
  0x31, 0x23, 0x31, 0x23, 0x31, 0x23, 0x31, 0x03, 0x29, 0x02, 0x29, 0x02,
  0x29, 0x02, 0x29, 0x02, 0x29, 0x02, 0x29, 0x02, 0x29, 0x02, 0x29, 0x02,
  0x31, 0x02, 0x31, 0x02, 0x31, 0x02, 0x31, 0x02, 0x31, 0x02, 0x31, 0x02,
  0x31, 0x02, 0x31, 0x02, 0x31, 0x23, 0x31, 0x23, 0x31, 0x23, 0x31, 0x23,
  0x31, 0x23, 0x31, 0x23, 0x31, 0x23, 0x31, 0x23, 0x31, 0x22, 0x31, 0x22,
  0x31, 0x22, 0x31, 0x22, 0x31, 0x22, 0x31, 0x22, 0x31, 0x22, 0x31, 0x22,
  0x31, 0x22, 0x31, 0x42, 0x31, 0x22, 0x31, 0x22, 0x31, 0x22, 0x31, 0x22,
  0x31, 0x22, 0x31, 0x22, 0x31, 0x42, 0x39, 0x42, 0x39, 0x42, 0x39, 0x42,
  0x39, 0x42, 0x39, 0x42, 0x39, 0x42, 0x39, 0x42, 0x39, 0x42, 0x39, 0x63,
  0x39, 0x83, 0x41, 0x83, 0x41, 0x83, 0x41, 0x83, 0x41, 0x83, 0x41, 0xa3,
  0x41, 0xa3, 0x41, 0x83, 0x41, 0x83, 0x41, 0xa4, 0x41, 0xc5, 0x41, 0xe5,
  0x42, 0x06, 0x42, 0x07, 0x42, 0x07, 0x42, 0x07, 0x42, 0x08, 0x42, 0x08,
  0x42, 0x07, 0x41, 0xe6, 0x41, 0xa4, 0x41, 0x84, 0x41, 0x84, 0x41, 0xa5,
  0x42, 0x06, 0x42, 0x07, 0x42, 0x08, 0x42, 0x08, 0x42, 0x08, 0x42, 0x08,
  0x42, 0x08, 0x42, 0x08, 0x42, 0x08, 0x42, 0x08, 0x42, 0x08, 0x42, 0x08,
  0x42, 0x08, 0x42, 0x08, 0x42, 0x08, 0x42, 0x08, 0x42, 0x08, 0x42, 0x08,
  0x42, 0x08, 0x42, 0x08, 0x42, 0x08, 0x42, 0x08, 0x42, 0x08, 0x42, 0x08,
  0x00, 0x00, 0x00, 0x00, 0x00, 0x00, 0x00, 0x00, 0x00, 0x00, 0x00, 0x00,
  0x00, 0x00, 0x00, 0x00, 0x00, 0x00, 0x00, 0x00, 0x00, 0x00, 0x00, 0x00,
  0x00, 0x00, 0x00, 0x00, 0x00, 0x00, 0x00, 0x00, 0x00, 0x00, 0x00, 0x00,
  0x00, 0x00, 0x00, 0x00, 0x00, 0x00, 0x00, 0x00, 0x00, 0x00, 0x00, 0x00,
  0x00, 0x00, 0x00, 0x00, 0x00, 0x00, 0x00, 0x00, 0x00, 0x00, 0x00, 0x00,
  0x00, 0x00, 0x00, 0x00, 0x00, 0x00, 0x00, 0x00, 0x00, 0x00, 0x00, 0x00,
  0x00, 0x00, 0x00, 0x00, 0x00, 0x00, 0x00, 0x00, 0x00, 0x00, 0x00, 0x00,
  0x00, 0x00, 0x00, 0x00, 0x00, 0x00, 0x00, 0x00, 0x00, 0x00, 0x00, 0x00,
  0x00, 0x00, 0x00, 0x00, 0x00, 0x00, 0x00, 0x00, 0x00, 0x00, 0x00, 0x00,
  0x00, 0x00, 0x00, 0x00, 0x00, 0x00, 0x00, 0x00, 0x00, 0x00, 0x00, 0x00,
  0x00, 0x00, 0x00, 0x00, 0x00, 0x00, 0x00, 0x00, 0x00, 0x00, 0x00, 0x00,
  0x00, 0x00, 0x00, 0x00, 0x00, 0x00, 0x00, 0x00, 0x00, 0x00, 0x00, 0x00,
  0x00, 0x00, 0x00, 0x00, 0x00, 0x00, 0x00, 0x00, 0x00, 0x00, 0x00, 0x00,
  0x00, 0x00, 0x00, 0x00, 0x00, 0x00, 0x00, 0x00, 0x00, 0x00, 0x00, 0x00,
  0x00, 0x00, 0x00, 0x00, 0x00, 0x00, 0x00, 0x00, 0x00, 0x00, 0x00, 0x00,
  0x00, 0x00, 0x00, 0x00, 0x00, 0x00, 0x00, 0x00, 0x00, 0x00, 0x00, 0x00,
  0x00, 0x00, 0x00, 0x00, 0x08, 0x40, 0x08, 0x40, 0x08, 0x40, 0x08, 0x41,
  0x08, 0x40, 0x08, 0x40, 0x08, 0x40, 0x08, 0x40, 0x08, 0x40, 0x08, 0x41,
  0x08, 0x40, 0x08, 0x40, 0x08, 0x60, 0x10, 0x81, 0x10, 0xa1, 0x18, 0xa2,
  0x18, 0xc2, 0x20, 0xe2, 0x20, 0xe2, 0x20, 0xe2, 0x20, 0xe2, 0x20, 0xc2,
  0x20, 0xc2, 0x20, 0xc2, 0x20, 0xc2, 0x20, 0xc2, 0x20, 0xc2, 0x31, 0x23,
  0x31, 0x43, 0x31, 0x43, 0x31, 0x44, 0x31, 0x44, 0x31, 0x43, 0x31, 0x23,
  0x31, 0x23, 0x29, 0x03, 0x29, 0x02, 0x29, 0x03, 0x29, 0x03, 0x29, 0x03,
  0x29, 0x03, 0x29, 0x03, 0x29, 0x03, 0x29, 0x02, 0x29, 0x02, 0x29, 0x02,
  0x29, 0x02, 0x29, 0x02, 0x29, 0x02, 0x29, 0x02, 0x29, 0x02, 0x29, 0x02,
  0x29, 0x02, 0x29, 0x02, 0x29, 0x02, 0x29, 0x02, 0x29, 0x02, 0x29, 0x02,
  0x29, 0x02, 0x29, 0x02, 0x31, 0x22, 0x31, 0x22, 0x31, 0x22, 0x31, 0x22,
  0x31, 0x22, 0x31, 0x22, 0x31, 0x22, 0x31, 0x22, 0x29, 0x22, 0x29, 0x22,
  0x29, 0x22, 0x29, 0x22, 0x29, 0x22, 0x29, 0x22, 0x29, 0x22, 0x29, 0x22,
  0x31, 0x22, 0x31, 0x22, 0x31, 0x22, 0x31, 0x22, 0x31, 0x22, 0x31, 0x22,
  0x31, 0x22, 0x31, 0x22, 0x31, 0x22, 0x31, 0x22, 0x31, 0x22, 0x31, 0x22,
  0x31, 0x22, 0x31, 0x22, 0x31, 0x22, 0x31, 0x22, 0x31, 0x22, 0x39, 0x63,
  0x39, 0x63, 0x39, 0x63, 0x39, 0x63, 0x39, 0x83, 0x39, 0x83, 0x39, 0x83,
  0x39, 0x83, 0x39, 0x83, 0x39, 0x63, 0x39, 0x84, 0x39, 0xa4, 0x39, 0xe5,
  0x39, 0xe6, 0x39, 0xe7, 0x39, 0xe7, 0x39, 0xe7, 0x39, 0xe7, 0x39, 0xe7,
  0x39, 0xe7, 0x39, 0xc5, 0x39, 0x84, 0x39, 0x64, 0x39, 0x84, 0x39, 0xa5,
  0x39, 0xe6, 0x39, 0xe7, 0x39, 0xe7, 0x39, 0xe7, 0x39, 0xe7, 0x39, 0xe7,
  0x39, 0xe7, 0x39, 0xe7, 0x39, 0xe7, 0x39, 0xe7, 0x39, 0xe7, 0x39, 0xe7,
  0x39, 0xe7, 0x39, 0xe7, 0x39, 0xe7, 0x39, 0xe7, 0x39, 0xe7, 0x39, 0xe7,
  0x39, 0xe7, 0x39, 0xe7, 0x39, 0xe7, 0x39, 0xe7, 0x00, 0x00, 0x00, 0x00,
  0x00, 0x00, 0x00, 0x00, 0x00, 0x00, 0x00, 0x00, 0x00, 0x00, 0x00, 0x00,
  0x00, 0x00, 0x00, 0x00, 0x00, 0x00, 0x00, 0x00, 0x00, 0x00, 0x00, 0x00,
  0x00, 0x00, 0x00, 0x00, 0x00, 0x00, 0x00, 0x00, 0x00, 0x00, 0x00, 0x00,
  0x00, 0x00, 0x00, 0x00, 0x00, 0x00, 0x00, 0x00, 0x00, 0x00, 0x00, 0x00,
  0x00, 0x00, 0x00, 0x00, 0x00, 0x00, 0x00, 0x00, 0x00, 0x00, 0x00, 0x00,
  0x00, 0x00, 0x00, 0x00, 0x00, 0x00, 0x00, 0x00, 0x00, 0x00, 0x00, 0x00,
  0x00, 0x00, 0x00, 0x00, 0x00, 0x00, 0x00, 0x00, 0x00, 0x00, 0x00, 0x00,
  0x00, 0x00, 0x00, 0x00, 0x00, 0x00, 0x00, 0x00, 0x00, 0x00, 0x00, 0x00,
  0x00, 0x00, 0x00, 0x00, 0x00, 0x00, 0x00, 0x00, 0x00, 0x00, 0x00, 0x00,
  0x00, 0x00, 0x00, 0x00, 0x00, 0x00, 0x00, 0x00, 0x00, 0x00, 0x00, 0x00,
  0x00, 0x00, 0x00, 0x00, 0x00, 0x00, 0x00, 0x00, 0x00, 0x00, 0x00, 0x00,
  0x00, 0x00, 0x00, 0x00, 0x00, 0x00, 0x00, 0x00, 0x00, 0x00, 0x00, 0x00,
  0x00, 0x00, 0x00, 0x00, 0x00, 0x00, 0x00, 0x00, 0x00, 0x00, 0x00, 0x00,
  0x00, 0x00, 0x00, 0x00, 0x00, 0x00, 0x00, 0x00, 0x00, 0x00, 0x00, 0x00,
  0x00, 0x00, 0x00, 0x00, 0x00, 0x00, 0x00, 0x00, 0x00, 0x00, 0x00, 0x00,
  0x00, 0x00, 0x00, 0x00, 0x00, 0x00, 0x00, 0x00, 0x00, 0x00, 0x00, 0x00,
  0x00, 0x00, 0x00, 0x00, 0x00, 0x00, 0x00, 0x20, 0x08, 0x41, 0x08, 0x61,
  0x08, 0x41, 0x08, 0x40, 0x08, 0x40, 0x08, 0x40, 0x08, 0x41, 0x10, 0x61,
  0x08, 0x61, 0x08, 0x40, 0x10, 0x61, 0x18, 0xa1, 0x18, 0xc2, 0x18, 0xc2,
  0x18, 0xc2, 0x18, 0xc2, 0x18, 0xa2, 0x18, 0xa2, 0x20, 0xa2, 0x20, 0xa2,
  0x18, 0x82, 0x18, 0x81, 0x18, 0x81, 0x20, 0xa2, 0x20, 0xc2, 0x31, 0x44,
  0x31, 0x64, 0x31, 0x44, 0x31, 0x43, 0x31, 0x43, 0x31, 0x23, 0x31, 0x23,
  0x31, 0x23, 0x29, 0x03, 0x28, 0xe2, 0x28, 0xe2, 0x28, 0xe2, 0x28, 0xe2,
  0x28, 0xe2, 0x28, 0xe2, 0x28, 0xe2, 0x28, 0xe2, 0x28, 0xe2, 0x28, 0xe2,
  0x28, 0xe2, 0x28, 0xe2, 0x29, 0x02, 0x29, 0x02, 0x29, 0x02, 0x29, 0x02,
  0x29, 0x02, 0x29, 0x02, 0x29, 0x02, 0x29, 0x02, 0x29, 0x02, 0x29, 0x02,
  0x29, 0x02, 0x29, 0x02, 0x29, 0x22, 0x29, 0x22, 0x29, 0x22, 0x29, 0x22,
  0x29, 0x22, 0x29, 0x22, 0x29, 0x22, 0x29, 0x22, 0x29, 0x22, 0x29, 0x22,
  0x29, 0x22, 0x29, 0x22, 0x29, 0x22, 0x29, 0x22, 0x29, 0x22, 0x29, 0x22,
  0x31, 0x02, 0x31, 0x02, 0x31, 0x02, 0x31, 0x02, 0x31, 0x02, 0x31, 0x02,
  0x31, 0x02, 0x31, 0x02, 0x31, 0x02, 0x31, 0x02, 0x31, 0x02, 0x31, 0x02,
  0x31, 0x22, 0x31, 0x22, 0x31, 0x22, 0x31, 0x22, 0x31, 0x22, 0x39, 0x63,
  0x39, 0x63, 0x39, 0x63, 0x39, 0x63, 0x39, 0x63, 0x39, 0x63, 0x39, 0x63,
  0x39, 0x63, 0x39, 0x42, 0x39, 0x63, 0x39, 0x84, 0x39, 0xa4, 0x39, 0xc5,
  0x39, 0xe6, 0x39, 0xe6, 0x39, 0xe6, 0x39, 0xe7, 0x39, 0xe7, 0x39, 0xe6,
  0x39, 0xc5, 0x39, 0x84, 0x39, 0x43, 0x39, 0x63, 0x39, 0x84, 0x39, 0xc5,
  0x39, 0xe7, 0x39, 0xe7, 0x39, 0xe7, 0x39, 0xe7, 0x39, 0xe7, 0x39, 0xe7,
  0x39, 0xe7, 0x39, 0xe7, 0x39, 0xe7, 0x39, 0xe7, 0x39, 0xe7, 0x39, 0xe7,
  0x39, 0xe7, 0x39, 0xe7, 0x39, 0xe7, 0x39, 0xe7, 0x39, 0xe7, 0x39, 0xe7,
  0x39, 0xe7, 0x39, 0xe7, 0x39, 0xe7, 0x00, 0x00, 0x00, 0x00, 0x00, 0x00,
  0x00, 0x00, 0x00, 0x00, 0x00, 0x00, 0x00, 0x00, 0x00, 0x00, 0x00, 0x00,
  0x00, 0x00, 0x00, 0x00, 0x00, 0x00, 0x00, 0x00, 0x00, 0x00, 0x00, 0x00,
  0x00, 0x00, 0x00, 0x00, 0x00, 0x00, 0x00, 0x00, 0x00, 0x00, 0x00, 0x00,
  0x00, 0x00, 0x00, 0x00, 0x00, 0x00, 0x00, 0x00, 0x00, 0x00, 0x00, 0x00,
  0x00, 0x00, 0x00, 0x00, 0x00, 0x00, 0x00, 0x00, 0x00, 0x00, 0x00, 0x00,
  0x00, 0x00, 0x00, 0x00, 0x00, 0x00, 0x00, 0x00, 0x00, 0x00, 0x00, 0x00,
  0x00, 0x00, 0x00, 0x00, 0x00, 0x00, 0x00, 0x00, 0x00, 0x00, 0x00, 0x00,
  0x00, 0x00, 0x00, 0x00, 0x00, 0x00, 0x00, 0x00, 0x00, 0x00, 0x00, 0x00,
  0x00, 0x00, 0x00, 0x00, 0x00, 0x00, 0x00, 0x00, 0x00, 0x00, 0x00, 0x00,
  0x00, 0x00, 0x00, 0x00, 0x00, 0x00, 0x00, 0x00, 0x00, 0x00, 0x00, 0x00,
  0x00, 0x00, 0x00, 0x00, 0x00, 0x00, 0x00, 0x00, 0x00, 0x00, 0x00, 0x00,
  0x00, 0x00, 0x00, 0x00, 0x00, 0x00, 0x00, 0x00, 0x00, 0x00, 0x00, 0x00,
  0x00, 0x00, 0x00, 0x00, 0x00, 0x00, 0x00, 0x00, 0x00, 0x00, 0x00, 0x00,
  0x00, 0x00, 0x00, 0x00, 0x00, 0x00, 0x00, 0x00, 0x00, 0x00, 0x00, 0x00,
  0x00, 0x00, 0x00, 0x00, 0x00, 0x00, 0x00, 0x00, 0x00, 0x00, 0x00, 0x00,
  0x00, 0x00, 0x00, 0x00, 0x00, 0x00, 0x00, 0x00, 0x00, 0x00, 0x00, 0x00,
  0x00, 0x00, 0x00, 0x00, 0x00, 0x00, 0x00, 0x00, 0x08, 0x40, 0x08, 0x41,
  0x08, 0x40, 0x08, 0x40, 0x08, 0x40, 0x08, 0x41, 0x10, 0x61, 0x10, 0x81,
  0x10, 0x81, 0x10, 0x60, 0x10, 0x81, 0x18, 0xa1, 0x18, 0xa2, 0x18, 0xc2,
  0x18, 0xa2, 0x18, 0xa2, 0x18, 0xa1, 0x18, 0x81, 0x18, 0xa2, 0x20, 0xa2,
  0x18, 0xa2, 0x18, 0x81, 0x20, 0x82, 0x20, 0xc2, 0x28, 0xe3, 0x31, 0x44,
  0x39, 0x64, 0x31, 0x44, 0x31, 0x43, 0x31, 0x43, 0x31, 0x23, 0x31, 0x23,
  0x31, 0x23, 0x29, 0x03, 0x28, 0xe2, 0x28, 0xe2, 0x28, 0xe2, 0x28, 0xe2,
  0x28, 0xe2, 0x28, 0xe2, 0x28, 0xe2, 0x28, 0xe2, 0x28, 0xe2, 0x28, 0xe2,
  0x28, 0xe2, 0x28, 0xe2, 0x29, 0x02, 0x29, 0x02, 0x29, 0x02, 0x29, 0x02,
  0x29, 0x02, 0x29, 0x02, 0x29, 0x02, 0x29, 0x02, 0x29, 0x02, 0x29, 0x02,
  0x29, 0x02, 0x29, 0x02, 0x29, 0x22, 0x29, 0x22, 0x29, 0x22, 0x29, 0x22,
  0x29, 0x22, 0x29, 0x22, 0x29, 0x22, 0x29, 0x22, 0x29, 0x22, 0x29, 0x22,
  0x29, 0x22, 0x29, 0x22, 0x29, 0x22, 0x29, 0x22, 0x29, 0x22, 0x29, 0x22,
  0x31, 0x02, 0x31, 0x02, 0x31, 0x02, 0x31, 0x02, 0x31, 0x02, 0x31, 0x02,
  0x31, 0x02, 0x31, 0x02, 0x31, 0x02, 0x31, 0x02, 0x31, 0x02, 0x31, 0x22,
  0x31, 0x22, 0x31, 0x22, 0x31, 0x22, 0x31, 0x43, 0x31, 0x43, 0x39, 0x63,
  0x39, 0x63, 0x39, 0x63, 0x39, 0x63, 0x39, 0x63, 0x39, 0x63, 0x39, 0x63,
  0x39, 0x63, 0x39, 0x42, 0x39, 0x63, 0x39, 0x84, 0x39, 0xa4, 0x39, 0xc5,
  0x39, 0xe6, 0x39, 0xe6, 0x39, 0xe6, 0x39, 0xe7, 0x39, 0xe7, 0x39, 0xe6,
  0x39, 0xc5, 0x39, 0x84, 0x39, 0x43, 0x39, 0x63, 0x39, 0x84, 0x39, 0xc5,
  0x39, 0xe7, 0x39, 0xe7, 0x39, 0xe7, 0x39, 0xe7, 0x39, 0xe7, 0x39, 0xe7,
  0x39, 0xe7, 0x39, 0xe7, 0x39, 0xe7, 0x39, 0xe7, 0x39, 0xe7, 0x39, 0xe7,
  0x39, 0xe7, 0x39, 0xe7, 0x39, 0xe7, 0x39, 0xe7, 0x39, 0xe7, 0x39, 0xe7,
  0x39, 0xe7, 0x39, 0xe7, 0x00, 0x00, 0x00, 0x00, 0x00, 0x00, 0x00, 0x00,
  0x00, 0x00, 0x00, 0x00, 0x00, 0x00, 0x00, 0x00, 0x00, 0x00, 0x00, 0x00,
  0x00, 0x00, 0x00, 0x00, 0x00, 0x00, 0x00, 0x00, 0x00, 0x00, 0x00, 0x00,
  0x00, 0x00, 0x00, 0x00, 0x00, 0x00, 0x00, 0x00, 0x00, 0x00, 0x00, 0x00,
  0x00, 0x00, 0x00, 0x00, 0x00, 0x00, 0x00, 0x00, 0x00, 0x00, 0x00, 0x00,
  0x00, 0x00, 0x00, 0x00, 0x00, 0x00, 0x00, 0x00, 0x00, 0x00, 0x00, 0x00,
  0x00, 0x00, 0x00, 0x00, 0x00, 0x00, 0x00, 0x00, 0x00, 0x00, 0x00, 0x00,
  0x00, 0x00, 0x00, 0x00, 0x00, 0x00, 0x00, 0x00, 0x00, 0x00, 0x00, 0x00,
  0x00, 0x00, 0x00, 0x00, 0x00, 0x00, 0x00, 0x00, 0x00, 0x00, 0x00, 0x00,
  0x00, 0x00, 0x00, 0x00, 0x00, 0x00, 0x00, 0x00, 0x00, 0x00, 0x00, 0x00,
  0x00, 0x00, 0x00, 0x00, 0x00, 0x00, 0x00, 0x00, 0x00, 0x00, 0x00, 0x00,
  0x00, 0x00, 0x00, 0x00, 0x00, 0x00, 0x00, 0x00, 0x00, 0x00, 0x00, 0x00,
  0x00, 0x00, 0x00, 0x00, 0x00, 0x00, 0x00, 0x00, 0x00, 0x00, 0x00, 0x00,
  0x00, 0x00, 0x00, 0x00, 0x00, 0x00, 0x00, 0x00, 0x00, 0x00, 0x00, 0x00,
  0x00, 0x00, 0x00, 0x00, 0x00, 0x00, 0x00, 0x00, 0x00, 0x00, 0x00, 0x00,
  0x00, 0x00, 0x00, 0x00, 0x00, 0x00, 0x00, 0x00, 0x00, 0x00, 0x00, 0x00,
  0x00, 0x00, 0x00, 0x00, 0x00, 0x00, 0x00, 0x00, 0x00, 0x00, 0x00, 0x00,
  0x00, 0x00, 0x00, 0x00, 0x00, 0x00, 0x00, 0x00, 0x00, 0x00, 0x00, 0x00,
  0x08, 0x20, 0x08, 0x20, 0x08, 0x41, 0x08, 0x61, 0x10, 0x81, 0x10, 0xa2,
  0x18, 0xa2, 0x18, 0x81, 0x18, 0xa1, 0x18, 0xa2, 0x18, 0xa2, 0x18, 0xa2,
  0x18, 0xa1, 0x18, 0x81, 0x18, 0x81, 0x18, 0x61, 0x18, 0x81, 0x20, 0x82,
  0x20, 0xa2, 0x20, 0x82, 0x20, 0xa2, 0x28, 0xe3, 0x31, 0x03, 0x39, 0x44,
  0x39, 0x64, 0x31, 0x44, 0x31, 0x44, 0x31, 0x43, 0x31, 0x23, 0x31, 0x23,
  0x31, 0x23, 0x29, 0x02, 0x28, 0xe2, 0x28, 0xe2, 0x28, 0xe2, 0x28, 0xe2,
  0x28, 0xe2, 0x28, 0xe2, 0x28, 0xe2, 0x28, 0xe2, 0x28, 0xe2, 0x28, 0xe2,
  0x28, 0xe2, 0x28, 0xe2, 0x29, 0x02, 0x29, 0x02, 0x29, 0x02, 0x29, 0x02,
  0x29, 0x02, 0x29, 0x02, 0x29, 0x02, 0x29, 0x02, 0x29, 0x02, 0x29, 0x02,
  0x29, 0x02, 0x29, 0x02, 0x29, 0x22, 0x29, 0x22, 0x29, 0x22, 0x29, 0x22,
  0x29, 0x22, 0x29, 0x22, 0x29, 0x22, 0x29, 0x22, 0x29, 0x22, 0x29, 0x22,
  0x29, 0x22, 0x29, 0x22, 0x29, 0x22, 0x29, 0x22, 0x29, 0x22, 0x29, 0x22,
  0x31, 0x02, 0x31, 0x02, 0x31, 0x02, 0x31, 0x02, 0x31, 0x02, 0x31, 0x02,
  0x31, 0x02, 0x31, 0x02, 0x31, 0x02, 0x31, 0x02, 0x31, 0x22, 0x31, 0x22,
  0x31, 0x22, 0x31, 0x22, 0x31, 0x43, 0x31, 0x43, 0x31, 0x43, 0x39, 0x63,
  0x39, 0x63, 0x39, 0x63, 0x39, 0x63, 0x39, 0x63, 0x39, 0x63, 0x39, 0x63,
  0x39, 0x63, 0x39, 0x42, 0x39, 0x63, 0x39, 0x84, 0x39, 0xa4, 0x39, 0xc5,
  0x39, 0xe6, 0x39, 0xe6, 0x39, 0xe6, 0x39, 0xe6, 0x39, 0xe7, 0x39, 0xc6,
  0x39, 0xa5, 0x39, 0x84, 0x39, 0x63, 0x39, 0x63, 0x39, 0xa4, 0x39, 0xc5,
  0x39, 0xe7, 0x39, 0xe7, 0x39, 0xe7, 0x39, 0xe7, 0x39, 0xe7, 0x39, 0xe7,
  0x39, 0xe7, 0x39, 0xe7, 0x39, 0xe7, 0x39, 0xe7, 0x39, 0xe7, 0x39, 0xe7,
  0x39, 0xe7, 0x39, 0xe7, 0x39, 0xe7, 0x39, 0xe7, 0x39, 0xe7, 0x39, 0xe7,
  0x00, 0x00, 0x00, 0x00, 0x00, 0x00, 0x00, 0x00, 0x00, 0x00, 0x00, 0x00,
  0x00, 0x00, 0x00, 0x00, 0x00, 0x00, 0x00, 0x00, 0x00, 0x00, 0x00, 0x00,
  0x00, 0x00, 0x00, 0x00, 0x00, 0x00, 0x00, 0x00, 0x00, 0x00, 0x00, 0x00,
  0x00, 0x00, 0x00, 0x00, 0x00, 0x00, 0x00, 0x00, 0x00, 0x00, 0x00, 0x00,
  0x00, 0x00, 0x00, 0x00, 0x00, 0x00, 0x00, 0x00, 0x00, 0x00, 0x00, 0x00,
  0x00, 0x00, 0x00, 0x00, 0x00, 0x00, 0x00, 0x00, 0x00, 0x00, 0x00, 0x00,
  0x00, 0x00, 0x00, 0x00, 0x00, 0x00, 0x00, 0x00, 0x00, 0x00, 0x00, 0x00,
  0x00, 0x00, 0x00, 0x00, 0x00, 0x00, 0x00, 0x00, 0x00, 0x00, 0x00, 0x00,
  0x00, 0x00, 0x00, 0x00, 0x00, 0x00, 0x00, 0x00, 0x00, 0x00, 0x00, 0x00,
  0x00, 0x00, 0x00, 0x00, 0x00, 0x00, 0x00, 0x00, 0x00, 0x00, 0x00, 0x00,
  0x00, 0x00, 0x00, 0x00, 0x00, 0x00, 0x00, 0x00, 0x00, 0x00, 0x00, 0x00,
  0x00, 0x00, 0x00, 0x00, 0x00, 0x00, 0x00, 0x00, 0x00, 0x00, 0x00, 0x00,
  0x00, 0x00, 0x00, 0x00, 0x00, 0x00, 0x00, 0x00, 0x00, 0x00, 0x00, 0x00,
  0x00, 0x00, 0x00, 0x00, 0x00, 0x00, 0x00, 0x00, 0x00, 0x00, 0x00, 0x00,
  0x00, 0x00, 0x00, 0x00, 0x00, 0x00, 0x00, 0x00, 0x00, 0x00, 0x00, 0x00,
  0x00, 0x00, 0x00, 0x00, 0x00, 0x00, 0x00, 0x00, 0x00, 0x00, 0x00, 0x00,
  0x00, 0x00, 0x00, 0x00, 0x00, 0x00, 0x00, 0x00, 0x00, 0x00, 0x00, 0x00,
  0x00, 0x00, 0x00, 0x00, 0x00, 0x00, 0x00, 0x00, 0x00, 0x00, 0x00, 0x00,
  0x00, 0x00, 0x08, 0x20, 0x08, 0x41, 0x10, 0x61, 0x10, 0xa2, 0x18, 0xc3,
  0x18, 0xc3, 0x18, 0xc2, 0x18, 0xc2, 0x18, 0xa2, 0x18, 0xa2, 0x18, 0x81,
  0x18, 0x81, 0x18, 0x61, 0x10, 0x61, 0x18, 0x61, 0x18, 0x81, 0x20, 0x82,
  0x20, 0xa2, 0x20, 0xa2, 0x28, 0xc2, 0x31, 0x03, 0x31, 0x24, 0x39, 0x64,
  0x39, 0x64, 0x31, 0x64, 0x31, 0x44, 0x31, 0x43, 0x31, 0x23, 0x31, 0x23,
  0x29, 0x23, 0x29, 0x02, 0x28, 0xe2, 0x28, 0xe2, 0x28, 0xe2, 0x28, 0xe2,
  0x28, 0xe2, 0x28, 0xe2, 0x28, 0xe2, 0x28, 0xe2, 0x28, 0xe2, 0x28, 0xe2,
  0x28, 0xe2, 0x28, 0xe2, 0x29, 0x02, 0x29, 0x02, 0x29, 0x02, 0x29, 0x02,
  0x29, 0x02, 0x29, 0x02, 0x29, 0x02, 0x29, 0x02, 0x29, 0x02, 0x29, 0x02,
  0x29, 0x02, 0x29, 0x02, 0x29, 0x22, 0x29, 0x22, 0x29, 0x22, 0x29, 0x22,
  0x29, 0x22, 0x29, 0x22, 0x29, 0x22, 0x29, 0x22, 0x29, 0x22, 0x29, 0x22,
  0x29, 0x22, 0x29, 0x22, 0x29, 0x22, 0x29, 0x22, 0x29, 0x22, 0x29, 0x22,
  0x31, 0x02, 0x31, 0x02, 0x31, 0x02, 0x31, 0x02, 0x31, 0x02, 0x31, 0x02,
  0x31, 0x02, 0x31, 0x02, 0x31, 0x02, 0x31, 0x22, 0x31, 0x22, 0x31, 0x22,
  0x31, 0x22, 0x31, 0x43, 0x31, 0x43, 0x31, 0x43, 0x39, 0x43, 0x39, 0x63,
  0x39, 0x63, 0x39, 0x63, 0x39, 0x63, 0x39, 0x63, 0x39, 0x63, 0x39, 0x63,
  0x39, 0x63, 0x39, 0x42, 0x39, 0x63, 0x39, 0x84, 0x39, 0xa4, 0x39, 0xc5,
  0x39, 0xe6, 0x39, 0xe6, 0x39, 0xe6, 0x39, 0xe6, 0x39, 0xe6, 0x39, 0xc6,
  0x39, 0xa4, 0x39, 0x84, 0x39, 0x63, 0x39, 0x84, 0x39, 0xa4, 0x39, 0xc5,
  0x39, 0xe7, 0x39, 0xe7, 0x39, 0xe7, 0x39, 0xe7, 0x39, 0xe7, 0x39, 0xe7,
  0x39, 0xe7, 0x39, 0xe7, 0x39, 0xe7, 0x39, 0xe7, 0x39, 0xe7, 0x39, 0xe7,
  0x39, 0xe7, 0x39, 0xe7, 0x39, 0xe7, 0x39, 0xe7, 0x39, 0xe7, 0x00, 0x00,
  0x00, 0x00, 0x00, 0x00, 0x00, 0x00, 0x00, 0x00, 0x00, 0x00, 0x00, 0x00,
  0x00, 0x00, 0x00, 0x00, 0x00, 0x00, 0x00, 0x00, 0x00, 0x00, 0x00, 0x00,
  0x00, 0x00, 0x00, 0x00, 0x00, 0x00, 0x00, 0x00, 0x00, 0x00, 0x00, 0x00,
  0x00, 0x00, 0x00, 0x00, 0x00, 0x00, 0x00, 0x00, 0x00, 0x00, 0x00, 0x00,
  0x00, 0x00, 0x00, 0x00, 0x00, 0x00, 0x00, 0x00, 0x00, 0x00, 0x00, 0x00,
  0x00, 0x00, 0x00, 0x00, 0x00, 0x00, 0x00, 0x00, 0x00, 0x00, 0x00, 0x00,
  0x00, 0x00, 0x00, 0x00, 0x00, 0x00, 0x00, 0x00, 0x00, 0x00, 0x00, 0x00,
  0x00, 0x00, 0x00, 0x00, 0x00, 0x00, 0x00, 0x00, 0x00, 0x00, 0x00, 0x00,
  0x00, 0x00, 0x00, 0x00, 0x00, 0x00, 0x00, 0x00, 0x00, 0x00, 0x00, 0x00,
  0x00, 0x00, 0x00, 0x00, 0x00, 0x00, 0x00, 0x00, 0x00, 0x00, 0x00, 0x00,
  0x00, 0x00, 0x00, 0x00, 0x00, 0x00, 0x00, 0x00, 0x00, 0x00, 0x00, 0x00,
  0x00, 0x00, 0x00, 0x00, 0x00, 0x00, 0x00, 0x00, 0x00, 0x00, 0x00, 0x00,
  0x00, 0x00, 0x00, 0x00, 0x00, 0x00, 0x00, 0x00, 0x00, 0x00, 0x00, 0x00,
  0x00, 0x00, 0x00, 0x00, 0x00, 0x00, 0x00, 0x00, 0x00, 0x00, 0x00, 0x00,
  0x00, 0x00, 0x00, 0x00, 0x00, 0x00, 0x00, 0x00, 0x00, 0x00, 0x00, 0x00,
  0x00, 0x00, 0x00, 0x00, 0x00, 0x00, 0x00, 0x00, 0x00, 0x00, 0x00, 0x00,
  0x00, 0x00, 0x00, 0x00, 0x00, 0x00, 0x00, 0x00, 0x00, 0x00, 0x00, 0x00,
  0x00, 0x00, 0x00, 0x00, 0x00, 0x00, 0x00, 0x00, 0x00, 0x00, 0x00, 0x00,
  0x00, 0x00, 0x00, 0x00, 0x00, 0x00, 0x10, 0x82, 0x18, 0xc2, 0x18, 0xe3,
  0x20, 0xe3, 0x20, 0xc2, 0x20, 0xc2, 0x18, 0xa2, 0x18, 0xa1, 0x18, 0x81,
  0x10, 0x61, 0x10, 0x61, 0x10, 0x41, 0x18, 0x61, 0x18, 0x81, 0x20, 0xa2,
  0x20, 0xa2, 0x20, 0xa2, 0x28, 0xc3, 0x31, 0x04, 0x39, 0x44, 0x39, 0x64,
  0x39, 0x64, 0x39, 0x64, 0x31, 0x44, 0x31, 0x43, 0x31, 0x23, 0x29, 0x03,
  0x29, 0x03, 0x29, 0x02, 0x28, 0xe2, 0x28, 0xe2, 0x28, 0xe2, 0x28, 0xe2,
  0x28, 0xe2, 0x28, 0xe2, 0x28, 0xe2, 0x28, 0xe2, 0x28, 0xe2, 0x28, 0xe2,
  0x28, 0xe2, 0x28, 0xe2, 0x29, 0x02, 0x29, 0x02, 0x29, 0x02, 0x29, 0x02,
  0x29, 0x02, 0x29, 0x02, 0x29, 0x02, 0x29, 0x02, 0x29, 0x02, 0x29, 0x02,
  0x29, 0x02, 0x29, 0x02, 0x29, 0x22, 0x29, 0x22, 0x29, 0x22, 0x29, 0x22,
  0x29, 0x22, 0x29, 0x22, 0x29, 0x22, 0x29, 0x22, 0x29, 0x22, 0x29, 0x22,
  0x29, 0x22, 0x29, 0x22, 0x29, 0x22, 0x29, 0x22, 0x29, 0x22, 0x29, 0x22,
  0x31, 0x02, 0x31, 0x02, 0x31, 0x02, 0x31, 0x02, 0x31, 0x02, 0x31, 0x02,
  0x31, 0x02, 0x31, 0x02, 0x31, 0x02, 0x31, 0x22, 0x31, 0x22, 0x31, 0x22,
  0x31, 0x43, 0x31, 0x43, 0x39, 0x43, 0x39, 0x43, 0x39, 0x43, 0x39, 0x63,
  0x39, 0x63, 0x39, 0x63, 0x39, 0x63, 0x39, 0x63, 0x39, 0x63, 0x39, 0x63,
  0x39, 0x63, 0x39, 0x42, 0x39, 0x63, 0x39, 0x84, 0x39, 0xa4, 0x39, 0xc5,
  0x39, 0xe6, 0x39, 0xe6, 0x39, 0xe6, 0x39, 0xe6, 0x39, 0xe6, 0x39, 0xc5,
  0x39, 0x84, 0x39, 0x83, 0x39, 0x83, 0x39, 0x84, 0x39, 0xa4, 0x39, 0xc5,
  0x39, 0xe7, 0x39, 0xe7, 0x39, 0xe7, 0x39, 0xe7, 0x39, 0xe7, 0x39, 0xe7,
  0x39, 0xe7, 0x39, 0xe7, 0x39, 0xe7, 0x39, 0xe7, 0x39, 0xe7, 0x39, 0xe7,
  0x39, 0xe7, 0x39, 0xe7, 0x39, 0xe7, 0x00, 0x00, 0x00, 0x00, 0x00, 0x00,
  0x00, 0x00, 0x00, 0x00, 0x00, 0x00, 0x00, 0x00, 0x00, 0x00, 0x00, 0x00,
  0x00, 0x00, 0x00, 0x00, 0x00, 0x00, 0x00, 0x00, 0x00, 0x00, 0x00, 0x00,
  0x00, 0x00, 0x00, 0x00, 0x00, 0x00, 0x00, 0x00, 0x00, 0x00, 0x00, 0x00,
  0x00, 0x00, 0x00, 0x00, 0x00, 0x00, 0x00, 0x00, 0x00, 0x00, 0x00, 0x00,
  0x00, 0x00, 0x00, 0x00, 0x00, 0x00, 0x00, 0x00, 0x00, 0x00, 0x00, 0x00,
  0x00, 0x00, 0x00, 0x00, 0x00, 0x00, 0x00, 0x00, 0x00, 0x00, 0x00, 0x00,
  0x00, 0x00, 0x00, 0x00, 0x00, 0x00, 0x00, 0x00, 0x00, 0x00, 0x00, 0x00,
  0x00, 0x00, 0x00, 0x00, 0x00, 0x00, 0x00, 0x00, 0x00, 0x00, 0x00, 0x00,
  0x00, 0x00, 0x00, 0x00, 0x00, 0x00, 0x00, 0x00, 0x00, 0x00, 0x00, 0x00,
  0x00, 0x00, 0x00, 0x00, 0x00, 0x00, 0x00, 0x00, 0x00, 0x00, 0x00, 0x00,
  0x00, 0x00, 0x00, 0x00, 0x00, 0x00, 0x00, 0x00, 0x00, 0x00, 0x00, 0x00,
  0x00, 0x00, 0x00, 0x00, 0x00, 0x00, 0x00, 0x00, 0x00, 0x00, 0x00, 0x00,
  0x00, 0x00, 0x00, 0x00, 0x00, 0x00, 0x00, 0x00, 0x00, 0x00, 0x00, 0x00,
  0x00, 0x00, 0x00, 0x00, 0x00, 0x00, 0x00, 0x00, 0x00, 0x00, 0x00, 0x00,
  0x00, 0x00, 0x00, 0x00, 0x00, 0x00, 0x00, 0x00, 0x00, 0x00, 0x00, 0x00,
  0x00, 0x00, 0x00, 0x00, 0x00, 0x00, 0x00, 0x00, 0x00, 0x00, 0x00, 0x00,
  0x00, 0x00, 0x00, 0x00, 0x00, 0x00, 0x00, 0x00, 0x00, 0x00, 0x00, 0x00,
  0x00, 0x00, 0x00, 0x00, 0x00, 0x00, 0x00, 0x00, 0x00, 0x00, 0x00, 0x00,
  0x00, 0x00, 0x00, 0x00, 0x00, 0x00, 0x00, 0x00, 0x00, 0x00, 0x20, 0xe3,
  0x20, 0xe3, 0x20, 0xe2, 0x20, 0xc2, 0x18, 0xa2, 0x18, 0x81, 0x18, 0x61,
  0x10, 0x61, 0x10, 0x61, 0x10, 0x61, 0x18, 0x81, 0x20, 0x82, 0x20, 0xa2,
  0x20, 0xa2, 0x28, 0xc2, 0x28, 0xe3, 0x31, 0x04, 0x39, 0x45, 0x39, 0x84,
  0x39, 0x84, 0x39, 0x64, 0x31, 0x44, 0x31, 0x43, 0x31, 0x23, 0x29, 0x03,
  0x29, 0x02, 0x28, 0xe2, 0x28, 0xe2, 0x28, 0xe2, 0x28, 0xe2, 0x28, 0xe2,
  0x28, 0xe2, 0x28, 0xe2, 0x28, 0xe2, 0x28, 0xe2, 0x28, 0xe2, 0x28, 0xe2,
  0x28, 0xe2, 0x28, 0xe2, 0x29, 0x02, 0x29, 0x02, 0x29, 0x02, 0x29, 0x02,
  0x29, 0x02, 0x29, 0x02, 0x29, 0x02, 0x29, 0x02, 0x29, 0x02, 0x29, 0x02,
  0x29, 0x02, 0x29, 0x02, 0x29, 0x22, 0x29, 0x22, 0x29, 0x22, 0x29, 0x22,
  0x29, 0x22, 0x29, 0x22, 0x29, 0x22, 0x29, 0x22, 0x29, 0x22, 0x29, 0x22,
  0x29, 0x22, 0x29, 0x22, 0x29, 0x22, 0x29, 0x22, 0x29, 0x22, 0x29, 0x22,
  0x31, 0x02, 0x31, 0x02, 0x31, 0x02, 0x31, 0x02, 0x31, 0x02, 0x31, 0x02,
  0x31, 0x02, 0x31, 0x02, 0x31, 0x02, 0x31, 0x22, 0x31, 0x22, 0x31, 0x43,
  0x31, 0x43, 0x39, 0x43, 0x39, 0x43, 0x39, 0x43, 0x39, 0x63, 0x39, 0x63,
  0x39, 0x63, 0x39, 0x63, 0x39, 0x63, 0x39, 0x63, 0x39, 0x63, 0x39, 0x63,
  0x39, 0x63, 0x39, 0x42, 0x39, 0x63, 0x39, 0x84, 0x39, 0xa4, 0x39, 0xc5,
  0x39, 0xe6, 0x39, 0xe6, 0x39, 0xe6, 0x39, 0xe6, 0x39, 0xe6, 0x39, 0xc5,
  0x39, 0x84, 0x39, 0x63, 0x39, 0x83, 0x39, 0xa4, 0x39, 0xc5, 0x39, 0xc5,
  0x39, 0xe7, 0x39, 0xe7, 0x39, 0xe7, 0x39, 0xe7, 0x39, 0xe7, 0x39, 0xe7,
  0x39, 0xe7, 0x39, 0xe7, 0x39, 0xe7, 0x39, 0xe7, 0x39, 0xe7, 0x39, 0xe7,
  0x39, 0xe7, 0x00, 0x00, 0x00, 0x00, 0x00, 0x00, 0x00, 0x00, 0x00, 0x00,
  0x00, 0x00, 0x00, 0x00, 0x00, 0x00, 0x00, 0x00, 0x00, 0x00, 0x00, 0x00,
  0x00, 0x00, 0x00, 0x00, 0x00, 0x00, 0x00, 0x00, 0x00, 0x00, 0x00, 0x00,
  0x00, 0x00, 0x00, 0x00, 0x00, 0x00, 0x00, 0x00, 0x00, 0x00, 0x00, 0x00,
  0x00, 0x00, 0x00, 0x00, 0x00, 0x00, 0x00, 0x00, 0x00, 0x00, 0x00, 0x00,
  0x00, 0x00, 0x00, 0x00, 0x00, 0x00, 0x00, 0x00, 0x00, 0x00, 0x00, 0x00,
  0x00, 0x00, 0x00, 0x00, 0x00, 0x00, 0x00, 0x00, 0x00, 0x00, 0x00, 0x00,
  0x00, 0x00, 0x00, 0x00, 0x00, 0x00, 0x00, 0x00, 0x00, 0x00, 0x00, 0x00,
  0x00, 0x00, 0x00, 0x00, 0x00, 0x00, 0x00, 0x00, 0x00, 0x00, 0x00, 0x00,
  0x00, 0x00, 0x00, 0x00, 0x00, 0x00, 0x00, 0x00, 0x00, 0x00, 0x00, 0x00,
  0x00, 0x00, 0x00, 0x00, 0x00, 0x00, 0x00, 0x00, 0x00, 0x00, 0x00, 0x00,
  0x00, 0x00, 0x00, 0x00, 0x00, 0x00, 0x00, 0x00, 0x00, 0x00, 0x00, 0x00,
  0x00, 0x00, 0x00, 0x00, 0x00, 0x00, 0x00, 0x00, 0x00, 0x00, 0x00, 0x00,
  0x00, 0x00, 0x00, 0x00, 0x00, 0x00, 0x00, 0x00, 0x00, 0x00, 0x00, 0x00,
  0x00, 0x00, 0x00, 0x00, 0x00, 0x00, 0x00, 0x00, 0x00, 0x00, 0x00, 0x00,
  0x00, 0x00, 0x00, 0x00, 0x00, 0x00, 0x00, 0x00, 0x00, 0x00, 0x00, 0x00,
  0x00, 0x00, 0x00, 0x00, 0x00, 0x00, 0x00, 0x00, 0x00, 0x00, 0x00, 0x00,
  0x00, 0x00, 0x00, 0x00, 0x00, 0x00, 0x00, 0x00, 0x00, 0x00, 0x00, 0x00,
  0x00, 0x00, 0x00, 0x00, 0x00, 0x00, 0x00, 0x00, 0x00, 0x00, 0x00, 0x00,
  0x00, 0x00, 0x00, 0x00, 0x00, 0x00, 0x00, 0x00, 0x00, 0x00, 0x00, 0x00,
  0x20, 0xe3, 0x20, 0xe2, 0x20, 0xc2, 0x18, 0xa2, 0x18, 0x81, 0x18, 0x61,
  0x18, 0x61, 0x18, 0x61, 0x18, 0x61, 0x20, 0x82, 0x20, 0xa2, 0x20, 0xc2,
  0x28, 0xc2, 0x28, 0xc2, 0x28, 0xe3, 0x31, 0x04, 0x39, 0x45, 0x39, 0x85,
  0x39, 0x84, 0x39, 0x64, 0x31, 0x44, 0x31, 0x23, 0x31, 0x23, 0x29, 0x02,
  0x29, 0x02, 0x28, 0xe2, 0x28, 0xe2, 0x28, 0xe2, 0x28, 0xe2, 0x28, 0xe2,
  0x28, 0xe2, 0x28, 0xe2, 0x28, 0xe2, 0x28, 0xe2, 0x28, 0xe2, 0x28, 0xe2,
  0x28, 0xe2, 0x28, 0xe2, 0x29, 0x02, 0x29, 0x02, 0x29, 0x02, 0x29, 0x02,
  0x29, 0x02, 0x29, 0x02, 0x29, 0x02, 0x29, 0x02, 0x29, 0x02, 0x29, 0x02,
  0x29, 0x02, 0x29, 0x02, 0x29, 0x22, 0x29, 0x22, 0x29, 0x22, 0x29, 0x22,
  0x29, 0x22, 0x29, 0x22, 0x29, 0x22, 0x29, 0x22, 0x29, 0x22, 0x29, 0x22,
  0x29, 0x22, 0x29, 0x22, 0x29, 0x22, 0x29, 0x22, 0x29, 0x22, 0x29, 0x22,
  0x31, 0x02, 0x31, 0x02, 0x31, 0x02, 0x31, 0x02, 0x31, 0x02, 0x31, 0x02,
  0x31, 0x02, 0x31, 0x02, 0x31, 0x02, 0x31, 0x22, 0x31, 0x43, 0x31, 0x43,
  0x31, 0x43, 0x39, 0x43, 0x39, 0x43, 0x39, 0x63, 0x39, 0x63, 0x39, 0x63,
  0x39, 0x63, 0x39, 0x63, 0x39, 0x63, 0x39, 0x63, 0x39, 0x63, 0x39, 0x63,
  0x39, 0x63, 0x39, 0x42, 0x39, 0x63, 0x39, 0x84, 0x39, 0xa4, 0x39, 0xc5,
  0x39, 0xe6, 0x39, 0xe6, 0x39, 0xe6, 0x39, 0xe6, 0x39, 0xe6, 0x39, 0xa5,
  0x31, 0x63, 0x39, 0x63, 0x39, 0x83, 0x39, 0xa4, 0x39, 0xc5, 0x39, 0xc5,
  0x39, 0xe7, 0x39, 0xe7, 0x39, 0xe7, 0x39, 0xe7, 0x39, 0xe7, 0x39, 0xe7,
  0x39, 0xe7, 0x39, 0xe7, 0x39, 0xe7, 0x39, 0xe7, 0x39, 0xe7, 0x39, 0xe7,
  0x00, 0x00, 0x00, 0x00, 0x00, 0x00, 0x00, 0x00, 0x00, 0x00, 0x00, 0x00,
  0x00, 0x00, 0x00, 0x00, 0x00, 0x00, 0x00, 0x00, 0x00, 0x00, 0x00, 0x00,
  0x00, 0x00, 0x00, 0x00, 0x00, 0x00, 0x00, 0x00, 0x00, 0x00, 0x00, 0x00,
  0x00, 0x00, 0x00, 0x00, 0x00, 0x00, 0x00, 0x00, 0x00, 0x00, 0x00, 0x00,
  0x00, 0x00, 0x00, 0x00, 0x00, 0x00, 0x00, 0x00, 0x00, 0x00, 0x00, 0x00,
  0x00, 0x00, 0x00, 0x00, 0x00, 0x00, 0x00, 0x00, 0x00, 0x00, 0x00, 0x00,
  0x00, 0x00, 0x00, 0x00, 0x00, 0x00, 0x00, 0x00, 0x00, 0x00, 0x00, 0x00,
  0x00, 0x00, 0x00, 0x00, 0x00, 0x00, 0x00, 0x00, 0x00, 0x00, 0x00, 0x00,
  0x00, 0x00, 0x00, 0x00, 0x00, 0x00, 0x00, 0x00, 0x00, 0x00, 0x00, 0x00,
  0x00, 0x00, 0x00, 0x00, 0x00, 0x00, 0x00, 0x00, 0x00, 0x00, 0x00, 0x00,
  0x00, 0x00, 0x00, 0x00, 0x00, 0x00, 0x00, 0x00, 0x00, 0x00, 0x00, 0x00,
  0x00, 0x00, 0x00, 0x00, 0x00, 0x00, 0x00, 0x00, 0x00, 0x00, 0x00, 0x00,
  0x00, 0x00, 0x00, 0x00, 0x00, 0x00, 0x00, 0x00, 0x00, 0x00, 0x00, 0x00,
  0x00, 0x00, 0x00, 0x00, 0x00, 0x00, 0x00, 0x00, 0x00, 0x00, 0x00, 0x00,
  0x00, 0x00, 0x00, 0x00, 0x00, 0x00, 0x00, 0x00, 0x00, 0x00, 0x00, 0x00,
  0x00, 0x00, 0x00, 0x00, 0x00, 0x00, 0x00, 0x00, 0x00, 0x00, 0x00, 0x00,
  0x00, 0x00, 0x00, 0x00, 0x00, 0x00, 0x00, 0x00, 0x00, 0x00, 0x00, 0x00,
  0x00, 0x00, 0x00, 0x00, 0x00, 0x00, 0x00, 0x00, 0x00, 0x00, 0x00, 0x00,
  0x00, 0x00, 0x00, 0x00, 0x00, 0x00, 0x00, 0x00, 0x00, 0x00, 0x00, 0x00,
  0x00, 0x00, 0x00, 0x00, 0x00, 0x00, 0x00, 0x00, 0x00, 0x00, 0x00, 0x00,
  0x00, 0x00, 0x00, 0x00, 0x20, 0xc2, 0x18, 0xa1, 0x18, 0x81, 0x10, 0x61,
  0x18, 0x61, 0x18, 0x61, 0x18, 0x81, 0x20, 0xa2, 0x20, 0xa2, 0x28, 0xc2,
  0x28, 0xc2, 0x28, 0xc2, 0x28, 0xe3, 0x31, 0x04, 0x39, 0x24, 0x39, 0x85,
  0x39, 0x84, 0x39, 0x64, 0x31, 0x44, 0x31, 0x43, 0x29, 0x23, 0x29, 0x02,
  0x28, 0xe2, 0x28, 0xe2, 0x28, 0xe2, 0x28, 0xe2, 0x28, 0xe2, 0x28, 0xe2,
  0x28, 0xe2, 0x28, 0xe2, 0x28, 0xe2, 0x28, 0xe2, 0x28, 0xc2, 0x28, 0xe2,
  0x28, 0xe2, 0x28, 0xe2, 0x28, 0xe2, 0x29, 0x02, 0x29, 0x02, 0x29, 0x02,
  0x29, 0x02, 0x29, 0x02, 0x29, 0x02, 0x29, 0x02, 0x29, 0x02, 0x29, 0x02,
  0x29, 0x02, 0x29, 0x02, 0x29, 0x22, 0x29, 0x22, 0x29, 0x22, 0x29, 0x22,
  0x29, 0x22, 0x29, 0x22, 0x29, 0x22, 0x29, 0x22, 0x29, 0x22, 0x29, 0x22,
  0x29, 0x22, 0x29, 0x22, 0x29, 0x22, 0x29, 0x22, 0x29, 0x22, 0x29, 0x22,
  0x31, 0x02, 0x31, 0x02, 0x31, 0x02, 0x31, 0x02, 0x31, 0x02, 0x31, 0x02,
  0x31, 0x02, 0x31, 0x02, 0x31, 0x02, 0x31, 0x43, 0x31, 0x43, 0x31, 0x43,
  0x39, 0x43, 0x39, 0x43, 0x39, 0x63, 0x39, 0x63, 0x39, 0x63, 0x39, 0x63,
  0x39, 0x63, 0x39, 0x63, 0x39, 0x63, 0x39, 0x63, 0x39, 0x63, 0x39, 0x63,
  0x39, 0x63, 0x39, 0x42, 0x39, 0x63, 0x39, 0x83, 0x39, 0xa4, 0x39, 0xc5,
  0x39, 0xe6, 0x39, 0xe6, 0x39, 0xe7, 0x39, 0xe6, 0x39, 0xe6, 0x39, 0xa5,
  0x31, 0x63, 0x31, 0x63, 0x39, 0x83, 0x39, 0xc4, 0x39, 0xc5, 0x39, 0xc5,
  0x39, 0xe7, 0x39, 0xe7, 0x39, 0xe7, 0x39, 0xe7, 0x39, 0xe7, 0x39, 0xe7,
  0x39, 0xe7, 0x39, 0xe7, 0x39, 0xe7, 0x39, 0xe7, 0x00, 0x00, 0x00, 0x00,
  0x00, 0x00, 0x00, 0x00, 0x00, 0x00, 0x00, 0x00, 0x00, 0x00, 0x00, 0x00,
  0x00, 0x00, 0x00, 0x00, 0x00, 0x00, 0x00, 0x00, 0x00, 0x00, 0x00, 0x00,
  0x00, 0x00, 0x00, 0x00, 0x00, 0x00, 0x00, 0x00, 0x00, 0x00, 0x00, 0x00,
  0x00, 0x00, 0x00, 0x00, 0x00, 0x00, 0x00, 0x00, 0x00, 0x00, 0x00, 0x00,
  0x00, 0x00, 0x00, 0x00, 0x00, 0x00, 0x00, 0x00, 0x00, 0x00, 0x00, 0x00,
  0x00, 0x00, 0x00, 0x00, 0x00, 0x00, 0x00, 0x00, 0x00, 0x00, 0x00, 0x00,
  0x00, 0x00, 0x00, 0x00, 0x00, 0x00, 0x00, 0x00, 0x00, 0x00, 0x00, 0x00,
  0x00, 0x00, 0x00, 0x00, 0x00, 0x00, 0x00, 0x00, 0x00, 0x00, 0x00, 0x00,
  0x00, 0x00, 0x00, 0x00, 0x00, 0x00, 0x00, 0x00, 0x00, 0x00, 0x00, 0x00,
  0x00, 0x00, 0x00, 0x00, 0x00, 0x00, 0x00, 0x00, 0x00, 0x00, 0x00, 0x00,
  0x00, 0x00, 0x00, 0x00, 0x00, 0x00, 0x00, 0x00, 0x00, 0x00, 0x00, 0x00,
  0x00, 0x00, 0x00, 0x00, 0x00, 0x00, 0x00, 0x00, 0x00, 0x00, 0x00, 0x00,
  0x00, 0x00, 0x00, 0x00, 0x00, 0x00, 0x00, 0x00, 0x00, 0x00, 0x00, 0x00,
  0x00, 0x00, 0x00, 0x00, 0x00, 0x00, 0x00, 0x00, 0x00, 0x00, 0x00, 0x00,
  0x00, 0x00, 0x00, 0x00, 0x00, 0x00, 0x00, 0x00, 0x00, 0x00, 0x00, 0x00,
  0x00, 0x00, 0x00, 0x00, 0x00, 0x00, 0x00, 0x00, 0x00, 0x00, 0x00, 0x00,
  0x00, 0x00, 0x00, 0x00, 0x00, 0x00, 0x00, 0x00, 0x00, 0x00, 0x00, 0x00,
  0x00, 0x00, 0x00, 0x00, 0x00, 0x00, 0x00, 0x00, 0x00, 0x00, 0x00, 0x00,
  0x00, 0x00, 0x00, 0x00, 0x00, 0x00, 0x00, 0x00, 0x00, 0x00, 0x00, 0x00,
  0x00, 0x00, 0x00, 0x00, 0x00, 0x00, 0x00, 0x00, 0x00, 0x00, 0x00, 0x00,
  0x00, 0x00, 0x00, 0x00, 0x00, 0x00, 0x00, 0x00, 0x18, 0x81, 0x18, 0x81,
  0x18, 0x81, 0x20, 0xa1, 0x20, 0xa2, 0x20, 0xa1, 0x20, 0xa2, 0x20, 0xc2,
  0x28, 0xe3, 0x29, 0x03, 0x31, 0x24, 0x39, 0x44, 0x39, 0x65, 0x39, 0xa5,
  0x39, 0x85, 0x39, 0x64, 0x31, 0x43, 0x31, 0x23, 0x29, 0x03, 0x29, 0x02,
  0x29, 0x02, 0x29, 0x02, 0x29, 0x02, 0x29, 0x02, 0x29, 0x02, 0x29, 0x02,
  0x29, 0x02, 0x29, 0x02, 0x29, 0x02, 0x29, 0x02, 0x29, 0x02, 0x29, 0x02,
  0x29, 0x02, 0x29, 0x02, 0x29, 0x02, 0x29, 0x02, 0x29, 0x02, 0x29, 0x02,
  0x29, 0x22, 0x29, 0x22, 0x29, 0x22, 0x29, 0x22, 0x29, 0x22, 0x29, 0x22,
  0x29, 0x22, 0x29, 0x22, 0x31, 0x22, 0x31, 0x22, 0x31, 0x22, 0x31, 0x22,
  0x31, 0x22, 0x31, 0x22, 0x31, 0x22, 0x31, 0x22, 0x29, 0x02, 0x29, 0x02,
  0x29, 0x02, 0x29, 0x02, 0x29, 0x02, 0x29, 0x02, 0x29, 0x02, 0x29, 0x02,
  0x29, 0x02, 0x29, 0x02, 0x29, 0x02, 0x29, 0x02, 0x31, 0x02, 0x31, 0x22,
  0x31, 0x22, 0x31, 0x22, 0x31, 0x23, 0x31, 0x43, 0x31, 0x43, 0x39, 0x43,
  0x39, 0x43, 0x39, 0x63, 0x39, 0x63, 0x39, 0x63, 0x39, 0x63, 0x31, 0x22,
  0x31, 0x22, 0x31, 0x23, 0x31, 0x43, 0x39, 0x43, 0x39, 0x43, 0x39, 0x43,
  0x39, 0x43, 0x39, 0x43, 0x39, 0x63, 0x39, 0x84, 0x39, 0xc5, 0x39, 0xe5,
  0x39, 0xe6, 0x39, 0xe5, 0x39, 0xe6, 0x39, 0xc5, 0x39, 0x83, 0x39, 0x83,
  0x39, 0x63, 0x39, 0x84, 0x39, 0xa4, 0x39, 0xc5, 0x39, 0xe6, 0x39, 0xe6,
  0x39, 0xe7, 0x39, 0xe7, 0x39, 0xe7, 0x39, 0xe7, 0x39, 0xe7, 0x39, 0xe7,
  0x39, 0xe7, 0x39, 0xe7, 0x00, 0x00, 0x00, 0x00, 0x00, 0x00, 0x00, 0x00,
  0x00, 0x00, 0x00, 0x00, 0x00, 0x00, 0x00, 0x00, 0x00, 0x00, 0x00, 0x00,
  0x00, 0x00, 0x00, 0x00, 0x00, 0x00, 0x00, 0x00, 0x00, 0x00, 0x00, 0x00,
  0x00, 0x00, 0x00, 0x00, 0x00, 0x00, 0x00, 0x00, 0x00, 0x00, 0x00, 0x00,
  0x00, 0x00, 0x00, 0x00, 0x00, 0x00, 0x00, 0x00, 0x00, 0x00, 0x00, 0x00,
  0x00, 0x00, 0x00, 0x00, 0x00, 0x00, 0x00, 0x00, 0x00, 0x00, 0x00, 0x00,
  0x00, 0x00, 0x00, 0x00, 0x00, 0x00, 0x00, 0x00, 0x00, 0x00, 0x00, 0x00,
  0x00, 0x00, 0x00, 0x00, 0x00, 0x00, 0x00, 0x00, 0x00, 0x00, 0x00, 0x00,
  0x00, 0x00, 0x00, 0x00, 0x00, 0x00, 0x00, 0x00, 0x00, 0x00, 0x00, 0x00,
  0x00, 0x00, 0x00, 0x00, 0x00, 0x00, 0x00, 0x00, 0x00, 0x00, 0x00, 0x00,
  0x00, 0x00, 0x00, 0x00, 0x00, 0x00, 0x00, 0x00, 0x00, 0x00, 0x00, 0x00,
  0x00, 0x00, 0x00, 0x00, 0x00, 0x00, 0x00, 0x00, 0x00, 0x00, 0x00, 0x00,
  0x00, 0x00, 0x00, 0x00, 0x00, 0x00, 0x00, 0x00, 0x00, 0x00, 0x00, 0x00,
  0x00, 0x00, 0x00, 0x00, 0x00, 0x00, 0x00, 0x00, 0x00, 0x00, 0x00, 0x00,
  0x00, 0x00, 0x00, 0x00, 0x00, 0x00, 0x00, 0x00, 0x00, 0x00, 0x00, 0x00,
  0x00, 0x00, 0x00, 0x00, 0x00, 0x00, 0x00, 0x00, 0x00, 0x00, 0x00, 0x00,
  0x00, 0x00, 0x00, 0x00, 0x00, 0x00, 0x00, 0x00, 0x00, 0x00, 0x00, 0x00,
  0x00, 0x00, 0x00, 0x00, 0x00, 0x00, 0x00, 0x00, 0x00, 0x00, 0x00, 0x00,
  0x00, 0x00, 0x00, 0x00, 0x00, 0x00, 0x00, 0x00, 0x00, 0x00, 0x00, 0x00,
  0x00, 0x00, 0x00, 0x00, 0x00, 0x00, 0x00, 0x00, 0x00, 0x00, 0x00, 0x00,
  0x00, 0x00, 0x00, 0x00, 0x00, 0x00, 0x00, 0x00, 0x00, 0x00, 0x00, 0x00,
  0x00, 0x00, 0x00, 0x00, 0x00, 0x00, 0x00, 0x00, 0x00, 0x00, 0x00, 0x00,
  0x18, 0x81, 0x20, 0xa2, 0x20, 0xa2, 0x20, 0xa1, 0x20, 0xa2, 0x20, 0xc2,
  0x28, 0xe3, 0x31, 0x23, 0x31, 0x44, 0x39, 0x65, 0x39, 0x65, 0x39, 0xa5,
  0x39, 0x85, 0x39, 0x64, 0x31, 0x43, 0x31, 0x23, 0x29, 0x03, 0x29, 0x02,
  0x29, 0x02, 0x29, 0x02, 0x29, 0x02, 0x29, 0x02, 0x29, 0x02, 0x29, 0x02,
  0x29, 0x02, 0x29, 0x02, 0x29, 0x02, 0x29, 0x02, 0x29, 0x02, 0x29, 0x02,
  0x29, 0x02, 0x29, 0x02, 0x29, 0x02, 0x29, 0x02, 0x29, 0x02, 0x29, 0x02,
  0x29, 0x22, 0x29, 0x22, 0x29, 0x22, 0x29, 0x22, 0x29, 0x22, 0x29, 0x22,
  0x29, 0x22, 0x29, 0x22, 0x31, 0x22, 0x31, 0x22, 0x31, 0x22, 0x31, 0x22,
  0x31, 0x22, 0x31, 0x22, 0x31, 0x22, 0x31, 0x22, 0x29, 0x02, 0x29, 0x02,
  0x29, 0x02, 0x29, 0x02, 0x29, 0x02, 0x29, 0x02, 0x29, 0x02, 0x29, 0x02,
  0x29, 0x02, 0x29, 0x02, 0x29, 0x02, 0x29, 0x02, 0x31, 0x02, 0x31, 0x22,
  0x31, 0x22, 0x31, 0x23, 0x31, 0x23, 0x31, 0x43, 0x31, 0x43, 0x31, 0x43,
  0x39, 0x43, 0x39, 0x43, 0x39, 0x43, 0x39, 0x63, 0x39, 0x63, 0x31, 0x22,
  0x31, 0x22, 0x31, 0x22, 0x31, 0x23, 0x31, 0x43, 0x31, 0x43, 0x39, 0x43,
  0x39, 0x43, 0x39, 0x43, 0x39, 0x63, 0x39, 0x84, 0x39, 0xc5, 0x39, 0xe5,
  0x39, 0xe6, 0x39, 0xe5, 0x39, 0xe6, 0x39, 0xa4, 0x39, 0x62, 0x39, 0x63,
  0x39, 0x63, 0x39, 0x84, 0x39, 0xa5, 0x39, 0xc5, 0x39, 0xe6, 0x39, 0xe7,
  0x39, 0xe7, 0x39, 0xe7, 0x39, 0xe7, 0x39, 0xe7, 0x39, 0xe7, 0x39, 0xe7,
  0x00, 0x00, 0x00, 0x00, 0x00, 0x00, 0x00, 0x00, 0x00, 0x00, 0x00, 0x00,
  0x00, 0x00, 0x00, 0x00, 0x00, 0x00, 0x00, 0x00, 0x00, 0x00, 0x00, 0x00,
  0x00, 0x00, 0x00, 0x00, 0x00, 0x00, 0x00, 0x00, 0x00, 0x00, 0x00, 0x00,
  0x00, 0x00, 0x00, 0x00, 0x00, 0x00, 0x00, 0x00, 0x00, 0x00, 0x00, 0x00,
  0x00, 0x00, 0x00, 0x00, 0x00, 0x00, 0x00, 0x00, 0x00, 0x00, 0x00, 0x00,
  0x00, 0x00, 0x00, 0x00, 0x00, 0x00, 0x00, 0x00, 0x00, 0x00, 0x00, 0x00,
  0x00, 0x00, 0x00, 0x00, 0x00, 0x00, 0x00, 0x00, 0x00, 0x00, 0x00, 0x00,
  0x00, 0x00, 0x00, 0x00, 0x00, 0x00, 0x00, 0x00, 0x00, 0x00, 0x00, 0x00,
  0x00, 0x00, 0x00, 0x00, 0x00, 0x00, 0x00, 0x00, 0x00, 0x00, 0x00, 0x00,
  0x00, 0x00, 0x00, 0x00, 0x00, 0x00, 0x00, 0x00, 0x00, 0x00, 0x00, 0x00,
  0x00, 0x00, 0x00, 0x00, 0x00, 0x00, 0x00, 0x00, 0x00, 0x00, 0x00, 0x00,
  0x00, 0x00, 0x00, 0x00, 0x00, 0x00, 0x00, 0x00, 0x00, 0x00, 0x00, 0x00,
  0x00, 0x00, 0x00, 0x00, 0x00, 0x00, 0x00, 0x00, 0x00, 0x00, 0x00, 0x00,
  0x00, 0x00, 0x00, 0x00, 0x00, 0x00, 0x00, 0x00, 0x00, 0x00, 0x00, 0x00,
  0x00, 0x00, 0x00, 0x00, 0x00, 0x00, 0x00, 0x00, 0x00, 0x00, 0x00, 0x00,
  0x00, 0x00, 0x00, 0x00, 0x00, 0x00, 0x00, 0x00, 0x00, 0x00, 0x00, 0x00,
  0x00, 0x00, 0x00, 0x00, 0x00, 0x00, 0x00, 0x00, 0x00, 0x00, 0x00, 0x00,
  0x00, 0x00, 0x00, 0x00, 0x00, 0x00, 0x00, 0x00, 0x00, 0x00, 0x00, 0x00,
  0x00, 0x00, 0x00, 0x00, 0x00, 0x00, 0x00, 0x00, 0x00, 0x00, 0x00, 0x00,
  0x00, 0x00, 0x00, 0x00, 0x00, 0x00, 0x00, 0x00, 0x00, 0x00, 0x00, 0x00,
  0x00, 0x00, 0x00, 0x00, 0x00, 0x00, 0x00, 0x00, 0x00, 0x00, 0x00, 0x00,
  0x00, 0x00, 0x00, 0x00, 0x00, 0x00, 0x00, 0x00, 0x00, 0x00, 0x00, 0x00,
  0x00, 0x00, 0x00, 0x00, 0x20, 0xa2, 0x20, 0xa2, 0x20, 0xa2, 0x20, 0xc2,
  0x29, 0x03, 0x31, 0x24, 0x31, 0x44, 0x39, 0x65, 0x39, 0x65, 0x39, 0x85,
  0x39, 0x84, 0x39, 0x64, 0x31, 0x43, 0x31, 0x23, 0x29, 0x03, 0x29, 0x02,
  0x29, 0x02, 0x29, 0x02, 0x29, 0x02, 0x29, 0x02, 0x29, 0x02, 0x29, 0x02,
  0x29, 0x02, 0x29, 0x02, 0x29, 0x02, 0x29, 0x02, 0x29, 0x02, 0x29, 0x02,
  0x29, 0x02, 0x29, 0x02, 0x29, 0x02, 0x29, 0x02, 0x29, 0x02, 0x29, 0x02,
  0x29, 0x22, 0x29, 0x22, 0x29, 0x22, 0x29, 0x22, 0x29, 0x22, 0x29, 0x22,
  0x29, 0x22, 0x29, 0x22, 0x31, 0x22, 0x31, 0x22, 0x31, 0x22, 0x31, 0x22,
  0x31, 0x22, 0x31, 0x22, 0x31, 0x22, 0x31, 0x22, 0x29, 0x02, 0x29, 0x02,
  0x29, 0x02, 0x29, 0x02, 0x29, 0x02, 0x29, 0x02, 0x29, 0x02, 0x29, 0x02,
  0x29, 0x02, 0x29, 0x02, 0x29, 0x02, 0x29, 0x02, 0x31, 0x02, 0x31, 0x22,
  0x31, 0x22, 0x31, 0x22, 0x31, 0x23, 0x39, 0x43, 0x31, 0x43, 0x31, 0x43,
  0x31, 0x43, 0x31, 0x43, 0x31, 0x43, 0x31, 0x43, 0x31, 0x43, 0x31, 0x22,
  0x31, 0x22, 0x31, 0x22, 0x31, 0x22, 0x31, 0x43, 0x31, 0x43, 0x39, 0x43,
  0x39, 0x43, 0x39, 0x43, 0x39, 0x63, 0x39, 0x84, 0x39, 0xc5, 0x39, 0xe5,
  0x39, 0xe5, 0x39, 0xe5, 0x39, 0xe5, 0x39, 0xa4, 0x39, 0x62, 0x39, 0x63,
  0x39, 0x63, 0x39, 0x84, 0x39, 0xa5, 0x39, 0xc5, 0x39, 0xe6, 0x39, 0xe7,
  0x39, 0xe7, 0x39, 0xe7, 0x39, 0xe7, 0x39, 0xe7, 0x00, 0x00, 0x00, 0x00,
  0x00, 0x00, 0x00, 0x00, 0x00, 0x00, 0x00, 0x00, 0x00, 0x00, 0x00, 0x00,
  0x00, 0x00, 0x00, 0x00, 0x00, 0x00, 0x00, 0x00, 0x00, 0x00, 0x00, 0x00,
  0x00, 0x00, 0x00, 0x00, 0x00, 0x00, 0x00, 0x00, 0x00, 0x00, 0x00, 0x00,
  0x00, 0x00, 0x00, 0x00, 0x00, 0x00, 0x00, 0x00, 0x00, 0x00, 0x00, 0x00,
  0x00, 0x00, 0x00, 0x00, 0x00, 0x00, 0x00, 0x00, 0x00, 0x00, 0x00, 0x00,
  0x00, 0x00, 0x00, 0x00, 0x00, 0x00, 0x00, 0x00, 0x00, 0x00, 0x00, 0x00,
  0x00, 0x00, 0x00, 0x00, 0x00, 0x00, 0x00, 0x00, 0x00, 0x00, 0x00, 0x00,
  0x00, 0x00, 0x00, 0x00, 0x00, 0x00, 0x00, 0x00, 0x00, 0x00, 0x00, 0x00,
  0x00, 0x00, 0x00, 0x00, 0x00, 0x00, 0x00, 0x00, 0x00, 0x00, 0x00, 0x00,
  0x00, 0x00, 0x00, 0x00, 0x00, 0x00, 0x00, 0x00, 0x00, 0x00, 0x00, 0x00,
  0x00, 0x00, 0x00, 0x00, 0x00, 0x00, 0x00, 0x00, 0x00, 0x00, 0x00, 0x00,
  0x00, 0x00, 0x00, 0x00, 0x00, 0x00, 0x00, 0x00, 0x00, 0x00, 0x00, 0x00,
  0x00, 0x00, 0x00, 0x00, 0x00, 0x00, 0x00, 0x00, 0x00, 0x00, 0x00, 0x00,
  0x00, 0x00, 0x00, 0x00, 0x00, 0x00, 0x00, 0x00, 0x00, 0x00, 0x00, 0x00,
  0x00, 0x00, 0x00, 0x00, 0x00, 0x00, 0x00, 0x00, 0x00, 0x00, 0x00, 0x00,
  0x00, 0x00, 0x00, 0x00, 0x00, 0x00, 0x00, 0x00, 0x00, 0x00, 0x00, 0x00,
  0x00, 0x00, 0x00, 0x00, 0x00, 0x00, 0x00, 0x00, 0x00, 0x00, 0x00, 0x00,
  0x00, 0x00, 0x00, 0x00, 0x00, 0x00, 0x00, 0x00, 0x00, 0x00, 0x00, 0x00,
  0x00, 0x00, 0x00, 0x00, 0x00, 0x00, 0x00, 0x00, 0x00, 0x00, 0x00, 0x00,
  0x00, 0x00, 0x00, 0x00, 0x00, 0x00, 0x00, 0x00, 0x00, 0x00, 0x00, 0x00,
  0x00, 0x00, 0x00, 0x00, 0x00, 0x00, 0x00, 0x00, 0x00, 0x00, 0x00, 0x00,
  0x00, 0x00, 0x00, 0x00, 0x00, 0x00, 0x00, 0x00, 0x00, 0x00, 0x00, 0x00,
  0x00, 0x00, 0x00, 0x00, 0x00, 0x00, 0x00, 0x00, 0x20, 0xc2, 0x28, 0xc2,
  0x29, 0x03, 0x31, 0x24, 0x31, 0x44, 0x39, 0x65, 0x39, 0x85, 0x39, 0x84,
  0x39, 0x64, 0x31, 0x44, 0x31, 0x23, 0x31, 0x23, 0x29, 0x02, 0x29, 0x02,
  0x29, 0x03, 0x29, 0x02, 0x29, 0x02, 0x29, 0x02, 0x29, 0x02, 0x29, 0x02,
  0x29, 0x02, 0x29, 0x02, 0x29, 0x02, 0x29, 0x02, 0x29, 0x02, 0x29, 0x02,
  0x29, 0x02, 0x29, 0x02, 0x29, 0x02, 0x29, 0x02, 0x29, 0x02, 0x29, 0x02,
  0x29, 0x22, 0x29, 0x22, 0x29, 0x22, 0x29, 0x22, 0x29, 0x22, 0x29, 0x22,
  0x29, 0x22, 0x29, 0x22, 0x31, 0x22, 0x31, 0x22, 0x31, 0x22, 0x31, 0x22,
  0x31, 0x22, 0x31, 0x22, 0x31, 0x22, 0x31, 0x22, 0x29, 0x02, 0x29, 0x02,
  0x29, 0x02, 0x29, 0x02, 0x29, 0x02, 0x29, 0x02, 0x29, 0x02, 0x29, 0x02,
  0x29, 0x02, 0x29, 0x02, 0x29, 0x02, 0x29, 0x02, 0x31, 0x02, 0x31, 0x22,
  0x31, 0x22, 0x31, 0x22, 0x31, 0x23, 0x39, 0x43, 0x31, 0x43, 0x31, 0x43,
  0x31, 0x43, 0x31, 0x43, 0x31, 0x43, 0x31, 0x43, 0x31, 0x43, 0x31, 0x22,
  0x31, 0x22, 0x31, 0x22, 0x31, 0x22, 0x31, 0x22, 0x31, 0x43, 0x31, 0x43,
  0x31, 0x43, 0x39, 0x43, 0x39, 0x63, 0x39, 0x84, 0x39, 0xc5, 0x39, 0xc5,
  0x39, 0xe5, 0x39, 0xc5, 0x39, 0xc5, 0x39, 0xa4, 0x39, 0x62, 0x39, 0x63,
  0x39, 0x63, 0x39, 0x84, 0x39, 0xa5, 0x39, 0xc5, 0x39, 0xe6, 0x39, 0xe7,
  0x39, 0xe7, 0x39, 0xe7, 0x00, 0x00, 0x00, 0x00, 0x00, 0x00, 0x00, 0x00,
  0x00, 0x00, 0x00, 0x00, 0x00, 0x00, 0x00, 0x00, 0x00, 0x00, 0x00, 0x00,
  0x00, 0x00, 0x00, 0x00, 0x00, 0x00, 0x00, 0x00, 0x00, 0x00, 0x00, 0x00,
  0x00, 0x00, 0x00, 0x00, 0x00, 0x00, 0x00, 0x00, 0x00, 0x00, 0x00, 0x00,
  0x00, 0x00, 0x00, 0x00, 0x00, 0x00, 0x00, 0x00, 0x00, 0x00, 0x00, 0x00,
  0x00, 0x00, 0x00, 0x00, 0x00, 0x00, 0x00, 0x00, 0x00, 0x00, 0x00, 0x00,
  0x00, 0x00, 0x00, 0x00, 0x00, 0x00, 0x00, 0x00, 0x00, 0x00, 0x00, 0x00,
  0x00, 0x00, 0x00, 0x00, 0x00, 0x00, 0x00, 0x00, 0x00, 0x00, 0x00, 0x00,
  0x00, 0x00, 0x00, 0x00, 0x00, 0x00, 0x00, 0x00, 0x00, 0x00, 0x00, 0x00,
  0x00, 0x00, 0x00, 0x00, 0x00, 0x00, 0x00, 0x00, 0x00, 0x00, 0x00, 0x00,
  0x00, 0x00, 0x00, 0x00, 0x00, 0x00, 0x00, 0x00, 0x00, 0x00, 0x00, 0x00,
  0x00, 0x00, 0x00, 0x00, 0x00, 0x00, 0x00, 0x00, 0x00, 0x00, 0x00, 0x00,
  0x00, 0x00, 0x00, 0x00, 0x00, 0x00, 0x00, 0x00, 0x00, 0x00, 0x00, 0x00,
  0x00, 0x00, 0x00, 0x00, 0x00, 0x00, 0x00, 0x00, 0x00, 0x00, 0x00, 0x00,
  0x00, 0x00, 0x00, 0x00, 0x00, 0x00, 0x00, 0x00, 0x00, 0x00, 0x00, 0x00,
  0x00, 0x00, 0x00, 0x00, 0x00, 0x00, 0x00, 0x00, 0x00, 0x00, 0x00, 0x00,
  0x00, 0x00, 0x00, 0x00, 0x00, 0x00, 0x00, 0x00, 0x00, 0x00, 0x00, 0x00,
  0x00, 0x00, 0x00, 0x00, 0x00, 0x00, 0x00, 0x00, 0x00, 0x00, 0x00, 0x00,
  0x00, 0x00, 0x00, 0x00, 0x00, 0x00, 0x00, 0x00, 0x00, 0x00, 0x00, 0x00,
  0x00, 0x00, 0x00, 0x00, 0x00, 0x00, 0x00, 0x00, 0x00, 0x00, 0x00, 0x00,
  0x00, 0x00, 0x00, 0x00, 0x00, 0x00, 0x00, 0x00, 0x00, 0x00, 0x00, 0x00,
  0x00, 0x00, 0x00, 0x00, 0x00, 0x00, 0x00, 0x00, 0x00, 0x00, 0x00, 0x00,
  0x00, 0x00, 0x00, 0x00, 0x00, 0x00, 0x00, 0x00, 0x00, 0x00, 0x00, 0x00,
  0x00, 0x00, 0x00, 0x00, 0x00, 0x00, 0x00, 0x00, 0x00, 0x00, 0x00, 0x00,
  0x29, 0x03, 0x31, 0x24, 0x39, 0x64, 0x39, 0x65, 0x39, 0x85, 0x39, 0x64,
  0x39, 0x64, 0x31, 0x43, 0x31, 0x23, 0x29, 0x03, 0x29, 0x02, 0x29, 0x02,
  0x29, 0x03, 0x29, 0x02, 0x29, 0x02, 0x29, 0x02, 0x29, 0x02, 0x29, 0x02,
  0x29, 0x02, 0x29, 0x02, 0x29, 0x02, 0x29, 0x02, 0x29, 0x02, 0x29, 0x02,
  0x29, 0x02, 0x29, 0x02, 0x29, 0x02, 0x29, 0x02, 0x29, 0x02, 0x29, 0x02,
  0x29, 0x22, 0x29, 0x22, 0x29, 0x22, 0x29, 0x22, 0x29, 0x22, 0x29, 0x22,
  0x29, 0x22, 0x29, 0x22, 0x31, 0x22, 0x31, 0x22, 0x31, 0x22, 0x31, 0x22,
  0x31, 0x22, 0x31, 0x22, 0x31, 0x22, 0x31, 0x22, 0x29, 0x02, 0x29, 0x02,
  0x29, 0x02, 0x29, 0x02, 0x29, 0x02, 0x29, 0x02, 0x29, 0x02, 0x29, 0x02,
  0x29, 0x02, 0x29, 0x02, 0x29, 0x02, 0x29, 0x02, 0x31, 0x02, 0x31, 0x22,
  0x31, 0x22, 0x31, 0x22, 0x31, 0x23, 0x39, 0x63, 0x39, 0x43, 0x31, 0x43,
  0x31, 0x43, 0x31, 0x43, 0x31, 0x23, 0x31, 0x22, 0x31, 0x22, 0x31, 0x02,
  0x31, 0x02, 0x31, 0x02, 0x31, 0x22, 0x31, 0x22, 0x31, 0x22, 0x31, 0x23,
  0x31, 0x43, 0x39, 0x43, 0x39, 0x63, 0x39, 0x84, 0x39, 0xa5, 0x39, 0xc5,
  0x39, 0xc5, 0x39, 0xc5, 0x39, 0xc5, 0x39, 0xa4, 0x39, 0x62, 0x39, 0x63,
  0x39, 0x63, 0x39, 0x84, 0x39, 0xa5, 0x39, 0xc5, 0x39, 0xe6, 0x39, 0xe7,
  0x00, 0x00, 0x00, 0x00, 0x00, 0x00, 0x00, 0x00, 0x00, 0x00, 0x00, 0x00,
  0x00, 0x00, 0x00, 0x00, 0x00, 0x00, 0x00, 0x00, 0x00, 0x00, 0x00, 0x00,
  0x00, 0x00, 0x00, 0x00, 0x00, 0x00, 0x00, 0x00, 0x00, 0x00, 0x00, 0x00,
  0x00, 0x00, 0x00, 0x00, 0x00, 0x00, 0x00, 0x00, 0x00, 0x00, 0x00, 0x00,
  0x00, 0x00, 0x00, 0x00, 0x00, 0x00, 0x00, 0x00, 0x00, 0x00, 0x00, 0x00,
  0x00, 0x00, 0x00, 0x00, 0x00, 0x00, 0x00, 0x00, 0x00, 0x00, 0x00, 0x00,
  0x00, 0x00, 0x00, 0x00, 0x00, 0x00, 0x00, 0x00, 0x00, 0x00, 0x00, 0x00,
  0x00, 0x00, 0x00, 0x00, 0x00, 0x00, 0x00, 0x00, 0x00, 0x00, 0x00, 0x00,
  0x00, 0x00, 0x00, 0x00, 0x00, 0x00, 0x00, 0x00, 0x00, 0x00, 0x00, 0x00,
  0x00, 0x00, 0x00, 0x00, 0x00, 0x00, 0x00, 0x00, 0x00, 0x00, 0x00, 0x00,
  0x00, 0x00, 0x00, 0x00, 0x00, 0x00, 0x00, 0x00, 0x00, 0x00, 0x00, 0x00,
  0x00, 0x00, 0x00, 0x00, 0x00, 0x00, 0x00, 0x00, 0x00, 0x00, 0x00, 0x00,
  0x00, 0x00, 0x00, 0x00, 0x00, 0x00, 0x00, 0x00, 0x00, 0x00, 0x00, 0x00,
  0x00, 0x00, 0x00, 0x00, 0x00, 0x00, 0x00, 0x00, 0x00, 0x00, 0x00, 0x00,
  0x00, 0x00, 0x00, 0x00, 0x00, 0x00, 0x00, 0x00, 0x00, 0x00, 0x00, 0x00,
  0x00, 0x00, 0x00, 0x00, 0x00, 0x00, 0x00, 0x00, 0x00, 0x00, 0x00, 0x00,
  0x00, 0x00, 0x00, 0x00, 0x00, 0x00, 0x00, 0x00, 0x00, 0x00, 0x00, 0x00,
  0x00, 0x00, 0x00, 0x00, 0x00, 0x00, 0x00, 0x00, 0x00, 0x00, 0x00, 0x00,
  0x00, 0x00, 0x00, 0x00, 0x00, 0x00, 0x00, 0x00, 0x00, 0x00, 0x00, 0x00,
  0x00, 0x00, 0x00, 0x00, 0x00, 0x00, 0x00, 0x00, 0x00, 0x00, 0x00, 0x00,
  0x00, 0x00, 0x00, 0x00, 0x00, 0x00, 0x00, 0x00, 0x00, 0x00, 0x00, 0x00,
  0x00, 0x00, 0x00, 0x00, 0x00, 0x00, 0x00, 0x00, 0x00, 0x00, 0x00, 0x00,
  0x00, 0x00, 0x00, 0x00, 0x00, 0x00, 0x00, 0x00, 0x00, 0x00, 0x00, 0x00,
  0x00, 0x00, 0x00, 0x00, 0x00, 0x00, 0x00, 0x00, 0x00, 0x00, 0x00, 0x00,
  0x00, 0x00, 0x00, 0x00, 0x00, 0x00, 0x39, 0x85, 0x39, 0x85, 0x39, 0x64,
  0x31, 0x44, 0x31, 0x23, 0x31, 0x23, 0x29, 0x02, 0x29, 0x02, 0x29, 0x02,
  0x29, 0x03, 0x29, 0x02, 0x29, 0x02, 0x29, 0x02, 0x29, 0x02, 0x29, 0x02,
  0x29, 0x02, 0x29, 0x02, 0x29, 0x02, 0x29, 0x02, 0x29, 0x02, 0x29, 0x02,
  0x29, 0x02, 0x29, 0x02, 0x29, 0x02, 0x29, 0x02, 0x29, 0x02, 0x29, 0x02,
  0x29, 0x22, 0x29, 0x22, 0x29, 0x22, 0x29, 0x22, 0x29, 0x22, 0x29, 0x22,
  0x29, 0x22, 0x29, 0x22, 0x31, 0x22, 0x31, 0x22, 0x31, 0x22, 0x31, 0x22,
  0x31, 0x22, 0x31, 0x22, 0x31, 0x22, 0x31, 0x22, 0x29, 0x02, 0x29, 0x02,
  0x29, 0x02, 0x29, 0x02, 0x29, 0x02, 0x29, 0x02, 0x29, 0x02, 0x29, 0x02,
  0x29, 0x02, 0x29, 0x02, 0x29, 0x02, 0x29, 0x02, 0x31, 0x02, 0x31, 0x22,
  0x31, 0x22, 0x31, 0x22, 0x31, 0x23, 0x39, 0x63, 0x39, 0x43, 0x31, 0x43,
  0x31, 0x43, 0x31, 0x23, 0x31, 0x22, 0x31, 0x02, 0x31, 0x02, 0x31, 0x02,
  0x31, 0x02, 0x31, 0x02, 0x31, 0x02, 0x31, 0x22, 0x31, 0x22, 0x31, 0x22,
  0x31, 0x22, 0x39, 0x43, 0x39, 0x63, 0x39, 0x84, 0x39, 0xa4, 0x39, 0xc5,
  0x39, 0xc5, 0x39, 0xc5, 0x39, 0xa5, 0x39, 0x84, 0x39, 0x63, 0x39, 0x63,
  0x39, 0x63, 0x39, 0x84, 0x39, 0xa5, 0x00, 0x00, 0x00, 0x00, 0x00, 0x00,
  0x00, 0x00, 0x00, 0x00, 0x00, 0x00, 0x00, 0x00, 0x00, 0x00, 0x00, 0x00,
  0x00, 0x00, 0x00, 0x00, 0x00, 0x00, 0x00, 0x00, 0x00, 0x00, 0x00, 0x00,
  0x00, 0x00, 0x00, 0x00, 0x00, 0x00, 0x00, 0x00, 0x00, 0x00, 0x00, 0x00,
  0x00, 0x00, 0x00, 0x00, 0x00, 0x00, 0x00, 0x00, 0x00, 0x00, 0x00, 0x00,
  0x00, 0x00, 0x00, 0x00, 0x00, 0x00, 0x00, 0x00, 0x00, 0x00, 0x00, 0x00,
  0x00, 0x00, 0x00, 0x00, 0x00, 0x00, 0x00, 0x00, 0x00, 0x00, 0x00, 0x00,
  0x00, 0x00, 0x00, 0x00, 0x00, 0x00, 0x00, 0x00, 0x00, 0x00, 0x00, 0x00,
  0x00, 0x00, 0x00, 0x00, 0x00, 0x00, 0x00, 0x00, 0x00, 0x00, 0x00, 0x00,
  0x00, 0x00, 0x00, 0x00, 0x00, 0x00, 0x00, 0x00, 0x00, 0x00, 0x00, 0x00,
  0x00, 0x00, 0x00, 0x00, 0x00, 0x00, 0x00, 0x00, 0x00, 0x00, 0x00, 0x00,
  0x00, 0x00, 0x00, 0x00, 0x00, 0x00, 0x00, 0x00, 0x00, 0x00, 0x00, 0x00,
  0x00, 0x00, 0x00, 0x00, 0x00, 0x00, 0x00, 0x00, 0x00, 0x00, 0x00, 0x00,
  0x00, 0x00, 0x00, 0x00, 0x00, 0x00, 0x00, 0x00, 0x00, 0x00, 0x00, 0x00,
  0x00, 0x00, 0x00, 0x00, 0x00, 0x00, 0x00, 0x00, 0x00, 0x00, 0x00, 0x00,
  0x00, 0x00, 0x00, 0x00, 0x00, 0x00, 0x00, 0x00, 0x00, 0x00, 0x00, 0x00,
  0x00, 0x00, 0x00, 0x00, 0x00, 0x00, 0x00, 0x00, 0x00, 0x00, 0x00, 0x00,
  0x00, 0x00, 0x00, 0x00, 0x00, 0x00, 0x00, 0x00, 0x00, 0x00, 0x00, 0x00,
  0x00, 0x00, 0x00, 0x00, 0x00, 0x00, 0x00, 0x00, 0x00, 0x00, 0x00, 0x00,
  0x00, 0x00, 0x00, 0x00, 0x00, 0x00, 0x00, 0x00, 0x00, 0x00, 0x00, 0x00,
  0x00, 0x00, 0x00, 0x00, 0x00, 0x00, 0x00, 0x00, 0x00, 0x00, 0x00, 0x00,
  0x00, 0x00, 0x00, 0x00, 0x00, 0x00, 0x00, 0x00, 0x00, 0x00, 0x00, 0x00,
  0x00, 0x00, 0x00, 0x00, 0x00, 0x00, 0x00, 0x00, 0x00, 0x00, 0x00, 0x00,
  0x00, 0x00, 0x00, 0x00, 0x00, 0x00, 0x00, 0x00, 0x00, 0x00, 0x00, 0x00,
  0x00, 0x00, 0x00, 0x00, 0x00, 0x00, 0x00, 0x00, 0x00, 0x00, 0x00, 0x00,
  0x00, 0x00, 0x00, 0x00, 0x00, 0x00, 0x00, 0x00, 0x00, 0x00, 0x31, 0x44,
  0x31, 0x43, 0x31, 0x23, 0x29, 0x03, 0x29, 0x02, 0x29, 0x02, 0x29, 0x03,
  0x29, 0x03, 0x29, 0x02, 0x29, 0x02, 0x29, 0x02, 0x29, 0x02, 0x29, 0x02,
  0x29, 0x02, 0x29, 0x02, 0x29, 0x02, 0x29, 0x02, 0x29, 0x02, 0x29, 0x02,
  0x29, 0x02, 0x29, 0x02, 0x29, 0x02, 0x29, 0x02, 0x29, 0x02, 0x29, 0x02,
  0x29, 0x22, 0x29, 0x22, 0x29, 0x22, 0x29, 0x22, 0x29, 0x22, 0x29, 0x22,
  0x29, 0x22, 0x29, 0x22, 0x31, 0x22, 0x31, 0x22, 0x31, 0x22, 0x31, 0x22,
  0x31, 0x22, 0x31, 0x22, 0x31, 0x22, 0x31, 0x22, 0x29, 0x02, 0x29, 0x02,
  0x29, 0x02, 0x29, 0x02, 0x29, 0x02, 0x29, 0x02, 0x29, 0x02, 0x29, 0x02,
  0x29, 0x02, 0x29, 0x02, 0x29, 0x02, 0x29, 0x02, 0x31, 0x02, 0x31, 0x22,
  0x31, 0x22, 0x31, 0x22, 0x31, 0x23, 0x39, 0x63, 0x39, 0x43, 0x31, 0x43,
  0x31, 0x23, 0x31, 0x22, 0x31, 0x02, 0x29, 0x02, 0x29, 0x02, 0x29, 0x02,
  0x29, 0x02, 0x31, 0x02, 0x31, 0x02, 0x31, 0x22, 0x31, 0x22, 0x31, 0x22,
  0x31, 0x22, 0x39, 0x43, 0x39, 0x63, 0x39, 0x84, 0x39, 0xa4, 0x39, 0xc5,
  0x39, 0xc5, 0x39, 0xa4, 0x39, 0xa4, 0x39, 0x83, 0x39, 0x63, 0x39, 0x63,
  0x39, 0x63, 0x00, 0x00, 0x00, 0x00, 0x00, 0x00, 0x00, 0x00, 0x00, 0x00,
  0x00, 0x00, 0x00, 0x00, 0x00, 0x00, 0x00, 0x00, 0x00, 0x00, 0x00, 0x00,
  0x00, 0x00, 0x00, 0x00, 0x00, 0x00, 0x00, 0x00, 0x00, 0x00, 0x00, 0x00,
  0x00, 0x00, 0x00, 0x00, 0x00, 0x00, 0x00, 0x00, 0x00, 0x00, 0x00, 0x00,
  0x00, 0x00, 0x00, 0x00, 0x00, 0x00, 0x00, 0x00, 0x00, 0x00, 0x00, 0x00,
  0x00, 0x00, 0x00, 0x00, 0x00, 0x00, 0x00, 0x00, 0x00, 0x00, 0x00, 0x00,
  0x00, 0x00, 0x00, 0x00, 0x00, 0x00, 0x00, 0x00, 0x00, 0x00, 0x00, 0x00,
  0x00, 0x00, 0x00, 0x00, 0x00, 0x00, 0x00, 0x00, 0x00, 0x00, 0x00, 0x00,
  0x00, 0x00, 0x00, 0x00, 0x00, 0x00, 0x00, 0x00, 0x00, 0x00, 0x00, 0x00,
  0x00, 0x00, 0x00, 0x00, 0x00, 0x00, 0x00, 0x00, 0x00, 0x00, 0x00, 0x00,
  0x00, 0x00, 0x00, 0x00, 0x00, 0x00, 0x00, 0x00, 0x00, 0x00, 0x00, 0x00,
  0x00, 0x00, 0x00, 0x00, 0x00, 0x00, 0x00, 0x00, 0x00, 0x00, 0x00, 0x00,
  0x00, 0x00, 0x00, 0x00, 0x00, 0x00, 0x00, 0x00, 0x00, 0x00, 0x00, 0x00,
  0x00, 0x00, 0x00, 0x00, 0x00, 0x00, 0x00, 0x00, 0x00, 0x00, 0x00, 0x00,
  0x00, 0x00, 0x00, 0x00, 0x00, 0x00, 0x00, 0x00, 0x00, 0x00, 0x00, 0x00,
  0x00, 0x00, 0x00, 0x00, 0x00, 0x00, 0x00, 0x00, 0x00, 0x00, 0x00, 0x00,
  0x00, 0x00, 0x00, 0x00, 0x00, 0x00, 0x00, 0x00, 0x00, 0x00, 0x00, 0x00,
  0x00, 0x00, 0x00, 0x00, 0x00, 0x00, 0x00, 0x00, 0x00, 0x00, 0x00, 0x00,
  0x00, 0x00, 0x00, 0x00, 0x00, 0x00, 0x00, 0x00, 0x00, 0x00, 0x00, 0x00,
  0x00, 0x00, 0x00, 0x00, 0x00, 0x00, 0x00, 0x00, 0x00, 0x00, 0x00, 0x00,
  0x00, 0x00, 0x00, 0x00, 0x00, 0x00, 0x00, 0x00, 0x00, 0x00, 0x00, 0x00,
  0x00, 0x00, 0x00, 0x00, 0x00, 0x00, 0x00, 0x00, 0x00, 0x00, 0x00, 0x00,
  0x00, 0x00, 0x00, 0x00, 0x00, 0x00, 0x00, 0x00, 0x00, 0x00, 0x00, 0x00,
  0x00, 0x00, 0x00, 0x00, 0x00, 0x00, 0x00, 0x00, 0x00, 0x00, 0x00, 0x00,
  0x00, 0x00, 0x00, 0x00, 0x00, 0x00, 0x00, 0x00, 0x00, 0x00, 0x00, 0x00,
  0x00, 0x00, 0x00, 0x00, 0x00, 0x00, 0x00, 0x00, 0x00, 0x00, 0x00, 0x00,
  0x00, 0x00, 0x00, 0x00, 0x29, 0x02, 0x29, 0x02, 0x29, 0x02, 0x29, 0x02,
  0x29, 0x03, 0x29, 0x02, 0x29, 0x02, 0x29, 0x02, 0x29, 0x02, 0x29, 0x02,
  0x29, 0x02, 0x29, 0x02, 0x29, 0x02, 0x29, 0x02, 0x29, 0x02, 0x29, 0x02,
  0x29, 0x02, 0x29, 0x02, 0x29, 0x02, 0x29, 0x02, 0x29, 0x02, 0x29, 0x02,
  0x29, 0x22, 0x29, 0x22, 0x29, 0x22, 0x29, 0x22, 0x29, 0x22, 0x29, 0x22,
  0x29, 0x22, 0x29, 0x22, 0x29, 0x22, 0x31, 0x22, 0x31, 0x22, 0x31, 0x22,
  0x31, 0x22, 0x31, 0x22, 0x31, 0x22, 0x31, 0x22, 0x29, 0x02, 0x29, 0x02,
  0x29, 0x02, 0x29, 0x02, 0x29, 0x02, 0x29, 0x02, 0x29, 0x02, 0x29, 0x02,
  0x29, 0x02, 0x29, 0x02, 0x29, 0x02, 0x29, 0x02, 0x31, 0x02, 0x31, 0x22,
  0x31, 0x22, 0x31, 0x22, 0x31, 0x23, 0x39, 0x64, 0x39, 0x63, 0x31, 0x43,
  0x31, 0x43, 0x31, 0x22, 0x29, 0x02, 0x29, 0x02, 0x29, 0x02, 0x29, 0x02,
  0x29, 0x02, 0x31, 0x02, 0x31, 0x02, 0x31, 0x02, 0x31, 0x22, 0x31, 0x22,
  0x31, 0x22, 0x39, 0x43, 0x39, 0x63, 0x39, 0x84, 0x39, 0xa4, 0x39, 0xc5,
  0x39, 0xc5, 0x39, 0xa4, 0x39, 0x84, 0x39, 0x83, 0x00, 0x00, 0x00, 0x00,
  0x00, 0x00, 0x00, 0x00, 0x00, 0x00, 0x00, 0x00, 0x00, 0x00, 0x00, 0x00,
  0x00, 0x00, 0x00, 0x00, 0x00, 0x00, 0x00, 0x00, 0x00, 0x00, 0x00, 0x00,
  0x00, 0x00, 0x00, 0x00, 0x00, 0x00, 0x00, 0x00, 0x00, 0x00, 0x00, 0x00,
  0x00, 0x00, 0x00, 0x00, 0x00, 0x00, 0x00, 0x00, 0x00, 0x00, 0x00, 0x00,
  0x00, 0x00, 0x00, 0x00, 0x00, 0x00, 0x00, 0x00, 0x00, 0x00, 0x00, 0x00,
  0x00, 0x00, 0x00, 0x00, 0x00, 0x00, 0x00, 0x00, 0x00, 0x00, 0x00, 0x00,
  0x00, 0x00, 0x00, 0x00, 0x00, 0x00, 0x00, 0x00, 0x00, 0x00, 0x00, 0x00,
  0x00, 0x00, 0x00, 0x00, 0x00, 0x00, 0x00, 0x00, 0x00, 0x00, 0x00, 0x00,
  0x00, 0x00, 0x00, 0x00, 0x00, 0x00, 0x00, 0x00, 0x00, 0x00, 0x00, 0x00,
  0x00, 0x00, 0x00, 0x00, 0x00, 0x00, 0x00, 0x00, 0x00, 0x00, 0x00, 0x00,
  0x00, 0x00, 0x00, 0x00, 0x00, 0x00, 0x00, 0x00, 0x00, 0x00, 0x00, 0x00,
  0x00, 0x00, 0x00, 0x00, 0x00, 0x00, 0x00, 0x00, 0x00, 0x00, 0x00, 0x00,
  0x00, 0x00, 0x00, 0x00, 0x00, 0x00, 0x00, 0x00, 0x00, 0x00, 0x00, 0x00,
  0x00, 0x00, 0x00, 0x00, 0x00, 0x00, 0x00, 0x00, 0x00, 0x00, 0x00, 0x00,
  0x00, 0x00, 0x00, 0x00, 0x00, 0x00, 0x00, 0x00, 0x00, 0x00, 0x00, 0x00,
  0x00, 0x00, 0x00, 0x00, 0x00, 0x00, 0x00, 0x00, 0x00, 0x00, 0x00, 0x00,
  0x00, 0x00, 0x00, 0x00, 0x00, 0x00, 0x00, 0x00, 0x00, 0x00, 0x00, 0x00,
  0x00, 0x00, 0x00, 0x00, 0x00, 0x00, 0x00, 0x00, 0x00, 0x00, 0x00, 0x00,
  0x00, 0x00, 0x00, 0x00, 0x00, 0x00, 0x00, 0x00, 0x00, 0x00, 0x00, 0x00,
  0x00, 0x00, 0x00, 0x00, 0x00, 0x00, 0x00, 0x00, 0x00, 0x00, 0x00, 0x00,
  0x00, 0x00, 0x00, 0x00, 0x00, 0x00, 0x00, 0x00, 0x00, 0x00, 0x00, 0x00,
  0x00, 0x00, 0x00, 0x00, 0x00, 0x00, 0x00, 0x00, 0x00, 0x00, 0x00, 0x00,
  0x00, 0x00, 0x00, 0x00, 0x00, 0x00, 0x00, 0x00, 0x00, 0x00, 0x00, 0x00,
  0x00, 0x00, 0x00, 0x00, 0x00, 0x00, 0x00, 0x00, 0x00, 0x00, 0x00, 0x00,
  0x00, 0x00, 0x00, 0x00, 0x00, 0x00, 0x00, 0x00, 0x00, 0x00, 0x00, 0x00,
  0x00, 0x00, 0x00, 0x00, 0x00, 0x00, 0x00, 0x00, 0x00, 0x00, 0x00, 0x00,
  0x00, 0x00, 0x00, 0x00, 0x00, 0x00, 0x00, 0x00, 0x00, 0x00, 0x31, 0x23,
  0x31, 0x23, 0x29, 0x03, 0x29, 0x02, 0x29, 0x02, 0x29, 0x02, 0x29, 0x02,
  0x29, 0x02, 0x29, 0x02, 0x29, 0x02, 0x29, 0x02, 0x29, 0x22, 0x29, 0x02,
  0x29, 0x02, 0x29, 0x02, 0x29, 0x02, 0x29, 0x02, 0x29, 0x02, 0x29, 0x22,
  0x29, 0x22, 0x29, 0x22, 0x29, 0x22, 0x29, 0x22, 0x29, 0x22, 0x29, 0x22,
  0x29, 0x22, 0x29, 0x23, 0x31, 0x22, 0x31, 0x22, 0x31, 0x22, 0x31, 0x22,
  0x31, 0x22, 0x31, 0x22, 0x31, 0x22, 0x31, 0x22, 0x29, 0x02, 0x29, 0x02,
  0x29, 0x02, 0x29, 0x02, 0x29, 0x02, 0x29, 0x02, 0x29, 0x02, 0x29, 0x02,
  0x29, 0x02, 0x31, 0x02, 0x31, 0x22, 0x31, 0x22, 0x31, 0x22, 0x31, 0x22,
  0x31, 0x22, 0x31, 0x22, 0x31, 0x22, 0x31, 0x43, 0x31, 0x23, 0x31, 0x22,
  0x31, 0x22, 0x29, 0x02, 0x29, 0x02, 0x29, 0x02, 0x28, 0xe2, 0x28, 0xe1,
  0x28, 0xe1, 0x29, 0x02, 0x31, 0x02, 0x31, 0x22, 0x31, 0x22, 0x31, 0x22,
  0x31, 0x22, 0x39, 0x43, 0x39, 0x64, 0x39, 0x84, 0x39, 0xa4, 0x39, 0xa4,
  0x39, 0xa4, 0x00, 0x00, 0x00, 0x00, 0x00, 0x00, 0x00, 0x00, 0x00, 0x00,
  0x00, 0x00, 0x00, 0x00, 0x00, 0x00, 0x00, 0x00, 0x00, 0x00, 0x00, 0x00,
  0x00, 0x00, 0x00, 0x00, 0x00, 0x00, 0x00, 0x00, 0x00, 0x00, 0x00, 0x00,
  0x00, 0x00, 0x00, 0x00, 0x00, 0x00, 0x00, 0x00, 0x00, 0x00, 0x00, 0x00,
  0x00, 0x00, 0x00, 0x00, 0x00, 0x00, 0x00, 0x00, 0x00, 0x00, 0x00, 0x00,
  0x00, 0x00, 0x00, 0x00, 0x00, 0x00, 0x00, 0x00, 0x00, 0x00, 0x00, 0x00,
  0x00, 0x00, 0x00, 0x00, 0x00, 0x00, 0x00, 0x00, 0x00, 0x00, 0x00, 0x00,
  0x00, 0x00, 0x00, 0x00, 0x00, 0x00, 0x00, 0x00, 0x00, 0x00, 0x00, 0x00,
  0x00, 0x00, 0x00, 0x00, 0x00, 0x00, 0x00, 0x00, 0x00, 0x00, 0x00, 0x00,
  0x00, 0x00, 0x00, 0x00, 0x00, 0x00, 0x00, 0x00, 0x00, 0x00, 0x00, 0x00,
  0x00, 0x00, 0x00, 0x00, 0x00, 0x00, 0x00, 0x00, 0x00, 0x00, 0x00, 0x00,
  0x00, 0x00, 0x00, 0x00, 0x00, 0x00, 0x00, 0x00, 0x00, 0x00, 0x00, 0x00,
  0x00, 0x00, 0x00, 0x00, 0x00, 0x00, 0x00, 0x00, 0x00, 0x00, 0x00, 0x00,
  0x00, 0x00, 0x00, 0x00, 0x00, 0x00, 0x00, 0x00, 0x00, 0x00, 0x00, 0x00,
  0x00, 0x00, 0x00, 0x00, 0x00, 0x00, 0x00, 0x00, 0x00, 0x00, 0x00, 0x00,
  0x00, 0x00, 0x00, 0x00, 0x00, 0x00, 0x00, 0x00, 0x00, 0x00, 0x00, 0x00,
  0x00, 0x00, 0x00, 0x00, 0x00, 0x00, 0x00, 0x00, 0x00, 0x00, 0x00, 0x00,
  0x00, 0x00, 0x00, 0x00, 0x00, 0x00, 0x00, 0x00, 0x00, 0x00, 0x00, 0x00,
  0x00, 0x00, 0x00, 0x00, 0x00, 0x00, 0x00, 0x00, 0x00, 0x00, 0x00, 0x00,
  0x00, 0x00, 0x00, 0x00, 0x00, 0x00, 0x00, 0x00, 0x00, 0x00, 0x00, 0x00,
  0x00, 0x00, 0x00, 0x00, 0x00, 0x00, 0x00, 0x00, 0x00, 0x00, 0x00, 0x00,
  0x00, 0x00, 0x00, 0x00, 0x00, 0x00, 0x00, 0x00, 0x00, 0x00, 0x00, 0x00,
  0x00, 0x00, 0x00, 0x00, 0x00, 0x00, 0x00, 0x00, 0x00, 0x00, 0x00, 0x00,
  0x00, 0x00, 0x00, 0x00, 0x00, 0x00, 0x00, 0x00, 0x00, 0x00, 0x00, 0x00,
  0x00, 0x00, 0x00, 0x00, 0x00, 0x00, 0x00, 0x00, 0x00, 0x00, 0x00, 0x00,
  0x00, 0x00, 0x00, 0x00, 0x00, 0x00, 0x00, 0x00, 0x00, 0x00, 0x00, 0x00,
  0x00, 0x00, 0x00, 0x00, 0x00, 0x00, 0x00, 0x00, 0x00, 0x00, 0x00, 0x00,
  0x00, 0x00, 0x00, 0x00, 0x00, 0x00, 0x00, 0x00, 0x00, 0x00, 0x00, 0x00,
  0x00, 0x00, 0x00, 0x00, 0x29, 0x03, 0x29, 0x03, 0x29, 0x03, 0x29, 0x03,
  0x29, 0x03, 0x29, 0x03, 0x29, 0x03, 0x29, 0x03, 0x29, 0x22, 0x29, 0x22,
  0x29, 0x22, 0x29, 0x22, 0x29, 0x22, 0x29, 0x22, 0x29, 0x22, 0x29, 0x22,
  0x31, 0x23, 0x31, 0x23, 0x31, 0x23, 0x31, 0x23, 0x31, 0x23, 0x31, 0x23,
  0x31, 0x23, 0x31, 0x23, 0x31, 0x22, 0x31, 0x22, 0x31, 0x22, 0x31, 0x22,
  0x31, 0x22, 0x31, 0x22, 0x31, 0x22, 0x31, 0x22, 0x31, 0x22, 0x29, 0x02,
  0x29, 0x02, 0x29, 0x02, 0x29, 0x02, 0x29, 0x02, 0x29, 0x02, 0x29, 0x02,
  0x31, 0x22, 0x31, 0x22, 0x31, 0x22, 0x31, 0x22, 0x31, 0x22, 0x31, 0x22,
  0x31, 0x22, 0x31, 0x22, 0x31, 0x22, 0x29, 0x02, 0x29, 0x02, 0x29, 0x02,
  0x29, 0x02, 0x29, 0x02, 0x28, 0xe2, 0x28, 0xe2, 0x28, 0xe2, 0x28, 0xc1,
  0x28, 0xc1, 0x29, 0x02, 0x31, 0x22, 0x31, 0x22, 0x31, 0x43, 0x31, 0x43,
  0x31, 0x22, 0x39, 0x63, 0x39, 0x84, 0x39, 0x84, 0x00, 0x00, 0x00, 0x00,
  0x00, 0x00, 0x00, 0x00, 0x00, 0x00, 0x00, 0x00, 0x00, 0x00, 0x00, 0x00,
  0x00, 0x00, 0x00, 0x00, 0x00, 0x00, 0x00, 0x00, 0x00, 0x00, 0x00, 0x00,
  0x00, 0x00, 0x00, 0x00, 0x00, 0x00, 0x00, 0x00, 0x00, 0x00, 0x00, 0x00,
  0x00, 0x00, 0x00, 0x00, 0x00, 0x00, 0x00, 0x00, 0x00, 0x00, 0x00, 0x00,
  0x00, 0x00, 0x00, 0x00, 0x00, 0x00, 0x00, 0x00, 0x00, 0x00, 0x00, 0x00,
  0x00, 0x00, 0x00, 0x00, 0x00, 0x00, 0x00, 0x00, 0x00, 0x00, 0x00, 0x00,
  0x00, 0x00, 0x00, 0x00, 0x00, 0x00, 0x00, 0x00, 0x00, 0x00, 0x00, 0x00,
  0x00, 0x00, 0x00, 0x00, 0x00, 0x00, 0x00, 0x00, 0x00, 0x00, 0x00, 0x00,
  0x00, 0x00, 0x00, 0x00, 0x00, 0x00, 0x00, 0x00, 0x00, 0x00, 0x00, 0x00,
  0x00, 0x00, 0x00, 0x00, 0x00, 0x00, 0x00, 0x00, 0x00, 0x00, 0x00, 0x00,
  0x00, 0x00, 0x00, 0x00, 0x00, 0x00, 0x00, 0x00, 0x00, 0x00, 0x00, 0x00,
  0x00, 0x00, 0x00, 0x00, 0x00, 0x00, 0x00, 0x00, 0x00, 0x00, 0x00, 0x00,
  0x00, 0x00, 0x00, 0x00, 0x00, 0x00, 0x00, 0x00, 0x00, 0x00, 0x00, 0x00,
  0x00, 0x00, 0x00, 0x00, 0x00, 0x00, 0x00, 0x00, 0x00, 0x00, 0x00, 0x00,
  0x00, 0x00, 0x00, 0x00, 0x00, 0x00, 0x00, 0x00, 0x00, 0x00, 0x00, 0x00,
  0x00, 0x00, 0x00, 0x00, 0x00, 0x00, 0x00, 0x00, 0x00, 0x00, 0x00, 0x00,
  0x00, 0x00, 0x00, 0x00, 0x00, 0x00, 0x00, 0x00, 0x00, 0x00, 0x00, 0x00,
  0x00, 0x00, 0x00, 0x00, 0x00, 0x00, 0x00, 0x00, 0x00, 0x00, 0x00, 0x00,
  0x00, 0x00, 0x00, 0x00, 0x00, 0x00, 0x00, 0x00, 0x00, 0x00, 0x00, 0x00,
  0x00, 0x00, 0x00, 0x00, 0x00, 0x00, 0x00, 0x00, 0x00, 0x00, 0x00, 0x00,
  0x00, 0x00, 0x00, 0x00, 0x00, 0x00, 0x00, 0x00, 0x00, 0x00, 0x00, 0x00,
  0x00, 0x00, 0x00, 0x00, 0x00, 0x00, 0x00, 0x00, 0x00, 0x00, 0x00, 0x00,
  0x00, 0x00, 0x00, 0x00, 0x00, 0x00, 0x00, 0x00, 0x00, 0x00, 0x00, 0x00,
  0x00, 0x00, 0x00, 0x00, 0x00, 0x00, 0x00, 0x00, 0x00, 0x00, 0x00, 0x00,
  0x00, 0x00, 0x00, 0x00, 0x00, 0x00, 0x00, 0x00, 0x00, 0x00, 0x00, 0x00,
  0x00, 0x00, 0x00, 0x00, 0x00, 0x00, 0x00, 0x00, 0x00, 0x00, 0x00, 0x00,
  0x00, 0x00, 0x00, 0x00, 0x00, 0x00, 0x00, 0x00, 0x00, 0x00, 0x00, 0x00,
  0x00, 0x00, 0x00, 0x00, 0x00, 0x00, 0x00, 0x00, 0x00, 0x00, 0x00, 0x00,
  0x00, 0x00, 0x00, 0x00, 0x00, 0x00, 0x00, 0x00, 0x00, 0x00, 0x29, 0x03,
  0x29, 0x03, 0x29, 0x03, 0x29, 0x03, 0x29, 0x02, 0x29, 0x22, 0x29, 0x22,
  0x29, 0x22, 0x29, 0x22, 0x29, 0x22, 0x29, 0x22, 0x29, 0x22, 0x29, 0x22,
  0x31, 0x23, 0x31, 0x23, 0x31, 0x23, 0x31, 0x23, 0x31, 0x23, 0x31, 0x23,
  0x31, 0x23, 0x31, 0x23, 0x31, 0x22, 0x31, 0x22, 0x31, 0x22, 0x31, 0x22,
  0x31, 0x22, 0x31, 0x22, 0x31, 0x22, 0x31, 0x22, 0x31, 0x22, 0x29, 0x02,
  0x29, 0x02, 0x29, 0x02, 0x29, 0x02, 0x29, 0x02, 0x29, 0x02, 0x29, 0x02,
  0x31, 0x22, 0x31, 0x22, 0x31, 0x22, 0x31, 0x22, 0x31, 0x22, 0x31, 0x22,
  0x31, 0x22, 0x31, 0x22, 0x31, 0x22, 0x29, 0x02, 0x29, 0x02, 0x29, 0x02,
  0x29, 0x02, 0x28, 0xe2, 0x28, 0xe2, 0x28, 0xe1, 0x28, 0xe1, 0x28, 0xc1,
  0x28, 0xe1, 0x29, 0x02, 0x31, 0x22, 0x31, 0x22, 0x31, 0x23, 0x31, 0x43,
  0x31, 0x22, 0x00, 0x00, 0x00, 0x00, 0x00, 0x00, 0x00, 0x00, 0x00, 0x00,
  0x00, 0x00, 0x00, 0x00, 0x00, 0x00, 0x00, 0x00, 0x00, 0x00, 0x00, 0x00,
  0x00, 0x00, 0x00, 0x00, 0x00, 0x00, 0x00, 0x00, 0x00, 0x00, 0x00, 0x00,
  0x00, 0x00, 0x00, 0x00, 0x00, 0x00, 0x00, 0x00, 0x00, 0x00, 0x00, 0x00,
  0x00, 0x00, 0x00, 0x00, 0x00, 0x00, 0x00, 0x00, 0x00, 0x00, 0x00, 0x00,
  0x00, 0x00, 0x00, 0x00, 0x00, 0x00, 0x00, 0x00, 0x00, 0x00, 0x00, 0x00,
  0x00, 0x00, 0x00, 0x00, 0x00, 0x00, 0x00, 0x00, 0x00, 0x00, 0x00, 0x00,
  0x00, 0x00, 0x00, 0x00, 0x00, 0x00, 0x00, 0x00, 0x00, 0x00, 0x00, 0x00,
  0x00, 0x00, 0x00, 0x00, 0x00, 0x00, 0x00, 0x00, 0x00, 0x00, 0x00, 0x00,
  0x00, 0x00, 0x00, 0x00, 0x00, 0x00, 0x00, 0x00, 0x00, 0x00, 0x00, 0x00,
  0x00, 0x00, 0x00, 0x00, 0x00, 0x00, 0x00, 0x00, 0x00, 0x00, 0x00, 0x00,
  0x00, 0x00, 0x00, 0x00, 0x00, 0x00, 0x00, 0x00, 0x00, 0x00, 0x00, 0x00,
  0x00, 0x00, 0x00, 0x00, 0x00, 0x00, 0x00, 0x00, 0x00, 0x00, 0x00, 0x00,
  0x00, 0x00, 0x00, 0x00, 0x00, 0x00, 0x00, 0x00, 0x00, 0x00, 0x00, 0x00,
  0x00, 0x00, 0x00, 0x00, 0x00, 0x00, 0x00, 0x00, 0x00, 0x00, 0x00, 0x00,
  0x00, 0x00, 0x00, 0x00, 0x00, 0x00, 0x00, 0x00, 0x00, 0x00, 0x00, 0x00,
  0x00, 0x00, 0x00, 0x00, 0x00, 0x00, 0x00, 0x00, 0x00, 0x00, 0x00, 0x00,
  0x00, 0x00, 0x00, 0x00, 0x00, 0x00, 0x00, 0x00, 0x00, 0x00, 0x00, 0x00,
  0x00, 0x00, 0x00, 0x00, 0x00, 0x00, 0x00, 0x00, 0x00, 0x00, 0x00, 0x00,
  0x00, 0x00, 0x00, 0x00, 0x00, 0x00, 0x00, 0x00, 0x00, 0x00, 0x00, 0x00,
  0x00, 0x00, 0x00, 0x00, 0x00, 0x00, 0x00, 0x00, 0x00, 0x00, 0x00, 0x00,
  0x00, 0x00, 0x00, 0x00, 0x00, 0x00, 0x00, 0x00, 0x00, 0x00, 0x00, 0x00,
  0x00, 0x00, 0x00, 0x00, 0x00, 0x00, 0x00, 0x00, 0x00, 0x00, 0x00, 0x00,
  0x00, 0x00, 0x00, 0x00, 0x00, 0x00, 0x00, 0x00, 0x00, 0x00, 0x00, 0x00,
  0x00, 0x00, 0x00, 0x00, 0x00, 0x00, 0x00, 0x00, 0x00, 0x00, 0x00, 0x00,
  0x00, 0x00, 0x00, 0x00, 0x00, 0x00, 0x00, 0x00, 0x00, 0x00, 0x00, 0x00,
  0x00, 0x00, 0x00, 0x00, 0x00, 0x00, 0x00, 0x00, 0x00, 0x00, 0x00, 0x00,
  0x00, 0x00, 0x00, 0x00, 0x00, 0x00, 0x00, 0x00, 0x00, 0x00, 0x00, 0x00,
  0x00, 0x00, 0x00, 0x00, 0x00, 0x00, 0x00, 0x00, 0x00, 0x00, 0x00, 0x00,
  0x00, 0x00, 0x00, 0x00, 0x00, 0x00, 0x00, 0x00, 0x00, 0x00, 0x00, 0x00,
  0x00, 0x00, 0x00, 0x00, 0x00, 0x00, 0x29, 0x02, 0x29, 0x22, 0x29, 0x22,
  0x29, 0x22, 0x29, 0x22, 0x29, 0x22, 0x29, 0x22, 0x29, 0x22, 0x29, 0x22,
  0x31, 0x23, 0x31, 0x23, 0x31, 0x23, 0x31, 0x23, 0x31, 0x23, 0x31, 0x23,
  0x31, 0x23, 0x31, 0x23, 0x31, 0x22, 0x31, 0x22, 0x31, 0x22, 0x31, 0x22,
  0x31, 0x22, 0x31, 0x22, 0x31, 0x22, 0x31, 0x22, 0x31, 0x22, 0x29, 0x02,
  0x29, 0x02, 0x29, 0x02, 0x29, 0x02, 0x29, 0x02, 0x29, 0x02, 0x29, 0x02,
  0x31, 0x22, 0x31, 0x22, 0x31, 0x22, 0x31, 0x22, 0x31, 0x22, 0x31, 0x22,
  0x31, 0x22, 0x31, 0x22, 0x31, 0x22, 0x29, 0x02, 0x29, 0x02, 0x29, 0x02,
  0x28, 0xe2, 0x28, 0xe1, 0x28, 0xe1, 0x28, 0xe1, 0x28, 0xe1, 0x28, 0xc1,
  0x28, 0xe1, 0x29, 0x02, 0x31, 0x22, 0x00, 0x00, 0x00, 0x00, 0x00, 0x00,
  0x00, 0x00, 0x00, 0x00, 0x00, 0x00, 0x00, 0x00, 0x00, 0x00, 0x00, 0x00,
  0x00, 0x00, 0x00, 0x00, 0x00, 0x00, 0x00, 0x00, 0x00, 0x00, 0x00, 0x00,
  0x00, 0x00, 0x00, 0x00, 0x00, 0x00, 0x00, 0x00, 0x00, 0x00, 0x00, 0x00,
  0x00, 0x00, 0x00, 0x00, 0x00, 0x00, 0x00, 0x00, 0x00, 0x00, 0x00, 0x00,
  0x00, 0x00, 0x00, 0x00, 0x00, 0x00, 0x00, 0x00, 0x00, 0x00, 0x00, 0x00,
  0x00, 0x00, 0x00, 0x00, 0x00, 0x00, 0x00, 0x00, 0x00, 0x00, 0x00, 0x00,
  0x00, 0x00, 0x00, 0x00, 0x00, 0x00, 0x00, 0x00, 0x00, 0x00, 0x00, 0x00,
  0x00, 0x00, 0x00, 0x00, 0x00, 0x00, 0x00, 0x00, 0x00, 0x00, 0x00, 0x00,
  0x00, 0x00, 0x00, 0x00, 0x00, 0x00, 0x00, 0x00, 0x00, 0x00, 0x00, 0x00,
  0x00, 0x00, 0x00, 0x00, 0x00, 0x00, 0x00, 0x00, 0x00, 0x00, 0x00, 0x00,
  0x00, 0x00, 0x00, 0x00, 0x00, 0x00, 0x00, 0x00, 0x00, 0x00, 0x00, 0x00,
  0x00, 0x00, 0x00, 0x00, 0x00, 0x00, 0x00, 0x00, 0x00, 0x00, 0x00, 0x00,
  0x00, 0x00, 0x00, 0x00, 0x00, 0x00, 0x00, 0x00, 0x00, 0x00, 0x00, 0x00,
  0x00, 0x00, 0x00, 0x00, 0x00, 0x00, 0x00, 0x00, 0x00, 0x00, 0x00, 0x00,
  0x00, 0x00, 0x00, 0x00, 0x00, 0x00, 0x00, 0x00, 0x00, 0x00, 0x00, 0x00,
  0x00, 0x00, 0x00, 0x00, 0x00, 0x00, 0x00, 0x00, 0x00, 0x00, 0x00, 0x00,
  0x00, 0x00, 0x00, 0x00, 0x00, 0x00, 0x00, 0x00, 0x00, 0x00, 0x00, 0x00,
  0x00, 0x00, 0x00, 0x00, 0x00, 0x00, 0x00, 0x00, 0x00, 0x00, 0x00, 0x00,
  0x00, 0x00, 0x00, 0x00, 0x00, 0x00, 0x00, 0x00, 0x00, 0x00, 0x00, 0x00,
  0x00, 0x00, 0x00, 0x00, 0x00, 0x00, 0x00, 0x00, 0x00, 0x00, 0x00, 0x00,
  0x00, 0x00, 0x00, 0x00, 0x00, 0x00, 0x00, 0x00, 0x00, 0x00, 0x00, 0x00,
  0x00, 0x00, 0x00, 0x00, 0x00, 0x00, 0x00, 0x00, 0x00, 0x00, 0x00, 0x00,
  0x00, 0x00, 0x00, 0x00, 0x00, 0x00, 0x00, 0x00, 0x00, 0x00, 0x00, 0x00,
  0x00, 0x00, 0x00, 0x00, 0x00, 0x00, 0x00, 0x00, 0x00, 0x00, 0x00, 0x00,
  0x00, 0x00, 0x00, 0x00, 0x00, 0x00, 0x00, 0x00, 0x00, 0x00, 0x00, 0x00,
  0x00, 0x00, 0x00, 0x00, 0x00, 0x00, 0x00, 0x00, 0x00, 0x00, 0x00, 0x00,
  0x00, 0x00, 0x00, 0x00, 0x00, 0x00, 0x00, 0x00, 0x00, 0x00, 0x00, 0x00,
  0x00, 0x00, 0x00, 0x00, 0x00, 0x00, 0x00, 0x00, 0x00, 0x00, 0x00, 0x00,
  0x00, 0x00, 0x00, 0x00, 0x00, 0x00, 0x00, 0x00, 0x00, 0x00, 0x00, 0x00,
  0x00, 0x00, 0x00, 0x00, 0x00, 0x00, 0x00, 0x00, 0x00, 0x00, 0x00, 0x00,
  0x00, 0x00, 0x00, 0x00, 0x00, 0x00, 0x00, 0x00, 0x00, 0x00, 0x00, 0x00,
  0x00, 0x00, 0x00, 0x00, 0x29, 0x22, 0x29, 0x22, 0x29, 0x22, 0x29, 0x22,
  0x31, 0x23, 0x31, 0x23, 0x31, 0x23, 0x31, 0x23, 0x31, 0x23, 0x31, 0x23,
  0x31, 0x23, 0x31, 0x23, 0x31, 0x22, 0x31, 0x22, 0x31, 0x22, 0x31, 0x22,
  0x31, 0x22, 0x31, 0x22, 0x31, 0x22, 0x31, 0x22, 0x31, 0x22, 0x29, 0x02,
  0x29, 0x02, 0x29, 0x02, 0x29, 0x02, 0x29, 0x02, 0x29, 0x02, 0x29, 0x02,
  0x31, 0x22, 0x31, 0x22, 0x31, 0x22, 0x31, 0x22, 0x31, 0x22, 0x31, 0x22,
  0x31, 0x22, 0x31, 0x22, 0x31, 0x22, 0x28, 0xe2, 0x28, 0xe2, 0x28, 0xe2,
  0x28, 0xe1, 0x28, 0xe1, 0x28, 0xc1, 0x20, 0xc1, 0x00, 0x00, 0x00, 0x00,
  0x00, 0x00, 0x00, 0x00, 0x00, 0x00, 0x00, 0x00, 0x00, 0x00, 0x00, 0x00,
  0x00, 0x00, 0x00, 0x00, 0x00, 0x00, 0x00, 0x00, 0x00, 0x00, 0x00, 0x00,
  0x00, 0x00, 0x00, 0x00, 0x00, 0x00, 0x00, 0x00, 0x00, 0x00, 0x00, 0x00,
  0x00, 0x00, 0x00, 0x00, 0x00, 0x00, 0x00, 0x00, 0x00, 0x00, 0x00, 0x00,
  0x00, 0x00, 0x00, 0x00, 0x00, 0x00, 0x00, 0x00, 0x00, 0x00, 0x00, 0x00,
  0x00, 0x00, 0x00, 0x00, 0x00, 0x00, 0x00, 0x00, 0x00, 0x00, 0x00, 0x00,
  0x00, 0x00, 0x00, 0x00, 0x00, 0x00, 0x00, 0x00, 0x00, 0x00, 0x00, 0x00,
  0x00, 0x00, 0x00, 0x00, 0x00, 0x00, 0x00, 0x00, 0x00, 0x00, 0x00, 0x00,
  0x00, 0x00, 0x00, 0x00, 0x00, 0x00, 0x00, 0x00, 0x00, 0x00, 0x00, 0x00,
  0x00, 0x00, 0x00, 0x00, 0x00, 0x00, 0x00, 0x00, 0x00, 0x00, 0x00, 0x00,
  0x00, 0x00, 0x00, 0x00, 0x00, 0x00, 0x00, 0x00, 0x00, 0x00, 0x00, 0x00,
  0x00, 0x00, 0x00, 0x00, 0x00, 0x00, 0x00, 0x00, 0x00, 0x00, 0x00, 0x00,
  0x00, 0x00, 0x00, 0x00, 0x00, 0x00, 0x00, 0x00, 0x00, 0x00, 0x00, 0x00,
  0x00, 0x00, 0x00, 0x00, 0x00, 0x00, 0x00, 0x00, 0x00, 0x00, 0x00, 0x00,
  0x00, 0x00, 0x00, 0x00, 0x00, 0x00, 0x00, 0x00, 0x00, 0x00, 0x00, 0x00,
  0x00, 0x00, 0x00, 0x00, 0x00, 0x00, 0x00, 0x00, 0x00, 0x00, 0x00, 0x00,
  0x00, 0x00, 0x00, 0x00, 0x00, 0x00, 0x00, 0x00, 0x00, 0x00, 0x00, 0x00,
  0x00, 0x00, 0x00, 0x00, 0x00, 0x00, 0x00, 0x00, 0x00, 0x00, 0x00, 0x00,
  0x00, 0x00, 0x00, 0x00, 0x00, 0x00, 0x00, 0x00, 0x00, 0x00, 0x00, 0x00,
  0x00, 0x00, 0x00, 0x00, 0x00, 0x00, 0x00, 0x00, 0x00, 0x00, 0x00, 0x00,
  0x00, 0x00, 0x00, 0x00, 0x00, 0x00, 0x00, 0x00, 0x00, 0x00, 0x00, 0x00,
  0x00, 0x00, 0x00, 0x00, 0x00, 0x00, 0x00, 0x00, 0x00, 0x00, 0x00, 0x00,
  0x00, 0x00, 0x00, 0x00, 0x00, 0x00, 0x00, 0x00, 0x00, 0x00, 0x00, 0x00,
  0x00, 0x00, 0x00, 0x00, 0x00, 0x00, 0x00, 0x00, 0x00, 0x00, 0x00, 0x00,
  0x00, 0x00, 0x00, 0x00, 0x00, 0x00, 0x00, 0x00, 0x00, 0x00, 0x00, 0x00,
  0x00, 0x00, 0x00, 0x00, 0x00, 0x00, 0x00, 0x00, 0x00, 0x00, 0x00, 0x00,
  0x00, 0x00, 0x00, 0x00, 0x00, 0x00, 0x00, 0x00, 0x00, 0x00, 0x00, 0x00,
  0x00, 0x00, 0x00, 0x00, 0x00, 0x00, 0x00, 0x00, 0x00, 0x00, 0x00, 0x00,
  0x00, 0x00, 0x00, 0x00, 0x00, 0x00, 0x00, 0x00, 0x00, 0x00, 0x00, 0x00,
  0x00, 0x00, 0x00, 0x00, 0x00, 0x00, 0x00, 0x00, 0x00, 0x00, 0x00, 0x00,
  0x00, 0x00, 0x00, 0x00, 0x00, 0x00, 0x00, 0x00, 0x00, 0x00, 0x00, 0x00,
  0x00, 0x00, 0x00, 0x00, 0x00, 0x00, 0x00, 0x00, 0x00, 0x00, 0x00, 0x00,
  0x00, 0x00, 0x00, 0x00, 0x00, 0x00, 0x00, 0x00, 0x00, 0x00, 0x00, 0x00,
  0x00, 0x00, 0x00, 0x00, 0x00, 0x00, 0x31, 0x23, 0x31, 0x23, 0x31, 0x23,
  0x31, 0x23, 0x31, 0x23, 0x31, 0x22, 0x31, 0x22, 0x31, 0x22, 0x31, 0x22,
  0x31, 0x22, 0x31, 0x22, 0x31, 0x22, 0x31, 0x22, 0x31, 0x22, 0x29, 0x02,
  0x29, 0x02, 0x29, 0x02, 0x29, 0x02, 0x29, 0x02, 0x29, 0x02, 0x29, 0x02,
  0x31, 0x22, 0x31, 0x22, 0x31, 0x22, 0x31, 0x22, 0x31, 0x22, 0x31, 0x22,
  0x31, 0x22, 0x31, 0x22, 0x31, 0x22, 0x00, 0x00, 0x00, 0x00, 0x00, 0x00,
  0x00, 0x00, 0x00, 0x00, 0x00, 0x00, 0x00, 0x00, 0x00, 0x00, 0x00, 0x00,
  0x00, 0x00, 0x00, 0x00, 0x00, 0x00, 0x00, 0x00, 0x00, 0x00, 0x00, 0x00,
  0x00, 0x00, 0x00, 0x00, 0x00, 0x00, 0x00, 0x00, 0x00, 0x00, 0x00, 0x00,
  0x00, 0x00, 0x00, 0x00, 0x00, 0x00, 0x00, 0x00, 0x00, 0x00, 0x00, 0x00,
  0x00, 0x00, 0x00, 0x00, 0x00, 0x00, 0x00, 0x00, 0x00, 0x00, 0x00, 0x00,
  0x00, 0x00, 0x00, 0x00, 0x00, 0x00, 0x00, 0x00, 0x00, 0x00, 0x00, 0x00,
  0x00, 0x00, 0x00, 0x00, 0x00, 0x00, 0x00, 0x00, 0x00, 0x00, 0x00, 0x00,
  0x00, 0x00, 0x00, 0x00, 0x00, 0x00, 0x00, 0x00, 0x00, 0x00, 0x00, 0x00,
  0x00, 0x00, 0x00, 0x00, 0x00, 0x00, 0x00, 0x00, 0x00, 0x00, 0x00, 0x00,
  0x00, 0x00, 0x00, 0x00, 0x00, 0x00, 0x00, 0x00, 0x00, 0x00, 0x00, 0x00,
  0x00, 0x00, 0x00, 0x00, 0x00, 0x00, 0x00, 0x00, 0x00, 0x00, 0x00, 0x00,
  0x00, 0x00, 0x00, 0x00, 0x00, 0x00, 0x00, 0x00, 0x00, 0x00, 0x00, 0x00,
  0x00, 0x00, 0x00, 0x00, 0x00, 0x00, 0x00, 0x00, 0x00, 0x00, 0x00, 0x00,
  0x00, 0x00, 0x00, 0x00, 0x00, 0x00, 0x00, 0x00, 0x00, 0x00, 0x00, 0x00,
  0x00, 0x00, 0x00, 0x00, 0x00, 0x00, 0x00, 0x00, 0x00, 0x00, 0x00, 0x00,
  0x00, 0x00, 0x00, 0x00, 0x00, 0x00, 0x00, 0x00, 0x00, 0x00, 0x00, 0x00,
  0x00, 0x00, 0x00, 0x00, 0x00, 0x00, 0x00, 0x00, 0x00, 0x00, 0x00, 0x00,
  0x00, 0x00, 0x00, 0x00, 0x00, 0x00, 0x00, 0x00, 0x00, 0x00, 0x00, 0x00,
  0x00, 0x00, 0x00, 0x00, 0x00, 0x00, 0x00, 0x00, 0x00, 0x00, 0x00, 0x00,
  0x00, 0x00, 0x00, 0x00, 0x00, 0x00, 0x00, 0x00, 0x00, 0x00, 0x00, 0x00,
  0x00, 0x00, 0x00, 0x00, 0x00, 0x00, 0x00, 0x00, 0x00, 0x00, 0x00, 0x00,
  0x00, 0x00, 0x00, 0x00, 0x00, 0x00, 0x00, 0x00, 0x00, 0x00, 0x00, 0x00,
  0x00, 0x00, 0x00, 0x00, 0x00, 0x00, 0x00, 0x00, 0x00, 0x00, 0x00, 0x00,
  0x00, 0x00, 0x00, 0x00, 0x00, 0x00, 0x00, 0x00, 0x00, 0x00, 0x00, 0x00,
  0x00, 0x00, 0x00, 0x00, 0x00, 0x00, 0x00, 0x00, 0x00, 0x00, 0x00, 0x00,
  0x00, 0x00, 0x00, 0x00, 0x00, 0x00, 0x00, 0x00, 0x00, 0x00, 0x00, 0x00,
  0x00, 0x00, 0x00, 0x00, 0x00, 0x00, 0x00, 0x00, 0x00, 0x00, 0x00, 0x00,
  0x00, 0x00, 0x00, 0x00, 0x00, 0x00, 0x00, 0x00, 0x00, 0x00, 0x00, 0x00,
  0x00, 0x00, 0x00, 0x00, 0x00, 0x00, 0x00, 0x00, 0x00, 0x00, 0x00, 0x00,
  0x00, 0x00, 0x00, 0x00, 0x00, 0x00, 0x00, 0x00, 0x00, 0x00, 0x00, 0x00,
  0x00, 0x00, 0x00, 0x00, 0x00, 0x00, 0x00, 0x00, 0x00, 0x00, 0x00, 0x00,
  0x00, 0x00, 0x00, 0x00, 0x00, 0x00, 0x00, 0x00, 0x00, 0x00, 0x00, 0x00,
  0x00, 0x00, 0x00, 0x00, 0x00, 0x00, 0x00, 0x00, 0x00, 0x00, 0x00, 0x00,
  0x00, 0x00, 0x00, 0x00, 0x00, 0x00, 0x00, 0x00, 0x00, 0x00, 0x00, 0x00,
  0x00, 0x00, 0x00, 0x00, 0x00, 0x00, 0x00, 0x00, 0x00, 0x00, 0x00, 0x00,
  0x00, 0x00, 0x00, 0x00, 0x00, 0x00, 0x00, 0x00, 0x00, 0x00, 0x00, 0x00,
  0x00, 0x00, 0x00, 0x00, 0x00, 0x00, 0x00, 0x00, 0x00, 0x00, 0x00, 0x00,
  0x00, 0x00, 0x00, 0x00, 0x00, 0x00, 0x00, 0x00, 0x00, 0x00, 0x00, 0x00,
  0x00, 0x00, 0x00, 0x00, 0x00, 0x00, 0x00, 0x00, 0x00, 0x00, 0x00, 0x00,
  0x00, 0x00, 0x00, 0x00, 0x00, 0x00, 0x00, 0x00, 0x00, 0x00, 0x00, 0x00,
  0x00, 0x00, 0x00, 0x00, 0x00, 0x00, 0x00, 0x00, 0x00, 0x00, 0x00, 0x00,
  0x00, 0x00, 0x00, 0x00, 0x00, 0x00, 0x00, 0x00, 0x00, 0x00, 0x00, 0x00,
  0x00, 0x00, 0x00, 0x00, 0x00, 0x00, 0x00, 0x00, 0x00, 0x00, 0x00, 0x00,
  0x00, 0x00, 0x00, 0x00, 0x00, 0x00, 0x00, 0x00, 0x00, 0x00, 0x00, 0x00,
  0x00, 0x00, 0x00, 0x00, 0x00, 0x00, 0x00, 0x00, 0x00, 0x00, 0x00, 0x00,
  0x00, 0x00, 0x00, 0x00, 0x00, 0x00, 0x00, 0x00, 0x00, 0x00, 0x00, 0x00,
  0x00, 0x00, 0x00, 0x00, 0x00, 0x00, 0x00, 0x00, 0x00, 0x00, 0x00, 0x00,
  0x00, 0x00, 0x00, 0x00, 0x00, 0x00, 0x00, 0x00, 0x00, 0x00, 0x00, 0x00,
  0x00, 0x00, 0x00, 0x00, 0x00, 0x00, 0x00, 0x00, 0x00, 0x00, 0x00, 0x00,
  0x00, 0x00, 0x00, 0x00, 0x00, 0x00, 0x00, 0x00, 0x00, 0x00, 0x00, 0x00,
  0x00, 0x00, 0x00, 0x00, 0x00, 0x00, 0x00, 0x00, 0x00, 0x00, 0x00, 0x00,
  0x00, 0x00, 0x00, 0x00, 0x00, 0x00, 0x00, 0x00, 0x00, 0x00, 0x00, 0x00,
  0x00, 0x00, 0x00, 0x00, 0x00, 0x00, 0x00, 0x00, 0x00, 0x00, 0x00, 0x00,
  0x00, 0x00, 0x00, 0x00, 0x00, 0x00, 0x00, 0x00, 0x00, 0x00, 0x00, 0x00,
  0x00, 0x00, 0x00, 0x00, 0x00, 0x00, 0x00, 0x00, 0x00, 0x00, 0x00, 0x00,
  0x00, 0x00, 0x00, 0x00, 0x00, 0x00, 0x00, 0x00, 0x00, 0x00, 0x00, 0x00,
  0x00, 0x00, 0x00, 0x00, 0x00, 0x00, 0x00, 0x00, 0x00, 0x00, 0x00, 0x00
};
static const unsigned int master_f013_len = 115200;
