static const unsigned char master_f001[] = {
  0x00, 0x00, 0x00, 0x00, 0x00, 0x00, 0x00, 0x00, 0x00, 0x00, 0x00, 0x00,
  0x00, 0x00, 0x00, 0x00, 0x00, 0x00, 0x00, 0x00, 0x00, 0x00, 0x00, 0x00,
  0x00, 0x00, 0x00, 0x00, 0x00, 0x00, 0x00, 0x00, 0x00, 0x00, 0x00, 0x00,
  0x00, 0x00, 0x00, 0x00, 0x00, 0x00, 0x00, 0x00, 0x00, 0x00, 0x00, 0x00,
  0x00, 0x00, 0x00, 0x00, 0x00, 0x00, 0x00, 0x00, 0x00, 0x00, 0x00, 0x00,
  0x00, 0x00, 0x00, 0x00, 0x00, 0x00, 0x00, 0x00, 0x00, 0x00, 0x00, 0x00,
  0x00, 0x00, 0x00, 0x00, 0x00, 0x00, 0x00, 0x00, 0x00, 0x00, 0x00, 0x00,
  0x00, 0x00, 0x00, 0x00, 0x00, 0x00, 0x00, 0x00, 0x00, 0x00, 0x00, 0x00,
  0x00, 0x00, 0x00, 0x00, 0x00, 0x00, 0x00, 0x00, 0x00, 0x00, 0x00, 0x00,
  0x00, 0x00, 0x00, 0x00, 0x00, 0x00, 0x00, 0x00, 0x00, 0x00, 0x00, 0x00,
  0x00, 0x00, 0x00, 0x00, 0x00, 0x00, 0x00, 0x00, 0x00, 0x00, 0x00, 0x00,
  0x00, 0x00, 0x00, 0x00, 0x00, 0x00, 0x00, 0x00, 0x00, 0x00, 0x00, 0x00,
  0x00, 0x00, 0x00, 0x00, 0x00, 0x00, 0x00, 0x00, 0x00, 0x00, 0x00, 0x00,
  0x00, 0x00, 0x00, 0x00, 0x00, 0x00, 0x00, 0x00, 0x00, 0x00, 0x00, 0x00,
  0x00, 0x00, 0x00, 0x00, 0x00, 0x00, 0x00, 0x00, 0x00, 0x00, 0x00, 0x00,
  0x00, 0x00, 0x00, 0x00, 0x00, 0x00, 0x00, 0x00, 0x00, 0x00, 0x00, 0x00,
  0x00, 0x00, 0x00, 0x00, 0x00, 0x00, 0x00, 0x00, 0x00, 0x00, 0x00, 0x00,
  0x00, 0x00, 0x00, 0x00, 0x00, 0x00, 0x00, 0x00, 0x00, 0x00, 0x00, 0x00,
  0x00, 0x00, 0x00, 0x00, 0x00, 0x00, 0x00, 0x00, 0x00, 0x00, 0x00, 0x00,
  0x00, 0x00, 0x00, 0x00, 0x00, 0x00, 0x00, 0x00, 0x00, 0x00, 0x00, 0x00,
  0x00, 0x00, 0x00, 0x00, 0x00, 0x00, 0x00, 0x00, 0x00, 0x00, 0x00, 0x00,
  0x00, 0x00, 0x00, 0x00, 0x00, 0x00, 0x00, 0x00, 0x00, 0x00, 0x00, 0x00,
  0x00, 0x00, 0x00, 0x00, 0x00, 0x00, 0x00, 0x00, 0x00, 0x00, 0x00, 0x00,
  0x00, 0x00, 0x00, 0x00, 0x00, 0x00, 0x00, 0x00, 0x00, 0x00, 0x00, 0x00,
  0x00, 0x00, 0x00, 0x00, 0x00, 0x00, 0x00, 0x00, 0x00, 0x00, 0x00, 0x00,
  0x00, 0x00, 0x00, 0x00, 0x00, 0x00, 0x00, 0x00, 0x00, 0x00, 0x00, 0x00,
  0x00, 0x00, 0x00, 0x00, 0x00, 0x00, 0x00, 0x00, 0x00, 0x00, 0x00, 0x00,
  0x00, 0x00, 0x00, 0x00, 0x00, 0x00, 0x00, 0x00, 0x00, 0x00, 0x00, 0x00,
  0x00, 0x00, 0x00, 0x00, 0x00, 0x00, 0x00, 0x00, 0x00, 0x00, 0x00, 0x00,
  0x00, 0x00, 0x00, 0x00, 0x00, 0x00, 0x00, 0x00, 0x00, 0x00, 0x00, 0x00,
  0x00, 0x00, 0x00, 0x00, 0x00, 0x00, 0x00, 0x00, 0x00, 0x00, 0x00, 0x00,
  0x00, 0x00, 0x00, 0x00, 0x00, 0x00, 0x00, 0x00, 0x00, 0x00, 0x00, 0x00,
  0x00, 0x00, 0x00, 0x00, 0x00, 0x00, 0x00, 0x00, 0x00, 0x00, 0x00, 0x00,
  0x00, 0x00, 0x00, 0x00, 0x00, 0x00, 0x00, 0x00, 0x00, 0x00, 0x00, 0x00,
  0x00, 0x00, 0x00, 0x00, 0x00, 0x00, 0x00, 0x00, 0x00, 0x00, 0x00, 0x00,
  0x00, 0x00, 0x00, 0x00, 0x00, 0x00, 0x00, 0x00, 0x00, 0x00, 0x00, 0x00,
  0x00, 0x00, 0x00, 0x00, 0x00, 0x00, 0x00, 0x00, 0x00, 0x00, 0x00, 0x00,
  0x00, 0x00, 0x00, 0x00, 0x00, 0x00, 0x00, 0x00, 0x00, 0x00, 0x00, 0x00,
  0x00, 0x00, 0x00, 0x00, 0x00, 0x00, 0x00, 0x00, 0x00, 0x00, 0x00, 0x00,
  0x00, 0x00, 0x00, 0x00, 0x00, 0x00, 0x00, 0x00, 0x00, 0x00, 0x00, 0x00,
  0x00, 0x00, 0x00, 0x00, 0x00, 0x00, 0x00, 0x00, 0x00, 0x00, 0x00, 0x00,
  0x00, 0x00, 0x00, 0x00, 0x00, 0x00, 0x00, 0x00, 0x00, 0x00, 0x00, 0x00,
  0x00, 0x00, 0x00, 0x00, 0x00, 0x00, 0x00, 0x00, 0x00, 0x00, 0x00, 0x00,
  0x00, 0x00, 0x00, 0x00, 0x00, 0x00, 0x00, 0x00, 0x00, 0x00, 0x00, 0x00,
  0x00, 0x00, 0x00, 0x00, 0x00, 0x00, 0x00, 0x00, 0x00, 0x00, 0x00, 0x00,
  0x00, 0x00, 0x00, 0x00, 0x00, 0x00, 0x00, 0x00, 0x00, 0x00, 0x00, 0x00,
  0x00, 0x00, 0x00, 0x00, 0x00, 0x00, 0x00, 0x00, 0x00, 0x00, 0x00, 0x00,
  0x00, 0x00, 0x00, 0x00, 0x00, 0x00, 0x00, 0x00, 0x00, 0x00, 0x00, 0x00,
  0x00, 0x00, 0x00, 0x00, 0x00, 0x00, 0x00, 0x00, 0x00, 0x00, 0x00, 0x00,
  0x00, 0x00, 0x00, 0x00, 0x00, 0x00, 0x00, 0x00, 0x00, 0x00, 0x00, 0x00,
  0x00, 0x00, 0x00, 0x00, 0x00, 0x00, 0x00, 0x00, 0x00, 0x00, 0x00, 0x00,
  0x00, 0x00, 0x00, 0x00, 0x00, 0x00, 0x00, 0x00, 0x00, 0x00, 0x00, 0x00,
  0x00, 0x00, 0x00, 0x00, 0x00, 0x00, 0x00, 0x00, 0x00, 0x00, 0x00, 0x00,
  0x00, 0x00, 0x00, 0x00, 0x00, 0x00, 0x00, 0x00, 0x00, 0x00, 0x00, 0x00,
  0x00, 0x00, 0x00, 0x00, 0x00, 0x00, 0x00, 0x00, 0x00, 0x00, 0x00, 0x00,
  0x00, 0x00, 0x00, 0x00, 0x00, 0x00, 0x00, 0x00, 0x00, 0x00, 0x00, 0x00,
  0x00, 0x00, 0x00, 0x00, 0x00, 0x00, 0x00, 0x00, 0x00, 0x00, 0x00, 0x00,
  0x00, 0x00, 0x00, 0x00, 0x00, 0x00, 0xff, 0xdb, 0xff, 0xfc, 0xff, 0xfd,
  0xff, 0xfe, 0xff, 0xfe, 0xff, 0xfe, 0xff, 0xfe, 0xff, 0xff, 0xff, 0xff,
  0xff, 0xff, 0xff, 0xff, 0xff, 0xff, 0xff, 0xff, 0xff, 0xff, 0xff, 0xff,
  0xff, 0xff, 0xff, 0xff, 0xff, 0xff, 0xff, 0xff, 0xff, 0xff, 0xff, 0xff,
  0xff, 0xff, 0xff, 0xff, 0xff, 0xff, 0xff, 0xff, 0xff, 0xff, 0xff, 0xff,
  0xff, 0xff, 0xff, 0xff, 0xff, 0xff, 0x00, 0x00, 0x00, 0x00, 0x00, 0x00,
  0x00, 0x00, 0x00, 0x00, 0x00, 0x00, 0x00, 0x00, 0x00, 0x00, 0x00, 0x00,
  0x00, 0x00, 0x00, 0x00, 0x00, 0x00, 0x00, 0x00, 0x00, 0x00, 0x00, 0x00,
  0x00, 0x00, 0x00, 0x00, 0x00, 0x00, 0x00, 0x00, 0x00, 0x00, 0x00, 0x00,
  0x00, 0x00, 0x00, 0x00, 0x00, 0x00, 0x00, 0x00, 0x00, 0x00, 0x00, 0x00,
  0x00, 0x00, 0x00, 0x00, 0x00, 0x00, 0x00, 0x00, 0x00, 0x00, 0x00, 0x00,
  0x00, 0x00, 0x00, 0x00, 0x00, 0x00, 0x00, 0x00, 0x00, 0x00, 0x00, 0x00,
  0x00, 0x00, 0x00, 0x00, 0x00, 0x00, 0x00, 0x00, 0x00, 0x00, 0x00, 0x00,
  0x00, 0x00, 0x00, 0x00, 0x00, 0x00, 0x00, 0x00, 0x00, 0x00, 0x00, 0x00,
  0x00, 0x00, 0x00, 0x00, 0x00, 0x00, 0x00, 0x00, 0x00, 0x00, 0x00, 0x00,
  0x00, 0x00, 0x00, 0x00, 0x00, 0x00, 0x00, 0x00, 0x00, 0x00, 0x00, 0x00,
  0x00, 0x00, 0x00, 0x00, 0x00, 0x00, 0x00, 0x00, 0x00, 0x00, 0x00, 0x00,
  0x00, 0x00, 0x00, 0x00, 0x00, 0x00, 0x00, 0x00, 0x00, 0x00, 0x00, 0x00,
  0x00, 0x00, 0x00, 0x00, 0x00, 0x00, 0x00, 0x00, 0x00, 0x00, 0x00, 0x00,
  0x00, 0x00, 0x00, 0x00, 0x00, 0x00, 0x00, 0x00, 0x00, 0x00, 0x00, 0x00,
  0x00, 0x00, 0x00, 0x00, 0x00, 0x00, 0x00, 0x00, 0x00, 0x00, 0x00, 0x00,
  0x00, 0x00, 0x00, 0x00, 0x00, 0x00, 0x00, 0x00, 0x00, 0x00, 0x00, 0x00,
  0x00, 0x00, 0x00, 0x00, 0x00, 0x00, 0x00, 0x00, 0x00, 0x00, 0x00, 0x00,
  0x00, 0x00, 0x00, 0x00, 0x00, 0x00, 0x00, 0x00, 0x00, 0x00, 0x00, 0x00,
  0x00, 0x00, 0x00, 0x00, 0x00, 0x00, 0x00, 0x00, 0x00, 0x00, 0x00, 0x00,
  0x00, 0x00, 0x00, 0x00, 0x00, 0x00, 0x00, 0x00, 0x00, 0x00, 0x00, 0x00,
  0x00, 0x00, 0x00, 0x00, 0x00, 0x00, 0x00, 0x00, 0x00, 0x00, 0x00, 0x00,
  0x00, 0x00, 0x00, 0x00, 0x00, 0x00, 0x00, 0x00, 0x00, 0x00, 0x00, 0x00,
  0x00, 0x00, 0x00, 0x00, 0x00, 0x00, 0x00, 0x00, 0x00, 0x00, 0x00, 0x00,
  0x00, 0x00, 0x00, 0x00, 0x00, 0x00, 0x00, 0x00, 0x00, 0x00, 0x00, 0x00,
  0x00, 0x00, 0x00, 0x00, 0x00, 0x00, 0x00, 0x00, 0x00, 0x00, 0x00, 0x00,
  0x00, 0x00, 0x00, 0x00, 0x00, 0x00, 0x00, 0x00, 0x00, 0x00, 0x00, 0x00,
  0x00, 0x00, 0x00, 0x00, 0x00, 0x00, 0x00, 0x00, 0x00, 0x00, 0x00, 0x00,
  0x00, 0x00, 0x00, 0x00, 0x00, 0x00, 0x00, 0x00, 0x00, 0x00, 0x00, 0x00,
  0x00, 0x00, 0x00, 0x00, 0x00, 0x00, 0x00, 0x00, 0x00, 0x00, 0x00, 0x00,
  0x00, 0x00, 0x00, 0x00, 0x00, 0x00, 0x00, 0x00, 0x00, 0x00, 0x00, 0x00,
  0x00, 0x00, 0x00, 0x00, 0x00, 0x00, 0x00, 0x00, 0x00, 0x00, 0x00, 0x00,
  0x00, 0x00, 0x00, 0x00, 0x00, 0x00, 0x00, 0x00, 0x00, 0x00, 0x00, 0x00,
  0x00, 0x00, 0x00, 0x00, 0x00, 0x00, 0x00, 0x00, 0x00, 0x00, 0x00, 0x00,
  0x00, 0x00, 0x00, 0x00, 0xff, 0xb8, 0xff, 0xb9, 0xff, 0xba, 0xff, 0xba,
  0xff, 0xdb, 0xff, 0xdb, 0xff, 0xdb, 0xff, 0xdc, 0xff, 0xfc, 0xff, 0xfd,
  0xff, 0xfe, 0xff, 0xfe, 0xff, 0xfe, 0xff, 0xfe, 0xff, 0xff, 0xff, 0xff,
  0xff, 0xff, 0xff, 0xff, 0xff, 0xff, 0xff, 0xff, 0xff, 0xff, 0xff, 0xff,
  0xff, 0xff, 0xff, 0xff, 0xff, 0xff, 0xff, 0xff, 0xff, 0xff, 0xff, 0xff,
  0xff, 0xff, 0xff, 0xff, 0xff, 0xff, 0xff, 0xff, 0xff, 0xff, 0xff, 0xff,
  0xff, 0xff, 0xff, 0xff, 0xff, 0xff, 0xff, 0xff, 0xff, 0xff, 0xff, 0xff,
  0xff, 0xff, 0xff, 0xff, 0xff, 0xff, 0xff, 0xff, 0x00, 0x00, 0x00, 0x00,
  0x00, 0x00, 0x00, 0x00, 0x00, 0x00, 0x00, 0x00, 0x00, 0x00, 0x00, 0x00,
  0x00, 0x00, 0x00, 0x00, 0x00, 0x00, 0x00, 0x00, 0x00, 0x00, 0x00, 0x00,
  0x00, 0x00, 0x00, 0x00, 0x00, 0x00, 0x00, 0x00, 0x00, 0x00, 0x00, 0x00,
  0x00, 0x00, 0x00, 0x00, 0x00, 0x00, 0x00, 0x00, 0x00, 0x00, 0x00, 0x00,
  0x00, 0x00, 0x00, 0x00, 0x00, 0x00, 0x00, 0x00, 0x00, 0x00, 0x00, 0x00,
  0x00, 0x00, 0x00, 0x00, 0x00, 0x00, 0x00, 0x00, 0x00, 0x00, 0x00, 0x00,
  0x00, 0x00, 0x00, 0x00, 0x00, 0x00, 0x00, 0x00, 0x00, 0x00, 0x00, 0x00,
  0x00, 0x00, 0x00, 0x00, 0x00, 0x00, 0x00, 0x00, 0x00, 0x00, 0x00, 0x00,
  0x00, 0x00, 0x00, 0x00, 0x00, 0x00, 0x00, 0x00, 0x00, 0x00, 0x00, 0x00,
  0x00, 0x00, 0x00, 0x00, 0x00, 0x00, 0x00, 0x00, 0x00, 0x00, 0x00, 0x00,
  0x00, 0x00, 0x00, 0x00, 0x00, 0x00, 0x00, 0x00, 0x00, 0x00, 0x00, 0x00,
  0x00, 0x00, 0x00, 0x00, 0x00, 0x00, 0x00, 0x00, 0x00, 0x00, 0x00, 0x00,
  0x00, 0x00, 0x00, 0x00, 0x00, 0x00, 0x00, 0x00, 0x00, 0x00, 0x00, 0x00,
  0x00, 0x00, 0x00, 0x00, 0x00, 0x00, 0x00, 0x00, 0x00, 0x00, 0x00, 0x00,
  0x00, 0x00, 0x00, 0x00, 0x00, 0x00, 0x00, 0x00, 0x00, 0x00, 0x00, 0x00,
  0x00, 0x00, 0x00, 0x00, 0x00, 0x00, 0x00, 0x00, 0x00, 0x00, 0x00, 0x00,
  0x00, 0x00, 0x00, 0x00, 0x00, 0x00, 0x00, 0x00, 0x00, 0x00, 0x00, 0x00,
  0x00, 0x00, 0x00, 0x00, 0x00, 0x00, 0x00, 0x00, 0x00, 0x00, 0x00, 0x00,
  0x00, 0x00, 0x00, 0x00, 0x00, 0x00, 0x00, 0x00, 0x00, 0x00, 0x00, 0x00,
  0x00, 0x00, 0x00, 0x00, 0x00, 0x00, 0x00, 0x00, 0x00, 0x00, 0x00, 0x00,
  0x00, 0x00, 0x00, 0x00, 0x00, 0x00, 0x00, 0x00, 0x00, 0x00, 0x00, 0x00,
  0x00, 0x00, 0x00, 0x00, 0x00, 0x00, 0x00, 0x00, 0x00, 0x00, 0x00, 0x00,
  0x00, 0x00, 0x00, 0x00, 0x00, 0x00, 0x00, 0x00, 0x00, 0x00, 0x00, 0x00,
  0x00, 0x00, 0x00, 0x00, 0x00, 0x00, 0x00, 0x00, 0x00, 0x00, 0x00, 0x00,
  0x00, 0x00, 0x00, 0x00, 0x00, 0x00, 0x00, 0x00, 0x00, 0x00, 0x00, 0x00,
  0x00, 0x00, 0x00, 0x00, 0x00, 0x00, 0x00, 0x00, 0x00, 0x00, 0x00, 0x00,
  0x00, 0x00, 0x00, 0x00, 0x00, 0x00, 0x00, 0x00, 0x00, 0x00, 0x00, 0x00,
  0x00, 0x00, 0x00, 0x00, 0x00, 0x00, 0x00, 0x00, 0x00, 0x00, 0x00, 0x00,
  0x00, 0x00, 0x00, 0x00, 0x00, 0x00, 0x00, 0x00, 0x00, 0x00, 0x00, 0x00,
  0x00, 0x00, 0x00, 0x00, 0x00, 0x00, 0x00, 0x00, 0x00, 0x00, 0x00, 0x00,
  0x00, 0x00, 0x00, 0x00, 0x00, 0x00, 0x00, 0x00, 0x00, 0x00, 0x00, 0x00,
  0x00, 0x00, 0x00, 0x00, 0x00, 0x00, 0xff, 0x54, 0xff, 0x75, 0xff, 0x96,
  0xff, 0xb7, 0xff, 0xb7, 0xff, 0xd8, 0xff, 0xd8, 0xff, 0xba, 0xff, 0xba,
  0xff, 0xda, 0xff, 0xda, 0xff, 0xbb, 0xff, 0xdb, 0xff, 0xfc, 0xff, 0xfd,
  0xff, 0xfe, 0xff, 0xfe, 0xff, 0xfe, 0xff, 0xfe, 0xff, 0xff, 0xff, 0xff,
  0xff, 0xff, 0xff, 0xff, 0xff, 0xff, 0xff, 0xff, 0xff, 0xff, 0xff, 0xff,
  0xff, 0xff, 0xff, 0xff, 0xff, 0xff, 0xff, 0xff, 0xff, 0xff, 0xff, 0xff,
  0xff, 0xff, 0xff, 0xff, 0xff, 0xff, 0xff, 0xff, 0xff, 0xff, 0xff, 0xff,
  0xff, 0xff, 0xff, 0xff, 0xff, 0xff, 0xff, 0xff, 0xff, 0xff, 0xff, 0xff,
  0xff, 0xff, 0xff, 0xff, 0xff, 0xff, 0xff, 0xff, 0xff, 0xff, 0xff, 0xfe,
  0xff, 0xfe, 0xff, 0xfe, 0xff, 0xfe, 0x00, 0x00, 0x00, 0x00, 0x00, 0x00,
  0x00, 0x00, 0x00, 0x00, 0x00, 0x00, 0x00, 0x00, 0x00, 0x00, 0x00, 0x00,
  0x00, 0x00, 0x00, 0x00, 0x00, 0x00, 0x00, 0x00, 0x00, 0x00, 0x00, 0x00,
  0x00, 0x00, 0x00, 0x00, 0x00, 0x00, 0x00, 0x00, 0x00, 0x00, 0x00, 0x00,
  0x00, 0x00, 0x00, 0x00, 0x00, 0x00, 0x00, 0x00, 0x00, 0x00, 0x00, 0x00,
  0x00, 0x00, 0x00, 0x00, 0x00, 0x00, 0x00, 0x00, 0x00, 0x00, 0x00, 0x00,
  0x00, 0x00, 0x00, 0x00, 0x00, 0x00, 0x00, 0x00, 0x00, 0x00, 0x00, 0x00,
  0x00, 0x00, 0x00, 0x00, 0x00, 0x00, 0x00, 0x00, 0x00, 0x00, 0x00, 0x00,
  0x00, 0x00, 0x00, 0x00, 0x00, 0x00, 0x00, 0x00, 0x00, 0x00, 0x00, 0x00,
  0x00, 0x00, 0x00, 0x00, 0x00, 0x00, 0x00, 0x00, 0x00, 0x00, 0x00, 0x00,
  0x00, 0x00, 0x00, 0x00, 0x00, 0x00, 0x00, 0x00, 0x00, 0x00, 0x00, 0x00,
  0x00, 0x00, 0x00, 0x00, 0x00, 0x00, 0x00, 0x00, 0x00, 0x00, 0x00, 0x00,
  0x00, 0x00, 0x00, 0x00, 0x00, 0x00, 0x00, 0x00, 0x00, 0x00, 0x00, 0x00,
  0x00, 0x00, 0x00, 0x00, 0x00, 0x00, 0x00, 0x00, 0x00, 0x00, 0x00, 0x00,
  0x00, 0x00, 0x00, 0x00, 0x00, 0x00, 0x00, 0x00, 0x00, 0x00, 0x00, 0x00,
  0x00, 0x00, 0x00, 0x00, 0x00, 0x00, 0x00, 0x00, 0x00, 0x00, 0x00, 0x00,
  0x00, 0x00, 0x00, 0x00, 0x00, 0x00, 0x00, 0x00, 0x00, 0x00, 0x00, 0x00,
  0x00, 0x00, 0x00, 0x00, 0x00, 0x00, 0x00, 0x00, 0x00, 0x00, 0x00, 0x00,
  0x00, 0x00, 0x00, 0x00, 0x00, 0x00, 0x00, 0x00, 0x00, 0x00, 0x00, 0x00,
  0x00, 0x00, 0x00, 0x00, 0x00, 0x00, 0x00, 0x00, 0x00, 0x00, 0x00, 0x00,
  0x00, 0x00, 0x00, 0x00, 0x00, 0x00, 0x00, 0x00, 0x00, 0x00, 0x00, 0x00,
  0x00, 0x00, 0x00, 0x00, 0x00, 0x00, 0x00, 0x00, 0x00, 0x00, 0x00, 0x00,
  0x00, 0x00, 0x00, 0x00, 0x00, 0x00, 0x00, 0x00, 0x00, 0x00, 0x00, 0x00,
  0x00, 0x00, 0x00, 0x00, 0x00, 0x00, 0x00, 0x00, 0x00, 0x00, 0x00, 0x00,
  0x00, 0x00, 0x00, 0x00, 0x00, 0x00, 0x00, 0x00, 0x00, 0x00, 0x00, 0x00,
  0x00, 0x00, 0x00, 0x00, 0x00, 0x00, 0x00, 0x00, 0x00, 0x00, 0x00, 0x00,
  0x00, 0x00, 0x00, 0x00, 0x00, 0x00, 0x00, 0x00, 0x00, 0x00, 0x00, 0x00,
  0x00, 0x00, 0x00, 0x00, 0x00, 0x00, 0x00, 0x00, 0x00, 0x00, 0x00, 0x00,
  0x00, 0x00, 0x00, 0x00, 0x00, 0x00, 0x00, 0x00, 0x00, 0x00, 0x00, 0x00,
  0x00, 0x00, 0x00, 0x00, 0x00, 0x00, 0x00, 0x00, 0x00, 0x00, 0x00, 0x00,
  0x00, 0x00, 0x00, 0x00, 0x00, 0x00, 0x00, 0x00, 0x00, 0x00, 0xff, 0x95,
  0xff, 0x94, 0xff, 0x95, 0xff, 0x95, 0xff, 0x95, 0xff, 0x95, 0xff, 0xb6,
  0xff, 0xd7, 0xff, 0xd7, 0xff, 0xd8, 0xff, 0xd8, 0xff, 0xb9, 0xff, 0xb9,
  0xff, 0xba, 0xff, 0xba, 0xff, 0xbb, 0xff, 0xbb, 0xff, 0xdc, 0xff, 0xfd,
  0xff, 0xfe, 0xff, 0xfe, 0xff, 0xfe, 0xff, 0xfe, 0xff, 0xff, 0xff, 0xff,
  0xff, 0xff, 0xff, 0xff, 0xff, 0xff, 0xff, 0xff, 0xff, 0xff, 0xff, 0xff,
  0xff, 0xff, 0xff, 0xff, 0xff, 0xff, 0xff, 0xff, 0xff, 0xff, 0xff, 0xff,
  0xff, 0xff, 0xff, 0xff, 0xff, 0xff, 0xff, 0xff, 0xff, 0xff, 0xff, 0xff,
  0xff, 0xff, 0xff, 0xff, 0xff, 0xff, 0xff, 0xff, 0xff, 0xff, 0xff, 0xff,
  0xff, 0xff, 0xff, 0xff, 0xff, 0xff, 0xff, 0xff, 0xff, 0xff, 0xff, 0xfe,
  0xff, 0xfe, 0xff, 0xfe, 0xff, 0xfe, 0xff, 0xfe, 0xff, 0xfe, 0xff, 0xfe,
  0xff, 0xfe, 0x00, 0x00, 0x00, 0x00, 0x00, 0x00, 0x00, 0x00, 0x00, 0x00,
  0x00, 0x00, 0x00, 0x00, 0x00, 0x00, 0x00, 0x00, 0x00, 0x00, 0x00, 0x00,
  0x00, 0x00, 0x00, 0x00, 0x00, 0x00, 0x00, 0x00, 0x00, 0x00, 0x00, 0x00,
  0x00, 0x00, 0x00, 0x00, 0x00, 0x00, 0x00, 0x00, 0x00, 0x00, 0x00, 0x00,
  0x00, 0x00, 0x00, 0x00, 0x00, 0x00, 0x00, 0x00, 0x00, 0x00, 0x00, 0x00,
  0x00, 0x00, 0x00, 0x00, 0x00, 0x00, 0x00, 0x00, 0x00, 0x00, 0x00, 0x00,
  0x00, 0x00, 0x00, 0x00, 0x00, 0x00, 0x00, 0x00, 0x00, 0x00, 0x00, 0x00,
  0x00, 0x00, 0x00, 0x00, 0x00, 0x00, 0x00, 0x00, 0x00, 0x00, 0x00, 0x00,
  0x00, 0x00, 0x00, 0x00, 0x00, 0x00, 0x00, 0x00, 0x00, 0x00, 0x00, 0x00,
  0x00, 0x00, 0x00, 0x00, 0x00, 0x00, 0x00, 0x00, 0x00, 0x00, 0x00, 0x00,
  0x00, 0x00, 0x00, 0x00, 0x00, 0x00, 0x00, 0x00, 0x00, 0x00, 0x00, 0x00,
  0x00, 0x00, 0x00, 0x00, 0x00, 0x00, 0x00, 0x00, 0x00, 0x00, 0x00, 0x00,
  0x00, 0x00, 0x00, 0x00, 0x00, 0x00, 0x00, 0x00, 0x00, 0x00, 0x00, 0x00,
  0x00, 0x00, 0x00, 0x00, 0x00, 0x00, 0x00, 0x00, 0x00, 0x00, 0x00, 0x00,
  0x00, 0x00, 0x00, 0x00, 0x00, 0x00, 0x00, 0x00, 0x00, 0x00, 0x00, 0x00,
  0x00, 0x00, 0x00, 0x00, 0x00, 0x00, 0x00, 0x00, 0x00, 0x00, 0x00, 0x00,
  0x00, 0x00, 0x00, 0x00, 0x00, 0x00, 0x00, 0x00, 0x00, 0x00, 0x00, 0x00,
  0x00, 0x00, 0x00, 0x00, 0x00, 0x00, 0x00, 0x00, 0x00, 0x00, 0x00, 0x00,
  0x00, 0x00, 0x00, 0x00, 0x00, 0x00, 0x00, 0x00, 0x00, 0x00, 0x00, 0x00,
  0x00, 0x00, 0x00, 0x00, 0x00, 0x00, 0x00, 0x00, 0x00, 0x00, 0x00, 0x00,
  0x00, 0x00, 0x00, 0x00, 0x00, 0x00, 0x00, 0x00, 0x00, 0x00, 0x00, 0x00,
  0x00, 0x00, 0x00, 0x00, 0x00, 0x00, 0x00, 0x00, 0x00, 0x00, 0x00, 0x00,
  0x00, 0x00, 0x00, 0x00, 0x00, 0x00, 0x00, 0x00, 0x00, 0x00, 0x00, 0x00,
  0x00, 0x00, 0x00, 0x00, 0x00, 0x00, 0x00, 0x00, 0x00, 0x00, 0x00, 0x00,
  0x00, 0x00, 0x00, 0x00, 0x00, 0x00, 0x00, 0x00, 0x00, 0x00, 0x00, 0x00,
  0x00, 0x00, 0x00, 0x00, 0x00, 0x00, 0x00, 0x00, 0x00, 0x00, 0x00, 0x00,
  0x00, 0x00, 0x00, 0x00, 0x00, 0x00, 0x00, 0x00, 0x00, 0x00, 0x00, 0x00,
  0x00, 0x00, 0x00, 0x00, 0x00, 0x00, 0x00, 0x00, 0x00, 0x00, 0x00, 0x00,
  0x00, 0x00, 0x00, 0x00, 0x00, 0x00, 0x00, 0x00, 0x00, 0x00, 0x00, 0x00,
  0x00, 0x00, 0x00, 0x00, 0xff, 0x54, 0xff, 0x54, 0xff, 0x54, 0xff, 0x54,
  0xff, 0x54, 0xff, 0x54, 0xff, 0x53, 0xff, 0x74, 0xff, 0x95, 0xff, 0x95,
  0xff, 0xb6, 0xff, 0xb6, 0xff, 0xb7, 0xff, 0xb7, 0xff, 0xb9, 0xff, 0xb9,
  0xff, 0xbb, 0xff, 0xbb, 0xff, 0xbc, 0xff, 0xbc, 0xff, 0xdd, 0xff, 0xde,
  0xff, 0xfe, 0xff, 0xfe, 0xff, 0xfe, 0xff, 0xfe, 0xff, 0xff, 0xff, 0xff,
  0xff, 0xff, 0xff, 0xff, 0xff, 0xff, 0xff, 0xff, 0xff, 0xff, 0xff, 0xff,
  0xff, 0xff, 0xff, 0xff, 0xff, 0xff, 0xff, 0xff, 0xff, 0xff, 0xff, 0xff,
  0xff, 0xff, 0xff, 0xff, 0xff, 0xff, 0xff, 0xff, 0xff, 0xff, 0xff, 0xff,
  0xff, 0xff, 0xff, 0xff, 0xff, 0xff, 0xff, 0xff, 0xff, 0xff, 0xff, 0xff,
  0xff, 0xff, 0xff, 0xff, 0xff, 0xff, 0xff, 0xff, 0xff, 0xff, 0xff, 0xfe,
  0xff, 0xfe, 0xff, 0xfe, 0xff, 0xfe, 0xff, 0xfe, 0xff, 0xfe, 0xff, 0xfe,
  0xff, 0xfe, 0xff, 0xfe, 0xff, 0xfe, 0xff, 0xfe, 0x00, 0x00, 0x00, 0x00,
  0x00, 0x00, 0x00, 0x00, 0x00, 0x00, 0x00, 0x00, 0x00, 0x00, 0x00, 0x00,
  0x00, 0x00, 0x00, 0x00, 0x00, 0x00, 0x00, 0x00, 0x00, 0x00, 0x00, 0x00,
  0x00, 0x00, 0x00, 0x00, 0x00, 0x00, 0x00, 0x00, 0x00, 0x00, 0x00, 0x00,
  0x00, 0x00, 0x00, 0x00, 0x00, 0x00, 0x00, 0x00, 0x00, 0x00, 0x00, 0x00,
  0x00, 0x00, 0x00, 0x00, 0x00, 0x00, 0x00, 0x00, 0x00, 0x00, 0x00, 0x00,
  0x00, 0x00, 0x00, 0x00, 0x00, 0x00, 0x00, 0x00, 0x00, 0x00, 0x00, 0x00,
  0x00, 0x00, 0x00, 0x00, 0x00, 0x00, 0x00, 0x00, 0x00, 0x00, 0x00, 0x00,
  0x00, 0x00, 0x00, 0x00, 0x00, 0x00, 0x00, 0x00, 0x00, 0x00, 0x00, 0x00,
  0x00, 0x00, 0x00, 0x00, 0x00, 0x00, 0x00, 0x00, 0x00, 0x00, 0x00, 0x00,
  0x00, 0x00, 0x00, 0x00, 0x00, 0x00, 0x00, 0x00, 0x00, 0x00, 0x00, 0x00,
  0x00, 0x00, 0x00, 0x00, 0x00, 0x00, 0x00, 0x00, 0x00, 0x00, 0x00, 0x00,
  0x00, 0x00, 0x00, 0x00, 0x00, 0x00, 0x00, 0x00, 0x00, 0x00, 0x00, 0x00,
  0x00, 0x00, 0x00, 0x00, 0x00, 0x00, 0x00, 0x00, 0x00, 0x00, 0x00, 0x00,
  0x00, 0x00, 0x00, 0x00, 0x00, 0x00, 0x00, 0x00, 0x00, 0x00, 0x00, 0x00,
  0x00, 0x00, 0x00, 0x00, 0x00, 0x00, 0x00, 0x00, 0x00, 0x00, 0x00, 0x00,
  0x00, 0x00, 0x00, 0x00, 0x00, 0x00, 0x00, 0x00, 0x00, 0x00, 0x00, 0x00,
  0x00, 0x00, 0x00, 0x00, 0x00, 0x00, 0x00, 0x00, 0x00, 0x00, 0x00, 0x00,
  0x00, 0x00, 0x00, 0x00, 0x00, 0x00, 0x00, 0x00, 0x00, 0x00, 0x00, 0x00,
  0x00, 0x00, 0x00, 0x00, 0x00, 0x00, 0x00, 0x00, 0x00, 0x00, 0x00, 0x00,
  0x00, 0x00, 0x00, 0x00, 0x00, 0x00, 0x00, 0x00, 0x00, 0x00, 0x00, 0x00,
  0x00, 0x00, 0x00, 0x00, 0x00, 0x00, 0x00, 0x00, 0x00, 0x00, 0x00, 0x00,
  0x00, 0x00, 0x00, 0x00, 0x00, 0x00, 0x00, 0x00, 0x00, 0x00, 0x00, 0x00,
  0x00, 0x00, 0x00, 0x00, 0x00, 0x00, 0x00, 0x00, 0x00, 0x00, 0x00, 0x00,
  0x00, 0x00, 0x00, 0x00, 0x00, 0x00, 0x00, 0x00, 0x00, 0x00, 0x00, 0x00,
  0x00, 0x00, 0x00, 0x00, 0x00, 0x00, 0x00, 0x00, 0x00, 0x00, 0x00, 0x00,
  0x00, 0x00, 0x00, 0x00, 0x00, 0x00, 0x00, 0x00, 0x00, 0x00, 0x00, 0x00,
  0x00, 0x00, 0x00, 0x00, 0x00, 0x00, 0x00, 0x00, 0x00, 0x00, 0x00, 0x00,
  0x00, 0x00, 0x00, 0x00, 0x00, 0x00, 0x00, 0x00, 0x00, 0x00, 0xff, 0x54,
  0xff, 0x54, 0xff, 0x95, 0xff, 0x95, 0xff, 0x95, 0xff, 0xb5, 0xff, 0xb5,
  0xff, 0xb5, 0xff, 0xd5, 0xff, 0xb4, 0xff, 0x74, 0xff, 0x74, 0xff, 0x74,
  0xff, 0x75, 0xff, 0x95, 0xff, 0x97, 0xff, 0x97, 0xff, 0xb8, 0xff, 0xb9,
  0xff, 0xba, 0xff, 0xba, 0xff, 0xbc, 0xff, 0xbc, 0xff, 0xdd, 0xff, 0xde,
  0xff, 0xfe, 0xff, 0xfe, 0xff, 0xfe, 0xff, 0xfe, 0xff, 0xff, 0xff, 0xff,
  0xff, 0xff, 0xff, 0xff, 0xff, 0xff, 0xff, 0xff, 0xff, 0xff, 0xff, 0xff,
  0xff, 0xff, 0xff, 0xff, 0xff, 0xff, 0xff, 0xff, 0xff, 0xff, 0xff, 0xff,
  0xff, 0xff, 0xff, 0xff, 0xff, 0xff, 0xff, 0xff, 0xff, 0xff, 0xff, 0xff,
  0xff, 0xff, 0xff, 0xff, 0xff, 0xff, 0xff, 0xff, 0xff, 0xff, 0xff, 0xff,
  0xff, 0xff, 0xff, 0xff, 0xff, 0xff, 0xff, 0xff, 0xff, 0xff, 0xff, 0xfe,
  0xff, 0xfe, 0xff, 0xfe, 0xff, 0xfe, 0xff, 0xfe, 0xff, 0xfe, 0xff, 0xfe,
  0xff, 0xfe, 0xff, 0xfe, 0xff, 0xfe, 0xff, 0xfe, 0xff, 0xfe, 0xff, 0xfe,
  0xff, 0xfe, 0x00, 0x00, 0x00, 0x00, 0x00, 0x00, 0x00, 0x00, 0x00, 0x00,
  0x00, 0x00, 0x00, 0x00, 0x00, 0x00, 0x00, 0x00, 0x00, 0x00, 0x00, 0x00,
  0x00, 0x00, 0x00, 0x00, 0x00, 0x00, 0x00, 0x00, 0x00, 0x00, 0x00, 0x00,
  0x00, 0x00, 0x00, 0x00, 0x00, 0x00, 0x00, 0x00, 0x00, 0x00, 0x00, 0x00,
  0x00, 0x00, 0x00, 0x00, 0x00, 0x00, 0x00, 0x00, 0x00, 0x00, 0x00, 0x00,
  0x00, 0x00, 0x00, 0x00, 0x00, 0x00, 0x00, 0x00, 0x00, 0x00, 0x00, 0x00,
  0x00, 0x00, 0x00, 0x00, 0x00, 0x00, 0x00, 0x00, 0x00, 0x00, 0x00, 0x00,
  0x00, 0x00, 0x00, 0x00, 0x00, 0x00, 0x00, 0x00, 0x00, 0x00, 0x00, 0x00,
  0x00, 0x00, 0x00, 0x00, 0x00, 0x00, 0x00, 0x00, 0x00, 0x00, 0x00, 0x00,
  0x00, 0x00, 0x00, 0x00, 0x00, 0x00, 0x00, 0x00, 0x00, 0x00, 0x00, 0x00,
  0x00, 0x00, 0x00, 0x00, 0x00, 0x00, 0x00, 0x00, 0x00, 0x00, 0x00, 0x00,
  0x00, 0x00, 0x00, 0x00, 0x00, 0x00, 0x00, 0x00, 0x00, 0x00, 0x00, 0x00,
  0x00, 0x00, 0x00, 0x00, 0x00, 0x00, 0x00, 0x00, 0x00, 0x00, 0x00, 0x00,
  0x00, 0x00, 0x00, 0x00, 0x00, 0x00, 0x00, 0x00, 0x00, 0x00, 0x00, 0x00,
  0x00, 0x00, 0x00, 0x00, 0x00, 0x00, 0x00, 0x00, 0x00, 0x00, 0x00, 0x00,
  0x00, 0x00, 0x00, 0x00, 0x00, 0x00, 0x00, 0x00, 0x00, 0x00, 0x00, 0x00,
  0x00, 0x00, 0x00, 0x00, 0x00, 0x00, 0x00, 0x00, 0x00, 0x00, 0x00, 0x00,
  0x00, 0x00, 0x00, 0x00, 0x00, 0x00, 0x00, 0x00, 0x00, 0x00, 0x00, 0x00,
  0x00, 0x00, 0x00, 0x00, 0x00, 0x00, 0x00, 0x00, 0x00, 0x00, 0x00, 0x00,
  0x00, 0x00, 0x00, 0x00, 0x00, 0x00, 0x00, 0x00, 0x00, 0x00, 0x00, 0x00,
  0x00, 0x00, 0x00, 0x00, 0x00, 0x00, 0x00, 0x00, 0x00, 0x00, 0x00, 0x00,
  0x00, 0x00, 0x00, 0x00, 0x00, 0x00, 0x00, 0x00, 0x00, 0x00, 0x00, 0x00,
  0x00, 0x00, 0x00, 0x00, 0x00, 0x00, 0x00, 0x00, 0x00, 0x00, 0x00, 0x00,
  0x00, 0x00, 0x00, 0x00, 0x00, 0x00, 0x00, 0x00, 0x00, 0x00, 0x00, 0x00,
  0x00, 0x00, 0x00, 0x00, 0x00, 0x00, 0x00, 0x00, 0x00, 0x00, 0x00, 0x00,
  0x00, 0x00, 0x00, 0x00, 0x00, 0x00, 0x00, 0x00, 0x00, 0x00, 0x00, 0x00,
  0x00, 0x00, 0x00, 0x00, 0x00, 0x00, 0x00, 0x00, 0x00, 0x00, 0x00, 0x00,
  0x00, 0x00, 0x00, 0x00, 0xff, 0x33, 0xff, 0x33, 0xff, 0x12, 0xff, 0x12,
  0xfe, 0xf1, 0xfe, 0xf1, 0xfe, 0xf1, 0xff, 0x11, 0xff, 0x32, 0xff, 0x31,
  0xff, 0x51, 0xff, 0x51, 0xff, 0x51, 0xff, 0x51, 0xff, 0x51, 0xff, 0x52,
  0xff, 0x53, 0xff, 0x74, 0xff, 0x76, 0xff, 0x76, 0xff, 0x98, 0xff, 0xb9,
  0xff, 0xbb, 0xff, 0xbb, 0xff, 0xbd, 0xff, 0xdd, 0xff, 0xde, 0xff, 0xde,
  0xff, 0xff, 0xff, 0xff, 0xff, 0xfe, 0xff, 0xfe, 0xff, 0xff, 0xff, 0xff,
  0xff, 0xff, 0xff, 0xff, 0xff, 0xff, 0xff, 0xff, 0xff, 0xff, 0xff, 0xff,
  0xff, 0xff, 0xff, 0xff, 0xff, 0xff, 0xff, 0xff, 0xff, 0xff, 0xff, 0xff,
  0xff, 0xff, 0xff, 0xff, 0xff, 0xff, 0xff, 0xff, 0xff, 0xff, 0xff, 0xff,
  0xff, 0xff, 0xff, 0xff, 0xff, 0xff, 0xff, 0xff, 0xff, 0xff, 0xff, 0xff,
  0xff, 0xff, 0xff, 0xff, 0xff, 0xff, 0xff, 0xff, 0xff, 0xff, 0xff, 0xfe,
  0xff, 0xfe, 0xff, 0xfe, 0xff, 0xfe, 0xff, 0xfe, 0xff, 0xfe, 0xff, 0xfe,
  0xff, 0xfe, 0xff, 0xfe, 0xff, 0xfe, 0xff, 0xfe, 0xff, 0xfe, 0xff, 0xfe,
  0xff, 0xfe, 0xff, 0xfe, 0xff, 0xfe, 0xff, 0xff, 0x00, 0x00, 0x00, 0x00,
  0x00, 0x00, 0x00, 0x00, 0x00, 0x00, 0x00, 0x00, 0x00, 0x00, 0x00, 0x00,
  0x00, 0x00, 0x00, 0x00, 0x00, 0x00, 0x00, 0x00, 0x00, 0x00, 0x00, 0x00,
  0x00, 0x00, 0x00, 0x00, 0x00, 0x00, 0x00, 0x00, 0x00, 0x00, 0x00, 0x00,
  0x00, 0x00, 0x00, 0x00, 0x00, 0x00, 0x00, 0x00, 0x00, 0x00, 0x00, 0x00,
  0x00, 0x00, 0x00, 0x00, 0x00, 0x00, 0x00, 0x00, 0x00, 0x00, 0x00, 0x00,
  0x00, 0x00, 0x00, 0x00, 0x00, 0x00, 0x00, 0x00, 0x00, 0x00, 0x00, 0x00,
  0x00, 0x00, 0x00, 0x00, 0x00, 0x00, 0x00, 0x00, 0x00, 0x00, 0x00, 0x00,
  0x00, 0x00, 0x00, 0x00, 0x00, 0x00, 0x00, 0x00, 0x00, 0x00, 0x00, 0x00,
  0x00, 0x00, 0x00, 0x00, 0x00, 0x00, 0x00, 0x00, 0x00, 0x00, 0x00, 0x00,
  0x00, 0x00, 0x00, 0x00, 0x00, 0x00, 0x00, 0x00, 0x00, 0x00, 0x00, 0x00,
  0x00, 0x00, 0x00, 0x00, 0x00, 0x00, 0x00, 0x00, 0x00, 0x00, 0x00, 0x00,
  0x00, 0x00, 0x00, 0x00, 0x00, 0x00, 0x00, 0x00, 0x00, 0x00, 0x00, 0x00,
  0x00, 0x00, 0x00, 0x00, 0x00, 0x00, 0x00, 0x00, 0x00, 0x00, 0x00, 0x00,
  0x00, 0x00, 0x00, 0x00, 0x00, 0x00, 0x00, 0x00, 0x00, 0x00, 0x00, 0x00,
  0x00, 0x00, 0x00, 0x00, 0x00, 0x00, 0x00, 0x00, 0x00, 0x00, 0x00, 0x00,
  0x00, 0x00, 0x00, 0x00, 0x00, 0x00, 0x00, 0x00, 0x00, 0x00, 0x00, 0x00,
  0x00, 0x00, 0x00, 0x00, 0x00, 0x00, 0x00, 0x00, 0x00, 0x00, 0x00, 0x00,
  0x00, 0x00, 0x00, 0x00, 0x00, 0x00, 0x00, 0x00, 0x00, 0x00, 0x00, 0x00,
  0x00, 0x00, 0x00, 0x00, 0x00, 0x00, 0x00, 0x00, 0x00, 0x00, 0x00, 0x00,
  0x00, 0x00, 0x00, 0x00, 0x00, 0x00, 0x00, 0x00, 0x00, 0x00, 0x00, 0x00,
  0x00, 0x00, 0x00, 0x00, 0x00, 0x00, 0x00, 0x00, 0x00, 0x00, 0x00, 0x00,
  0x00, 0x00, 0x00, 0x00, 0x00, 0x00, 0x00, 0x00, 0x00, 0x00, 0x00, 0x00,
  0x00, 0x00, 0x00, 0x00, 0x00, 0x00, 0x00, 0x00, 0x00, 0x00, 0x00, 0x00,
  0x00, 0x00, 0x00, 0x00, 0x00, 0x00, 0x00, 0x00, 0x00, 0x00, 0x00, 0x00,
  0x00, 0x00, 0x00, 0x00, 0x00, 0x00, 0x00, 0x00, 0x00, 0x00, 0x00, 0x00,
  0x00, 0x00, 0x00, 0x00, 0x00, 0x00, 0x00, 0x00, 0x00, 0x00, 0xfe, 0xd2,
  0xfe, 0xb2, 0xfe, 0xb1, 0xfe, 0xd2, 0xfe, 0xd1, 0xfe, 0xd1, 0xfe, 0xf1,
  0xfe, 0xf1, 0xff, 0x11, 0xff, 0x12, 0xff, 0x32, 0xff, 0x52, 0xff, 0x72,
  0xff, 0x51, 0xff, 0x51, 0xff, 0x31, 0xff, 0x10, 0xff, 0x31, 0xff, 0x31,
  0xff, 0x33, 0xff, 0x53, 0xff, 0x55, 0xff, 0x76, 0xff, 0x98, 0xff, 0xb9,
  0xff, 0xdb, 0xff, 0xdb, 0xff, 0xdd, 0xff, 0xdd, 0xff, 0xde, 0xff, 0xde,
  0xff, 0xff, 0xff, 0xff, 0xff, 0xfe, 0xff, 0xfe, 0xff, 0xff, 0xff, 0xff,
  0xff, 0xff, 0xff, 0xff, 0xff, 0xff, 0xff, 0xff, 0xff, 0xff, 0xff, 0xff,
  0xff, 0xff, 0xff, 0xff, 0xff, 0xff, 0xff, 0xff, 0xff, 0xff, 0xff, 0xff,
  0xff, 0xff, 0xff, 0xff, 0xff, 0xff, 0xff, 0xff, 0xff, 0xff, 0xff, 0xff,
  0xff, 0xff, 0xff, 0xff, 0xff, 0xff, 0xff, 0xff, 0xff, 0xff, 0xff, 0xff,
  0xff, 0xff, 0xff, 0xff, 0xff, 0xff, 0xff, 0xff, 0xff, 0xff, 0xff, 0xfe,
  0xff, 0xfe, 0xff, 0xfe, 0xff, 0xfe, 0xff, 0xfe, 0xff, 0xfe, 0xff, 0xfe,
  0xff, 0xfe, 0xff, 0xfe, 0xff, 0xfe, 0xff, 0xfe, 0xff, 0xfe, 0xff, 0xfe,
  0xff, 0xfe, 0xff, 0xfe, 0xff, 0xfe, 0xff, 0xff, 0xff, 0xff, 0xff, 0xff,
  0xff, 0xff, 0x00, 0x00, 0x00, 0x00, 0x00, 0x00, 0x00, 0x00, 0x00, 0x00,
  0x00, 0x00, 0x00, 0x00, 0x00, 0x00, 0x00, 0x00, 0x00, 0x00, 0x00, 0x00,
  0x00, 0x00, 0x00, 0x00, 0x00, 0x00, 0x00, 0x00, 0x00, 0x00, 0x00, 0x00,
  0x00, 0x00, 0x00, 0x00, 0x00, 0x00, 0x00, 0x00, 0x00, 0x00, 0x00, 0x00,
  0x00, 0x00, 0x00, 0x00, 0x00, 0x00, 0x00, 0x00, 0x00, 0x00, 0x00, 0x00,
  0x00, 0x00, 0x00, 0x00, 0x00, 0x00, 0x00, 0x00, 0x00, 0x00, 0x00, 0x00,
  0x00, 0x00, 0x00, 0x00, 0x00, 0x00, 0x00, 0x00, 0x00, 0x00, 0x00, 0x00,
  0x00, 0x00, 0x00, 0x00, 0x00, 0x00, 0x00, 0x00, 0x00, 0x00, 0x00, 0x00,
  0x00, 0x00, 0x00, 0x00, 0x00, 0x00, 0x00, 0x00, 0x00, 0x00, 0x00, 0x00,
  0x00, 0x00, 0x00, 0x00, 0x00, 0x00, 0x00, 0x00, 0x00, 0x00, 0x00, 0x00,
  0x00, 0x00, 0x00, 0x00, 0x00, 0x00, 0x00, 0x00, 0x00, 0x00, 0x00, 0x00,
  0x00, 0x00, 0x00, 0x00, 0x00, 0x00, 0x00, 0x00, 0x00, 0x00, 0x00, 0x00,
  0x00, 0x00, 0x00, 0x00, 0x00, 0x00, 0x00, 0x00, 0x00, 0x00, 0x00, 0x00,
  0x00, 0x00, 0x00, 0x00, 0x00, 0x00, 0x00, 0x00, 0x00, 0x00, 0x00, 0x00,
  0x00, 0x00, 0x00, 0x00, 0x00, 0x00, 0x00, 0x00, 0x00, 0x00, 0x00, 0x00,
  0x00, 0x00, 0x00, 0x00, 0x00, 0x00, 0x00, 0x00, 0x00, 0x00, 0x00, 0x00,
  0x00, 0x00, 0x00, 0x00, 0x00, 0x00, 0x00, 0x00, 0x00, 0x00, 0x00, 0x00,
  0x00, 0x00, 0x00, 0x00, 0x00, 0x00, 0x00, 0x00, 0x00, 0x00, 0x00, 0x00,
  0x00, 0x00, 0x00, 0x00, 0x00, 0x00, 0x00, 0x00, 0x00, 0x00, 0x00, 0x00,
  0x00, 0x00, 0x00, 0x00, 0x00, 0x00, 0x00, 0x00, 0x00, 0x00, 0x00, 0x00,
  0x00, 0x00, 0x00, 0x00, 0x00, 0x00, 0x00, 0x00, 0x00, 0x00, 0x00, 0x00,
  0x00, 0x00, 0x00, 0x00, 0x00, 0x00, 0x00, 0x00, 0x00, 0x00, 0x00, 0x00,
  0x00, 0x00, 0x00, 0x00, 0x00, 0x00, 0x00, 0x00, 0x00, 0x00, 0x00, 0x00,
  0x00, 0x00, 0x00, 0x00, 0x00, 0x00, 0x00, 0x00, 0x00, 0x00, 0x00, 0x00,
  0x00, 0x00, 0x00, 0x00, 0x00, 0x00, 0x00, 0x00, 0x00, 0x00, 0x00, 0x00,
  0x00, 0x00, 0x00, 0x00, 0x00, 0x00, 0xff, 0x12, 0xfe, 0xf2, 0xfe, 0xb1,
  0xfe, 0x90, 0xfe, 0x90, 0xfe, 0x90, 0xfe, 0xb0, 0xfe, 0xd0, 0xfe, 0xd0,
  0xfe, 0xd0, 0xfe, 0xcf, 0xfe, 0xef, 0xff, 0x10, 0xff, 0x30, 0xff, 0x50,
  0xff, 0x30, 0xff, 0x2f, 0xfe, 0xef, 0xfe, 0xef, 0xfe, 0xef, 0xff, 0x10,
  0xff, 0x33, 0xff, 0x53, 0xff, 0x76, 0xff, 0x76, 0xff, 0xb8, 0xff, 0xd9,
  0xff, 0xfb, 0xff, 0xfb, 0xff, 0xdd, 0xff, 0xfd, 0xff, 0xfe, 0xff, 0xfe,
  0xff, 0xff, 0xff, 0xff, 0xff, 0xff, 0xff, 0xfe, 0xff, 0xff, 0xff, 0xff,
  0xff, 0xff, 0xff, 0xff, 0xff, 0xff, 0xff, 0xff, 0xff, 0xff, 0xff, 0xff,
  0xff, 0xff, 0xff, 0xff, 0xff, 0xff, 0xff, 0xff, 0xff, 0xff, 0xff, 0xff,
  0xff, 0xff, 0xff, 0xff, 0xff, 0xff, 0xff, 0xff, 0xff, 0xff, 0xff, 0xff,
  0xff, 0xff, 0xff, 0xff, 0xff, 0xff, 0xff, 0xff, 0xff, 0xff, 0xff, 0xff,
  0xff, 0xff, 0xff, 0xff, 0xff, 0xff, 0xff, 0xff, 0xff, 0xff, 0xff, 0xfe,
  0xff, 0xfe, 0xff, 0xfe, 0xff, 0xfe, 0xff, 0xfe, 0xff, 0xfe, 0xff, 0xfe,
  0xff, 0xfe, 0xff, 0xfe, 0xff, 0xfe, 0xff, 0xfe, 0xff, 0xfe, 0xff, 0xfe,
  0xff, 0xfe, 0xff, 0xfe, 0xff, 0xfe, 0xff, 0xff, 0xff, 0xff, 0xff, 0xff,
  0xff, 0xff, 0xff, 0xff, 0xff, 0xff, 0x00, 0x00, 0x00, 0x00, 0x00, 0x00,
  0x00, 0x00, 0x00, 0x00, 0x00, 0x00, 0x00, 0x00, 0x00, 0x00, 0x00, 0x00,
  0x00, 0x00, 0x00, 0x00, 0x00, 0x00, 0x00, 0x00, 0x00, 0x00, 0x00, 0x00,
  0x00, 0x00, 0x00, 0x00, 0x00, 0x00, 0x00, 0x00, 0x00, 0x00, 0x00, 0x00,
  0x00, 0x00, 0x00, 0x00, 0x00, 0x00, 0x00, 0x00, 0x00, 0x00, 0x00, 0x00,
  0x00, 0x00, 0x00, 0x00, 0x00, 0x00, 0x00, 0x00, 0x00, 0x00, 0x00, 0x00,
  0x00, 0x00, 0x00, 0x00, 0x00, 0x00, 0x00, 0x00, 0x00, 0x00, 0x00, 0x00,
  0x00, 0x00, 0x00, 0x00, 0x00, 0x00, 0x00, 0x00, 0x00, 0x00, 0x00, 0x00,
  0x00, 0x00, 0x00, 0x00, 0x00, 0x00, 0x00, 0x00, 0x00, 0x00, 0x00, 0x00,
  0x00, 0x00, 0x00, 0x00, 0x00, 0x00, 0x00, 0x00, 0x00, 0x00, 0x00, 0x00,
  0x00, 0x00, 0x00, 0x00, 0x00, 0x00, 0x00, 0x00, 0x00, 0x00, 0x00, 0x00,
  0x00, 0x00, 0x00, 0x00, 0x00, 0x00, 0x00, 0x00, 0x00, 0x00, 0x00, 0x00,
  0x00, 0x00, 0x00, 0x00, 0x00, 0x00, 0x00, 0x00, 0x00, 0x00, 0x00, 0x00,
  0x00, 0x00, 0x00, 0x00, 0x00, 0x00, 0x00, 0x00, 0x00, 0x00, 0x00, 0x00,
  0x00, 0x00, 0x00, 0x00, 0x00, 0x00, 0x00, 0x00, 0x00, 0x00, 0x00, 0x00,
  0x00, 0x00, 0x00, 0x00, 0x00, 0x00, 0x00, 0x00, 0x00, 0x00, 0x00, 0x00,
  0x00, 0x00, 0x00, 0x00, 0x00, 0x00, 0x00, 0x00, 0x00, 0x00, 0x00, 0x00,
  0x00, 0x00, 0x00, 0x00, 0x00, 0x00, 0x00, 0x00, 0x00, 0x00, 0x00, 0x00,
  0x00, 0x00, 0x00, 0x00, 0x00, 0x00, 0x00, 0x00, 0x00, 0x00, 0x00, 0x00,
  0x00, 0x00, 0x00, 0x00, 0x00, 0x00, 0x00, 0x00, 0x00, 0x00, 0x00, 0x00,
  0x00, 0x00, 0x00, 0x00, 0x00, 0x00, 0x00, 0x00, 0x00, 0x00, 0x00, 0x00,
  0x00, 0x00, 0x00, 0x00, 0x00, 0x00, 0x00, 0x00, 0x00, 0x00, 0x00, 0x00,
  0x00, 0x00, 0x00, 0x00, 0x00, 0x00, 0x00, 0x00, 0x00, 0x00, 0x00, 0x00,
  0x00, 0x00, 0x00, 0x00, 0x00, 0x00, 0x00, 0x00, 0x00, 0x00, 0x00, 0x00,
  0x00, 0x00, 0x00, 0x00, 0x00, 0x00, 0x00, 0x00, 0x00, 0x00, 0x00, 0x00,
  0xfe, 0xf3, 0xfe, 0xd2, 0xfe, 0xd2, 0xfe, 0xd2, 0xfe, 0xb1, 0xfe, 0xb1,
  0xfe, 0xb0, 0xfe, 0x90, 0xfe, 0x90, 0xfe, 0xb0, 0xfe, 0xb0, 0xfe, 0x8f,
  0xfe, 0xaf, 0xfe, 0xf0, 0xff, 0x10, 0xff, 0x30, 0xff, 0x10, 0xff, 0x0f,
  0xfe, 0xee, 0xfe, 0xce, 0xfe, 0xae, 0xfe, 0xae, 0xfe, 0xef, 0xff, 0x11,
  0xff, 0x53, 0xff, 0x94, 0xff, 0x97, 0xff, 0x97, 0xff, 0xb9, 0xff, 0xfa,
  0xff, 0xfc, 0xff, 0xfc, 0xff, 0xfd, 0xff, 0xfd, 0xff, 0xfe, 0xff, 0xfe,
  0xff, 0xff, 0xff, 0xff, 0xff, 0xff, 0xff, 0xfe, 0xff, 0xff, 0xff, 0xff,
  0xff, 0xff, 0xff, 0xff, 0xff, 0xff, 0xff, 0xff, 0xff, 0xff, 0xff, 0xff,
  0xff, 0xff, 0xff, 0xff, 0xff, 0xff, 0xff, 0xff, 0xff, 0xff, 0xff, 0xff,
  0xff, 0xff, 0xff, 0xff, 0xff, 0xff, 0xff, 0xff, 0xff, 0xff, 0xff, 0xff,
  0xff, 0xff, 0xff, 0xff, 0xff, 0xff, 0xff, 0xff, 0xff, 0xff, 0xff, 0xff,
  0xff, 0xff, 0xff, 0xff, 0xff, 0xff, 0xff, 0xff, 0xff, 0xff, 0xff, 0xfe,
  0xff, 0xfe, 0xff, 0xfe, 0xff, 0xfe, 0xff, 0xfe, 0xff, 0xfe, 0xff, 0xfe,
  0xff, 0xfe, 0xff, 0xfe, 0xff, 0xfe, 0xff, 0xfe, 0xff, 0xfe, 0xff, 0xfe,
  0xff, 0xff, 0xff, 0xff, 0xff, 0xfe, 0xff, 0xff, 0xff, 0xff, 0xff, 0xff,
  0xff, 0xff, 0xff, 0xff, 0xff, 0xff, 0xff, 0xff, 0xff, 0xff, 0xff, 0xff,
  0x00, 0x00, 0x00, 0x00, 0x00, 0x00, 0x00, 0x00, 0x00, 0x00, 0x00, 0x00,
  0x00, 0x00, 0x00, 0x00, 0x00, 0x00, 0x00, 0x00, 0x00, 0x00, 0x00, 0x00,
  0x00, 0x00, 0x00, 0x00, 0x00, 0x00, 0x00, 0x00, 0x00, 0x00, 0x00, 0x00,
  0x00, 0x00, 0x00, 0x00, 0x00, 0x00, 0x00, 0x00, 0x00, 0x00, 0x00, 0x00,
  0x00, 0x00, 0x00, 0x00, 0x00, 0x00, 0x00, 0x00, 0x00, 0x00, 0x00, 0x00,
  0x00, 0x00, 0x00, 0x00, 0x00, 0x00, 0x00, 0x00, 0x00, 0x00, 0x00, 0x00,
  0x00, 0x00, 0x00, 0x00, 0x00, 0x00, 0x00, 0x00, 0x00, 0x00, 0x00, 0x00,
  0x00, 0x00, 0x00, 0x00, 0x00, 0x00, 0x00, 0x00, 0x00, 0x00, 0x00, 0x00,
  0x00, 0x00, 0x00, 0x00, 0x00, 0x00, 0x00, 0x00, 0x00, 0x00, 0x00, 0x00,
  0x00, 0x00, 0x00, 0x00, 0x00, 0x00, 0x00, 0x00, 0x00, 0x00, 0x00, 0x00,
  0x00, 0x00, 0x00, 0x00, 0x00, 0x00, 0x00, 0x00, 0x00, 0x00, 0x00, 0x00,
  0x00, 0x00, 0x00, 0x00, 0x00, 0x00, 0x00, 0x00, 0x00, 0x00, 0x00, 0x00,
  0x00, 0x00, 0x00, 0x00, 0x00, 0x00, 0x00, 0x00, 0x00, 0x00, 0x00, 0x00,
  0x00, 0x00, 0x00, 0x00, 0x00, 0x00, 0x00, 0x00, 0x00, 0x00, 0x00, 0x00,
  0x00, 0x00, 0x00, 0x00, 0x00, 0x00, 0x00, 0x00, 0x00, 0x00, 0x00, 0x00,
  0x00, 0x00, 0x00, 0x00, 0x00, 0x00, 0x00, 0x00, 0x00, 0x00, 0x00, 0x00,
  0x00, 0x00, 0x00, 0x00, 0x00, 0x00, 0x00, 0x00, 0x00, 0x00, 0x00, 0x00,
  0x00, 0x00, 0x00, 0x00, 0x00, 0x00, 0x00, 0x00, 0x00, 0x00, 0x00, 0x00,
  0x00, 0x00, 0x00, 0x00, 0x00, 0x00, 0x00, 0x00, 0x00, 0x00, 0x00, 0x00,
  0x00, 0x00, 0x00, 0x00, 0x00, 0x00, 0x00, 0x00, 0x00, 0x00, 0x00, 0x00,
  0x00, 0x00, 0x00, 0x00, 0x00, 0x00, 0x00, 0x00, 0x00, 0x00, 0x00, 0x00,
  0x00, 0x00, 0x00, 0x00, 0x00, 0x00, 0x00, 0x00, 0x00, 0x00, 0x00, 0x00,
  0x00, 0x00, 0x00, 0x00, 0x00, 0x00, 0x00, 0x00, 0x00, 0x00, 0x00, 0x00,
  0x00, 0x00, 0x00, 0x00, 0x00, 0x00, 0x00, 0x00, 0xfe, 0xd2, 0xfe, 0xb2,
  0xfe, 0xb2, 0xfe, 0xb1, 0xfe, 0xb1, 0xfe, 0xb1, 0xfe, 0x91, 0xf6, 0x4f,
  0xfe, 0x4f, 0xfe, 0x6f, 0xfe, 0x70, 0xfe, 0x90, 0xfe, 0x90, 0xfe, 0xaf,
  0xfe, 0xd0, 0xfe, 0xf0, 0xfe, 0xef, 0xfe, 0xcf, 0xfe, 0xae, 0xfe, 0x8d,
  0xfe, 0x8d, 0xfe, 0x8d, 0xfe, 0xce, 0xfe, 0xf0, 0xff, 0x13, 0xff, 0x34,
  0xff, 0x77, 0xff, 0x98, 0xff, 0xba, 0xff, 0xba, 0xff, 0xbc, 0xff, 0xdc,
  0xff, 0xfe, 0xff, 0xfe, 0xff, 0xff, 0xff, 0xff, 0xff, 0xff, 0xff, 0xff,
  0xff, 0xff, 0xff, 0xff, 0xff, 0xff, 0xff, 0xff, 0xff, 0xff, 0xff, 0xff,
  0xff, 0xff, 0xff, 0xff, 0xff, 0xff, 0xff, 0xff, 0xff, 0xfe, 0xff, 0xfe,
  0xff, 0xfe, 0xff, 0xfe, 0xff, 0xfe, 0xff, 0xfe, 0xff, 0xfe, 0xff, 0xfe,
  0xff, 0xfe, 0xff, 0xfd, 0xff, 0xfd, 0xff, 0xfc, 0xff, 0xfc, 0xff, 0xfc,
  0xff, 0xfc, 0xff, 0xfc, 0xff, 0xfd, 0xff, 0xfe, 0xff, 0xfe, 0xff, 0xff,
  0xff, 0xff, 0xff, 0xfe, 0xff, 0xfe, 0xff, 0xfd, 0xff, 0xfd, 0xff, 0xfe,
  0xff, 0xfe, 0xff, 0xfe, 0xff, 0xfe, 0xff, 0xff, 0xff, 0xff, 0xff, 0xff,
  0xff, 0xff, 0xff, 0xff, 0xff, 0xff, 0xff, 0xff, 0xff, 0xff, 0xff, 0xff,
  0xff, 0xff, 0xff, 0xff, 0xff, 0xff, 0xff, 0xff, 0xff, 0xff, 0xff, 0xff,
  0xff, 0xff, 0xff, 0xff, 0xff, 0xff, 0xff, 0xff, 0xff, 0xff, 0xff, 0xff,
  0xff, 0xff, 0xff, 0xff, 0x00, 0x00, 0x00, 0x00, 0x00, 0x00, 0x00, 0x00,
  0x00, 0x00, 0x00, 0x00, 0x00, 0x00, 0x00, 0x00, 0x00, 0x00, 0x00, 0x00,
  0x00, 0x00, 0x00, 0x00, 0x00, 0x00, 0x00, 0x00, 0x00, 0x00, 0x00, 0x00,
  0x00, 0x00, 0x00, 0x00, 0x00, 0x00, 0x00, 0x00, 0x00, 0x00, 0x00, 0x00,
  0x00, 0x00, 0x00, 0x00, 0x00, 0x00, 0x00, 0x00, 0x00, 0x00, 0x00, 0x00,
  0x00, 0x00, 0x00, 0x00, 0x00, 0x00, 0x00, 0x00, 0x00, 0x00, 0x00, 0x00,
  0x00, 0x00, 0x00, 0x00, 0x00, 0x00, 0x00, 0x00, 0x00, 0x00, 0x00, 0x00,
  0x00, 0x00, 0x00, 0x00, 0x00, 0x00, 0x00, 0x00, 0x00, 0x00, 0x00, 0x00,
  0x00, 0x00, 0x00, 0x00, 0x00, 0x00, 0x00, 0x00, 0x00, 0x00, 0x00, 0x00,
  0x00, 0x00, 0x00, 0x00, 0x00, 0x00, 0x00, 0x00, 0x00, 0x00, 0x00, 0x00,
  0x00, 0x00, 0x00, 0x00, 0x00, 0x00, 0x00, 0x00, 0x00, 0x00, 0x00, 0x00,
  0x00, 0x00, 0x00, 0x00, 0x00, 0x00, 0x00, 0x00, 0x00, 0x00, 0x00, 0x00,
  0x00, 0x00, 0x00, 0x00, 0x00, 0x00, 0x00, 0x00, 0x00, 0x00, 0x00, 0x00,
  0x00, 0x00, 0x00, 0x00, 0x00, 0x00, 0x00, 0x00, 0x00, 0x00, 0x00, 0x00,
  0x00, 0x00, 0x00, 0x00, 0x00, 0x00, 0x00, 0x00, 0x00, 0x00, 0x00, 0x00,
  0x00, 0x00, 0x00, 0x00, 0x00, 0x00, 0x00, 0x00, 0x00, 0x00, 0x00, 0x00,
  0x00, 0x00, 0x00, 0x00, 0x00, 0x00, 0x00, 0x00, 0x00, 0x00, 0x00, 0x00,
  0x00, 0x00, 0x00, 0x00, 0x00, 0x00, 0x00, 0x00, 0x00, 0x00, 0x00, 0x00,
  0x00, 0x00, 0x00, 0x00, 0x00, 0x00, 0x00, 0x00, 0x00, 0x00, 0x00, 0x00,
  0x00, 0x00, 0x00, 0x00, 0x00, 0x00, 0x00, 0x00, 0x00, 0x00, 0x00, 0x00,
  0x00, 0x00, 0x00, 0x00, 0x00, 0x00, 0x00, 0x00, 0x00, 0x00, 0x00, 0x00,
  0x00, 0x00, 0x00, 0x00, 0x00, 0x00, 0x00, 0x00, 0x00, 0x00, 0x00, 0x00,
  0x00, 0x00, 0x00, 0x00, 0x00, 0x00, 0x00, 0x00, 0x00, 0x00, 0x00, 0x00,
  0x00, 0x00, 0x00, 0x00, 0xfe, 0xf3, 0xfe, 0xf3, 0xf6, 0xb2, 0xf6, 0x91,
  0xf6, 0x91, 0xfe, 0x91, 0xfe, 0x91, 0xfe, 0x90, 0xfe, 0x70, 0xf6, 0x2f,
  0xf6, 0x2f, 0xfe, 0x4f, 0xfe, 0x70, 0xfe, 0x90, 0xfe, 0xb0, 0xfe, 0xd0,
  0xfe, 0xd0, 0xfe, 0xaf, 0xfe, 0xae, 0xfe, 0x8e, 0xfe, 0x6d, 0xfe, 0x6d,
  0xfe, 0x6d, 0xfe, 0x8d, 0xfe, 0xee, 0xff, 0x11, 0xff, 0x13, 0xff, 0x34,
  0xff, 0x77, 0xff, 0x98, 0xff, 0xba, 0xff, 0xba, 0xff, 0xbc, 0xff, 0xdc,
  0xff, 0xfe, 0xff, 0xfe, 0xff, 0xff, 0xff, 0xff, 0xff, 0xff, 0xff, 0xff,
  0xff, 0xff, 0xff, 0xff, 0xff, 0xff, 0xff, 0xff, 0xff, 0xff, 0xff, 0xff,
  0xff, 0xff, 0xff, 0xff, 0xff, 0xff, 0xff, 0xff, 0xff, 0xfe, 0xff, 0xfe,
  0xff, 0xfe, 0xff, 0xfe, 0xff, 0xfe, 0xff, 0xfe, 0xff, 0xfe, 0xff, 0xfe,
  0xff, 0xfe, 0xff, 0xfd, 0xff, 0xfd, 0xff, 0xfc, 0xff, 0xfc, 0xff, 0xfc,
  0xff, 0xfc, 0xff, 0xfd, 0xff, 0xfd, 0xff, 0xfe, 0xff, 0xfe, 0xff, 0xff,
  0xff, 0xff, 0xff, 0xfe, 0xff, 0xfe, 0xff, 0xfd, 0xff, 0xfd, 0xff, 0xfe,
  0xff, 0xfe, 0xff, 0xfe, 0xff, 0xfe, 0xff, 0xff, 0xff, 0xff, 0xff, 0xff,
  0xff, 0xff, 0xff, 0xff, 0xff, 0xff, 0xff, 0xff, 0xff, 0xff, 0xff, 0xff,
  0xff, 0xff, 0xff, 0xff, 0xff, 0xff, 0xff, 0xff, 0xff, 0xff, 0xff, 0xff,
  0xff, 0xff, 0xff, 0xff, 0xff, 0xff, 0xff, 0xff, 0xff, 0xff, 0xff, 0xff,
  0xff, 0xff, 0xff, 0xff, 0xff, 0xff, 0xff, 0xff, 0x00, 0x00, 0x00, 0x00,
  0x00, 0x00, 0x00, 0x00, 0x00, 0x00, 0x00, 0x00, 0x00, 0x00, 0x00, 0x00,
  0x00, 0x00, 0x00, 0x00, 0x00, 0x00, 0x00, 0x00, 0x00, 0x00, 0x00, 0x00,
  0x00, 0x00, 0x00, 0x00, 0x00, 0x00, 0x00, 0x00, 0x00, 0x00, 0x00, 0x00,
  0x00, 0x00, 0x00, 0x00, 0x00, 0x00, 0x00, 0x00, 0x00, 0x00, 0x00, 0x00,
  0x00, 0x00, 0x00, 0x00, 0x00, 0x00, 0x00, 0x00, 0x00, 0x00, 0x00, 0x00,
  0x00, 0x00, 0x00, 0x00, 0x00, 0x00, 0x00, 0x00, 0x00, 0x00, 0x00, 0x00,
  0x00, 0x00, 0x00, 0x00, 0x00, 0x00, 0x00, 0x00, 0x00, 0x00, 0x00, 0x00,
  0x00, 0x00, 0x00, 0x00, 0x00, 0x00, 0x00, 0x00, 0x00, 0x00, 0x00, 0x00,
  0x00, 0x00, 0x00, 0x00, 0x00, 0x00, 0x00, 0x00, 0x00, 0x00, 0x00, 0x00,
  0x00, 0x00, 0x00, 0x00, 0x00, 0x00, 0x00, 0x00, 0x00, 0x00, 0x00, 0x00,
  0x00, 0x00, 0x00, 0x00, 0x00, 0x00, 0x00, 0x00, 0x00, 0x00, 0x00, 0x00,
  0x00, 0x00, 0x00, 0x00, 0x00, 0x00, 0x00, 0x00, 0x00, 0x00, 0x00, 0x00,
  0x00, 0x00, 0x00, 0x00, 0x00, 0x00, 0x00, 0x00, 0x00, 0x00, 0x00, 0x00,
  0x00, 0x00, 0x00, 0x00, 0x00, 0x00, 0x00, 0x00, 0x00, 0x00, 0x00, 0x00,
  0x00, 0x00, 0x00, 0x00, 0x00, 0x00, 0x00, 0x00, 0x00, 0x00, 0x00, 0x00,
  0x00, 0x00, 0x00, 0x00, 0x00, 0x00, 0x00, 0x00, 0x00, 0x00, 0x00, 0x00,
  0x00, 0x00, 0x00, 0x00, 0x00, 0x00, 0x00, 0x00, 0x00, 0x00, 0x00, 0x00,
  0x00, 0x00, 0x00, 0x00, 0x00, 0x00, 0x00, 0x00, 0x00, 0x00, 0x00, 0x00,
  0x00, 0x00, 0x00, 0x00, 0x00, 0x00, 0x00, 0x00, 0x00, 0x00, 0x00, 0x00,
  0x00, 0x00, 0x00, 0x00, 0x00, 0x00, 0x00, 0x00, 0x00, 0x00, 0x00, 0x00,
  0x00, 0x00, 0x00, 0x00, 0x00, 0x00, 0x00, 0x00, 0x00, 0x00, 0x00, 0x00,
  0x00, 0x00, 0x00, 0x00, 0x00, 0x00, 0x00, 0x00, 0x00, 0x00, 0x00, 0x00,
  0xfe, 0xf4, 0xff, 0x14, 0xfe, 0xf3, 0xfe, 0xd2, 0xf6, 0xb2, 0xf6, 0x91,
  0xf6, 0x71, 0xf6, 0x90, 0xf6, 0x70, 0xfe, 0x70, 0xfe, 0x70, 0xfe, 0x4f,
  0xfe, 0x4f, 0xfe, 0x6f, 0xfe, 0x8f, 0xfe, 0xb0, 0xfe, 0xd0, 0xfe, 0xd0,
  0xfe, 0x8e, 0xfe, 0x6d, 0xfe, 0x4d, 0xfe, 0x4c, 0xfe, 0x4c, 0xfe, 0x6d,
  0xfe, 0x6d, 0xfe, 0xae, 0xff, 0x10, 0xff, 0x32, 0xff, 0x35, 0xff, 0x76,
  0xff, 0xb9, 0xff, 0xd9, 0xff, 0xdb, 0xff, 0xfb, 0xff, 0xfc, 0xff, 0xfd,
  0xff, 0xfe, 0xff, 0xfe, 0xff, 0xfe, 0xff, 0xfe, 0xff, 0xfe, 0xff, 0xfe,
  0xff, 0xff, 0xff, 0xff, 0xff, 0xff, 0xff, 0xff, 0xff, 0xff, 0xff, 0xff,
  0xff, 0xfe, 0xff, 0xfe, 0xff, 0xfe, 0xff, 0xff, 0xff, 0xfe, 0xff, 0xfe,
  0xff, 0xfe, 0xff, 0xfe, 0xff, 0xfe, 0xff, 0xfe, 0xff, 0xfd, 0xff, 0xfd,
  0xff, 0xfd, 0xff, 0xfd, 0xff, 0xfc, 0xff, 0xfc, 0xff, 0xfc, 0xff, 0xfb,
  0xff, 0xfb, 0xff, 0xfc, 0xff, 0xfc, 0xff, 0xfe, 0xff, 0xfd, 0xff, 0xfe,
  0xff, 0xfe, 0xff, 0xfe, 0xff, 0xfe, 0xff, 0xfe, 0xff, 0xfe, 0xff, 0xfe,
  0xff, 0xfe, 0xff, 0xfe, 0xff, 0xfe, 0xff, 0xff, 0xff, 0xff, 0xff, 0xff,
  0xff, 0xff, 0xff, 0xff, 0xff, 0xff, 0xff, 0xff, 0xff, 0xff, 0xff, 0xff,
  0xff, 0xff, 0xff, 0xff, 0xff, 0xff, 0xff, 0xff, 0xff, 0xff, 0xff, 0xff,
  0xff, 0xff, 0xff, 0xff, 0xff, 0xff, 0xff, 0xff, 0xff, 0xff, 0xff, 0xff,
  0xff, 0xff, 0xff, 0xff, 0xff, 0xff, 0xff, 0xff, 0xff, 0xff, 0xff, 0xff,
  0x00, 0x00, 0x00, 0x00, 0x00, 0x00, 0x00, 0x00, 0x00, 0x00, 0x00, 0x00,
  0x00, 0x00, 0x00, 0x00, 0x00, 0x00, 0x00, 0x00, 0x00, 0x00, 0x00, 0x00,
  0x00, 0x00, 0x00, 0x00, 0x00, 0x00, 0x00, 0x00, 0x00, 0x00, 0x00, 0x00,
  0x00, 0x00, 0x00, 0x00, 0x00, 0x00, 0x00, 0x00, 0x00, 0x00, 0x00, 0x00,
  0x00, 0x00, 0x00, 0x00, 0x00, 0x00, 0x00, 0x00, 0x00, 0x00, 0x00, 0x00,
  0x00, 0x00, 0x00, 0x00, 0x00, 0x00, 0x00, 0x00, 0x00, 0x00, 0x00, 0x00,
  0x00, 0x00, 0x00, 0x00, 0x00, 0x00, 0x00, 0x00, 0x00, 0x00, 0x00, 0x00,
  0x00, 0x00, 0x00, 0x00, 0x00, 0x00, 0x00, 0x00, 0x00, 0x00, 0x00, 0x00,
  0x00, 0x00, 0x00, 0x00, 0x00, 0x00, 0x00, 0x00, 0x00, 0x00, 0x00, 0x00,
  0x00, 0x00, 0x00, 0x00, 0x00, 0x00, 0x00, 0x00, 0x00, 0x00, 0x00, 0x00,
  0x00, 0x00, 0x00, 0x00, 0x00, 0x00, 0x00, 0x00, 0x00, 0x00, 0x00, 0x00,
  0x00, 0x00, 0x00, 0x00, 0x00, 0x00, 0x00, 0x00, 0x00, 0x00, 0x00, 0x00,
  0x00, 0x00, 0x00, 0x00, 0x00, 0x00, 0x00, 0x00, 0x00, 0x00, 0x00, 0x00,
  0x00, 0x00, 0x00, 0x00, 0x00, 0x00, 0x00, 0x00, 0x00, 0x00, 0x00, 0x00,
  0x00, 0x00, 0x00, 0x00, 0x00, 0x00, 0x00, 0x00, 0x00, 0x00, 0x00, 0x00,
  0x00, 0x00, 0x00, 0x00, 0x00, 0x00, 0x00, 0x00, 0x00, 0x00, 0x00, 0x00,
  0x00, 0x00, 0x00, 0x00, 0x00, 0x00, 0x00, 0x00, 0x00, 0x00, 0x00, 0x00,
  0x00, 0x00, 0x00, 0x00, 0x00, 0x00, 0x00, 0x00, 0x00, 0x00, 0x00, 0x00,
  0x00, 0x00, 0x00, 0x00, 0x00, 0x00, 0x00, 0x00, 0x00, 0x00, 0x00, 0x00,
  0x00, 0x00, 0x00, 0x00, 0x00, 0x00, 0x00, 0x00, 0x00, 0x00, 0x00, 0x00,
  0x00, 0x00, 0x00, 0x00, 0x00, 0x00, 0x00, 0x00, 0x00, 0x00, 0x00, 0x00,
  0x00, 0x00, 0x00, 0x00, 0x00, 0x00, 0x00, 0x00, 0xee, 0x92, 0xf6, 0xb3,
  0xf6, 0xf3, 0xfe, 0xf3, 0xf6, 0xb2, 0xf6, 0xb2, 0xf6, 0x91, 0xf6, 0x71,
  0xf6, 0x70, 0xf6, 0x70, 0xf6, 0x70, 0xfe, 0x70, 0xfe, 0x90, 0xfe, 0x90,
  0xfe, 0x90, 0xfe, 0x90, 0xfe, 0x90, 0xfe, 0xd0, 0xfe, 0xb0, 0xfe, 0x8e,
  0xfe, 0x4d, 0xf6, 0x2c, 0xf6, 0x2c, 0xf6, 0x2c, 0xfe, 0x4c, 0xfe, 0x6d,
  0xfe, 0x8d, 0xfe, 0xef, 0xff, 0x31, 0xff, 0x52, 0xff, 0x55, 0xff, 0x96,
  0xff, 0xb9, 0xff, 0xd9, 0xff, 0xdb, 0xff, 0xfb, 0xff, 0xfc, 0xff, 0xfd,
  0xff, 0xfe, 0xff, 0xfe, 0xff, 0xfe, 0xff, 0xfe, 0xff, 0xfe, 0xff, 0xfe,
  0xff, 0xff, 0xff, 0xff, 0xff, 0xff, 0xff, 0xff, 0xff, 0xff, 0xff, 0xff,
  0xff, 0xfe, 0xff, 0xfe, 0xff, 0xfe, 0xff, 0xff, 0xff, 0xfe, 0xff, 0xfe,
  0xff, 0xfe, 0xff, 0xfe, 0xff, 0xfe, 0xff, 0xfe, 0xff, 0xfd, 0xff, 0xfd,
  0xff, 0xfd, 0xff, 0xfd, 0xff, 0xfc, 0xff, 0xfc, 0xff, 0xfc, 0xff, 0xfb,
  0xff, 0xfb, 0xff, 0xfc, 0xff, 0xfc, 0xff, 0xfe, 0xff, 0xfd, 0xff, 0xfe,
  0xff, 0xfe, 0xff, 0xfe, 0xff, 0xfe, 0xff, 0xfe, 0xff, 0xfe, 0xff, 0xfe,
  0xff, 0xfe, 0xff, 0xfe, 0xff, 0xfe, 0xff, 0xff, 0xff, 0xff, 0xff, 0xff,
  0xff, 0xff, 0xff, 0xff, 0xff, 0xff, 0xff, 0xff, 0xff, 0xff, 0xff, 0xff,
  0xff, 0xff, 0xff, 0xff, 0xff, 0xff, 0xff, 0xff, 0xff, 0xff, 0xff, 0xff,
  0xff, 0xff, 0xff, 0xff, 0xff, 0xff, 0xff, 0xff, 0xff, 0xff, 0xff, 0xff,
  0xff, 0xff, 0xff, 0xff, 0xff, 0xff, 0xff, 0xff, 0xff, 0xff, 0xff, 0xff,
  0xff, 0xff, 0xff, 0xff, 0x00, 0x00, 0x00, 0x00, 0x00, 0x00, 0x00, 0x00,
  0x00, 0x00, 0x00, 0x00, 0x00, 0x00, 0x00, 0x00, 0x00, 0x00, 0x00, 0x00,
  0x00, 0x00, 0x00, 0x00, 0x00, 0x00, 0x00, 0x00, 0x00, 0x00, 0x00, 0x00,
  0x00, 0x00, 0x00, 0x00, 0x00, 0x00, 0x00, 0x00, 0x00, 0x00, 0x00, 0x00,
  0x00, 0x00, 0x00, 0x00, 0x00, 0x00, 0x00, 0x00, 0x00, 0x00, 0x00, 0x00,
  0x00, 0x00, 0x00, 0x00, 0x00, 0x00, 0x00, 0x00, 0x00, 0x00, 0x00, 0x00,
  0x00, 0x00, 0x00, 0x00, 0x00, 0x00, 0x00, 0x00, 0x00, 0x00, 0x00, 0x00,
  0x00, 0x00, 0x00, 0x00, 0x00, 0x00, 0x00, 0x00, 0x00, 0x00, 0x00, 0x00,
  0x00, 0x00, 0x00, 0x00, 0x00, 0x00, 0x00, 0x00, 0x00, 0x00, 0x00, 0x00,
  0x00, 0x00, 0x00, 0x00, 0x00, 0x00, 0x00, 0x00, 0x00, 0x00, 0x00, 0x00,
  0x00, 0x00, 0x00, 0x00, 0x00, 0x00, 0x00, 0x00, 0x00, 0x00, 0x00, 0x00,
  0x00, 0x00, 0x00, 0x00, 0x00, 0x00, 0x00, 0x00, 0x00, 0x00, 0x00, 0x00,
  0x00, 0x00, 0x00, 0x00, 0x00, 0x00, 0x00, 0x00, 0x00, 0x00, 0x00, 0x00,
  0x00, 0x00, 0x00, 0x00, 0x00, 0x00, 0x00, 0x00, 0x00, 0x00, 0x00, 0x00,
  0x00, 0x00, 0x00, 0x00, 0x00, 0x00, 0x00, 0x00, 0x00, 0x00, 0x00, 0x00,
  0x00, 0x00, 0x00, 0x00, 0x00, 0x00, 0x00, 0x00, 0x00, 0x00, 0x00, 0x00,
  0x00, 0x00, 0x00, 0x00, 0x00, 0x00, 0x00, 0x00, 0x00, 0x00, 0x00, 0x00,
  0x00, 0x00, 0x00, 0x00, 0x00, 0x00, 0x00, 0x00, 0x00, 0x00, 0x00, 0x00,
  0x00, 0x00, 0x00, 0x00, 0x00, 0x00, 0x00, 0x00, 0x00, 0x00, 0x00, 0x00,
  0x00, 0x00, 0x00, 0x00, 0x00, 0x00, 0x00, 0x00, 0x00, 0x00, 0x00, 0x00,
  0x00, 0x00, 0x00, 0x00, 0x00, 0x00, 0x00, 0x00, 0x00, 0x00, 0x00, 0x00,
  0x00, 0x00, 0x00, 0x00, 0xe6, 0x72, 0xee, 0x72, 0xee, 0x92, 0xf6, 0xb2,
  0xf6, 0xb3, 0xf6, 0xb2, 0xf6, 0x92, 0xf6, 0x91, 0xf6, 0x91, 0xf6, 0x70,
  0xf6, 0x70, 0xfe, 0x90, 0xfe, 0xb1, 0xfe, 0x70, 0xfe, 0x90, 0xfe, 0x70,
  0xfe, 0x90, 0xfe, 0x90, 0xfe, 0x90, 0xfe, 0x8f, 0xfe, 0x6f, 0xfe, 0x4e,
  0xfe, 0x4d, 0xfe, 0x4d, 0xfe, 0x6d, 0xfe, 0x8e, 0xfe, 0xae, 0xfe, 0xcf,
  0xfe, 0xf0, 0xff, 0x32, 0xff, 0x53, 0xff, 0x54, 0xff, 0x77, 0xff, 0xb8,
  0xff, 0xda, 0xff, 0xda, 0xff, 0xfb, 0xff, 0xfb, 0xff, 0xfc, 0xff, 0xfc,
  0xff, 0xfc, 0xff, 0xfc, 0xff, 0xfb, 0xff, 0xfb, 0xff, 0xfa, 0xff, 0xfa,
  0xff, 0xdc, 0xff, 0xfc, 0xff, 0xfe, 0xff, 0xff, 0xff, 0xfe, 0xff, 0xfe,
  0xff, 0xfe, 0xff, 0xfe, 0xff, 0xfe, 0xff, 0xfe, 0xff, 0xfd, 0xff, 0xfd,
  0xff, 0xfd, 0xff, 0xfd, 0xff, 0xfd, 0xff, 0xfd, 0xff, 0xfd, 0xff, 0xfd,
  0xff, 0xfc, 0xff, 0xfc, 0xff, 0xfc, 0xff, 0xfb, 0xff, 0xfb, 0xff, 0xfa,
  0xff, 0xfa, 0xff, 0xfb, 0xff, 0xfb, 0xff, 0xfc, 0xff, 0xfc, 0xff, 0xfd,
  0xff, 0xfd, 0xff, 0xfe, 0xff, 0xfe, 0xff, 0xfe, 0xff, 0xfe, 0xff, 0xfe,
  0xff, 0xfe, 0xff, 0xfe, 0xff, 0xfe, 0xff, 0xff, 0xff, 0xff, 0xff, 0xff,
  0xff, 0xff, 0xff, 0xff, 0xff, 0xff, 0xff, 0xff, 0xff, 0xff, 0xff, 0xff,
  0xff, 0xff, 0xff, 0xff, 0xff, 0xff, 0xff, 0xff, 0xff, 0xff, 0xff, 0xff,
  0xff, 0xff, 0xff, 0xff, 0xff, 0xff, 0xff, 0xff, 0xff, 0xff, 0xff, 0xff,
  0xff, 0xff, 0xff, 0xff, 0xff, 0xff, 0xff, 0xff, 0xff, 0xff, 0xff, 0xff,
  0xff, 0xff, 0xff, 0xff, 0xff, 0xff, 0xff, 0xff, 0x00, 0x00, 0x00, 0x00,
  0x00, 0x00, 0x00, 0x00, 0x00, 0x00, 0x00, 0x00, 0x00, 0x00, 0x00, 0x00,
  0x00, 0x00, 0x00, 0x00, 0x00, 0x00, 0x00, 0x00, 0x00, 0x00, 0x00, 0x00,
  0x00, 0x00, 0x00, 0x00, 0x00, 0x00, 0x00, 0x00, 0x00, 0x00, 0x00, 0x00,
  0x00, 0x00, 0x00, 0x00, 0x00, 0x00, 0x00, 0x00, 0x00, 0x00, 0x00, 0x00,
  0x00, 0x00, 0x00, 0x00, 0x00, 0x00, 0x00, 0x00, 0x00, 0x00, 0x00, 0x00,
  0x00, 0x00, 0x00, 0x00, 0x00, 0x00, 0x00, 0x00, 0x00, 0x00, 0x00, 0x00,
  0x00, 0x00, 0x00, 0x00, 0x00, 0x00, 0x00, 0x00, 0x00, 0x00, 0x00, 0x00,
  0x00, 0x00, 0x00, 0x00, 0x00, 0x00, 0x00, 0x00, 0x00, 0x00, 0x00, 0x00,
  0x00, 0x00, 0x00, 0x00, 0x00, 0x00, 0x00, 0x00, 0x00, 0x00, 0x00, 0x00,
  0x00, 0x00, 0x00, 0x00, 0x00, 0x00, 0x00, 0x00, 0x00, 0x00, 0x00, 0x00,
  0x00, 0x00, 0x00, 0x00, 0x00, 0x00, 0x00, 0x00, 0x00, 0x00, 0x00, 0x00,
  0x00, 0x00, 0x00, 0x00, 0x00, 0x00, 0x00, 0x00, 0x00, 0x00, 0x00, 0x00,
  0x00, 0x00, 0x00, 0x00, 0x00, 0x00, 0x00, 0x00, 0x00, 0x00, 0x00, 0x00,
  0x00, 0x00, 0x00, 0x00, 0x00, 0x00, 0x00, 0x00, 0x00, 0x00, 0x00, 0x00,
  0x00, 0x00, 0x00, 0x00, 0x00, 0x00, 0x00, 0x00, 0x00, 0x00, 0x00, 0x00,
  0x00, 0x00, 0x00, 0x00, 0x00, 0x00, 0x00, 0x00, 0x00, 0x00, 0x00, 0x00,
  0x00, 0x00, 0x00, 0x00, 0x00, 0x00, 0x00, 0x00, 0x00, 0x00, 0x00, 0x00,
  0x00, 0x00, 0x00, 0x00, 0x00, 0x00, 0x00, 0x00, 0x00, 0x00, 0x00, 0x00,
  0x00, 0x00, 0x00, 0x00, 0x00, 0x00, 0x00, 0x00, 0x00, 0x00, 0x00, 0x00,
  0x00, 0x00, 0x00, 0x00, 0x00, 0x00, 0x00, 0x00, 0x00, 0x00, 0x00, 0x00,
  0xee, 0x73, 0xee, 0x93, 0xee, 0x92, 0xee, 0x92, 0xee, 0x92, 0xee, 0x92,
  0xee, 0x92, 0xee, 0x92, 0xee, 0x71, 0xee, 0x71, 0xee, 0x50, 0xf6, 0x50,
  0xf6, 0x91, 0xfe, 0xb1, 0xfe, 0x90, 0xfe, 0x70, 0xfe, 0x90, 0xfe, 0x70,
  0xfe, 0x70, 0xfe, 0x6f, 0xfe, 0x4f, 0xf6, 0x2e, 0xf6, 0x2d, 0xfe, 0x4d,
  0xfe, 0x8e, 0xfe, 0xae, 0xfe, 0xcf, 0xfe, 0xef, 0xff, 0x0f, 0xff, 0x30,
  0xff, 0x51, 0xff, 0x52, 0xff, 0x73, 0xff, 0x95, 0xff, 0x97, 0xff, 0xb8,
  0xff, 0xda, 0xff, 0xda, 0xff, 0xfb, 0xff, 0xfb, 0xff, 0xfc, 0xff, 0xfc,
  0xff, 0xfc, 0xff, 0xfd, 0xff, 0xfb, 0xff, 0xfb, 0xff, 0xfa, 0xff, 0xfa,
  0xff, 0xdc, 0xff, 0xfc, 0xff, 0xfe, 0xff, 0xff, 0xff, 0xfe, 0xff, 0xfe,
  0xff, 0xfe, 0xff, 0xfe, 0xff, 0xfe, 0xff, 0xfe, 0xff, 0xfd, 0xff, 0xfd,
  0xff, 0xfd, 0xff, 0xfd, 0xff, 0xfd, 0xff, 0xfd, 0xff, 0xfd, 0xff, 0xfd,
  0xff, 0xfc, 0xff, 0xfc, 0xff, 0xfc, 0xff, 0xfb, 0xff, 0xfb, 0xff, 0xfa,
  0xff, 0xfa, 0xff, 0xfb, 0xff, 0xfb, 0xff, 0xfc, 0xff, 0xfc, 0xff, 0xfd,
  0xff, 0xfd, 0xff, 0xfe, 0xff, 0xfe, 0xff, 0xfe, 0xff, 0xfe, 0xff, 0xfe,
  0xff, 0xfe, 0xff, 0xfe, 0xff, 0xfe, 0xff, 0xff, 0xff, 0xff, 0xff, 0xff,
  0xff, 0xff, 0xff, 0xff, 0xff, 0xff, 0xff, 0xff, 0xff, 0xff, 0xff, 0xff,
  0xff, 0xff, 0xff, 0xff, 0xff, 0xff, 0xff, 0xff, 0xff, 0xff, 0xff, 0xff,
  0xff, 0xff, 0xff, 0xff, 0xff, 0xff, 0xff, 0xff, 0xff, 0xff, 0xff, 0xff,
  0xff, 0xff, 0xff, 0xff, 0xff, 0xff, 0xff, 0xff, 0xff, 0xff, 0xff, 0xff,
  0xff, 0xff, 0xff, 0xff, 0xff, 0xff, 0xff, 0xff, 0xff, 0xff, 0xff, 0xff,
  0x00, 0x00, 0x00, 0x00, 0x00, 0x00, 0x00, 0x00, 0x00, 0x00, 0x00, 0x00,
  0x00, 0x00, 0x00, 0x00, 0x00, 0x00, 0x00, 0x00, 0x00, 0x00, 0x00, 0x00,
  0x00, 0x00, 0x00, 0x00, 0x00, 0x00, 0x00, 0x00, 0x00, 0x00, 0x00, 0x00,
  0x00, 0x00, 0x00, 0x00, 0x00, 0x00, 0x00, 0x00, 0x00, 0x00, 0x00, 0x00,
  0x00, 0x00, 0x00, 0x00, 0x00, 0x00, 0x00, 0x00, 0x00, 0x00, 0x00, 0x00,
  0x00, 0x00, 0x00, 0x00, 0x00, 0x00, 0x00, 0x00, 0x00, 0x00, 0x00, 0x00,
  0x00, 0x00, 0x00, 0x00, 0x00, 0x00, 0x00, 0x00, 0x00, 0x00, 0x00, 0x00,
  0x00, 0x00, 0x00, 0x00, 0x00, 0x00, 0x00, 0x00, 0x00, 0x00, 0x00, 0x00,
  0x00, 0x00, 0x00, 0x00, 0x00, 0x00, 0x00, 0x00, 0x00, 0x00, 0x00, 0x00,
  0x00, 0x00, 0x00, 0x00, 0x00, 0x00, 0x00, 0x00, 0x00, 0x00, 0x00, 0x00,
  0x00, 0x00, 0x00, 0x00, 0x00, 0x00, 0x00, 0x00, 0x00, 0x00, 0x00, 0x00,
  0x00, 0x00, 0x00, 0x00, 0x00, 0x00, 0x00, 0x00, 0x00, 0x00, 0x00, 0x00,
  0x00, 0x00, 0x00, 0x00, 0x00, 0x00, 0x00, 0x00, 0x00, 0x00, 0x00, 0x00,
  0x00, 0x00, 0x00, 0x00, 0x00, 0x00, 0x00, 0x00, 0x00, 0x00, 0x00, 0x00,
  0x00, 0x00, 0x00, 0x00, 0x00, 0x00, 0x00, 0x00, 0x00, 0x00, 0x00, 0x00,
  0x00, 0x00, 0x00, 0x00, 0x00, 0x00, 0x00, 0x00, 0x00, 0x00, 0x00, 0x00,
  0x00, 0x00, 0x00, 0x00, 0x00, 0x00, 0x00, 0x00, 0x00, 0x00, 0x00, 0x00,
  0x00, 0x00, 0x00, 0x00, 0x00, 0x00, 0x00, 0x00, 0x00, 0x00, 0x00, 0x00,
  0x00, 0x00, 0x00, 0x00, 0x00, 0x00, 0x00, 0x00, 0x00, 0x00, 0x00, 0x00,
  0x00, 0x00, 0x00, 0x00, 0x00, 0x00, 0x00, 0x00, 0x00, 0x00, 0xe6, 0x52,
  0xe6, 0x72, 0xee, 0x72, 0xee, 0x72, 0xee, 0x72, 0xee, 0x72, 0xee, 0x71,
  0xee, 0x71, 0xee, 0x71, 0xee, 0x50, 0xee, 0x50, 0xee, 0x70, 0xf6, 0x90,
  0xfe, 0xb1, 0xfe, 0xb0, 0xf6, 0x90, 0xfe, 0x6f, 0xfe, 0x90, 0xfe, 0xb0,
  0xfe, 0x70, 0xfe, 0x4e, 0xf6, 0x2e, 0xed, 0xec, 0xed, 0xec, 0xf6, 0x0c,
  0xfe, 0x8e, 0xfe, 0xcf, 0xfe, 0xcf, 0xfe, 0xf0, 0xff, 0x11, 0xff, 0x32,
  0xff, 0x52, 0xff, 0x53, 0xff, 0x75, 0xff, 0x96, 0xff, 0xb8, 0xff, 0xd9,
  0xff, 0xfb, 0xff, 0xfb, 0xff, 0xfb, 0xff, 0xfb, 0xff, 0xfb, 0xff, 0xfb,
  0xff, 0xfb, 0xff, 0xfa, 0xff, 0xf9, 0xff, 0xd9, 0xff, 0xd7, 0xff, 0xd7,
  0xff, 0xd9, 0xff, 0xfa, 0xff, 0xfe, 0xff, 0xfe, 0xff, 0xfe, 0xff, 0xfe,
  0xff, 0xfd, 0xff, 0xfd, 0xff, 0xfd, 0xff, 0xfd, 0xff, 0xfd, 0xff, 0xfd,
  0xff, 0xfd, 0xff, 0xfd, 0xff, 0xfc, 0xff, 0xfc, 0xff, 0xfc, 0xff, 0xfc,
  0xff, 0xfc, 0xff, 0xfd, 0xff, 0xfc, 0xff, 0xfc, 0xff, 0xfb, 0xff, 0xfb,
  0xff, 0xfb, 0xff, 0xfa, 0xff, 0xfa, 0xff, 0xfb, 0xff, 0xfb, 0xff, 0xfc,
  0xff, 0xfc, 0xff, 0xfd, 0xff, 0xfd, 0xff, 0xfe, 0xff, 0xfe, 0xff, 0xfe,
  0xff, 0xfe, 0xff, 0xfe, 0xff, 0xfe, 0xff, 0xff, 0xff, 0xff, 0xff, 0xff,
  0xff, 0xff, 0xff, 0xff, 0xff, 0xff, 0xff, 0xff, 0xff, 0xff, 0xff, 0xff,
  0xff, 0xff, 0xff, 0xff, 0xff, 0xff, 0xff, 0xff, 0xff, 0xff, 0xff, 0xff,
  0xff, 0xff, 0xff, 0xff, 0xff, 0xff, 0xff, 0xff, 0xff, 0xff, 0xff, 0xff,
  0xff, 0xff, 0xff, 0xff, 0xff, 0xff, 0xff, 0xff, 0xff, 0xff, 0xff, 0xff,
  0xff, 0xff, 0xff, 0xff, 0xff, 0xff, 0xff, 0xff, 0xff, 0xff, 0xff, 0xff,
  0xff, 0xff, 0x00, 0x00, 0x00, 0x00, 0x00, 0x00, 0x00, 0x00, 0x00, 0x00,
  0x00, 0x00, 0x00, 0x00, 0x00, 0x00, 0x00, 0x00, 0x00, 0x00, 0x00, 0x00,
  0x00, 0x00, 0x00, 0x00, 0x00, 0x00, 0x00, 0x00, 0x00, 0x00, 0x00, 0x00,
  0x00, 0x00, 0x00, 0x00, 0x00, 0x00, 0x00, 0x00, 0x00, 0x00, 0x00, 0x00,
  0x00, 0x00, 0x00, 0x00, 0x00, 0x00, 0x00, 0x00, 0x00, 0x00, 0x00, 0x00,
  0x00, 0x00, 0x00, 0x00, 0x00, 0x00, 0x00, 0x00, 0x00, 0x00, 0x00, 0x00,
  0x00, 0x00, 0x00, 0x00, 0x00, 0x00, 0x00, 0x00, 0x00, 0x00, 0x00, 0x00,
  0x00, 0x00, 0x00, 0x00, 0x00, 0x00, 0x00, 0x00, 0x00, 0x00, 0x00, 0x00,
  0x00, 0x00, 0x00, 0x00, 0x00, 0x00, 0x00, 0x00, 0x00, 0x00, 0x00, 0x00,
  0x00, 0x00, 0x00, 0x00, 0x00, 0x00, 0x00, 0x00, 0x00, 0x00, 0x00, 0x00,
  0x00, 0x00, 0x00, 0x00, 0x00, 0x00, 0x00, 0x00, 0x00, 0x00, 0x00, 0x00,
  0x00, 0x00, 0x00, 0x00, 0x00, 0x00, 0x00, 0x00, 0x00, 0x00, 0x00, 0x00,
  0x00, 0x00, 0x00, 0x00, 0x00, 0x00, 0x00, 0x00, 0x00, 0x00, 0x00, 0x00,
  0x00, 0x00, 0x00, 0x00, 0x00, 0x00, 0x00, 0x00, 0x00, 0x00, 0x00, 0x00,
  0x00, 0x00, 0x00, 0x00, 0x00, 0x00, 0x00, 0x00, 0x00, 0x00, 0x00, 0x00,
  0x00, 0x00, 0x00, 0x00, 0x00, 0x00, 0x00, 0x00, 0x00, 0x00, 0x00, 0x00,
  0x00, 0x00, 0x00, 0x00, 0x00, 0x00, 0x00, 0x00, 0x00, 0x00, 0x00, 0x00,
  0x00, 0x00, 0x00, 0x00, 0x00, 0x00, 0x00, 0x00, 0x00, 0x00, 0x00, 0x00,
  0x00, 0x00, 0x00, 0x00, 0x00, 0x00, 0x00, 0x00, 0x00, 0x00, 0x00, 0x00,
  0x00, 0x00, 0x00, 0x00, 0x00, 0x00, 0xe6, 0x52, 0xe6, 0x52, 0xe6, 0x52,
  0xe6, 0x52, 0xe6, 0x52, 0xe6, 0x52, 0xe6, 0x52, 0xe6, 0x52, 0xe6, 0x71,
  0xee, 0x71, 0xee, 0x51, 0xe6, 0x50, 0xf6, 0x70, 0xf6, 0xb1, 0xfe, 0xb1,
  0xfe, 0xb1, 0xfe, 0xb0, 0xf6, 0x90, 0xfe, 0x90, 0xfe, 0x6f, 0xfe, 0x6f,
  0xf6, 0x2e, 0xed, 0xed, 0xed, 0xed, 0xf6, 0x0d, 0xf6, 0x4d, 0xfe, 0x8e,
  0xfe, 0xcf, 0xfe, 0xcf, 0xfe, 0xef, 0xff, 0x10, 0xff, 0x11, 0xff, 0x31,
  0xff, 0x32, 0xff, 0x53, 0xff, 0x95, 0xff, 0xb6, 0xff, 0xb8, 0xff, 0xd9,
  0xff, 0xfb, 0xff, 0xfb, 0xff, 0xfb, 0xff, 0xfb, 0xff, 0xfb, 0xff, 0xfb,
  0xff, 0xfa, 0xff, 0xfa, 0xff, 0xd8, 0xff, 0xb8, 0xff, 0x96, 0xff, 0x96,
  0xff, 0x98, 0xff, 0xfa, 0xff, 0xfd, 0xff, 0xfe, 0xff, 0xfe, 0xff, 0xfe,
  0xff, 0xfd, 0xff, 0xfd, 0xff, 0xfd, 0xff, 0xfd, 0xff, 0xfd, 0xff, 0xfd,
  0xff, 0xfd, 0xff, 0xfd, 0xff, 0xfc, 0xff, 0xfc, 0xff, 0xfc, 0xff, 0xfc,
  0xff, 0xfc, 0xff, 0xfd, 0xff, 0xfc, 0xff, 0xfb, 0xff, 0xfb, 0xff, 0xfb,
  0xff, 0xfb, 0xff, 0xfa, 0xff, 0xfa, 0xff, 0xfb, 0xff, 0xfb, 0xff, 0xfd,
  0xff, 0xfd, 0xff, 0xfe, 0xff, 0xfd, 0xff, 0xfe, 0xff, 0xfe, 0xff, 0xfe,
  0xff, 0xfe, 0xff, 0xfe, 0xff, 0xfe, 0xff, 0xff, 0xff, 0xff, 0xff, 0xff,
  0xff, 0xff, 0xff, 0xff, 0xff, 0xff, 0xff, 0xff, 0xff, 0xff, 0xff, 0xff,
  0xff, 0xff, 0xff, 0xff, 0xff, 0xff, 0xff, 0xff, 0xff, 0xff, 0xff, 0xff,
  0xff, 0xff, 0xff, 0xff, 0xff, 0xff, 0xff, 0xff, 0xff, 0xff, 0xff, 0xff,
  0xff, 0xff, 0xff, 0xff, 0xff, 0xff, 0xff, 0xff, 0xff, 0xff, 0xff, 0xff,
  0xff, 0xff, 0xff, 0xff, 0xff, 0xff, 0xff, 0xff, 0xff, 0xff, 0xff, 0xff,
  0xff, 0xff, 0xff, 0xff, 0xff, 0xff, 0x00, 0x00, 0x00, 0x00, 0x00, 0x00,
  0x00, 0x00, 0x00, 0x00, 0x00, 0x00, 0x00, 0x00, 0x00, 0x00, 0x00, 0x00,
  0x00, 0x00, 0x00, 0x00, 0x00, 0x00, 0x00, 0x00, 0x00, 0x00, 0x00, 0x00,
  0x00, 0x00, 0x00, 0x00, 0x00, 0x00, 0x00, 0x00, 0x00, 0x00, 0x00, 0x00,
  0x00, 0x00, 0x00, 0x00, 0x00, 0x00, 0x00, 0x00, 0x00, 0x00, 0x00, 0x00,
  0x00, 0x00, 0x00, 0x00, 0x00, 0x00, 0x00, 0x00, 0x00, 0x00, 0x00, 0x00,
  0x00, 0x00, 0x00, 0x00, 0x00, 0x00, 0x00, 0x00, 0x00, 0x00, 0x00, 0x00,
  0x00, 0x00, 0x00, 0x00, 0x00, 0x00, 0x00, 0x00, 0x00, 0x00, 0x00, 0x00,
  0x00, 0x00, 0x00, 0x00, 0x00, 0x00, 0x00, 0x00, 0x00, 0x00, 0x00, 0x00,
  0x00, 0x00, 0x00, 0x00, 0x00, 0x00, 0x00, 0x00, 0x00, 0x00, 0x00, 0x00,
  0x00, 0x00, 0x00, 0x00, 0x00, 0x00, 0x00, 0x00, 0x00, 0x00, 0x00, 0x00,
  0x00, 0x00, 0x00, 0x00, 0x00, 0x00, 0x00, 0x00, 0x00, 0x00, 0x00, 0x00,
  0x00, 0x00, 0x00, 0x00, 0x00, 0x00, 0x00, 0x00, 0x00, 0x00, 0x00, 0x00,
  0x00, 0x00, 0x00, 0x00, 0x00, 0x00, 0x00, 0x00, 0x00, 0x00, 0x00, 0x00,
  0x00, 0x00, 0x00, 0x00, 0x00, 0x00, 0x00, 0x00, 0x00, 0x00, 0x00, 0x00,
  0x00, 0x00, 0x00, 0x00, 0x00, 0x00, 0x00, 0x00, 0x00, 0x00, 0x00, 0x00,
  0x00, 0x00, 0x00, 0x00, 0x00, 0x00, 0x00, 0x00, 0x00, 0x00, 0x00, 0x00,
  0x00, 0x00, 0x00, 0x00, 0x00, 0x00, 0x00, 0x00, 0x00, 0x00, 0x00, 0x00,
  0x00, 0x00, 0x00, 0x00, 0x00, 0x00, 0x00, 0x00, 0x00, 0x00, 0x00, 0x00,
  0x00, 0x00, 0xee, 0x93, 0xe6, 0x73, 0xe6, 0x52, 0xe6, 0x52, 0xe6, 0x52,
  0xe6, 0x52, 0xee, 0x52, 0xee, 0x52, 0xee, 0x52, 0xee, 0x52, 0xee, 0x71,
  0xee, 0x71, 0xee, 0x50, 0xee, 0x50, 0xf6, 0x70, 0xf6, 0x90, 0xf6, 0x90,
  0xf6, 0x4f, 0xf6, 0x4e, 0xf6, 0x6f, 0xf6, 0x4f, 0xf6, 0x4e, 0xf6, 0x0d,
  0xed, 0xed, 0xed, 0xcc, 0xed, 0xed, 0xfe, 0x4e, 0xfe, 0x8f, 0xfe, 0xcf,
  0xfe, 0xf0, 0xfe, 0xf0, 0xfe, 0xf0, 0xff, 0x11, 0xff, 0x31, 0xff, 0x33,
  0xff, 0x53, 0xff, 0x75, 0xff, 0xb7, 0xff, 0xb8, 0xff, 0xda, 0xff, 0xfa,
  0xff, 0xfc, 0xff, 0xfb, 0xff, 0xfb, 0xff, 0xfb, 0xff, 0xfa, 0xff, 0xfa,
  0xff, 0xf9, 0xff, 0xd9, 0xff, 0xb7, 0xff, 0x97, 0xff, 0x76, 0xff, 0x76,
  0xff, 0x98, 0xff, 0xfa, 0xff, 0xfd, 0xff, 0xfe, 0xff, 0xfe, 0xff, 0xfe,
  0xff, 0xfd, 0xff, 0xfd, 0xff, 0xfd, 0xff, 0xfd, 0xff, 0xfd, 0xff, 0xfd,
  0xff, 0xfd, 0xff, 0xfd, 0xff, 0xfc, 0xff, 0xfc, 0xff, 0xfc, 0xff, 0xfc,
  0xff, 0xfd, 0xff, 0xfe, 0xff, 0xfe, 0xff, 0xfd, 0xff, 0xfd, 0xff, 0xfc,
  0xff, 0xfc, 0xff, 0xfb, 0xff, 0xfb, 0xff, 0xfa, 0xff, 0xfa, 0xff, 0xfb,
  0xff, 0xfb, 0xff, 0xfc, 0xff, 0xfc, 0xff, 0xfe, 0xff, 0xfe, 0xff, 0xfe,
  0xff, 0xfe, 0xff, 0xfe, 0xff, 0xfe, 0xff, 0xff, 0xff, 0xff, 0xff, 0xff,
  0xff, 0xff, 0xff, 0xff, 0xff, 0xff, 0xff, 0xff, 0xff, 0xff, 0xff, 0xff,
  0xff, 0xff, 0xff, 0xff, 0xff, 0xff, 0xff, 0xff, 0xff, 0xff, 0xff, 0xff,
  0xff, 0xff, 0xff, 0xff, 0xff, 0xff, 0xff, 0xff, 0xff, 0xff, 0xff, 0xff,
  0xff, 0xff, 0xff, 0xff, 0xff, 0xff, 0xff, 0xff, 0xff, 0xff, 0xff, 0xff,
  0xff, 0xff, 0xff, 0xff, 0xff, 0xff, 0xff, 0xff, 0xff, 0xff, 0xff, 0xff,
  0xff, 0xff, 0xff, 0xff, 0xff, 0xff, 0xff, 0xff, 0xff, 0xff, 0x00, 0x00,
  0x00, 0x00, 0x00, 0x00, 0x00, 0x00, 0x00, 0x00, 0x00, 0x00, 0x00, 0x00,
  0x00, 0x00, 0x00, 0x00, 0x00, 0x00, 0x00, 0x00, 0x00, 0x00, 0x00, 0x00,
  0x00, 0x00, 0x00, 0x00, 0x00, 0x00, 0x00, 0x00, 0x00, 0x00, 0x00, 0x00,
  0x00, 0x00, 0x00, 0x00, 0x00, 0x00, 0x00, 0x00, 0x00, 0x00, 0x00, 0x00,
  0x00, 0x00, 0x00, 0x00, 0x00, 0x00, 0x00, 0x00, 0x00, 0x00, 0x00, 0x00,
  0x00, 0x00, 0x00, 0x00, 0x00, 0x00, 0x00, 0x00, 0x00, 0x00, 0x00, 0x00,
  0x00, 0x00, 0x00, 0x00, 0x00, 0x00, 0x00, 0x00, 0x00, 0x00, 0x00, 0x00,
  0x00, 0x00, 0x00, 0x00, 0x00, 0x00, 0x00, 0x00, 0x00, 0x00, 0x00, 0x00,
  0x00, 0x00, 0x00, 0x00, 0x00, 0x00, 0x00, 0x00, 0x00, 0x00, 0x00, 0x00,
  0x00, 0x00, 0x00, 0x00, 0x00, 0x00, 0x00, 0x00, 0x00, 0x00, 0x00, 0x00,
  0x00, 0x00, 0x00, 0x00, 0x00, 0x00, 0x00, 0x00, 0x00, 0x00, 0x00, 0x00,
  0x00, 0x00, 0x00, 0x00, 0x00, 0x00, 0x00, 0x00, 0x00, 0x00, 0x00, 0x00,
  0x00, 0x00, 0x00, 0x00, 0x00, 0x00, 0x00, 0x00, 0x00, 0x00, 0x00, 0x00,
  0x00, 0x00, 0x00, 0x00, 0x00, 0x00, 0x00, 0x00, 0x00, 0x00, 0x00, 0x00,
  0x00, 0x00, 0x00, 0x00, 0x00, 0x00, 0x00, 0x00, 0x00, 0x00, 0x00, 0x00,
  0x00, 0x00, 0x00, 0x00, 0x00, 0x00, 0x00, 0x00, 0x00, 0x00, 0x00, 0x00,
  0x00, 0x00, 0x00, 0x00, 0x00, 0x00, 0x00, 0x00, 0x00, 0x00, 0x00, 0x00,
  0x00, 0x00, 0x00, 0x00, 0x00, 0x00, 0x00, 0x00, 0x00, 0x00, 0x00, 0x00,
  0xee, 0x93, 0xee, 0x73, 0xe6, 0x73, 0xe6, 0x52, 0xe6, 0x52, 0xe6, 0x52,
  0xe6, 0x52, 0xee, 0x52, 0xee, 0x72, 0xee, 0x72, 0xee, 0x72, 0xee, 0x71,
  0xee, 0x71, 0xee, 0x51, 0xf6, 0x91, 0xf6, 0x90, 0xf6, 0x70, 0xee, 0x4f,
  0xee, 0x4e, 0xee, 0x2e, 0xee, 0x2e, 0xf6, 0x2e, 0xee, 0x0e, 0xed, 0xcc,
  0xed, 0xcd, 0xf6, 0x0d, 0xf6, 0x2e, 0xfe, 0x6e, 0xfe, 0xaf, 0xfe, 0xd0,
  0xfe, 0xf0, 0xfe, 0xf0, 0xff, 0x10, 0xff, 0x31, 0xff, 0x32, 0xff, 0x53,
  0xff, 0x54, 0xff, 0x75, 0xff, 0xb8, 0xff, 0xd9, 0xff, 0xda, 0xff, 0xfa,
  0xff, 0xfc, 0xff, 0xfc, 0xff, 0xfb, 0xff, 0xfb, 0xff, 0xfa, 0xff, 0xfa,
  0xff, 0xf9, 0xff, 0xd9, 0xff, 0x96, 0xff, 0x96, 0xff, 0x95, 0xff, 0x96,
  0xff, 0x98, 0xff, 0xfa, 0xff, 0xfd, 0xff, 0xfe, 0xff, 0xfe, 0xff, 0xfe,
  0xff, 0xfd, 0xff, 0xfd, 0xff, 0xfd, 0xff, 0xfd, 0xff, 0xfd, 0xff, 0xfd,
  0xff, 0xfd, 0xff, 0xfd, 0xff, 0xfc, 0xff, 0xfc, 0xff, 0xfc, 0xff, 0xfc,
  0xff, 0xfd, 0xff, 0xfe, 0xff, 0xfe, 0xff, 0xfd, 0xff, 0xfd, 0xff, 0xfc,
  0xff, 0xfc, 0xff, 0xfb, 0xff, 0xfb, 0xff, 0xfa, 0xff, 0xfa, 0xff, 0xfb,
  0xff, 0xfb, 0xff, 0xfc, 0xff, 0xfc, 0xff, 0xfe, 0xff, 0xfe, 0xff, 0xfe,
  0xff, 0xfe, 0xff, 0xfe, 0xff, 0xfe, 0xff, 0xff, 0xff, 0xff, 0xff, 0xff,
  0xff, 0xff, 0xff, 0xff, 0xff, 0xff, 0xff, 0xff, 0xff, 0xff, 0xff, 0xff,
  0xff, 0xff, 0xff, 0xff, 0xff, 0xff, 0xff, 0xff, 0xff, 0xff, 0xff, 0xff,
  0xff, 0xff, 0xff, 0xff, 0xff, 0xff, 0xff, 0xff, 0xff, 0xff, 0xff, 0xff,
  0xff, 0xff, 0xff, 0xff, 0xff, 0xff, 0xff, 0xff, 0xff, 0xff, 0xff, 0xff,
  0xff, 0xff, 0xff, 0xff, 0xff, 0xff, 0xff, 0xff, 0xff, 0xff, 0xff, 0xff,
  0xff, 0xff, 0xff, 0xff, 0xff, 0xff, 0xff, 0xff, 0xff, 0xff, 0xff, 0xff,
  0x00, 0x00, 0x00, 0x00, 0x00, 0x00, 0x00, 0x00, 0x00, 0x00, 0x00, 0x00,
  0x00, 0x00, 0x00, 0x00, 0x00, 0x00, 0x00, 0x00, 0x00, 0x00, 0x00, 0x00,
  0x00, 0x00, 0x00, 0x00, 0x00, 0x00, 0x00, 0x00, 0x00, 0x00, 0x00, 0x00,
  0x00, 0x00, 0x00, 0x00, 0x00, 0x00, 0x00, 0x00, 0x00, 0x00, 0x00, 0x00,
  0x00, 0x00, 0x00, 0x00, 0x00, 0x00, 0x00, 0x00, 0x00, 0x00, 0x00, 0x00,
  0x00, 0x00, 0x00, 0x00, 0x00, 0x00, 0x00, 0x00, 0x00, 0x00, 0x00, 0x00,
  0x00, 0x00, 0x00, 0x00, 0x00, 0x00, 0x00, 0x00, 0x00, 0x00, 0x00, 0x00,
  0x00, 0x00, 0x00, 0x00, 0x00, 0x00, 0x00, 0x00, 0x00, 0x00, 0x00, 0x00,
  0x00, 0x00, 0x00, 0x00, 0x00, 0x00, 0x00, 0x00, 0x00, 0x00, 0x00, 0x00,
  0x00, 0x00, 0x00, 0x00, 0x00, 0x00, 0x00, 0x00, 0x00, 0x00, 0x00, 0x00,
  0x00, 0x00, 0x00, 0x00, 0x00, 0x00, 0x00, 0x00, 0x00, 0x00, 0x00, 0x00,
  0x00, 0x00, 0x00, 0x00, 0x00, 0x00, 0x00, 0x00, 0x00, 0x00, 0x00, 0x00,
  0x00, 0x00, 0x00, 0x00, 0x00, 0x00, 0x00, 0x00, 0x00, 0x00, 0x00, 0x00,
  0x00, 0x00, 0x00, 0x00, 0x00, 0x00, 0x00, 0x00, 0x00, 0x00, 0x00, 0x00,
  0x00, 0x00, 0x00, 0x00, 0x00, 0x00, 0x00, 0x00, 0x00, 0x00, 0x00, 0x00,
  0x00, 0x00, 0x00, 0x00, 0x00, 0x00, 0x00, 0x00, 0x00, 0x00, 0x00, 0x00,
  0x00, 0x00, 0x00, 0x00, 0x00, 0x00, 0x00, 0x00, 0x00, 0x00, 0x00, 0x00,
  0x00, 0x00, 0x00, 0x00, 0x00, 0x00, 0x00, 0x00, 0xf6, 0xb4, 0xee, 0x93,
  0xee, 0x73, 0xee, 0x73, 0xee, 0x53, 0xee, 0x52, 0xee, 0x52, 0xee, 0x52,
  0xee, 0x52, 0xee, 0x72, 0xee, 0x72, 0xee, 0x72, 0xee, 0x72, 0xee, 0x71,
  0xee, 0x51, 0xee, 0x50, 0xee, 0x70, 0xf6, 0x6f, 0xee, 0x4f, 0xee, 0x2e,
  0xee, 0x2e, 0xee, 0x0d, 0xe5, 0xec, 0xe5, 0xcc, 0xe5, 0xec, 0xed, 0xed,
  0xfe, 0x2e, 0xfe, 0x6e, 0xfe, 0x8f, 0xfe, 0x8f, 0xfe, 0xaf, 0xfe, 0xd0,
  0xfe, 0xd0, 0xfe, 0xf1, 0xff, 0x11, 0xff, 0x33, 0xff, 0x53, 0xff, 0x55,
  0xff, 0x76, 0xff, 0x97, 0xff, 0xd9, 0xff, 0xfa, 0xff, 0xfc, 0xff, 0xfc,
  0xff, 0xfd, 0xff, 0xfd, 0xff, 0xfc, 0xff, 0xdc, 0xff, 0xdb, 0xff, 0xba,
  0xff, 0x59, 0xff, 0x59, 0xff, 0x58, 0xff, 0x58, 0xff, 0x59, 0xff, 0x79,
  0xff, 0x9b, 0xff, 0xfc, 0xff, 0xfe, 0xff, 0xfe, 0xff, 0xfe, 0xff, 0xfe,
  0xff, 0xfd, 0xff, 0xfd, 0xff, 0xfd, 0xff, 0xfd, 0xff, 0xfd, 0xff, 0xfd,
  0xff, 0xfd, 0xff, 0xfd, 0xff, 0xfd, 0xff, 0xfd, 0xff, 0xfc, 0xff, 0xfc,
  0xff, 0xfd, 0xff, 0xfe, 0xff, 0xfe, 0xff, 0xfe, 0xff, 0xfd, 0xff, 0xfd,
  0xff, 0xfd, 0xff, 0xfc, 0xff, 0xfc, 0xff, 0xfa, 0xff, 0xfa, 0xff, 0xfa,
  0xff, 0xfa, 0xff, 0xfb, 0xff, 0xfb, 0xff, 0xfc, 0xff, 0xfd, 0xff, 0xfe,
  0xff, 0xfe, 0xff, 0xfe, 0xff, 0xfe, 0xff, 0xff, 0xff, 0xff, 0xff, 0xff,
  0xff, 0xff, 0xff, 0xff, 0xff, 0xff, 0xff, 0xff, 0xff, 0xff, 0xff, 0xff,
  0xff, 0xff, 0xff, 0xff, 0xff, 0xff, 0xff, 0xff, 0xff, 0xff, 0xff, 0xff,
  0xff, 0xff, 0xff, 0xff, 0xff, 0xff, 0xff, 0xff, 0xff, 0xff, 0xff, 0xff,
  0xff, 0xff, 0xff, 0xff, 0xff, 0xff, 0xff, 0xff, 0xff, 0xff, 0xff, 0xff,
  0xff, 0xff, 0xff, 0xff, 0xff, 0xff, 0xff, 0xff, 0xff, 0xff, 0xff, 0xff,
  0xff, 0xff, 0xff, 0xff, 0xff, 0xff, 0xff, 0xff, 0xff, 0xff, 0xff, 0xff,
  0xff, 0xff, 0xff, 0xff, 0x00, 0x00, 0x00, 0x00, 0x00, 0x00, 0x00, 0x00,
  0x00, 0x00, 0x00, 0x00, 0x00, 0x00, 0x00, 0x00, 0x00, 0x00, 0x00, 0x00,
  0x00, 0x00, 0x00, 0x00, 0x00, 0x00, 0x00, 0x00, 0x00, 0x00, 0x00, 0x00,
  0x00, 0x00, 0x00, 0x00, 0x00, 0x00, 0x00, 0x00, 0x00, 0x00, 0x00, 0x00,
  0x00, 0x00, 0x00, 0x00, 0x00, 0x00, 0x00, 0x00, 0x00, 0x00, 0x00, 0x00,
  0x00, 0x00, 0x00, 0x00, 0x00, 0x00, 0x00, 0x00, 0x00, 0x00, 0x00, 0x00,
  0x00, 0x00, 0x00, 0x00, 0x00, 0x00, 0x00, 0x00, 0x00, 0x00, 0x00, 0x00,
  0x00, 0x00, 0x00, 0x00, 0x00, 0x00, 0x00, 0x00, 0x00, 0x00, 0x00, 0x00,
  0x00, 0x00, 0x00, 0x00, 0x00, 0x00, 0x00, 0x00, 0x00, 0x00, 0x00, 0x00,
  0x00, 0x00, 0x00, 0x00, 0x00, 0x00, 0x00, 0x00, 0x00, 0x00, 0x00, 0x00,
  0x00, 0x00, 0x00, 0x00, 0x00, 0x00, 0x00, 0x00, 0x00, 0x00, 0x00, 0x00,
  0x00, 0x00, 0x00, 0x00, 0x00, 0x00, 0x00, 0x00, 0x00, 0x00, 0x00, 0x00,
  0x00, 0x00, 0x00, 0x00, 0x00, 0x00, 0x00, 0x00, 0x00, 0x00, 0x00, 0x00,
  0x00, 0x00, 0x00, 0x00, 0x00, 0x00, 0x00, 0x00, 0x00, 0x00, 0x00, 0x00,
  0x00, 0x00, 0x00, 0x00, 0x00, 0x00, 0x00, 0x00, 0x00, 0x00, 0x00, 0x00,
  0x00, 0x00, 0x00, 0x00, 0x00, 0x00, 0x00, 0x00, 0x00, 0x00, 0x00, 0x00,
  0x00, 0x00, 0x00, 0x00, 0x00, 0x00, 0x00, 0x00, 0x00, 0x00, 0x00, 0x00,
  0x00, 0x00, 0x00, 0x00, 0x00, 0x00, 0xf6, 0xd4, 0xf6, 0xb4, 0xee, 0x73,
  0xee, 0x73, 0xee, 0x73, 0xee, 0x53, 0xee, 0x52, 0xee, 0x53, 0xee, 0x53,
  0xee, 0x52, 0xee, 0x72, 0xee, 0x72, 0xee, 0x72, 0xee, 0x72, 0xee, 0x51,
  0xee, 0x51, 0xee, 0x2f, 0xee, 0x2f, 0xee, 0x4f, 0xee, 0x2e, 0xee, 0x2d,
  0xee, 0x0d, 0xe5, 0xcc, 0xdd, 0xab, 0xe5, 0xab, 0xe5, 0xcc, 0xfe, 0x4e,
  0xfe, 0x8f, 0xfe, 0xaf, 0xfe, 0xaf, 0xfe, 0xaf, 0xfe, 0xd0, 0xfe, 0xd0,
  0xfe, 0xf0, 0xfe, 0xf1, 0xff, 0x12, 0xff, 0x33, 0xff, 0x54, 0xff, 0x75,
  0xff, 0x96, 0xff, 0xd8, 0xff, 0xfa, 0xff, 0xfb, 0xff, 0xfd, 0xff, 0xfc,
  0xff, 0xfd, 0xff, 0xfd, 0xff, 0xfc, 0xff, 0xdc, 0xff, 0xbb, 0xff, 0x9a,
  0xff, 0x59, 0xff, 0x59, 0xff, 0x59, 0xff, 0x79, 0xff, 0x7a, 0xff, 0x7a,
  0xff, 0x9b, 0xff, 0xfd, 0xff, 0xfe, 0xff, 0xfe, 0xff, 0xfe, 0xff, 0xfe,
  0xff, 0xfd, 0xff, 0xfd, 0xff, 0xfd, 0xff, 0xfd, 0xff, 0xfd, 0xff, 0xfd,
  0xff, 0xfd, 0xff, 0xfc, 0xff, 0xfd, 0xff, 0xfd, 0xff, 0xfc, 0xff, 0xfc,
  0xff, 0xfd, 0xff, 0xfe, 0xff, 0xfe, 0xff, 0xfe, 0xff, 0xfe, 0xff, 0xfd,
  0xff, 0xfd, 0xff, 0xfc, 0xff, 0xfc, 0xff, 0xfa, 0xff, 0xfa, 0xff, 0xfa,
  0xff, 0xfa, 0xff, 0xfb, 0xff, 0xfb, 0xff, 0xfc, 0xff, 0xfc, 0xff, 0xfe,
  0xff, 0xfe, 0xff, 0xfe, 0xff, 0xfe, 0xff, 0xff, 0xff, 0xff, 0xff, 0xff,
  0xff, 0xff, 0xff, 0xff, 0xff, 0xff, 0xff, 0xff, 0xff, 0xff, 0xff, 0xff,
  0xff, 0xff, 0xff, 0xff, 0xff, 0xff, 0xff, 0xff, 0xff, 0xff, 0xff, 0xff,
  0xff, 0xff, 0xff, 0xff, 0xff, 0xff, 0xff, 0xff, 0xff, 0xff, 0xff, 0xff,
  0xff, 0xff, 0xff, 0xff, 0xff, 0xff, 0xff, 0xff, 0xff, 0xff, 0xff, 0xff,
  0xff, 0xff, 0xff, 0xff, 0xff, 0xff, 0xff, 0xff, 0xff, 0xff, 0xff, 0xff,
  0xff, 0xff, 0xff, 0xff, 0xff, 0xff, 0xff, 0xff, 0xff, 0xff, 0xff, 0xff,
  0xff, 0xff, 0xff, 0xff, 0xff, 0xff, 0x00, 0x00, 0x00, 0x00, 0x00, 0x00,
  0x00, 0x00, 0x00, 0x00, 0x00, 0x00, 0x00, 0x00, 0x00, 0x00, 0x00, 0x00,
  0x00, 0x00, 0x00, 0x00, 0x00, 0x00, 0x00, 0x00, 0x00, 0x00, 0x00, 0x00,
  0x00, 0x00, 0x00, 0x00, 0x00, 0x00, 0x00, 0x00, 0x00, 0x00, 0x00, 0x00,
  0x00, 0x00, 0x00, 0x00, 0x00, 0x00, 0x00, 0x00, 0x00, 0x00, 0x00, 0x00,
  0x00, 0x00, 0x00, 0x00, 0x00, 0x00, 0x00, 0x00, 0x00, 0x00, 0x00, 0x00,
  0x00, 0x00, 0x00, 0x00, 0x00, 0x00, 0x00, 0x00, 0x00, 0x00, 0x00, 0x00,
  0x00, 0x00, 0x00, 0x00, 0x00, 0x00, 0x00, 0x00, 0x00, 0x00, 0x00, 0x00,
  0x00, 0x00, 0x00, 0x00, 0x00, 0x00, 0x00, 0x00, 0x00, 0x00, 0x00, 0x00,
  0x00, 0x00, 0x00, 0x00, 0x00, 0x00, 0x00, 0x00, 0x00, 0x00, 0x00, 0x00,
  0x00, 0x00, 0x00, 0x00, 0x00, 0x00, 0x00, 0x00, 0x00, 0x00, 0x00, 0x00,
  0x00, 0x00, 0x00, 0x00, 0x00, 0x00, 0x00, 0x00, 0x00, 0x00, 0x00, 0x00,
  0x00, 0x00, 0x00, 0x00, 0x00, 0x00, 0x00, 0x00, 0x00, 0x00, 0x00, 0x00,
  0x00, 0x00, 0x00, 0x00, 0x00, 0x00, 0x00, 0x00, 0x00, 0x00, 0x00, 0x00,
  0x00, 0x00, 0x00, 0x00, 0x00, 0x00, 0x00, 0x00, 0x00, 0x00, 0x00, 0x00,
  0x00, 0x00, 0x00, 0x00, 0x00, 0x00, 0x00, 0x00, 0x00, 0x00, 0x00, 0x00,
  0x00, 0x00, 0x00, 0x00, 0x00, 0x00, 0x00, 0x00, 0x00, 0x00, 0x00, 0x00,
  0x00, 0x00, 0x00, 0x00, 0xf6, 0xb4, 0xf6, 0xb5, 0xf6, 0xb4, 0xee, 0x93,
  0xee, 0x53, 0xee, 0x53, 0xee, 0x52, 0xee, 0x32, 0xee, 0x32, 0xee, 0x32,
  0xee, 0x52, 0xee, 0x52, 0xf6, 0x72, 0xf6, 0x52, 0xf6, 0x51, 0xee, 0x50,
  0xee, 0x30, 0xee, 0x2f, 0xee, 0x2f, 0xee, 0x2e, 0xee, 0x2e, 0xee, 0x0d,
  0xe5, 0xcc, 0xdd, 0xab, 0xdd, 0xab, 0xe5, 0xab, 0xee, 0x0c, 0xfe, 0x6e,
  0xfe, 0x8f, 0xfe, 0xaf, 0xfe, 0xaf, 0xfe, 0xd0, 0xfe, 0xf0, 0xfe, 0xf1,
  0xff, 0x11, 0xff, 0x32, 0xff, 0x33, 0xff, 0x55, 0xff, 0x96, 0xff, 0x97,
  0xff, 0xd8, 0xff, 0xfa, 0xff, 0xfb, 0xff, 0xfc, 0xff, 0xfe, 0xff, 0xfe,
  0xff, 0xff, 0xff, 0xff, 0xff, 0xdf, 0xff, 0xde, 0xff, 0xbe, 0xff, 0x7d,
  0xff, 0x7d, 0xff, 0x9d, 0xff, 0x9d, 0xff, 0x9d, 0xff, 0xbe, 0xff, 0xbe,
  0xff, 0xbe, 0xff, 0xff, 0xff, 0xfe, 0xff, 0xfe, 0xff, 0xfe, 0xff, 0xfe,
  0xff, 0xfe, 0xff, 0xfe, 0xff, 0xfe, 0xff, 0xfe, 0xff, 0xfd, 0xff, 0xfd,
  0xff, 0xfd, 0xff, 0xfd, 0xff, 0xfd, 0xff, 0xfd, 0xff, 0xfd, 0xff, 0xfd,
  0xff, 0xfd, 0xff, 0xfe, 0xff, 0xfe, 0xff, 0xfe, 0xff, 0xfe, 0xff, 0xfe,
  0xff, 0xfe, 0xff, 0xfd, 0xff, 0xfd, 0xff, 0xfb, 0xff, 0xfb, 0xff, 0xfb,
  0xff, 0xfb, 0xff, 0xfc, 0xff, 0xfc, 0xff, 0xfd, 0xff, 0xfd, 0xff, 0xfe,
  0xff, 0xfe, 0xff, 0xfe, 0xff, 0xfe, 0xff, 0xff, 0xff, 0xff, 0xff, 0xff,
  0xff, 0xff, 0xff, 0xff, 0xff, 0xff, 0xff, 0xff, 0xff, 0xff, 0xff, 0xff,
  0xff, 0xff, 0xff, 0xff, 0xff, 0xff, 0xff, 0xff, 0xff, 0xff, 0xff, 0xff,
  0xff, 0xff, 0xff, 0xff, 0xff, 0xff, 0xff, 0xff, 0xff, 0xff, 0xff, 0xff,
  0xff, 0xff, 0xff, 0xff, 0xff, 0xff, 0xff, 0xff, 0xff, 0xff, 0xff, 0xff,
  0xff, 0xff, 0xff, 0xff, 0xff, 0xff, 0xff, 0xff, 0xff, 0xff, 0xff, 0xff,
  0xff, 0xff, 0xff, 0xff, 0xff, 0xff, 0xff, 0xff, 0xff, 0xff, 0xff, 0xff,
  0xff, 0xff, 0xff, 0xff, 0xff, 0xff, 0xff, 0xff, 0x00, 0x00, 0x00, 0x00,
  0x00, 0x00, 0x00, 0x00, 0x00, 0x00, 0x00, 0x00, 0x00, 0x00, 0x00, 0x00,
  0x00, 0x00, 0x00, 0x00, 0x00, 0x00, 0x00, 0x00, 0x00, 0x00, 0x00, 0x00,
  0x00, 0x00, 0x00, 0x00, 0x00, 0x00, 0x00, 0x00, 0x00, 0x00, 0x00, 0x00,
  0x00, 0x00, 0x00, 0x00, 0x00, 0x00, 0x00, 0x00, 0x00, 0x00, 0x00, 0x00,
  0x00, 0x00, 0x00, 0x00, 0x00, 0x00, 0x00, 0x00, 0x00, 0x00, 0x00, 0x00,
  0x00, 0x00, 0x00, 0x00, 0x00, 0x00, 0x00, 0x00, 0x00, 0x00, 0x00, 0x00,
  0x00, 0x00, 0x00, 0x00, 0x00, 0x00, 0x00, 0x00, 0x00, 0x00, 0x00, 0x00,
  0x00, 0x00, 0x00, 0x00, 0x00, 0x00, 0x00, 0x00, 0x00, 0x00, 0x00, 0x00,
  0x00, 0x00, 0x00, 0x00, 0x00, 0x00, 0x00, 0x00, 0x00, 0x00, 0x00, 0x00,
  0x00, 0x00, 0x00, 0x00, 0x00, 0x00, 0x00, 0x00, 0x00, 0x00, 0x00, 0x00,
  0x00, 0x00, 0x00, 0x00, 0x00, 0x00, 0x00, 0x00, 0x00, 0x00, 0x00, 0x00,
  0x00, 0x00, 0x00, 0x00, 0x00, 0x00, 0x00, 0x00, 0x00, 0x00, 0x00, 0x00,
  0x00, 0x00, 0x00, 0x00, 0x00, 0x00, 0x00, 0x00, 0x00, 0x00, 0x00, 0x00,
  0x00, 0x00, 0x00, 0x00, 0x00, 0x00, 0x00, 0x00, 0x00, 0x00, 0x00, 0x00,
  0x00, 0x00, 0x00, 0x00, 0x00, 0x00, 0x00, 0x00, 0x00, 0x00, 0x00, 0x00,
  0x00, 0x00, 0x00, 0x00, 0x00, 0x00, 0x00, 0x00, 0x00, 0x00, 0x00, 0x00,
  0xf6, 0xb4, 0xf6, 0xb4, 0xf6, 0xb4, 0xf6, 0xb5, 0xf6, 0xb4, 0xee, 0x73,
  0xee, 0x53, 0xee, 0x53, 0xee, 0x52, 0xee, 0x52, 0xee, 0x52, 0xee, 0x52,
  0xee, 0x52, 0xee, 0x52, 0xee, 0x52, 0xf6, 0x51, 0xee, 0x51, 0xee, 0x30,
  0xee, 0x10, 0xee, 0x0e, 0xee, 0x0f, 0xee, 0x2e, 0xe6, 0x0d, 0xe5, 0xcc,
  0xdd, 0xab, 0xdd, 0xaa, 0xdd, 0xcb, 0xe5, 0xcb, 0xee, 0x2d, 0xfe, 0x6e,
  0xfe, 0x8e, 0xfe, 0x8f, 0xfe, 0xaf, 0xfe, 0xcf, 0xfe, 0xf0, 0xff, 0x11,
  0xff, 0x32, 0xff, 0x53, 0xff, 0x74, 0xff, 0x95, 0xff, 0xb6, 0xff, 0xd8,
  0xff, 0xd9, 0xff, 0xfa, 0xff, 0xfc, 0xff, 0xfd, 0xff, 0xff, 0xff, 0xff,
  0xff, 0xff, 0xff, 0xff, 0xff, 0xdf, 0xff, 0xdf, 0xff, 0xbf, 0xff, 0x9e,
  0xff, 0xbf, 0xff, 0xdf, 0xff, 0xdf, 0xff, 0xdf, 0xff, 0xdf, 0xff, 0xdf,
  0xff, 0xff, 0xff, 0xdf, 0xff, 0xfe, 0xff, 0xfe, 0xff, 0xfe, 0xff, 0xfe,
  0xff, 0xfe, 0xff, 0xfe, 0xff, 0xfe, 0xff, 0xfe, 0xff, 0xfd, 0xff, 0xfd,
  0xff, 0xfd, 0xff, 0xfd, 0xff, 0xfd, 0xff, 0xfd, 0xff, 0xfd, 0xff, 0xfd,
  0xff, 0xfd, 0xff, 0xfe, 0xff, 0xfe, 0xff, 0xfe, 0xff, 0xfe, 0xff, 0xfe,
  0xff, 0xfe, 0xff, 0xfd, 0xff, 0xfd, 0xff, 0xfb, 0xff, 0xfc, 0xff, 0xfb,
  0xff, 0xfb, 0xff, 0xfc, 0xff, 0xfc, 0xff, 0xfd, 0xff, 0xfd, 0xff, 0xfe,
  0xff, 0xfe, 0xff, 0xfe, 0xff, 0xfe, 0xff, 0xff, 0xff, 0xff, 0xff, 0xff,
  0xff, 0xff, 0xff, 0xff, 0xff, 0xff, 0xff, 0xff, 0xff, 0xff, 0xff, 0xff,
  0xff, 0xff, 0xff, 0xff, 0xff, 0xff, 0xff, 0xff, 0xff, 0xff, 0xff, 0xff,
  0xff, 0xff, 0xff, 0xff, 0xff, 0xff, 0xff, 0xff, 0xff, 0xff, 0xff, 0xff,
  0xff, 0xff, 0xff, 0xff, 0xff, 0xff, 0xff, 0xff, 0xff, 0xff, 0xff, 0xff,
  0xff, 0xff, 0xff, 0xff, 0xff, 0xff, 0xff, 0xff, 0xff, 0xff, 0xff, 0xff,
  0xff, 0xff, 0xff, 0xff, 0xff, 0xff, 0xff, 0xff, 0xff, 0xff, 0xff, 0xff,
  0xff, 0xff, 0xff, 0xff, 0xff, 0xff, 0xff, 0xff, 0xff, 0xff, 0xff, 0xff,
  0x00, 0x00, 0x00, 0x00, 0x00, 0x00, 0x00, 0x00, 0x00, 0x00, 0x00, 0x00,
  0x00, 0x00, 0x00, 0x00, 0x00, 0x00, 0x00, 0x00, 0x00, 0x00, 0x00, 0x00,
  0x00, 0x00, 0x00, 0x00, 0x00, 0x00, 0x00, 0x00, 0x00, 0x00, 0x00, 0x00,
  0x00, 0x00, 0x00, 0x00, 0x00, 0x00, 0x00, 0x00, 0x00, 0x00, 0x00, 0x00,
  0x00, 0x00, 0x00, 0x00, 0x00, 0x00, 0x00, 0x00, 0x00, 0x00, 0x00, 0x00,
  0x00, 0x00, 0x00, 0x00, 0x00, 0x00, 0x00, 0x00, 0x00, 0x00, 0x00, 0x00,
  0x00, 0x00, 0x00, 0x00, 0x00, 0x00, 0x00, 0x00, 0x00, 0x00, 0x00, 0x00,
  0x00, 0x00, 0x00, 0x00, 0x00, 0x00, 0x00, 0x00, 0x00, 0x00, 0x00, 0x00,
  0x00, 0x00, 0x00, 0x00, 0x00, 0x00, 0x00, 0x00, 0x00, 0x00, 0x00, 0x00,
  0x00, 0x00, 0x00, 0x00, 0x00, 0x00, 0x00, 0x00, 0x00, 0x00, 0x00, 0x00,
  0x00, 0x00, 0x00, 0x00, 0x00, 0x00, 0x00, 0x00, 0x00, 0x00, 0x00, 0x00,
  0x00, 0x00, 0x00, 0x00, 0x00, 0x00, 0x00, 0x00, 0x00, 0x00, 0x00, 0x00,
  0x00, 0x00, 0x00, 0x00, 0x00, 0x00, 0x00, 0x00, 0x00, 0x00, 0x00, 0x00,
  0x00, 0x00, 0x00, 0x00, 0x00, 0x00, 0x00, 0x00, 0x00, 0x00, 0x00, 0x00,
  0x00, 0x00, 0x00, 0x00, 0x00, 0x00, 0x00, 0x00, 0x00, 0x00, 0x00, 0x00,
  0x00, 0x00, 0x00, 0x00, 0x00, 0x00, 0x00, 0x00, 0x00, 0x00, 0xf6, 0xb4,
  0xf6, 0xb5, 0xf6, 0xb5, 0xf6, 0xb4, 0xf6, 0x94, 0xf6, 0x74, 0xee, 0x53,
  0xee, 0x53, 0xee, 0x53, 0xee, 0x52, 0xf6, 0x52, 0xf6, 0x52, 0xf6, 0x52,
  0xf6, 0x52, 0xf6, 0x52, 0xee, 0x51, 0xee, 0x30, 0xee, 0x30, 0xee, 0x2f,
  0xe6, 0x0e, 0xe6, 0x0d, 0xe6, 0x0d, 0xe5, 0xec, 0xdd, 0xac, 0xdd, 0xab,
  0xdd, 0xaa, 0xe5, 0xab, 0xe5, 0xcb, 0xee, 0x0c, 0xf6, 0x4e, 0xfe, 0x8f,
  0xfe, 0xaf, 0xfe, 0xb0, 0xfe, 0xd0, 0xfe, 0xd1, 0xff, 0x11, 0xff, 0x33,
  0xff, 0x54, 0xff, 0x75, 0xff, 0x96, 0xff, 0xb8, 0xff, 0xd9, 0xff, 0xfa,
  0xff, 0xfb, 0xff, 0xfb, 0xff, 0xfc, 0xff, 0xfd, 0xff, 0xfe, 0xff, 0xfe,
  0xff, 0xff, 0xff, 0xff, 0xff, 0xff, 0xff, 0xdf, 0xff, 0xbf, 0xff, 0xbf,
  0xff, 0xbf, 0xff, 0xbf, 0xff, 0xbf, 0xff, 0xbf, 0xff, 0xbf, 0xff, 0xbf,
  0xff, 0xdf, 0xff, 0xbf, 0xff, 0xff, 0xff, 0xfe, 0xff, 0xfe, 0xff, 0xfe,
  0xff, 0xfe, 0xff, 0xfe, 0xff, 0xfe, 0xff, 0xfe, 0xff, 0xfe, 0xff, 0xfe,
  0xff, 0xfe, 0xff, 0xfd, 0xff, 0xfd, 0xff, 0xfd, 0xff, 0xfd, 0xff, 0xfd,
  0xff, 0xfd, 0xff, 0xfd, 0xff, 0xfd, 0xff, 0xfe, 0xff, 0xfe, 0xff, 0xfe,
  0xff, 0xfe, 0xff, 0xfe, 0xff, 0xfd, 0xff, 0xfc, 0xff, 0xfc, 0xff, 0xfb,
  0xff, 0xfb, 0xff, 0xfc, 0xff, 0xfc, 0xff, 0xfd, 0xff, 0xfd, 0xff, 0xfe,
  0xff, 0xfe, 0xff, 0xfe, 0xff, 0xfe, 0xff, 0xff, 0xff, 0xff, 0xff, 0xff,
  0xff, 0xff, 0xff, 0xff, 0xff, 0xff, 0xff, 0xff, 0xff, 0xff, 0xff, 0xff,
  0xff, 0xff, 0xff, 0xff, 0xff, 0xff, 0xff, 0xff, 0xff, 0xff, 0xff, 0xff,
  0xff, 0xff, 0xff, 0xff, 0xff, 0xff, 0xff, 0xff, 0xff, 0xff, 0xff, 0xff,
  0xff, 0xff, 0xff, 0xff, 0xff, 0xff, 0xff, 0xff, 0xff, 0xff, 0xff, 0xff,
  0xff, 0xff, 0xff, 0xff, 0xff, 0xff, 0xff, 0xff, 0xff, 0xff, 0xff, 0xff,
  0xff, 0xff, 0xff, 0xff, 0xff, 0xff, 0xff, 0xff, 0xff, 0xff, 0xff, 0xff,
  0xff, 0xff, 0xff, 0xff, 0xff, 0xff, 0xff, 0xff, 0xff, 0xff, 0xff, 0xff,
  0xff, 0xff, 0x00, 0x00, 0x00, 0x00, 0x00, 0x00, 0x00, 0x00, 0x00, 0x00,
  0x00, 0x00, 0x00, 0x00, 0x00, 0x00, 0x00, 0x00, 0x00, 0x00, 0x00, 0x00,
  0x00, 0x00, 0x00, 0x00, 0x00, 0x00, 0x00, 0x00, 0x00, 0x00, 0x00, 0x00,
  0x00, 0x00, 0x00, 0x00, 0x00, 0x00, 0x00, 0x00, 0x00, 0x00, 0x00, 0x00,
  0x00, 0x00, 0x00, 0x00, 0x00, 0x00, 0x00, 0x00, 0x00, 0x00, 0x00, 0x00,
  0x00, 0x00, 0x00, 0x00, 0x00, 0x00, 0x00, 0x00, 0x00, 0x00, 0x00, 0x00,
  0x00, 0x00, 0x00, 0x00, 0x00, 0x00, 0x00, 0x00, 0x00, 0x00, 0x00, 0x00,
  0x00, 0x00, 0x00, 0x00, 0x00, 0x00, 0x00, 0x00, 0x00, 0x00, 0x00, 0x00,
  0x00, 0x00, 0x00, 0x00, 0x00, 0x00, 0x00, 0x00, 0x00, 0x00, 0x00, 0x00,
  0x00, 0x00, 0x00, 0x00, 0x00, 0x00, 0x00, 0x00, 0x00, 0x00, 0x00, 0x00,
  0x00, 0x00, 0x00, 0x00, 0x00, 0x00, 0x00, 0x00, 0x00, 0x00, 0x00, 0x00,
  0x00, 0x00, 0x00, 0x00, 0x00, 0x00, 0x00, 0x00, 0x00, 0x00, 0x00, 0x00,
  0x00, 0x00, 0x00, 0x00, 0x00, 0x00, 0x00, 0x00, 0x00, 0x00, 0x00, 0x00,
  0x00, 0x00, 0x00, 0x00, 0x00, 0x00, 0x00, 0x00, 0x00, 0x00, 0x00, 0x00,
  0x00, 0x00, 0x00, 0x00, 0x00, 0x00, 0x00, 0x00, 0x00, 0x00, 0x00, 0x00,
  0x00, 0x00, 0x00, 0x00, 0x00, 0x00, 0x00, 0x00, 0xf6, 0xb5, 0xfe, 0xd5,
  0xfe, 0xd5, 0xf6, 0xb5, 0xf6, 0xb4, 0xf6, 0x94, 0xf6, 0x73, 0xee, 0x53,
  0xee, 0x53, 0xf6, 0x53, 0xf6, 0x52, 0xf6, 0x52, 0xf6, 0x52, 0xf6, 0x52,
  0xf6, 0x52, 0xee, 0x51, 0xee, 0x31, 0xee, 0x30, 0xe6, 0x0f, 0xee, 0x0e,
  0xe6, 0x0e, 0xe5, 0xed, 0xe5, 0xcc, 0xdd, 0x8b, 0xd5, 0x6a, 0xdd, 0x8a,
  0xdd, 0xaa, 0xe5, 0xcb, 0xed, 0xec, 0xf6, 0x4d, 0xfe, 0x8e, 0xfe, 0xaf,
  0xfe, 0xd0, 0xfe, 0xf0, 0xfe, 0xf1, 0xff, 0x12, 0xff, 0x32, 0xff, 0x54,
  0xff, 0x95, 0xff, 0xb6, 0xff, 0xd7, 0xff, 0xd9, 0xff, 0xfa, 0xff, 0xfb,
  0xff, 0xfc, 0xff, 0xfc, 0xff, 0xfc, 0xff, 0xfd, 0xff, 0xde, 0xff, 0xff,
  0xff, 0xff, 0xff, 0xff, 0xff, 0xff, 0xff, 0xdf, 0xff, 0xdf, 0xff, 0xbf,
  0xff, 0xbf, 0xff, 0xbf, 0xff, 0xbf, 0xff, 0xdf, 0xff, 0xdf, 0xff, 0xdf,
  0xff, 0xdf, 0xff, 0xdf, 0xff, 0xff, 0xff, 0xff, 0xff, 0xff, 0xff, 0xff,
  0xff, 0xfe, 0xff, 0xfe, 0xff, 0xfe, 0xff, 0xfe, 0xff, 0xfe, 0xff, 0xfe,
  0xff, 0xfe, 0xff, 0xfe, 0xff, 0xfd, 0xff, 0xfd, 0xff, 0xfd, 0xff, 0xfd,
  0xff, 0xfd, 0xff, 0xfc, 0xff, 0xfc, 0xff, 0xfd, 0xff, 0xfd, 0xff, 0xfe,
  0xff, 0xfe, 0xff, 0xfe, 0xff, 0xfe, 0xff, 0xfc, 0xff, 0xfc, 0xff, 0xfb,
  0xff, 0xfc, 0xff, 0xfd, 0xff, 0xfd, 0xff, 0xfd, 0xff, 0xfe, 0xff, 0xfe,
  0xff, 0xfe, 0xff, 0xfe, 0xff, 0xfe, 0xff, 0xff, 0xff, 0xff, 0xff, 0xff,
  0xff, 0xff, 0xff, 0xff, 0xff, 0xff, 0xff, 0xff, 0xff, 0xff, 0xff, 0xff,
  0xff, 0xff, 0xff, 0xff, 0xff, 0xff, 0xff, 0xff, 0xff, 0xff, 0xff, 0xff,
  0xff, 0xff, 0xff, 0xff, 0xff, 0xff, 0xff, 0xff, 0xff, 0xff, 0xff, 0xff,
  0xff, 0xff, 0xff, 0xff, 0xff, 0xff, 0xff, 0xff, 0xff, 0xff, 0xff, 0xff,
  0xff, 0xff, 0xff, 0xff, 0xff, 0xff, 0xff, 0xff, 0xff, 0xff, 0xff, 0xff,
  0xff, 0xff, 0xff, 0xff, 0xff, 0xff, 0xff, 0xff, 0xff, 0xff, 0xff, 0xff,
  0xff, 0xff, 0xff, 0xff, 0xff, 0xff, 0xff, 0xff, 0xff, 0xff, 0xff, 0xff,
  0xff, 0xff, 0xff, 0xff, 0x00, 0x00, 0x00, 0x00, 0x00, 0x00, 0x00, 0x00,
  0x00, 0x00, 0x00, 0x00, 0x00, 0x00, 0x00, 0x00, 0x00, 0x00, 0x00, 0x00,
  0x00, 0x00, 0x00, 0x00, 0x00, 0x00, 0x00, 0x00, 0x00, 0x00, 0x00, 0x00,
  0x00, 0x00, 0x00, 0x00, 0x00, 0x00, 0x00, 0x00, 0x00, 0x00, 0x00, 0x00,
  0x00, 0x00, 0x00, 0x00, 0x00, 0x00, 0x00, 0x00, 0x00, 0x00, 0x00, 0x00,
  0x00, 0x00, 0x00, 0x00, 0x00, 0x00, 0x00, 0x00, 0x00, 0x00, 0x00, 0x00,
  0x00, 0x00, 0x00, 0x00, 0x00, 0x00, 0x00, 0x00, 0x00, 0x00, 0x00, 0x00,
  0x00, 0x00, 0x00, 0x00, 0x00, 0x00, 0x00, 0x00, 0x00, 0x00, 0x00, 0x00,
  0x00, 0x00, 0x00, 0x00, 0x00, 0x00, 0x00, 0x00, 0x00, 0x00, 0x00, 0x00,
  0x00, 0x00, 0x00, 0x00, 0x00, 0x00, 0x00, 0x00, 0x00, 0x00, 0x00, 0x00,
  0x00, 0x00, 0x00, 0x00, 0x00, 0x00, 0x00, 0x00, 0x00, 0x00, 0x00, 0x00,
  0x00, 0x00, 0x00, 0x00, 0x00, 0x00, 0x00, 0x00, 0x00, 0x00, 0x00, 0x00,
  0x00, 0x00, 0x00, 0x00, 0x00, 0x00, 0x00, 0x00, 0x00, 0x00, 0x00, 0x00,
  0x00, 0x00, 0x00, 0x00, 0x00, 0x00, 0x00, 0x00, 0x00, 0x00, 0x00, 0x00,
  0x00, 0x00, 0x00, 0x00, 0x00, 0x00, 0x00, 0x00, 0x00, 0x00, 0x00, 0x00,
  0x00, 0x00, 0x00, 0x00, 0xee, 0x94, 0xee, 0x94, 0xf6, 0xb4, 0xf6, 0xb5,
  0xf6, 0xb4, 0xf6, 0xb4, 0xf6, 0x94, 0xee, 0x73, 0xee, 0x53, 0xee, 0x52,
  0xee, 0x32, 0xee, 0x32, 0xee, 0x32, 0xee, 0x52, 0xf6, 0x52, 0xf6, 0x52,
  0xf6, 0x51, 0xee, 0x30, 0xee, 0x10, 0xee, 0x0f, 0xe6, 0x0e, 0xe6, 0x0d,
  0xe5, 0xed, 0xe5, 0xcc, 0xdd, 0x8b, 0xd5, 0x6a, 0xdd, 0x8a, 0xdd, 0xaa,
  0xe5, 0xcb, 0xe5, 0xec, 0xee, 0x2d, 0xf6, 0x6e, 0xfe, 0xaf, 0xfe, 0xd0,
  0xfe, 0xf1, 0xfe, 0xf1, 0xff, 0x12, 0xff, 0x33, 0xff, 0x53, 0xff, 0x75,
  0xff, 0xb6, 0xff, 0xb8, 0xff, 0xd8, 0xff, 0xfa, 0xff, 0xfb, 0xff, 0xfc,
  0xff, 0xfd, 0xff, 0xfd, 0xff, 0xfc, 0xff, 0xfd, 0xff, 0xfe, 0xff, 0xfe,
  0xff, 0xfe, 0xff, 0xfe, 0xff, 0xff, 0xff, 0xff, 0xff, 0xff, 0xff, 0xff,
  0xff, 0xff, 0xff, 0xff, 0xff, 0xff, 0xff, 0xff, 0xff, 0xff, 0xff, 0xff,
  0xff, 0xff, 0xff, 0xff, 0xff, 0xfe, 0xff, 0xfd, 0xff, 0xfd, 0xff, 0xfd,
  0xff, 0xfe, 0xff, 0xfe, 0xff, 0xfe, 0xff, 0xfe, 0xff, 0xfe, 0xff, 0xfe,
  0xff, 0xfe, 0xff, 0xfe, 0xff, 0xfe, 0xff, 0xfe, 0xff, 0xfe, 0xff, 0xfe,
  0xff, 0xfe, 0xff, 0xfd, 0xff, 0xfd, 0xff, 0xfe, 0xff, 0xfe, 0xff, 0xfe,
  0xff, 0xfe, 0xff, 0xfe, 0xff, 0xfe, 0xff, 0xfc, 0xff, 0xfc, 0xff, 0xfc,
  0xff, 0xfc, 0xff, 0xfc, 0xff, 0xfc, 0xff, 0xfe, 0xff, 0xfe, 0xff, 0xff,
  0xff, 0xff, 0xff, 0xff, 0xff, 0xff, 0xff, 0xff, 0xff, 0xff, 0xff, 0xff,
  0xff, 0xff, 0xff, 0xff, 0xff, 0xff, 0xff, 0xff, 0xff, 0xff, 0xff, 0xff,
  0xff, 0xff, 0xff, 0xff, 0xff, 0xff, 0xff, 0xff, 0xff, 0xff, 0xff, 0xff,
  0xff, 0xff, 0xff, 0xff, 0xff, 0xff, 0xff, 0xff, 0xff, 0xff, 0xff, 0xff,
  0xff, 0xff, 0xff, 0xff, 0xff, 0xff, 0xff, 0xff, 0xff, 0xff, 0xff, 0xff,
  0xff, 0xff, 0xff, 0xff, 0xff, 0xff, 0xff, 0xff, 0xff, 0xff, 0xff, 0xff,
  0xff, 0xff, 0xff, 0xff, 0xff, 0xff, 0xff, 0xff, 0xff, 0xff, 0xff, 0xff,
  0xff, 0xff, 0xff, 0xff, 0xff, 0xff, 0xff, 0xff, 0xff, 0xff, 0xff, 0xff,
  0xff, 0xff, 0xff, 0xff, 0xff, 0xff, 0xff, 0xff, 0x00, 0x00, 0x00, 0x00,
  0x00, 0x00, 0x00, 0x00, 0x00, 0x00, 0x00, 0x00, 0x00, 0x00, 0x00, 0x00,
  0x00, 0x00, 0x00, 0x00, 0x00, 0x00, 0x00, 0x00, 0x00, 0x00, 0x00, 0x00,
  0x00, 0x00, 0x00, 0x00, 0x00, 0x00, 0x00, 0x00, 0x00, 0x00, 0x00, 0x00,
  0x00, 0x00, 0x00, 0x00, 0x00, 0x00, 0x00, 0x00, 0x00, 0x00, 0x00, 0x00,
  0x00, 0x00, 0x00, 0x00, 0x00, 0x00, 0x00, 0x00, 0x00, 0x00, 0x00, 0x00,
  0x00, 0x00, 0x00, 0x00, 0x00, 0x00, 0x00, 0x00, 0x00, 0x00, 0x00, 0x00,
  0x00, 0x00, 0x00, 0x00, 0x00, 0x00, 0x00, 0x00, 0x00, 0x00, 0x00, 0x00,
  0x00, 0x00, 0x00, 0x00, 0x00, 0x00, 0x00, 0x00, 0x00, 0x00, 0x00, 0x00,
  0x00, 0x00, 0x00, 0x00, 0x00, 0x00, 0x00, 0x00, 0x00, 0x00, 0x00, 0x00,
  0x00, 0x00, 0x00, 0x00, 0x00, 0x00, 0x00, 0x00, 0x00, 0x00, 0x00, 0x00,
  0x00, 0x00, 0x00, 0x00, 0x00, 0x00, 0x00, 0x00, 0x00, 0x00, 0x00, 0x00,
  0x00, 0x00, 0x00, 0x00, 0x00, 0x00, 0x00, 0x00, 0x00, 0x00, 0x00, 0x00,
  0x00, 0x00, 0x00, 0x00, 0x00, 0x00, 0x00, 0x00, 0x00, 0x00, 0x00, 0x00,
  0x00, 0x00, 0x00, 0x00, 0x00, 0x00, 0x00, 0x00, 0x00, 0x00, 0x00, 0x00,
  0x00, 0x00, 0xee, 0x94, 0xee, 0x94, 0xee, 0xb4, 0xf6, 0x94, 0xf6, 0x94,
  0xf6, 0xb4, 0xf6, 0xb4, 0xf6, 0x93, 0xee, 0x53, 0xee, 0x53, 0xee, 0x52,
  0xee, 0x32, 0xee, 0x32, 0xee, 0x32, 0xee, 0x52, 0xee, 0x52, 0xf6, 0x52,
  0xf6, 0x51, 0xee, 0x30, 0xee, 0x0f, 0xe6, 0x0e, 0xe6, 0x0e, 0xe5, 0xec,
  0xdd, 0xab, 0xdd, 0x8a, 0xd5, 0x6a, 0xd5, 0x6a, 0xdd, 0xab, 0xe5, 0xcb,
  0xed, 0xec, 0xee, 0x0c, 0xf6, 0x4d, 0xfe, 0x8f, 0xfe, 0xaf, 0xfe, 0xd0,
  0xfe, 0xd1, 0xfe, 0xf2, 0xff, 0x12, 0xff, 0x33, 0xff, 0x74, 0xff, 0x96,
  0xff, 0xb6, 0xff, 0xb8, 0xff, 0xd9, 0xff, 0xfa, 0xff, 0xfc, 0xff, 0xfc,
  0xff, 0xfd, 0xff, 0xfd, 0xff, 0xfd, 0xff, 0xfd, 0xff, 0xfd, 0xff, 0xfd,
  0xff, 0xfd, 0xff, 0xfd, 0xff, 0xfe, 0xff, 0xfe, 0xff, 0xff, 0xff, 0xff,
  0xff, 0xff, 0xff, 0xff, 0xff, 0xff, 0xff, 0xff, 0xff, 0xff, 0xff, 0xff,
  0xff, 0xff, 0xff, 0xff, 0xff, 0xfd, 0xff, 0xfd, 0xff, 0xfd, 0xff, 0xfd,
  0xff, 0xfd, 0xff, 0xfd, 0xff, 0xfd, 0xff, 0xfd, 0xff, 0xfe, 0xff, 0xfe,
  0xff, 0xfe, 0xff, 0xfe, 0xff, 0xfe, 0xff, 0xfe, 0xff, 0xfe, 0xff, 0xfe,
  0xff, 0xfe, 0xff, 0xfe, 0xff, 0xfe, 0xff, 0xfe, 0xff, 0xfe, 0xff, 0xfe,
  0xff, 0xfe, 0xff, 0xfe, 0xff, 0xfe, 0xff, 0xfd, 0xff, 0xdc, 0xff, 0xfc,
  0xff, 0xfc, 0xff, 0xfc, 0xff, 0xfc, 0xff, 0xfe, 0xff, 0xfe, 0xff, 0xff,
  0xff, 0xff, 0xff, 0xff, 0xff, 0xff, 0xff, 0xff, 0xff, 0xff, 0xff, 0xff,
  0xff, 0xff, 0xff, 0xff, 0xff, 0xff, 0xff, 0xff, 0xff, 0xff, 0xff, 0xff,
  0xff, 0xff, 0xff, 0xff, 0xff, 0xff, 0xff, 0xff, 0xff, 0xff, 0xff, 0xff,
  0xff, 0xff, 0xff, 0xff, 0xff, 0xff, 0xff, 0xff, 0xff, 0xff, 0xff, 0xff,
  0xff, 0xff, 0xff, 0xff, 0xff, 0xff, 0xff, 0xff, 0xff, 0xff, 0xff, 0xff,
  0xff, 0xff, 0xff, 0xff, 0xff, 0xff, 0xff, 0xff, 0xff, 0xff, 0xff, 0xff,
  0xff, 0xff, 0xff, 0xff, 0xff, 0xff, 0xff, 0xff, 0xff, 0xff, 0xff, 0xff,
  0xff, 0xff, 0xff, 0xff, 0xff, 0xff, 0xff, 0xff, 0xff, 0xff, 0xff, 0xff,
  0xff, 0xff, 0xff, 0xff, 0xff, 0xff, 0xff, 0xff, 0xff, 0xff, 0x00, 0x00,
  0x00, 0x00, 0x00, 0x00, 0x00, 0x00, 0x00, 0x00, 0x00, 0x00, 0x00, 0x00,
  0x00, 0x00, 0x00, 0x00, 0x00, 0x00, 0x00, 0x00, 0x00, 0x00, 0x00, 0x00,
  0x00, 0x00, 0x00, 0x00, 0x00, 0x00, 0x00, 0x00, 0x00, 0x00, 0x00, 0x00,
  0x00, 0x00, 0x00, 0x00, 0x00, 0x00, 0x00, 0x00, 0x00, 0x00, 0x00, 0x00,
  0x00, 0x00, 0x00, 0x00, 0x00, 0x00, 0x00, 0x00, 0x00, 0x00, 0x00, 0x00,
  0x00, 0x00, 0x00, 0x00, 0x00, 0x00, 0x00, 0x00, 0x00, 0x00, 0x00, 0x00,
  0x00, 0x00, 0x00, 0x00, 0x00, 0x00, 0x00, 0x00, 0x00, 0x00, 0x00, 0x00,
  0x00, 0x00, 0x00, 0x00, 0x00, 0x00, 0x00, 0x00, 0x00, 0x00, 0x00, 0x00,
  0x00, 0x00, 0x00, 0x00, 0x00, 0x00, 0x00, 0x00, 0x00, 0x00, 0x00, 0x00,
  0x00, 0x00, 0x00, 0x00, 0x00, 0x00, 0x00, 0x00, 0x00, 0x00, 0x00, 0x00,
  0x00, 0x00, 0x00, 0x00, 0x00, 0x00, 0x00, 0x00, 0x00, 0x00, 0x00, 0x00,
  0x00, 0x00, 0x00, 0x00, 0x00, 0x00, 0x00, 0x00, 0x00, 0x00, 0x00, 0x00,
  0x00, 0x00, 0x00, 0x00, 0x00, 0x00, 0x00, 0x00, 0x00, 0x00, 0x00, 0x00,
  0x00, 0x00, 0x00, 0x00, 0x00, 0x00, 0x00, 0x00, 0x00, 0x00, 0x00, 0x00,
  0xee, 0x94, 0xee, 0x94, 0xf6, 0xb4, 0xf6, 0xb5, 0xf6, 0xb5, 0xf6, 0xb4,
  0xf6, 0xb4, 0xf6, 0x94, 0xee, 0x73, 0xee, 0x53, 0xee, 0x53, 0xee, 0x52,
  0xf6, 0x52, 0xf6, 0x52, 0xf6, 0x52, 0xf6, 0x52, 0xf6, 0x51, 0xf6, 0x51,
  0xee, 0x30, 0xee, 0x0f, 0xe5, 0xee, 0xe5, 0xed, 0xe5, 0xcd, 0xdd, 0xab,
  0xd5, 0x6a, 0xd5, 0x4a, 0xd5, 0x49, 0xd5, 0x6a, 0xdd, 0xab, 0xe5, 0xec,
  0xee, 0x2d, 0xf6, 0x4d, 0xfe, 0x8e, 0xfe, 0xaf, 0xfe, 0xb0, 0xfe, 0xd1,
  0xfe, 0xf1, 0xfe, 0xf2, 0xff, 0x12, 0xff, 0x54, 0xff, 0x75, 0xff, 0x96,
  0xff, 0xb7, 0xff, 0xb8, 0xff, 0xd9, 0xff, 0xfb, 0xff, 0xfc, 0xff, 0xfc,
  0xff, 0xfd, 0xff, 0xfd, 0xff, 0xfd, 0xff, 0xfd, 0xff, 0xfd, 0xff, 0xfd,
  0xff, 0xfd, 0xff, 0xfe, 0xff, 0xfe, 0xff, 0xfe, 0xff, 0xff, 0xff, 0xff,
  0xff, 0xff, 0xff, 0xff, 0xff, 0xff, 0xff, 0xff, 0xff, 0xff, 0xff, 0xff,
  0xff, 0xff, 0xff, 0xff, 0xff, 0xfd, 0xff, 0xfd, 0xff, 0xfd, 0xff, 0xfd,
  0xff, 0xfd, 0xff, 0xfd, 0xff, 0xfd, 0xff, 0xfd, 0xff, 0xfe, 0xff, 0xfe,
  0xff, 0xfe, 0xff, 0xfe, 0xff, 0xfe, 0xff, 0xfe, 0xff, 0xff, 0xff, 0xff,
  0xff, 0xfe, 0xff, 0xfe, 0xff, 0xfe, 0xff, 0xfe, 0xff, 0xfe, 0xff, 0xfe,
  0xff, 0xfe, 0xff, 0xfe, 0xff, 0xfe, 0xff, 0xfd, 0xff, 0xdd, 0xff, 0xfc,
  0xff, 0xfc, 0xff, 0xfc, 0xff, 0xfc, 0xff, 0xfe, 0xff, 0xfe, 0xff, 0xff,
  0xff, 0xff, 0xff, 0xff, 0xff, 0xff, 0xff, 0xff, 0xff, 0xff, 0xff, 0xff,
  0xff, 0xff, 0xff, 0xff, 0xff, 0xff, 0xff, 0xff, 0xff, 0xff, 0xff, 0xff,
  0xff, 0xff, 0xff, 0xff, 0xff, 0xff, 0xff, 0xff, 0xff, 0xff, 0xff, 0xff,
  0xff, 0xff, 0xff, 0xff, 0xff, 0xff, 0xff, 0xff, 0xff, 0xff, 0xff, 0xff,
  0xff, 0xff, 0xff, 0xff, 0xff, 0xff, 0xff, 0xff, 0xff, 0xff, 0xff, 0xff,
  0xff, 0xff, 0xff, 0xff, 0xff, 0xff, 0xff, 0xff, 0xff, 0xff, 0xff, 0xff,
  0xff, 0xff, 0xff, 0xff, 0xff, 0xff, 0xff, 0xff, 0xff, 0xff, 0xff, 0xff,
  0xff, 0xff, 0xff, 0xff, 0xff, 0xff, 0xff, 0xff, 0xff, 0xff, 0xff, 0xff,
  0xff, 0xff, 0xff, 0xff, 0xff, 0xff, 0xff, 0xff, 0xff, 0xff, 0xff, 0xff,
  0x00, 0x00, 0x00, 0x00, 0x00, 0x00, 0x00, 0x00, 0x00, 0x00, 0x00, 0x00,
  0x00, 0x00, 0x00, 0x00, 0x00, 0x00, 0x00, 0x00, 0x00, 0x00, 0x00, 0x00,
  0x00, 0x00, 0x00, 0x00, 0x00, 0x00, 0x00, 0x00, 0x00, 0x00, 0x00, 0x00,
  0x00, 0x00, 0x00, 0x00, 0x00, 0x00, 0x00, 0x00, 0x00, 0x00, 0x00, 0x00,
  0x00, 0x00, 0x00, 0x00, 0x00, 0x00, 0x00, 0x00, 0x00, 0x00, 0x00, 0x00,
  0x00, 0x00, 0x00, 0x00, 0x00, 0x00, 0x00, 0x00, 0x00, 0x00, 0x00, 0x00,
  0x00, 0x00, 0x00, 0x00, 0x00, 0x00, 0x00, 0x00, 0x00, 0x00, 0x00, 0x00,
  0x00, 0x00, 0x00, 0x00, 0x00, 0x00, 0x00, 0x00, 0x00, 0x00, 0x00, 0x00,
  0x00, 0x00, 0x00, 0x00, 0x00, 0x00, 0x00, 0x00, 0x00, 0x00, 0x00, 0x00,
  0x00, 0x00, 0x00, 0x00, 0x00, 0x00, 0x00, 0x00, 0x00, 0x00, 0x00, 0x00,
  0x00, 0x00, 0x00, 0x00, 0x00, 0x00, 0x00, 0x00, 0x00, 0x00, 0x00, 0x00,
  0x00, 0x00, 0x00, 0x00, 0x00, 0x00, 0x00, 0x00, 0x00, 0x00, 0x00, 0x00,
  0x00, 0x00, 0x00, 0x00, 0x00, 0x00, 0x00, 0x00, 0x00, 0x00, 0x00, 0x00,
  0x00, 0x00, 0x00, 0x00, 0x00, 0x00, 0x00, 0x00, 0x00, 0x00, 0xee, 0x94,
  0xee, 0x94, 0xee, 0x94, 0xf6, 0xb4, 0xfe, 0xd5, 0xf6, 0xd5, 0xf6, 0xb4,
  0xf6, 0x94, 0xee, 0x74, 0xee, 0x53, 0xee, 0x53, 0xee, 0x52, 0xf6, 0x52,
  0xf6, 0x52, 0xf6, 0x52, 0xf6, 0x52, 0xf6, 0x52, 0xf6, 0x51, 0xee, 0x30,
  0xee, 0x0f, 0xed, 0xee, 0xe5, 0xce, 0xe5, 0xcc, 0xdd, 0xac, 0xd5, 0x6a,
  0xd5, 0x4a, 0xcd, 0x29, 0xd5, 0x4a, 0xdd, 0x6a, 0xe5, 0xab, 0xee, 0x0c,
  0xf6, 0x4d, 0xfe, 0x6e, 0xfe, 0xaf, 0xfe, 0xb0, 0xfe, 0xd0, 0xfe, 0xf1,
  0xfe, 0xf1, 0xff, 0x12, 0xff, 0x32, 0xff, 0x54, 0xff, 0x75, 0xff, 0x97,
  0xff, 0xb7, 0xff, 0xb9, 0xff, 0xda, 0xff, 0xfb, 0xff, 0xfc, 0xff, 0xfd,
  0xff, 0xfd, 0xff, 0xfd, 0xff, 0xfd, 0xff, 0xfd, 0xff, 0xfd, 0xff, 0xfd,
  0xff, 0xfe, 0xff, 0xfe, 0xff, 0xfe, 0xff, 0xfe, 0xff, 0xff, 0xff, 0xff,
  0xff, 0xff, 0xff, 0xff, 0xff, 0xff, 0xff, 0xff, 0xff, 0xff, 0xff, 0xff,
  0xff, 0xff, 0xff, 0xff, 0xff, 0xfd, 0xff, 0xfd, 0xff, 0xfd, 0xff, 0xfd,
  0xff, 0xfd, 0xff, 0xfd, 0xff, 0xfd, 0xff, 0xfd, 0xff, 0xfe, 0xff, 0xfe,
  0xff, 0xfe, 0xff, 0xfe, 0xff, 0xfe, 0xff, 0xff, 0xff, 0xff, 0xff, 0xff,
  0xff, 0xff, 0xff, 0xfe, 0xff, 0xfe, 0xff, 0xfe, 0xff, 0xfe, 0xff, 0xfe,
  0xff, 0xfe, 0xff, 0xfe, 0xff, 0xfe, 0xff, 0xfd, 0xff, 0xfd, 0xff, 0xfd,
  0xff, 0xfd, 0xff, 0xfc, 0xff, 0xfc, 0xff, 0xfe, 0xff, 0xfe, 0xff, 0xff,
  0xff, 0xff, 0xff, 0xff, 0xff, 0xff, 0xff, 0xff, 0xff, 0xff, 0xff, 0xff,
  0xff, 0xff, 0xff, 0xff, 0xff, 0xff, 0xff, 0xff, 0xff, 0xff, 0xff, 0xff,
  0xff, 0xff, 0xff, 0xff, 0xff, 0xff, 0xff, 0xff, 0xff, 0xff, 0xff, 0xff,
  0xff, 0xff, 0xff, 0xff, 0xff, 0xff, 0xff, 0xff, 0xff, 0xff, 0xff, 0xff,
  0xff, 0xff, 0xff, 0xff, 0xff, 0xff, 0xff, 0xff, 0xff, 0xff, 0xff, 0xff,
  0xff, 0xff, 0xff, 0xff, 0xff, 0xff, 0xff, 0xff, 0xff, 0xff, 0xff, 0xff,
  0xff, 0xff, 0xff, 0xff, 0xff, 0xff, 0xff, 0xff, 0xff, 0xff, 0xff, 0xff,
  0xff, 0xff, 0xff, 0xff, 0xff, 0xff, 0xff, 0xff, 0xff, 0xff, 0xff, 0xff,
  0xff, 0xff, 0xff, 0xff, 0xff, 0xff, 0xff, 0xff, 0xff, 0xff, 0xff, 0xff,
  0xff, 0xff, 0x00, 0x00, 0x00, 0x00, 0x00, 0x00, 0x00, 0x00, 0x00, 0x00,
  0x00, 0x00, 0x00, 0x00, 0x00, 0x00, 0x00, 0x00, 0x00, 0x00, 0x00, 0x00,
  0x00, 0x00, 0x00, 0x00, 0x00, 0x00, 0x00, 0x00, 0x00, 0x00, 0x00, 0x00,
  0x00, 0x00, 0x00, 0x00, 0x00, 0x00, 0x00, 0x00, 0x00, 0x00, 0x00, 0x00,
  0x00, 0x00, 0x00, 0x00, 0x00, 0x00, 0x00, 0x00, 0x00, 0x00, 0x00, 0x00,
  0x00, 0x00, 0x00, 0x00, 0x00, 0x00, 0x00, 0x00, 0x00, 0x00, 0x00, 0x00,
  0x00, 0x00, 0x00, 0x00, 0x00, 0x00, 0x00, 0x00, 0x00, 0x00, 0x00, 0x00,
  0x00, 0x00, 0x00, 0x00, 0x00, 0x00, 0x00, 0x00, 0x00, 0x00, 0x00, 0x00,
  0x00, 0x00, 0x00, 0x00, 0x00, 0x00, 0x00, 0x00, 0x00, 0x00, 0x00, 0x00,
  0x00, 0x00, 0x00, 0x00, 0x00, 0x00, 0x00, 0x00, 0x00, 0x00, 0x00, 0x00,
  0x00, 0x00, 0x00, 0x00, 0x00, 0x00, 0x00, 0x00, 0x00, 0x00, 0x00, 0x00,
  0x00, 0x00, 0x00, 0x00, 0x00, 0x00, 0x00, 0x00, 0x00, 0x00, 0x00, 0x00,
  0x00, 0x00, 0x00, 0x00, 0x00, 0x00, 0x00, 0x00, 0x00, 0x00, 0x00, 0x00,
  0x00, 0x00, 0x00, 0x00, 0x00, 0x00, 0x00, 0x00, 0xee, 0x94, 0xee, 0x94,
  0xf6, 0x94, 0xf6, 0x94, 0xfe, 0xd5, 0xfe, 0xd5, 0xf6, 0xb4, 0xf6, 0xb4,
  0xf6, 0x94, 0xf6, 0x73, 0xee, 0x53, 0xee, 0x52, 0xf6, 0x52, 0xf6, 0x52,
  0xf6, 0x52, 0xf6, 0x52, 0xf6, 0x52, 0xf6, 0x51, 0xf6, 0x51, 0xee, 0x2f,
  0xee, 0x0f, 0xe5, 0xce, 0xe5, 0xcd, 0xdd, 0xac, 0xd5, 0x6b, 0xd5, 0x4a,
  0xcd, 0x29, 0xcd, 0x29, 0xd5, 0x4a, 0xdd, 0x8b, 0xe5, 0xcc, 0xee, 0x0d,
  0xf6, 0x6e, 0xfe, 0x8f, 0xfe, 0xaf, 0xfe, 0xd0, 0xfe, 0xf0, 0xfe, 0xf1,
  0xff, 0x12, 0xff, 0x33, 0xff, 0x33, 0xff, 0x54, 0xff, 0x75, 0xff, 0x97,
  0xff, 0xb7, 0xff, 0xd9, 0xff, 0xda, 0xff, 0xfb, 0xff, 0xfc, 0xff, 0xfd,
  0xff, 0xfd, 0xff, 0xfd, 0xff, 0xfd, 0xff, 0xfd, 0xff, 0xfd, 0xff, 0xfd,
  0xff, 0xfd, 0xff, 0xfe, 0xff, 0xfe, 0xff, 0xfe, 0xff, 0xfe, 0xff, 0xfe,
  0xff, 0xfe, 0xff, 0xfe, 0xff, 0xfe, 0xff, 0xfe, 0xff, 0xfe, 0xff, 0xfe,
  0xff, 0xfe, 0xff, 0xfe, 0xff, 0xfd, 0xff, 0xfc, 0xff, 0xfc, 0xff, 0xfc,
  0xff, 0xfd, 0xff, 0xfd, 0xff, 0xfd, 0xff, 0xfd, 0xff, 0xfd, 0xff, 0xfe,
  0xff, 0xfe, 0xff, 0xfe, 0xff, 0xfe, 0xff, 0xff, 0xff, 0xff, 0xff, 0xff,
  0xff, 0xff, 0xff, 0xfe, 0xff, 0xfe, 0xff, 0xfe, 0xff, 0xfe, 0xff, 0xfe,
  0xff, 0xfe, 0xff, 0xfe, 0xff, 0xfe, 0xff, 0xfd, 0xff, 0xfd, 0xff, 0xfd,
  0xff, 0xfd, 0xff, 0xfd, 0xff, 0xfd, 0xff, 0xfe, 0xff, 0xfe, 0xff, 0xff,
  0xff, 0xff, 0xff, 0xff, 0xff, 0xff, 0xff, 0xff, 0xff, 0xff, 0xff, 0xff,
  0xff, 0xff, 0xff, 0xff, 0xff, 0xff, 0xff, 0xff, 0xff, 0xff, 0xff, 0xff,
  0xff, 0xff, 0xff, 0xff, 0xff, 0xff, 0xff, 0xff, 0xff, 0xff, 0xff, 0xff,
  0xff, 0xff, 0xff, 0xff, 0xff, 0xff, 0xff, 0xff, 0xff, 0xff, 0xff, 0xff,
  0xff, 0xff, 0xff, 0xff, 0xff, 0xff, 0xff, 0xff, 0xff, 0xff, 0xff, 0xff,
  0xff, 0xff, 0xff, 0xff, 0xff, 0xff, 0xff, 0xff, 0xff, 0xff, 0xff, 0xff,
  0xff, 0xff, 0xff, 0xff, 0xff, 0xff, 0xff, 0xff, 0xff, 0xff, 0xff, 0xff,
  0xff, 0xff, 0xff, 0xff, 0xff, 0xff, 0xff, 0xff, 0xff, 0xff, 0xff, 0xff,
  0xff, 0xff, 0xff, 0xff, 0xff, 0xff, 0xff, 0xff, 0xff, 0xff, 0xff, 0xff,
  0xff, 0xff, 0xff, 0xff, 0x00, 0x00, 0x00, 0x00, 0x00, 0x00, 0x00, 0x00,
  0x00, 0x00, 0x00, 0x00, 0x00, 0x00, 0x00, 0x00, 0x00, 0x00, 0x00, 0x00,
  0x00, 0x00, 0x00, 0x00, 0x00, 0x00, 0x00, 0x00, 0x00, 0x00, 0x00, 0x00,
  0x00, 0x00, 0x00, 0x00, 0x00, 0x00, 0x00, 0x00, 0x00, 0x00, 0x00, 0x00,
  0x00, 0x00, 0x00, 0x00, 0x00, 0x00, 0x00, 0x00, 0x00, 0x00, 0x00, 0x00,
  0x00, 0x00, 0x00, 0x00, 0x00, 0x00, 0x00, 0x00, 0x00, 0x00, 0x00, 0x00,
  0x00, 0x00, 0x00, 0x00, 0x00, 0x00, 0x00, 0x00, 0x00, 0x00, 0x00, 0x00,
  0x00, 0x00, 0x00, 0x00, 0x00, 0x00, 0x00, 0x00, 0x00, 0x00, 0x00, 0x00,
  0x00, 0x00, 0x00, 0x00, 0x00, 0x00, 0x00, 0x00, 0x00, 0x00, 0x00, 0x00,
  0x00, 0x00, 0x00, 0x00, 0x00, 0x00, 0x00, 0x00, 0x00, 0x00, 0x00, 0x00,
  0x00, 0x00, 0x00, 0x00, 0x00, 0x00, 0x00, 0x00, 0x00, 0x00, 0x00, 0x00,
  0x00, 0x00, 0x00, 0x00, 0x00, 0x00, 0x00, 0x00, 0x00, 0x00, 0x00, 0x00,
  0x00, 0x00, 0x00, 0x00, 0x00, 0x00, 0x00, 0x00, 0x00, 0x00, 0x00, 0x00,
  0x00, 0x00, 0x00, 0x00, 0x00, 0x00, 0xee, 0x94, 0xee, 0x94, 0xee, 0x94,
  0xf6, 0x94, 0xf6, 0xb5, 0xfe, 0xd5, 0xfe, 0xd5, 0xf6, 0xb4, 0xf6, 0xb4,
  0xf6, 0x93, 0xf6, 0x73, 0xee, 0x52, 0xee, 0x52, 0xf6, 0x52, 0xf6, 0x52,
  0xf6, 0x52, 0xf6, 0x52, 0xf6, 0x51, 0xf6, 0x51, 0xee, 0x30, 0xee, 0x0f,
  0xe5, 0xee, 0xe5, 0xad, 0xdd, 0x8c, 0xdd, 0x6b, 0xd5, 0x4a, 0xd5, 0x4a,
  0xd5, 0x4a, 0xd5, 0x6a, 0xdd, 0x8b, 0xe5, 0xcc, 0xee, 0x0d, 0xf6, 0x4e,
  0xfe, 0x8f, 0xfe, 0xaf, 0xfe, 0xd0, 0xfe, 0xf0, 0xfe, 0xf0, 0xfe, 0xf2,
  0xff, 0x12, 0xff, 0x33, 0xff, 0x53, 0xff, 0x55, 0xff, 0x75, 0xff, 0x97,
  0xff, 0xb8, 0xff, 0xd9, 0xff, 0xfb, 0xff, 0xfc, 0xff, 0xfd, 0xff, 0xfd,
  0xff, 0xfd, 0xff, 0xfd, 0xff, 0xfd, 0xff, 0xfd, 0xff, 0xfd, 0xff, 0xfd,
  0xff, 0xfd, 0xff, 0xfd, 0xff, 0xfe, 0xff, 0xfe, 0xff, 0xfe, 0xff, 0xfe,
  0xff, 0xfe, 0xff, 0xfe, 0xff, 0xfe, 0xff, 0xfe, 0xff, 0xfe, 0xff, 0xfe,
  0xff, 0xfe, 0xff, 0xfe, 0xff, 0xfd, 0xff, 0xfc, 0xff, 0xfc, 0xff, 0xfc,
  0xff, 0xfc, 0xff, 0xfc, 0xff, 0xfd, 0xff, 0xfd, 0xff, 0xfd, 0xff, 0xfe,
  0xff, 0xfe, 0xff, 0xfe, 0xff, 0xff, 0xff, 0xff, 0xff, 0xff, 0xff, 0xff,
  0xff, 0xff, 0xff, 0xfe, 0xff, 0xfe, 0xff, 0xfe, 0xff, 0xfe, 0xff, 0xfe,
  0xff, 0xfe, 0xff, 0xfe, 0xff, 0xfe, 0xff, 0xfd, 0xff, 0xfd, 0xff, 0xfd,
  0xff, 0xfd, 0xff, 0xfd, 0xff, 0xfd, 0xff, 0xfe, 0xff, 0xfe, 0xff, 0xff,
  0xff, 0xff, 0xff, 0xff, 0xff, 0xff, 0xff, 0xff, 0xff, 0xff, 0xff, 0xff,
  0xff, 0xff, 0xff, 0xff, 0xff, 0xff, 0xff, 0xff, 0xff, 0xff, 0xff, 0xff,
  0xff, 0xff, 0xff, 0xff, 0xff, 0xff, 0xff, 0xff, 0xff, 0xff, 0xff, 0xff,
  0xff, 0xff, 0xff, 0xff, 0xff, 0xff, 0xff, 0xff, 0xff, 0xff, 0xff, 0xff,
  0xff, 0xff, 0xff, 0xff, 0xff, 0xff, 0xff, 0xff, 0xff, 0xff, 0xff, 0xff,
  0xff, 0xff, 0xff, 0xff, 0xff, 0xff, 0xff, 0xff, 0xff, 0xff, 0xff, 0xff,
  0xff, 0xff, 0xff, 0xff, 0xff, 0xff, 0xff, 0xff, 0xff, 0xff, 0xff, 0xff,
  0xff, 0xff, 0xff, 0xff, 0xff, 0xff, 0xff, 0xff, 0xff, 0xff, 0xff, 0xff,
  0xff, 0xff, 0xff, 0xff, 0xff, 0xff, 0xff, 0xff, 0xff, 0xff, 0xff, 0xff,
  0xff, 0xff, 0xff, 0xff, 0xff, 0xff, 0x00, 0x00, 0x00, 0x00, 0x00, 0x00,
  0x00, 0x00, 0x00, 0x00, 0x00, 0x00, 0x00, 0x00, 0x00, 0x00, 0x00, 0x00,
  0x00, 0x00, 0x00, 0x00, 0x00, 0x00, 0x00, 0x00, 0x00, 0x00, 0x00, 0x00,
  0x00, 0x00, 0x00, 0x00, 0x00, 0x00, 0x00, 0x00, 0x00, 0x00, 0x00, 0x00,
  0x00, 0x00, 0x00, 0x00, 0x00, 0x00, 0x00, 0x00, 0x00, 0x00, 0x00, 0x00,
  0x00, 0x00, 0x00, 0x00, 0x00, 0x00, 0x00, 0x00, 0x00, 0x00, 0x00, 0x00,
  0x00, 0x00, 0x00, 0x00, 0x00, 0x00, 0x00, 0x00, 0x00, 0x00, 0x00, 0x00,
  0x00, 0x00, 0x00, 0x00, 0x00, 0x00, 0x00, 0x00, 0x00, 0x00, 0x00, 0x00,
  0x00, 0x00, 0x00, 0x00, 0x00, 0x00, 0x00, 0x00, 0x00, 0x00, 0x00, 0x00,
  0x00, 0x00, 0x00, 0x00, 0x00, 0x00, 0x00, 0x00, 0x00, 0x00, 0x00, 0x00,
  0x00, 0x00, 0x00, 0x00, 0x00, 0x00, 0x00, 0x00, 0x00, 0x00, 0x00, 0x00,
  0x00, 0x00, 0x00, 0x00, 0x00, 0x00, 0x00, 0x00, 0x00, 0x00, 0x00, 0x00,
  0x00, 0x00, 0x00, 0x00, 0x00, 0x00, 0x00, 0x00, 0x00, 0x00, 0x00, 0x00,
  0x00, 0x00, 0x00, 0x00, 0xee, 0x94, 0xee, 0x94, 0xf6, 0x94, 0xf6, 0x94,
  0xf6, 0x94, 0xfe, 0xd5, 0xfe, 0xd5, 0xfe, 0xb5, 0xf6, 0xb4, 0xf6, 0x94,
  0xf6, 0x73, 0xf6, 0x73, 0xf6, 0x73, 0xf6, 0x72, 0xf6, 0x52, 0xf6, 0x52,
  0xf6, 0x52, 0xf6, 0x51, 0xf6, 0x71, 0xf6, 0x51, 0xee, 0x10, 0xed, 0xee,
  0xe5, 0xcd, 0xdd, 0x8c, 0xd5, 0x2a, 0xcd, 0x2a, 0xd5, 0x4a, 0xdd, 0x8b,
  0xdd, 0xab, 0xe5, 0xcc, 0xe5, 0xec, 0xee, 0x0d, 0xf6, 0x4e, 0xf6, 0x6e,
  0xfe, 0x8f, 0xfe, 0xaf, 0xfe, 0xd0, 0xfe, 0xf0, 0xfe, 0xf1, 0xfe, 0xf2,
  0xff, 0x12, 0xff, 0x33, 0xff, 0x33, 0xff, 0x55, 0xff, 0x55, 0xff, 0x97,
  0xff, 0xb8, 0xff, 0xda, 0xff, 0xfb, 0xff, 0xfc, 0xff, 0xfd, 0xff, 0xfd,
  0xff, 0xfd, 0xff, 0xfd, 0xff, 0xfd, 0xff, 0xfd, 0xff, 0xfd, 0xff, 0xfd,
  0xff, 0xfd, 0xff, 0xfd, 0xff, 0xfd, 0xff, 0xfd, 0xff, 0xfd, 0xff, 0xfd,
  0xff, 0xfd, 0xff, 0xfd, 0xff, 0xfd, 0xff, 0xfd, 0xff, 0xfe, 0xff, 0xfe,
  0xff, 0xfe, 0xff, 0xfe, 0xff, 0xfc, 0xff, 0xfc, 0xff, 0xfc, 0xff, 0xfc,
  0xff, 0xfc, 0xff, 0xfc, 0xff, 0xfc, 0xff, 0xfc, 0xff, 0xfd, 0xff, 0xfd,
  0xff, 0xfe, 0xff, 0xfe, 0xff, 0xff, 0xff, 0xff, 0xff, 0xff, 0xff, 0xff,
  0xff, 0xff, 0xff, 0xfe, 0xff, 0xfe, 0xff, 0xff, 0xff, 0xff, 0xff, 0xff,
  0xff, 0xfe, 0xff, 0xfe, 0xff, 0xfe, 0xff, 0xfd, 0xff, 0xfd, 0xff, 0xfd,
  0xff, 0xfd, 0xff, 0xfd, 0xff, 0xfd, 0xff, 0xfe, 0xff, 0xfe, 0xff, 0xff,
  0xff, 0xff, 0xff, 0xff, 0xff, 0xff, 0xff, 0xff, 0xff, 0xff, 0xff, 0xff,
  0xff, 0xff, 0xff, 0xff, 0xff, 0xff, 0xff, 0xff, 0xff, 0xff, 0xff, 0xff,
  0xff, 0xff, 0xff, 0xff, 0xff, 0xff, 0xff, 0xff, 0xff, 0xfe, 0xff, 0xff,
  0xff, 0xff, 0xff, 0xff, 0xff, 0xff, 0xff, 0xff, 0xff, 0xff, 0xff, 0xff,
  0xff, 0xff, 0xff, 0xff, 0xff, 0xff, 0xff, 0xff, 0xff, 0xff, 0xff, 0xff,
  0xff, 0xff, 0xff, 0xff, 0xff, 0xff, 0xff, 0xff, 0xff, 0xff, 0xff, 0xff,
  0xff, 0xff, 0xff, 0xff, 0xff, 0xff, 0xff, 0xff, 0xff, 0xff, 0xff, 0xff,
  0xff, 0xff, 0xff, 0xff, 0xff, 0xff, 0xff, 0xff, 0xff, 0xff, 0xff, 0xff,
  0xff, 0xff, 0xff, 0xff, 0xff, 0xff, 0xff, 0xff, 0xff, 0xff, 0xff, 0xff,
  0xff, 0xff, 0xff, 0xff, 0xff, 0xff, 0xff, 0xff, 0x00, 0x00, 0x00, 0x00,
  0x00, 0x00, 0x00, 0x00, 0x00, 0x00, 0x00, 0x00, 0x00, 0x00, 0x00, 0x00,
  0x00, 0x00, 0x00, 0x00, 0x00, 0x00, 0x00, 0x00, 0x00, 0x00, 0x00, 0x00,
  0x00, 0x00, 0x00, 0x00, 0x00, 0x00, 0x00, 0x00, 0x00, 0x00, 0x00, 0x00,
  0x00, 0x00, 0x00, 0x00, 0x00, 0x00, 0x00, 0x00, 0x00, 0x00, 0x00, 0x00,
  0x00, 0x00, 0x00, 0x00, 0x00, 0x00, 0x00, 0x00, 0x00, 0x00, 0x00, 0x00,
  0x00, 0x00, 0x00, 0x00, 0x00, 0x00, 0x00, 0x00, 0x00, 0x00, 0x00, 0x00,
  0x00, 0x00, 0x00, 0x00, 0x00, 0x00, 0x00, 0x00, 0x00, 0x00, 0x00, 0x00,
  0x00, 0x00, 0x00, 0x00, 0x00, 0x00, 0x00, 0x00, 0x00, 0x00, 0x00, 0x00,
  0x00, 0x00, 0x00, 0x00, 0x00, 0x00, 0x00, 0x00, 0x00, 0x00, 0x00, 0x00,
  0x00, 0x00, 0x00, 0x00, 0x00, 0x00, 0x00, 0x00, 0x00, 0x00, 0x00, 0x00,
  0x00, 0x00, 0x00, 0x00, 0x00, 0x00, 0x00, 0x00, 0x00, 0x00, 0x00, 0x00,
  0x00, 0x00, 0x00, 0x00, 0x00, 0x00, 0x00, 0x00, 0x00, 0x00, 0x00, 0x00,
  0x00, 0x00, 0xf6, 0xd5, 0xf6, 0xb4, 0xf6, 0x94, 0xf6, 0x94, 0xf6, 0x94,
  0xf6, 0x94, 0xfe, 0xd5, 0xfe, 0xb5, 0xfe, 0x95, 0xf6, 0x94, 0xf6, 0x94,
  0xf6, 0x73, 0xf6, 0x73, 0xf6, 0x73, 0xf6, 0x72, 0xf6, 0x52, 0xf6, 0x51,
  0xf6, 0x51, 0xf6, 0x51, 0xf6, 0x51, 0xf6, 0x50, 0xee, 0x0f, 0xe5, 0xcd,
  0xe5, 0xad, 0xd5, 0x2a, 0xcc, 0xe9, 0xcd, 0x09, 0xd5, 0x4a, 0xdd, 0x8b,
  0xe5, 0xcc, 0xee, 0x0d, 0xee, 0x2d, 0xf6, 0x4e, 0xf6, 0x6e, 0xfe, 0x8f,
  0xfe, 0x8f, 0xfe, 0xaf, 0xfe, 0xaf, 0xfe, 0xd0, 0xfe, 0xf1, 0xfe, 0xf2,
  0xff, 0x13, 0xff, 0x34, 0xff, 0x54, 0xff, 0x55, 0xff, 0x76, 0xff, 0x98,
  0xff, 0xd9, 0xff, 0xda, 0xff, 0xfb, 0xff, 0xfc, 0xff, 0xfd, 0xff, 0xfd,
  0xff, 0xfd, 0xff, 0xfd, 0xff, 0xfd, 0xff, 0xfd, 0xff, 0xfd, 0xff, 0xfd,
  0xff, 0xfd, 0xff, 0xfd, 0xff, 0xfd, 0xff, 0xfd, 0xff, 0xfd, 0xff, 0xfd,
  0xff, 0xfd, 0xff, 0xfd, 0xff, 0xfd, 0xff, 0xfd, 0xff, 0xfd, 0xff, 0xfd,
  0xff, 0xfd, 0xff, 0xfd, 0xff, 0xfc, 0xff, 0xfc, 0xff, 0xfc, 0xff, 0xfb,
  0xff, 0xfa, 0xff, 0xda, 0xff, 0xba, 0xff, 0xda, 0xff, 0xfc, 0xff, 0xfc,
  0xff, 0xfd, 0xff, 0xfe, 0xff, 0xfe, 0xff, 0xff, 0xff, 0xff, 0xff, 0xff,
  0xff, 0xff, 0xff, 0xfe, 0xff, 0xff, 0xff, 0xff, 0xff, 0xff, 0xff, 0xff,
  0xff, 0xff, 0xff, 0xfe, 0xff, 0xfe, 0xff, 0xfd, 0xff, 0xdd, 0xff, 0xdc,
  0xff, 0xdc, 0xff, 0xfd, 0xff, 0xfd, 0xff, 0xfe, 0xff, 0xfe, 0xff, 0xff,
  0xff, 0xff, 0xff, 0xff, 0xff, 0xff, 0xff, 0xff, 0xff, 0xff, 0xff, 0xff,
  0xff, 0xff, 0xff, 0xff, 0xff, 0xff, 0xff, 0xff, 0xff, 0xff, 0xff, 0xff,
  0xff, 0xff, 0xff, 0xff, 0xff, 0xff, 0xff, 0xff, 0xff, 0xfe, 0xff, 0xfe,
  0xff, 0xfe, 0xff, 0xff, 0xff, 0xff, 0xff, 0xff, 0xff, 0xff, 0xff, 0xff,
  0xff, 0xff, 0xff, 0xff, 0xff, 0xff, 0xff, 0xff, 0xff, 0xff, 0xff, 0xff,
  0xff, 0xff, 0xff, 0xff, 0xff, 0xff, 0xff, 0xff, 0xff, 0xff, 0xff, 0xff,
  0xff, 0xff, 0xff, 0xff, 0xff, 0xff, 0xff, 0xff, 0xff, 0xff, 0xff, 0xff,
  0xff, 0xff, 0xff, 0xff, 0xff, 0xff, 0xff, 0xff, 0xff, 0xff, 0xff, 0xff,
  0xff, 0xff, 0xff, 0xff, 0xff, 0xff, 0xff, 0xff, 0xff, 0xff, 0xff, 0xff,
  0xff, 0xff, 0xff, 0xff, 0xff, 0xff, 0xff, 0xff, 0xff, 0xff, 0x00, 0x00,
  0x00, 0x00, 0x00, 0x00, 0x00, 0x00, 0x00, 0x00, 0x00, 0x00, 0x00, 0x00,
  0x00, 0x00, 0x00, 0x00, 0x00, 0x00, 0x00, 0x00, 0x00, 0x00, 0x00, 0x00,
  0x00, 0x00, 0x00, 0x00, 0x00, 0x00, 0x00, 0x00, 0x00, 0x00, 0x00, 0x00,
  0x00, 0x00, 0x00, 0x00, 0x00, 0x00, 0x00, 0x00, 0x00, 0x00, 0x00, 0x00,
  0x00, 0x00, 0x00, 0x00, 0x00, 0x00, 0x00, 0x00, 0x00, 0x00, 0x00, 0x00,
  0x00, 0x00, 0x00, 0x00, 0x00, 0x00, 0x00, 0x00, 0x00, 0x00, 0x00, 0x00,
  0x00, 0x00, 0x00, 0x00, 0x00, 0x00, 0x00, 0x00, 0x00, 0x00, 0x00, 0x00,
  0x00, 0x00, 0x00, 0x00, 0x00, 0x00, 0x00, 0x00, 0x00, 0x00, 0x00, 0x00,
  0x00, 0x00, 0x00, 0x00, 0x00, 0x00, 0x00, 0x00, 0x00, 0x00, 0x00, 0x00,
  0x00, 0x00, 0x00, 0x00, 0x00, 0x00, 0x00, 0x00, 0x00, 0x00, 0x00, 0x00,
  0x00, 0x00, 0x00, 0x00, 0x00, 0x00, 0x00, 0x00, 0x00, 0x00, 0x00, 0x00,
  0x00, 0x00, 0x00, 0x00, 0x00, 0x00, 0x00, 0x00, 0x00, 0x00, 0x00, 0x00,
  0xfe, 0xf5, 0xf6, 0xd5, 0xf6, 0xd5, 0xf6, 0xb4, 0xf6, 0x94, 0xf6, 0x94,
  0xf6, 0x74, 0xfe, 0xd5, 0xfe, 0xb5, 0xf6, 0x94, 0xf6, 0x94, 0xf6, 0x94,
  0xf6, 0x73, 0xf6, 0x73, 0xf6, 0x72, 0xf6, 0x52, 0xf6, 0x52, 0xf6, 0x51,
  0xf6, 0x51, 0xf6, 0x51, 0xf6, 0x50, 0xf6, 0x50, 0xee, 0x0e, 0xe5, 0xcd,
  0xdd, 0x6b, 0xc4, 0xe9, 0xcd, 0x09, 0xd5, 0x2a, 0xdd, 0x6b, 0xdd, 0xac,
  0xe5, 0xec, 0xee, 0x2d, 0xf6, 0x4e, 0xf6, 0x6e, 0xfe, 0x6f, 0xfe, 0x8f,
  0xfe, 0xaf, 0xfe, 0xaf, 0xfe, 0xb0, 0xfe, 0xd0, 0xfe, 0xf1, 0xff, 0x12,
  0xff, 0x33, 0xff, 0x34, 0xff, 0x54, 0xff, 0x76, 0xff, 0x97, 0xff, 0xb8,
  0xff, 0xd9, 0xff, 0xfb, 0xff, 0xfb, 0xff, 0xfc, 0xff, 0xfd, 0xff, 0xfd,
  0xff, 0xfd, 0xff, 0xfd, 0xff, 0xfd, 0xff, 0xfd, 0xff, 0xfc, 0xff, 0xfd,
  0xff, 0xfd, 0xff, 0xfd, 0xff, 0xfd, 0xff, 0xfd, 0xff, 0xfc, 0xff, 0xfc,
  0xff, 0xfc, 0xff, 0xfc, 0xff, 0xfc, 0xff, 0xfc, 0xff, 0xfd, 0xff, 0xfd,
  0xff, 0xfd, 0xff, 0xfd, 0xff, 0xfc, 0xff, 0xfb, 0xff, 0xfb, 0xff, 0xfa,
  0xff, 0xda, 0xff, 0xb9, 0xf7, 0x99, 0xff, 0xb9, 0xff, 0xfb, 0xff, 0xfc,
  0xff, 0xfd, 0xff, 0xfe, 0xff, 0xff, 0xff, 0xff, 0xff, 0xff, 0xff, 0xff,
  0xff, 0xff, 0xff, 0xff, 0xff, 0xff, 0xff, 0xff, 0xff, 0xff, 0xff, 0xff,
  0xff, 0xff, 0xff, 0xfe, 0xff, 0xfe, 0xff, 0xfd, 0xff, 0xdc, 0xff, 0xdc,
  0xff, 0xdc, 0xff, 0xfc, 0xff, 0xfc, 0xff, 0xfe, 0xff, 0xfe, 0xff, 0xff,
  0xff, 0xff, 0xff, 0xff, 0xff, 0xff, 0xff, 0xff, 0xff, 0xff, 0xff, 0xff,
  0xff, 0xff, 0xff, 0xff, 0xff, 0xff, 0xff, 0xff, 0xff, 0xff, 0xff, 0xff,
  0xff, 0xff, 0xff, 0xff, 0xff, 0xff, 0xff, 0xff, 0xff, 0xfe, 0xff, 0xfe,
  0xff, 0xfe, 0xff, 0xfe, 0xff, 0xff, 0xff, 0xff, 0xff, 0xff, 0xff, 0xff,
  0xff, 0xff, 0xff, 0xff, 0xff, 0xff, 0xff, 0xff, 0xff, 0xff, 0xff, 0xff,
  0xff, 0xff, 0xff, 0xff, 0xff, 0xff, 0xff, 0xff, 0xff, 0xff, 0xff, 0xff,
  0xff, 0xff, 0xff, 0xff, 0xff, 0xff, 0xff, 0xff, 0xff, 0xff, 0xff, 0xff,
  0xff, 0xff, 0xff, 0xff, 0xff, 0xff, 0xff, 0xff, 0xff, 0xff, 0xff, 0xff,
  0xff, 0xff, 0xff, 0xff, 0xff, 0xff, 0xff, 0xff, 0xff, 0xff, 0xff, 0xff,
  0xff, 0xff, 0xff, 0xff, 0xff, 0xff, 0xff, 0xff, 0xff, 0xff, 0xff, 0xff,
  0x00, 0x00, 0x00, 0x00, 0x00, 0x00, 0x00, 0x00, 0x00, 0x00, 0x00, 0x00,
  0x00, 0x00, 0x00, 0x00, 0x00, 0x00, 0x00, 0x00, 0x00, 0x00, 0x00, 0x00,
  0x00, 0x00, 0x00, 0x00, 0x00, 0x00, 0x00, 0x00, 0x00, 0x00, 0x00, 0x00,
  0x00, 0x00, 0x00, 0x00, 0x00, 0x00, 0x00, 0x00, 0x00, 0x00, 0x00, 0x00,
  0x00, 0x00, 0x00, 0x00, 0x00, 0x00, 0x00, 0x00, 0x00, 0x00, 0x00, 0x00,
  0x00, 0x00, 0x00, 0x00, 0x00, 0x00, 0x00, 0x00, 0x00, 0x00, 0x00, 0x00,
  0x00, 0x00, 0x00, 0x00, 0x00, 0x00, 0x00, 0x00, 0x00, 0x00, 0x00, 0x00,
  0x00, 0x00, 0x00, 0x00, 0x00, 0x00, 0x00, 0x00, 0x00, 0x00, 0x00, 0x00,
  0x00, 0x00, 0x00, 0x00, 0x00, 0x00, 0x00, 0x00, 0x00, 0x00, 0x00, 0x00,
  0x00, 0x00, 0x00, 0x00, 0x00, 0x00, 0x00, 0x00, 0x00, 0x00, 0x00, 0x00,
  0x00, 0x00, 0x00, 0x00, 0x00, 0x00, 0x00, 0x00, 0x00, 0x00, 0x00, 0x00,
  0x00, 0x00, 0x00, 0x00, 0x00, 0x00, 0x00, 0x00, 0x00, 0x00, 0xf6, 0xb5,
  0xfe, 0xf6, 0xfe, 0xf5, 0xfe, 0xd5, 0xf6, 0xb4, 0xf6, 0x94, 0xf6, 0x94,
  0xf6, 0x94, 0xfe, 0xf6, 0xfe, 0xb5, 0xf6, 0x94, 0xf6, 0x94, 0xf6, 0x94,
  0xfe, 0x94, 0xf6, 0x73, 0xf6, 0x52, 0xf6, 0x51, 0xf6, 0x51, 0xfe, 0x71,
  0xfe, 0x91, 0xfe, 0x91, 0xf6, 0x70, 0xf6, 0x4f, 0xee, 0x0e, 0xe5, 0xac,
  0xd5, 0x2a, 0xc4, 0xc8, 0xcd, 0x29, 0xdd, 0x6a, 0xdd, 0xab, 0xe5, 0xcc,
  0xee, 0x0d, 0xee, 0x2d, 0xf6, 0x4e, 0xf6, 0x6e, 0xfe, 0x8f, 0xfe, 0x8f,
  0xfe, 0xaf, 0xfe, 0xaf, 0xfe, 0xb0, 0xfe, 0xd0, 0xfe, 0xf1, 0xff, 0x33,
  0xff, 0x33, 0xff, 0x55, 0xff, 0x55, 0xff, 0x97, 0xff, 0xb8, 0xff, 0xd9,
  0xff, 0xd9, 0xff, 0xfb, 0xff, 0xfc, 0xff, 0xfc, 0xff, 0xfc, 0xff, 0xfc,
  0xff, 0xfd, 0xff, 0xfc, 0xff, 0xfc, 0xff, 0xfc, 0xff, 0xfc, 0xff, 0xfc,
  0xff, 0xfc, 0xff, 0xfc, 0xff, 0xfc, 0xff, 0xfc, 0xff, 0xfc, 0xff, 0xfc,
  0xff, 0xfb, 0xff, 0xfb, 0xff, 0xfc, 0xff, 0xfc, 0xff, 0xfc, 0xff, 0xfc,
  0xff, 0xfc, 0xff, 0xfc, 0xff, 0xfb, 0xff, 0xfa, 0xff, 0xfa, 0xff, 0xf9,
  0xff, 0xd9, 0xf7, 0xb8, 0xf7, 0x98, 0xff, 0xb8, 0xff, 0xfa, 0xff, 0xfb,
  0xff, 0xfd, 0xff, 0xfe, 0xff, 0xff, 0xff, 0xff, 0xff, 0xff, 0xff, 0xff,
  0xff, 0xff, 0xff, 0xff, 0xff, 0xff, 0xff, 0xff, 0xff, 0xff, 0xff, 0xff,
  0xff, 0xff, 0xff, 0xfe, 0xff, 0xfe, 0xff, 0xfc, 0xff, 0xdc, 0xff, 0xdb,
  0xff, 0xdb, 0xff, 0xdc, 0xff, 0xfc, 0xff, 0xfe, 0xff, 0xfe, 0xff, 0xff,
  0xff, 0xff, 0xff, 0xff, 0xff, 0xff, 0xff, 0xff, 0xff, 0xff, 0xff, 0xff,
  0xff, 0xff, 0xff, 0xff, 0xff, 0xff, 0xff, 0xff, 0xff, 0xff, 0xff, 0xff,
  0xff, 0xff, 0xff, 0xff, 0xff, 0xff, 0xff, 0xff, 0xff, 0xfe, 0xff, 0xfe,
  0xff, 0xfe, 0xff, 0xfe, 0xff, 0xfe, 0xff, 0xfe, 0xff, 0xff, 0xff, 0xff,
  0xff, 0xff, 0xff, 0xff, 0xff, 0xff, 0xff, 0xff, 0xff, 0xff, 0xff, 0xff,
  0xff, 0xff, 0xff, 0xff, 0xff, 0xff, 0xff, 0xff, 0xff, 0xff, 0xff, 0xff,
  0xff, 0xff, 0xff, 0xff, 0xff, 0xff, 0xff, 0xff, 0xff, 0xff, 0xff, 0xff,
  0xff, 0xff, 0xff, 0xff, 0xff, 0xff, 0xff, 0xff, 0xff, 0xff, 0xff, 0xff,
  0xff, 0xff, 0xff, 0xff, 0xff, 0xff, 0xff, 0xff, 0xff, 0xff, 0xff, 0xff,
  0xff, 0xff, 0xff, 0xff, 0xff, 0xff, 0xff, 0xff, 0xff, 0xff, 0xff, 0xff,
  0xff, 0xff, 0x00, 0x00, 0x00, 0x00, 0x00, 0x00, 0x00, 0x00, 0x00, 0x00,
  0x00, 0x00, 0x00, 0x00, 0x00, 0x00, 0x00, 0x00, 0x00, 0x00, 0x00, 0x00,
  0x00, 0x00, 0x00, 0x00, 0x00, 0x00, 0x00, 0x00, 0x00, 0x00, 0x00, 0x00,
  0x00, 0x00, 0x00, 0x00, 0x00, 0x00, 0x00, 0x00, 0x00, 0x00, 0x00, 0x00,
  0x00, 0x00, 0x00, 0x00, 0x00, 0x00, 0x00, 0x00, 0x00, 0x00, 0x00, 0x00,
  0x00, 0x00, 0x00, 0x00, 0x00, 0x00, 0x00, 0x00, 0x00, 0x00, 0x00, 0x00,
  0x00, 0x00, 0x00, 0x00, 0x00, 0x00, 0x00, 0x00, 0x00, 0x00, 0x00, 0x00,
  0x00, 0x00, 0x00, 0x00, 0x00, 0x00, 0x00, 0x00, 0x00, 0x00, 0x00, 0x00,
  0x00, 0x00, 0x00, 0x00, 0x00, 0x00, 0x00, 0x00, 0x00, 0x00, 0x00, 0x00,
  0x00, 0x00, 0x00, 0x00, 0x00, 0x00, 0x00, 0x00, 0x00, 0x00, 0x00, 0x00,
  0x00, 0x00, 0x00, 0x00, 0x00, 0x00, 0x00, 0x00, 0x00, 0x00, 0x00, 0x00,
  0x00, 0x00, 0x00, 0x00, 0x00, 0x00, 0x00, 0x00, 0xff, 0x16, 0xfe, 0xf6,
  0xff, 0x16, 0xfe, 0xf6, 0xfe, 0xd5, 0xf6, 0xb4, 0xf6, 0x94, 0xf6, 0x94,
  0xf6, 0xb4, 0xfe, 0xf6, 0xfe, 0xb4, 0xf6, 0x94, 0xf6, 0x94, 0xf6, 0x94,
  0xfe, 0x94, 0xf6, 0x73, 0xf6, 0x52, 0xee, 0x11, 0xf6, 0x51, 0xfe, 0x71,
  0xfe, 0xb2, 0xfe, 0x91, 0xf6, 0x70, 0xf6, 0x2f, 0xe5, 0xcd, 0xd5, 0x6b,
  0xcd, 0x09, 0xc4, 0xe8, 0xd5, 0x4a, 0xdd, 0xab, 0xe5, 0xec, 0xee, 0x0d,
  0xee, 0x0d, 0xf6, 0x2e, 0xf6, 0x4e, 0xf6, 0x6f, 0xfe, 0x8f, 0xfe, 0x8f,
  0xfe, 0xaf, 0xfe, 0xaf, 0xfe, 0xaf, 0xfe, 0xd0, 0xfe, 0xf1, 0xff, 0x53,
  0xff, 0x54, 0xff, 0x55, 0xff, 0x76, 0xff, 0xb7, 0xff, 0xd8, 0xff, 0xd9,
  0xff, 0xd9, 0xff, 0xfb, 0xff, 0xfb, 0xff, 0xfc, 0xff, 0xfc, 0xff, 0xfc,
  0xff, 0xfc, 0xff, 0xfc, 0xff, 0xfc, 0xff, 0xfc, 0xff, 0xfc, 0xff, 0xfc,
  0xff, 0xfc, 0xff, 0xfc, 0xff, 0xfc, 0xff, 0xfc, 0xff, 0xfb, 0xff, 0xfb,
  0xff, 0xfb, 0xff, 0xfb, 0xff, 0xfb, 0xff, 0xfb, 0xff, 0xfc, 0xff, 0xfc,
  0xff, 0xfc, 0xff, 0xfc, 0xff, 0xfa, 0xff, 0xf9, 0xff, 0xf9, 0xff, 0xb8,
  0xff, 0xb8, 0xf7, 0x97, 0xf7, 0x77, 0xff, 0x98, 0xff, 0xfa, 0xff, 0xfb,
  0xff, 0xfd, 0xff, 0xfe, 0xff, 0xff, 0xff, 0xff, 0xff, 0xff, 0xff, 0xff,
  0xff, 0xff, 0xff, 0xff, 0xff, 0xff, 0xff, 0xff, 0xff, 0xff, 0xff, 0xff,
  0xff, 0xff, 0xff, 0xfe, 0xff, 0xfe, 0xff, 0xdc, 0xff, 0xdc, 0xff, 0xbb,
  0xff, 0xdb, 0xff, 0xdc, 0xff, 0xfc, 0xff, 0xfe, 0xff, 0xfe, 0xff, 0xff,
  0xff, 0xff, 0xff, 0xff, 0xff, 0xff, 0xff, 0xff, 0xff, 0xff, 0xff, 0xff,
  0xff, 0xff, 0xff, 0xff, 0xff, 0xff, 0xff, 0xff, 0xff, 0xff, 0xff, 0xff,
  0xff, 0xff, 0xff, 0xff, 0xff, 0xff, 0xff, 0xff, 0xff, 0xfe, 0xff, 0xfe,
  0xff, 0xfe, 0xff, 0xfe, 0xff, 0xfe, 0xff, 0xfe, 0xff, 0xff, 0xff, 0xff,
  0xff, 0xff, 0xff, 0xff, 0xff, 0xff, 0xff, 0xff, 0xff, 0xff, 0xff, 0xff,
  0xff, 0xff, 0xff, 0xff, 0xff, 0xff, 0xff, 0xff, 0xff, 0xff, 0xff, 0xff,
  0xff, 0xff, 0xff, 0xff, 0xff, 0xff, 0xff, 0xff, 0xff, 0xff, 0xff, 0xff,
  0xff, 0xff, 0xff, 0xff, 0xff, 0xff, 0xff, 0xff, 0xff, 0xff, 0xff, 0xff,
  0xff, 0xff, 0xff, 0xff, 0xff, 0xff, 0xff, 0xff, 0xff, 0xff, 0xff, 0xff,
  0xff, 0xff, 0xff, 0xff, 0xff, 0xff, 0xff, 0xff, 0xff, 0xff, 0xff, 0xff,
  0xff, 0xff, 0xff, 0xff, 0x00, 0x00, 0x00, 0x00, 0x00, 0x00, 0x00, 0x00,
  0x00, 0x00, 0x00, 0x00, 0x00, 0x00, 0x00, 0x00, 0x00, 0x00, 0x00, 0x00,
  0x00, 0x00, 0x00, 0x00, 0x00, 0x00, 0x00, 0x00, 0x00, 0x00, 0x00, 0x00,
  0x00, 0x00, 0x00, 0x00, 0x00, 0x00, 0x00, 0x00, 0x00, 0x00, 0x00, 0x00,
  0x00, 0x00, 0x00, 0x00, 0x00, 0x00, 0x00, 0x00, 0x00, 0x00, 0x00, 0x00,
  0x00, 0x00, 0x00, 0x00, 0x00, 0x00, 0x00, 0x00, 0x00, 0x00, 0x00, 0x00,
  0x00, 0x00, 0x00, 0x00, 0x00, 0x00, 0x00, 0x00, 0x00, 0x00, 0x00, 0x00,
  0x00, 0x00, 0x00, 0x00, 0x00, 0x00, 0x00, 0x00, 0x00, 0x00, 0x00, 0x00,
  0x00, 0x00, 0x00, 0x00, 0x00, 0x00, 0x00, 0x00, 0x00, 0x00, 0x00, 0x00,
  0x00, 0x00, 0x00, 0x00, 0x00, 0x00, 0x00, 0x00, 0x00, 0x00, 0x00, 0x00,
  0x00, 0x00, 0x00, 0x00, 0x00, 0x00, 0x00, 0x00, 0x00, 0x00, 0x00, 0x00,
  0x00, 0x00, 0x00, 0x00, 0x00, 0x00, 0xff, 0x16, 0xff, 0x16, 0xff, 0x16,
  0xff, 0x16, 0xfe, 0xf6, 0xfe, 0xd5, 0xf6, 0xb4, 0xf6, 0x94, 0xf6, 0x94,
  0xf6, 0xb5, 0xfe, 0xb5, 0xfe, 0x94, 0xf6, 0x94, 0xf6, 0x94, 0xf6, 0x94,
  0xfe, 0x94, 0xf6, 0x73, 0xf6, 0x51, 0xee, 0x10, 0xee, 0x30, 0xfe, 0x71,
  0xfe, 0xb1, 0xfe, 0x90, 0xf6, 0x4f, 0xee, 0x0e, 0xd5, 0x6b, 0xcd, 0x29,
  0xcd, 0x09, 0xcd, 0x29, 0xdd, 0x6b, 0xe5, 0xcc, 0xee, 0x0d, 0xee, 0x2e,
  0xee, 0x2d, 0xf6, 0x2e, 0xf6, 0x4f, 0xfe, 0x6f, 0xfe, 0x8f, 0xfe, 0x90,
  0xfe, 0x90, 0xfe, 0x90, 0xfe, 0x90, 0xfe, 0xd1, 0xff, 0x12, 0xff, 0x54,
  0xff, 0x75, 0xff, 0x96, 0xff, 0xb6, 0xff, 0xb8, 0xff, 0xd8, 0xff, 0xb9,
  0xff, 0xd9, 0xff, 0xda, 0xff, 0xdb, 0xff, 0xdb, 0xff, 0xdc, 0xff, 0xdc,
  0xff, 0xfc, 0xff, 0xfc, 0xff, 0xfc, 0xff, 0xfc, 0xff, 0xfc, 0xff, 0xfb,
  0xff, 0xfb, 0xff, 0xfb, 0xff, 0xfb, 0xff, 0xfa, 0xff, 0xfa, 0xff, 0xfa,
  0xff, 0xfa, 0xff, 0xfa, 0xff, 0xfb, 0xff, 0xfb, 0xff, 0xfb, 0xff, 0xfb,
  0xff, 0xfb, 0xff, 0xfb, 0xff, 0xd9, 0xff, 0xd8, 0xff, 0xd7, 0xff, 0x97,
  0xf7, 0x96, 0xf7, 0x75, 0xef, 0x36, 0xff, 0x97, 0xff, 0xda, 0xff, 0xfb,
  0xff, 0xfd, 0xff, 0xfe, 0xff, 0xff, 0xff, 0xff, 0xff, 0xff, 0xff, 0xff,
  0xff, 0xff, 0xff, 0xff, 0xff, 0xff, 0xff, 0xff, 0xff, 0xff, 0xff, 0xff,
  0xff, 0xff, 0xff, 0xff, 0xff, 0xfe, 0xff, 0xdd, 0xff, 0xbc, 0xff, 0xbb,
  0xff, 0xbb, 0xff, 0xbb, 0xff, 0xbb, 0xff, 0xfe, 0xff, 0xfe, 0xff, 0xff,
  0xff, 0xff, 0xff, 0xff, 0xff, 0xff, 0xff, 0xff, 0xff, 0xff, 0xff, 0xff,
  0xff, 0xff, 0xff, 0xff, 0xff, 0xff, 0xff, 0xff, 0xff, 0xff, 0xff, 0xff,
  0xff, 0xff, 0xff, 0xff, 0xff, 0xff, 0xff, 0xff, 0xff, 0xfe, 0xff, 0xfe,
  0xff, 0xfe, 0xff, 0xfe, 0xff, 0xfe, 0xff, 0xfe, 0xff, 0xfe, 0xff, 0xfe,
  0xff, 0xff, 0xff, 0xff, 0xff, 0xff, 0xff, 0xff, 0xff, 0xff, 0xff, 0xff,
  0xff, 0xff, 0xff, 0xff, 0xff, 0xff, 0xff, 0xff, 0xff, 0xff, 0xff, 0xff,
  0xff, 0xff, 0xff, 0xff, 0xff, 0xff, 0xff, 0xff, 0xff, 0xff, 0xff, 0xff,
  0xff, 0xff, 0xff, 0xff, 0xff, 0xff, 0xff, 0xff, 0xff, 0xff, 0xff, 0xff,
  0xff, 0xff, 0xff, 0xff, 0xff, 0xff, 0xff, 0xff, 0xff, 0xff, 0xff, 0xff,
  0xff, 0xff, 0xff, 0xff, 0xff, 0xff, 0xff, 0xff, 0xff, 0xff, 0xff, 0xff,
  0xff, 0xff, 0xff, 0xff, 0xff, 0xff, 0x00, 0x00, 0x00, 0x00, 0x00, 0x00,
  0x00, 0x00, 0x00, 0x00, 0x00, 0x00, 0x00, 0x00, 0x00, 0x00, 0x00, 0x00,
  0x00, 0x00, 0x00, 0x00, 0x00, 0x00, 0x00, 0x00, 0x00, 0x00, 0x00, 0x00,
  0x00, 0x00, 0x00, 0x00, 0x00, 0x00, 0x00, 0x00, 0x00, 0x00, 0x00, 0x00,
  0x00, 0x00, 0x00, 0x00, 0x00, 0x00, 0x00, 0x00, 0x00, 0x00, 0x00, 0x00,
  0x00, 0x00, 0x00, 0x00, 0x00, 0x00, 0x00, 0x00, 0x00, 0x00, 0x00, 0x00,
  0x00, 0x00, 0x00, 0x00, 0x00, 0x00, 0x00, 0x00, 0x00, 0x00, 0x00, 0x00,
  0x00, 0x00, 0x00, 0x00, 0x00, 0x00, 0x00, 0x00, 0x00, 0x00, 0x00, 0x00,
  0x00, 0x00, 0x00, 0x00, 0x00, 0x00, 0x00, 0x00, 0x00, 0x00, 0x00, 0x00,
  0x00, 0x00, 0x00, 0x00, 0x00, 0x00, 0x00, 0x00, 0x00, 0x00, 0x00, 0x00,
  0x00, 0x00, 0x00, 0x00, 0x00, 0x00, 0x00, 0x00, 0x00, 0x00, 0x00, 0x00,
  0x00, 0x00, 0x00, 0x00, 0xfe, 0xf6, 0xff, 0x36, 0xff, 0x16, 0xff, 0x16,
  0xff, 0x16, 0xfe, 0xf5, 0xfe, 0xd5, 0xf6, 0xb4, 0xf6, 0x94, 0xf6, 0x94,
  0xfe, 0xd5, 0xf6, 0x94, 0xf6, 0x94, 0xfe, 0x94, 0xf6, 0x94, 0xf6, 0x94,
  0xfe, 0x94, 0xf6, 0x73, 0xf6, 0x31, 0xee, 0x10, 0xf6, 0x50, 0xfe, 0x71,
  0xfe, 0x71, 0xf6, 0x70, 0xf6, 0x2f, 0xe5, 0xac, 0xcd, 0x0a, 0xcd, 0x09,
  0xd5, 0x2a, 0xd5, 0x4a, 0xdd, 0xab, 0xe5, 0xec, 0xee, 0x0d, 0xee, 0x2e,
  0xf6, 0x2e, 0xf6, 0x2e, 0xf6, 0x6f, 0xfe, 0x6f, 0xfe, 0x8f, 0xfe, 0x90,
  0xfe, 0x8f, 0xfe, 0x8f, 0xfe, 0xb0, 0xfe, 0xd1, 0xff, 0x12, 0xff, 0x75,
  0xff, 0x95, 0xff, 0xb6, 0xff, 0xb7, 0xff, 0xb8, 0xff, 0xb8, 0xff, 0xb9,
  0xff, 0xb9, 0xff, 0xba, 0xff, 0xba, 0xff, 0xbb, 0xff, 0xdb, 0xff, 0xdc,
  0xff, 0xfc, 0xff, 0xfc, 0xff, 0xfc, 0xff, 0xfb, 0xff, 0xfb, 0xff, 0xfb,
  0xff, 0xfb, 0xff, 0xfa, 0xff, 0xfa, 0xff, 0xfa, 0xff, 0xf9, 0xff, 0xf9,
  0xff, 0xf9, 0xff, 0xf9, 0xff, 0xfa, 0xff, 0xfa, 0xff, 0xfa, 0xff, 0xfa,
  0xff, 0xfa, 0xff, 0xfa, 0xff, 0xd8, 0xff, 0xb7, 0xff, 0xb7, 0xff, 0x96,
  0xf7, 0x55, 0xf7, 0x55, 0xef, 0x35, 0xff, 0x76, 0xff, 0xda, 0xff, 0xfb,
  0xff, 0xfd, 0xff, 0xfe, 0xff, 0xff, 0xff, 0xff, 0xff, 0xff, 0xff, 0xff,
  0xff, 0xff, 0xff, 0xff, 0xff, 0xff, 0xff, 0xff, 0xff, 0xff, 0xff, 0xff,
  0xff, 0xff, 0xff, 0xff, 0xff, 0xfe, 0xff, 0xfd, 0xff, 0xdd, 0xff, 0xbb,
  0xff, 0xbb, 0xff, 0x9a, 0xff, 0x9a, 0xff, 0xbd, 0xff, 0xfe, 0xff, 0xff,
  0xff, 0xff, 0xff, 0xff, 0xff, 0xff, 0xff, 0xff, 0xff, 0xff, 0xff, 0xff,
  0xff, 0xff, 0xff, 0xff, 0xff, 0xff, 0xff, 0xff, 0xff, 0xff, 0xff, 0xff,
  0xff, 0xff, 0xff, 0xff, 0xff, 0xff, 0xff, 0xff, 0xff, 0xfe, 0xff, 0xfe,
  0xff, 0xfe, 0xff, 0xfe, 0xff, 0xfe, 0xff, 0xfe, 0xff, 0xfe, 0xff, 0xfe,
  0xff, 0xff, 0xff, 0xff, 0xff, 0xff, 0xff, 0xff, 0xff, 0xff, 0xff, 0xff,
  0xff, 0xff, 0xff, 0xff, 0xff, 0xff, 0xff, 0xff, 0xff, 0xff, 0xff, 0xff,
  0xff, 0xff, 0xff, 0xff, 0xff, 0xff, 0xff, 0xff, 0xff, 0xff, 0xff, 0xff,
  0xff, 0xff, 0xff, 0xff, 0xff, 0xff, 0xff, 0xff, 0xff, 0xff, 0xff, 0xff,
  0xff, 0xff, 0xff, 0xff, 0xff, 0xff, 0xff, 0xff, 0xff, 0xff, 0xff, 0xff,
  0xff, 0xff, 0xff, 0xff, 0xff, 0xff, 0xff, 0xff, 0xff, 0xff, 0xff, 0xff,
  0xff, 0xff, 0xff, 0xff, 0xff, 0xff, 0xff, 0xff, 0x00, 0x00, 0x00, 0x00,
  0x00, 0x00, 0x00, 0x00, 0x00, 0x00, 0x00, 0x00, 0x00, 0x00, 0x00, 0x00,
  0x00, 0x00, 0x00, 0x00, 0x00, 0x00, 0x00, 0x00, 0x00, 0x00, 0x00, 0x00,
  0x00, 0x00, 0x00, 0x00, 0x00, 0x00, 0x00, 0x00, 0x00, 0x00, 0x00, 0x00,
  0x00, 0x00, 0x00, 0x00, 0x00, 0x00, 0x00, 0x00, 0x00, 0x00, 0x00, 0x00,
  0x00, 0x00, 0x00, 0x00, 0x00, 0x00, 0x00, 0x00, 0x00, 0x00, 0x00, 0x00,
  0x00, 0x00, 0x00, 0x00, 0x00, 0x00, 0x00, 0x00, 0x00, 0x00, 0x00, 0x00,
  0x00, 0x00, 0x00, 0x00, 0x00, 0x00, 0x00, 0x00, 0x00, 0x00, 0x00, 0x00,
  0x00, 0x00, 0x00, 0x00, 0x00, 0x00, 0x00, 0x00, 0x00, 0x00, 0x00, 0x00,
  0x00, 0x00, 0x00, 0x00, 0x00, 0x00, 0x00, 0x00, 0x00, 0x00, 0x00, 0x00,
  0x00, 0x00, 0x00, 0x00, 0x00, 0x00, 0x00, 0x00, 0x00, 0x00, 0x00, 0x00,
  0x00, 0x00, 0xf6, 0xd5, 0xff, 0x16, 0xff, 0x57, 0xff, 0x36, 0xff, 0x36,
  0xff, 0x16, 0xfe, 0xd5, 0xfe, 0xd5, 0xf6, 0xb4, 0xf6, 0xb5, 0xfe, 0xb5,
  0xfe, 0xf5, 0xf6, 0x94, 0xfe, 0x94, 0xfe, 0x94, 0xfe, 0x93, 0xfe, 0x94,
  0xfe, 0x93, 0xfe, 0x73, 0xf6, 0x31, 0xf6, 0x30, 0xfe, 0x91, 0xfe, 0x91,
  0xf6, 0x4f, 0xf6, 0x2e, 0xed, 0xed, 0xd5, 0x6b, 0xc4, 0xe9, 0xcd, 0x09,
  0xd5, 0x4a, 0xdd, 0x6b, 0xe5, 0xcd, 0xee, 0x0d, 0xee, 0x0d, 0xee, 0x0e,
  0xf6, 0x2e, 0xf6, 0x4f, 0xfe, 0x6f, 0xfe, 0x8f, 0xfe, 0x90, 0xfe, 0x90,
  0xfe, 0x90, 0xfe, 0x90, 0xfe, 0xd0, 0xff, 0x12, 0xff, 0x33, 0xff, 0x95,
  0xff, 0xb6, 0xff, 0xb7, 0xff, 0xb7, 0xff, 0x98, 0xff, 0x98, 0xff, 0x98,
  0xff, 0x99, 0xff, 0x99, 0xff, 0xba, 0xff, 0xba, 0xff, 0xdb, 0xff, 0xfb,
  0xff, 0xfb, 0xff, 0xfb, 0xff, 0xfb, 0xff, 0xfb, 0xff, 0xfa, 0xff, 0xfa,
  0xff, 0xda, 0xff, 0xb9, 0xff, 0xb7, 0xff, 0xd7, 0xff, 0xf7, 0xff, 0xf7,
  0xff, 0xd7, 0xff, 0xd7, 0xff, 0xd8, 0xff, 0xd8, 0xff, 0xf9, 0xff, 0xf9,
  0xff, 0xf9, 0xff, 0xf9, 0xff, 0xb6, 0xff, 0x96, 0xff, 0x75, 0xff, 0x54,
  0xff, 0x34, 0xf7, 0x13, 0xf6, 0xf4, 0xff, 0x55, 0xff, 0xd9, 0xff, 0xfb,
  0xff, 0xfd, 0xff, 0xfe, 0xff, 0xff, 0xff, 0xff, 0xff, 0xff, 0xff, 0xff,
  0xff, 0xff, 0xff, 0xff, 0xff, 0xff, 0xff, 0xff, 0xff, 0xff, 0xff, 0xff,
  0xff, 0xff, 0xff, 0xff, 0xff, 0xff, 0xff, 0xfe, 0xff, 0xfe, 0xff, 0xdc,
  0xff, 0xbb, 0xff, 0x7a, 0xff, 0x7a, 0xff, 0xbc, 0xff, 0xfd, 0xff, 0xff,
  0xff, 0xff, 0xff, 0xff, 0xff, 0xff, 0xff, 0xff, 0xff, 0xff, 0xff, 0xff,
  0xff, 0xff, 0xff, 0xff, 0xff, 0xff, 0xff, 0xff, 0xff, 0xff, 0xff, 0xff,
  0xff, 0xff, 0xff, 0xff, 0xff, 0xff, 0xff, 0xff, 0xff, 0xfd, 0xff, 0xfe,
  0xff, 0xfe, 0xff, 0xfe, 0xff, 0xfe, 0xff, 0xfe, 0xff, 0xfe, 0xff, 0xfe,
  0xff, 0xfe, 0xff, 0xfe, 0xff, 0xff, 0xff, 0xff, 0xff, 0xff, 0xff, 0xff,
  0xff, 0xff, 0xff, 0xff, 0xff, 0xff, 0xff, 0xff, 0xff, 0xff, 0xff, 0xff,
  0xff, 0xff, 0xff, 0xff, 0xff, 0xff, 0xff, 0xff, 0xff, 0xff, 0xff, 0xff,
  0xff, 0xff, 0xff, 0xff, 0xff, 0xff, 0xff, 0xff, 0xff, 0xff, 0xff, 0xff,
  0xff, 0xff, 0xff, 0xff, 0xff, 0xff, 0xff, 0xff, 0xff, 0xff, 0xff, 0xff,
  0xff, 0xff, 0xff, 0xff, 0xff, 0xff, 0xff, 0xff, 0xff, 0xff, 0xff, 0xff,
  0xff, 0xff, 0xff, 0xff, 0xff, 0xff, 0xff, 0xff, 0xff, 0xff, 0x00, 0x00,
  0x00, 0x00, 0x00, 0x00, 0x00, 0x00, 0x00, 0x00, 0x00, 0x00, 0x00, 0x00,
  0x00, 0x00, 0x00, 0x00, 0x00, 0x00, 0x00, 0x00, 0x00, 0x00, 0x00, 0x00,
  0x00, 0x00, 0x00, 0x00, 0x00, 0x00, 0x00, 0x00, 0x00, 0x00, 0x00, 0x00,
  0x00, 0x00, 0x00, 0x00, 0x00, 0x00, 0x00, 0x00, 0x00, 0x00, 0x00, 0x00,
  0x00, 0x00, 0x00, 0x00, 0x00, 0x00, 0x00, 0x00, 0x00, 0x00, 0x00, 0x00,
  0x00, 0x00, 0x00, 0x00, 0x00, 0x00, 0x00, 0x00, 0x00, 0x00, 0x00, 0x00,
  0x00, 0x00, 0x00, 0x00, 0x00, 0x00, 0x00, 0x00, 0x00, 0x00, 0x00, 0x00,
  0x00, 0x00, 0x00, 0x00, 0x00, 0x00, 0x00, 0x00, 0x00, 0x00, 0x00, 0x00,
  0x00, 0x00, 0x00, 0x00, 0x00, 0x00, 0x00, 0x00, 0x00, 0x00, 0x00, 0x00,
  0x00, 0x00, 0x00, 0x00, 0x00, 0x00, 0x00, 0x00, 0x00, 0x00, 0x00, 0x00,
  0xee, 0xb5, 0xff, 0x16, 0xff, 0x37, 0xff, 0x57, 0xff, 0x37, 0xff, 0x37,
  0xff, 0x16, 0xfe, 0xd5, 0xf6, 0xb5, 0xfe, 0xd5, 0xfe, 0xd5, 0xfe, 0xd5,
  0xfe, 0xf6, 0xf6, 0x94, 0xfe, 0x94, 0xfe, 0x94, 0xfe, 0x93, 0xfe, 0x93,
  0xfe, 0x93, 0xfe, 0x73, 0xf6, 0x31, 0xf6, 0x30, 0xfe, 0x91, 0xfe, 0x91,
  0xf6, 0x4f, 0xee, 0x0e, 0xdd, 0x8c, 0xcd, 0x2a, 0xcd, 0x09, 0xd5, 0x4a,
  0xdd, 0x8b, 0xe5, 0xac, 0xee, 0x0d, 0xee, 0x2e, 0xee, 0x2e, 0xee, 0x2e,
  0xf6, 0x4e, 0xfe, 0x6f, 0xfe, 0x90, 0xfe, 0x90, 0xfe, 0x90, 0xfe, 0x90,
  0xfe, 0x90, 0xfe, 0xb0, 0xfe, 0xf1, 0xff, 0x33, 0xff, 0x53, 0xff, 0xb6,
  0xff, 0xb6, 0xff, 0xb7, 0xff, 0x97, 0xff, 0x97, 0xff, 0x97, 0xff, 0x98,
  0xff, 0x98, 0xff, 0x99, 0xff, 0xba, 0xff, 0xda, 0xff, 0xdb, 0xff, 0xfb,
  0xff, 0xdb, 0xff, 0xda, 0xff, 0xda, 0xff, 0xfa, 0xff, 0xf9, 0xff, 0xfa,
  0xff, 0xd8, 0xff, 0x97, 0xff, 0x96, 0xff, 0xb6, 0xff, 0xb6, 0xff, 0xd6,
  0xff, 0xb7, 0xff, 0xd7, 0xff, 0xd8, 0xff, 0xd8, 0xff, 0xd9, 0xff, 0xd9,
  0xff, 0xd8, 0xff, 0xd9, 0xff, 0x75, 0xff, 0x54, 0xff, 0x33, 0xf7, 0x13,
  0xf6, 0xd2, 0xee, 0xb2, 0xee, 0xb3, 0xff, 0x34, 0xff, 0xb9, 0xff, 0xfb,
  0xff, 0xfc, 0xff, 0xfe, 0xff, 0xff, 0xff, 0xff, 0xff, 0xff, 0xff, 0xff,
  0xff, 0xff, 0xff, 0xff, 0xff, 0xff, 0xff, 0xff, 0xff, 0xff, 0xff, 0xff,
  0xff, 0xff, 0xff, 0xff, 0xff, 0xff, 0xff, 0xfe, 0xff, 0xfe, 0xff, 0xfc,
  0xff, 0xbb, 0xff, 0x7a, 0xff, 0x7a, 0xff, 0x9c, 0xff, 0xdd, 0xff, 0xff,
  0xff, 0xff, 0xff, 0xff, 0xff, 0xff, 0xff, 0xff, 0xff, 0xff, 0xff, 0xff,
  0xff, 0xff, 0xff, 0xff, 0xff, 0xff, 0xff, 0xff, 0xff, 0xff, 0xff, 0xff,
  0xff, 0xff, 0xff, 0xff, 0xff, 0xff, 0xff, 0xff, 0xff, 0xfd, 0xff, 0xfe,
  0xff, 0xfe, 0xff, 0xfe, 0xff, 0xfe, 0xff, 0xfe, 0xff, 0xfe, 0xff, 0xfe,
  0xff, 0xfe, 0xff, 0xfe, 0xff, 0xff, 0xff, 0xff, 0xff, 0xff, 0xff, 0xff,
  0xff, 0xff, 0xff, 0xff, 0xff, 0xff, 0xff, 0xff, 0xff, 0xff, 0xff, 0xff,
  0xff, 0xff, 0xff, 0xff, 0xff, 0xff, 0xff, 0xff, 0xff, 0xff, 0xff, 0xff,
  0xff, 0xff, 0xff, 0xff, 0xff, 0xff, 0xff, 0xff, 0xff, 0xff, 0xff, 0xff,
  0xff, 0xff, 0xff, 0xff, 0xff, 0xff, 0xff, 0xff, 0xff, 0xff, 0xff, 0xff,
  0xff, 0xff, 0xff, 0xff, 0xff, 0xff, 0xff, 0xff, 0xff, 0xff, 0xff, 0xff,
  0xff, 0xff, 0xff, 0xff, 0xff, 0xff, 0xff, 0xff, 0xff, 0xff, 0xff, 0xff,
  0x00, 0x00, 0x00, 0x00, 0x00, 0x00, 0x00, 0x00, 0x00, 0x00, 0x00, 0x00,
  0x00, 0x00, 0x00, 0x00, 0x00, 0x00, 0x00, 0x00, 0x00, 0x00, 0x00, 0x00,
  0x00, 0x00, 0x00, 0x00, 0x00, 0x00, 0x00, 0x00, 0x00, 0x00, 0x00, 0x00,
  0x00, 0x00, 0x00, 0x00, 0x00, 0x00, 0x00, 0x00, 0x00, 0x00, 0x00, 0x00,
  0x00, 0x00, 0x00, 0x00, 0x00, 0x00, 0x00, 0x00, 0x00, 0x00, 0x00, 0x00,
  0x00, 0x00, 0x00, 0x00, 0x00, 0x00, 0x00, 0x00, 0x00, 0x00, 0x00, 0x00,
  0x00, 0x00, 0x00, 0x00, 0x00, 0x00, 0x00, 0x00, 0x00, 0x00, 0x00, 0x00,
  0x00, 0x00, 0x00, 0x00, 0x00, 0x00, 0x00, 0x00, 0x00, 0x00, 0x00, 0x00,
  0x00, 0x00, 0x00, 0x00, 0x00, 0x00, 0x00, 0x00, 0x00, 0x00, 0x00, 0x00,
  0x00, 0x00, 0x00, 0x00, 0x00, 0x00, 0x00, 0x00, 0x00, 0x00, 0xde, 0x53,
  0xf6, 0xd5, 0xff, 0x36, 0xff, 0x37, 0xff, 0x57, 0xff, 0x36, 0xff, 0x36,
  0xfe, 0xf6, 0xfe, 0xd5, 0xf6, 0xb5, 0xfe, 0xd5, 0xfe, 0xd5, 0xfe, 0xf6,
  0xfe, 0xf6, 0xf6, 0x74, 0xfe, 0x93, 0xfe, 0x94, 0xfe, 0x93, 0xfe, 0x93,
  0xfe, 0x93, 0xfe, 0x72, 0xf6, 0x30, 0xf6, 0x30, 0xfe, 0x91, 0xfe, 0xb0,
  0xf6, 0x4f, 0xe5, 0xcd, 0xd5, 0x4a, 0xcd, 0x09, 0xd5, 0x2a, 0xdd, 0x8b,
  0xe5, 0xcc, 0xee, 0x0e, 0xf6, 0x2e, 0xf6, 0x4f, 0xf6, 0x4f, 0xf6, 0x4f,
  0xf6, 0x4f, 0xf6, 0x6f, 0xfe, 0x6f, 0xfe, 0x6f, 0xfe, 0x70, 0xfe, 0x90,
  0xfe, 0xb0, 0xfe, 0xd1, 0xfe, 0xf2, 0xff, 0x33, 0xff, 0x53, 0xff, 0x54,
  0xff, 0x75, 0xff, 0x75, 0xff, 0x96, 0xff, 0x76, 0xff, 0x76, 0xff, 0x77,
  0xff, 0x77, 0xff, 0x77, 0xff, 0xb8, 0xff, 0xb9, 0xff, 0xda, 0xff, 0xd9,
  0xff, 0xb9, 0xff, 0x98, 0xff, 0xb8, 0xff, 0xd7, 0xff, 0xb5, 0xff, 0xd5,
  0xff, 0xb3, 0xff, 0x92, 0xff, 0x92, 0xff, 0x93, 0xff, 0x93, 0xff, 0x94,
  0xff, 0xb6, 0xff, 0xd6, 0xff, 0xd7, 0xff, 0xd7, 0xff, 0xd8, 0xff, 0xd8,
  0xff, 0xb7, 0xff, 0x97, 0xfe, 0xf1, 0xfe, 0xaf, 0xfe, 0xaf, 0xfe, 0x8e,
  0xee, 0x0d, 0xe5, 0xed, 0xee, 0x30, 0xfe, 0xd2, 0xff, 0x77, 0xff, 0x99,
  0xff, 0xdb, 0xff, 0xfd, 0xff, 0xfe, 0xff, 0xfe, 0xff, 0xff, 0xff, 0xff,
  0xff, 0xff, 0xff, 0xff, 0xff, 0xff, 0xff, 0xff, 0xff, 0xff, 0xff, 0xff,
  0xff, 0xff, 0xff, 0xff, 0xff, 0xff, 0xff, 0xfe, 0xff, 0xfe, 0xff, 0xfc,
  0xff, 0xbc, 0xff, 0x9a, 0xff, 0x7a, 0xff, 0x9c, 0xff, 0xdd, 0xff, 0xff,
  0xff, 0xff, 0xff, 0xff, 0xff, 0xff, 0xff, 0xff, 0xff, 0xff, 0xff, 0xff,
  0xff, 0xff, 0xff, 0xff, 0xff, 0xff, 0xff, 0xff, 0xff, 0xff, 0xff, 0xff,
  0xff, 0xff, 0xff, 0xff, 0xff, 0xff, 0xff, 0xff, 0xff, 0xfd, 0xff, 0xfe,
  0xff, 0xfe, 0xff, 0xfe, 0xff, 0xfe, 0xff, 0xfe, 0xff, 0xfe, 0xff, 0xfe,
  0xff, 0xfe, 0xff, 0xfe, 0xff, 0xff, 0xff, 0xff, 0xff, 0xff, 0xff, 0xff,
  0xff, 0xff, 0xff, 0xff, 0xff, 0xff, 0xff, 0xff, 0xff, 0xff, 0xff, 0xff,
  0xff, 0xff, 0xff, 0xff, 0xff, 0xff, 0xff, 0xff, 0xff, 0xff, 0xff, 0xff,
  0xff, 0xff, 0xff, 0xff, 0xff, 0xff, 0xff, 0xff, 0xff, 0xff, 0xff, 0xff,
  0xff, 0xff, 0xff, 0xff, 0xff, 0xff, 0xff, 0xff, 0xff, 0xff, 0xff, 0xff,
  0xff, 0xff, 0xff, 0xff, 0xff, 0xff, 0xff, 0xff, 0xff, 0xff, 0xff, 0xff,
  0xff, 0xff, 0xff, 0xff, 0xff, 0xff, 0xff, 0xff, 0xff, 0xff, 0xff, 0xff,
  0xff, 0xff, 0x00, 0x00, 0x00, 0x00, 0x00, 0x00, 0x00, 0x00, 0x00, 0x00,
  0x00, 0x00, 0x00, 0x00, 0x00, 0x00, 0x00, 0x00, 0x00, 0x00, 0x00, 0x00,
  0x00, 0x00, 0x00, 0x00, 0x00, 0x00, 0x00, 0x00, 0x00, 0x00, 0x00, 0x00,
  0x00, 0x00, 0x00, 0x00, 0x00, 0x00, 0x00, 0x00, 0x00, 0x00, 0x00, 0x00,
  0x00, 0x00, 0x00, 0x00, 0x00, 0x00, 0x00, 0x00, 0x00, 0x00, 0x00, 0x00,
  0x00, 0x00, 0x00, 0x00, 0x00, 0x00, 0x00, 0x00, 0x00, 0x00, 0x00, 0x00,
  0x00, 0x00, 0x00, 0x00, 0x00, 0x00, 0x00, 0x00, 0x00, 0x00, 0x00, 0x00,
  0x00, 0x00, 0x00, 0x00, 0x00, 0x00, 0x00, 0x00, 0x00, 0x00, 0x00, 0x00,
  0x00, 0x00, 0x00, 0x00, 0x00, 0x00, 0x00, 0x00, 0x00, 0x00, 0x00, 0x00,
  0x00, 0x00, 0x00, 0x00, 0x00, 0x00, 0x00, 0x00, 0xd6, 0x12, 0xe6, 0x94,
  0xff, 0x16, 0xff, 0x37, 0xff, 0x57, 0xff, 0x37, 0xff, 0x16, 0xff, 0x16,
  0xfe, 0xd5, 0xf6, 0xd5, 0xfe, 0xd5, 0xfe, 0xf5, 0xfe, 0xf6, 0xfe, 0xf6,
  0xfe, 0xf5, 0xf6, 0x94, 0xfe, 0x93, 0xfe, 0x94, 0xfe, 0x93, 0xfe, 0x93,
  0xfe, 0x93, 0xfe, 0x93, 0xfe, 0x71, 0xf6, 0x50, 0xfe, 0x91, 0xfe, 0xb1,
  0xf6, 0x2e, 0xd5, 0x6b, 0xcc, 0xe9, 0xcd, 0x09, 0xd5, 0x4b, 0xdd, 0xac,
  0xee, 0x0d, 0xee, 0x2e, 0xf6, 0x4f, 0xf6, 0x4f, 0xf6, 0x4f, 0xf6, 0x4f,
  0xf6, 0x4f, 0xf6, 0x4f, 0xf6, 0x4f, 0xf6, 0x4f, 0xf6, 0x6f, 0xfe, 0x90,
  0xfe, 0xb0, 0xfe, 0xf1, 0xff, 0x12, 0xff, 0x53, 0xff, 0x33, 0xff, 0x13,
  0xff, 0x34, 0xff, 0x75, 0xff, 0x75, 0xff, 0x56, 0xff, 0x55, 0xff, 0x36,
  0xff, 0x36, 0xff, 0x57, 0xff, 0x98, 0xff, 0xb9, 0xff, 0xb9, 0xff, 0xb9,
  0xff, 0x98, 0xff, 0x56, 0xff, 0x56, 0xff, 0x76, 0xff, 0x54, 0xff, 0x94,
  0xff, 0x73, 0xff, 0x73, 0xff, 0x72, 0xff, 0x72, 0xff, 0x74, 0xff, 0x94,
  0xff, 0xb6, 0xff, 0xd6, 0xff, 0xd7, 0xff, 0xd7, 0xff, 0xd7, 0xff, 0xd7,
  0xff, 0xb7, 0xff, 0x97, 0xf6, 0x8f, 0xee, 0x4e, 0xf6, 0x6e, 0xf6, 0x2d,
  0xdd, 0x8c, 0xdd, 0x8c, 0xe5, 0xef, 0xf6, 0x71, 0xff, 0x16, 0xff, 0x79,
  0xff, 0xbb, 0xff, 0xfc, 0xff, 0xfd, 0xff, 0xfe, 0xff, 0xff, 0xff, 0xff,
  0xff, 0xff, 0xff, 0xff, 0xff, 0xff, 0xff, 0xff, 0xff, 0xff, 0xff, 0xff,
  0xff, 0xff, 0xff, 0xff, 0xff, 0xff, 0xff, 0xfe, 0xff, 0xfe, 0xff, 0xdc,
  0xff, 0xbc, 0xff, 0x9a, 0xff, 0x9a, 0xff, 0xbc, 0xff, 0xfd, 0xff, 0xff,
  0xff, 0xff, 0xff, 0xff, 0xff, 0xff, 0xff, 0xff, 0xff, 0xff, 0xff, 0xff,
  0xff, 0xff, 0xff, 0xff, 0xff, 0xff, 0xff, 0xff, 0xff, 0xff, 0xff, 0xff,
  0xff, 0xff, 0xff, 0xff, 0xff, 0xff, 0xff, 0xfe, 0xff, 0xfd, 0xff, 0xfd,
  0xff, 0xfd, 0xff, 0xfe, 0xff, 0xfe, 0xff, 0xfe, 0xff, 0xfe, 0xff, 0xfe,
  0xff, 0xfe, 0xff, 0xfe, 0xff, 0xff, 0xff, 0xff, 0xff, 0xff, 0xff, 0xff,
  0xff, 0xff, 0xff, 0xff, 0xff, 0xff, 0xff, 0xff, 0xff, 0xff, 0xff, 0xff,
  0xff, 0xff, 0xff, 0xff, 0xff, 0xff, 0xff, 0xff, 0xff, 0xff, 0xff, 0xff,
  0xff, 0xff, 0xff, 0xff, 0xff, 0xff, 0xff, 0xff, 0xff, 0xff, 0xff, 0xff,
  0xff, 0xff, 0xff, 0xff, 0xff, 0xff, 0xff, 0xff, 0xff, 0xff, 0xff, 0xff,
  0xff, 0xff, 0xff, 0xff, 0xff, 0xff, 0xff, 0xff, 0xff, 0xff, 0xff, 0xff,
  0xff, 0xff, 0xff, 0xff, 0xff, 0xff, 0xff, 0xff, 0xff, 0xff, 0xff, 0xff,
  0xff, 0xff, 0xff, 0xff, 0x00, 0x00, 0x00, 0x00, 0x00, 0x00, 0x00, 0x00,
  0x00, 0x00, 0x00, 0x00, 0x00, 0x00, 0x00, 0x00, 0x00, 0x00, 0x00, 0x00,
  0x00, 0x00, 0x00, 0x00, 0x00, 0x00, 0x00, 0x00, 0x00, 0x00, 0x00, 0x00,
  0x00, 0x00, 0x00, 0x00, 0x00, 0x00, 0x00, 0x00, 0x00, 0x00, 0x00, 0x00,
  0x00, 0x00, 0x00, 0x00, 0x00, 0x00, 0x00, 0x00, 0x00, 0x00, 0x00, 0x00,
  0x00, 0x00, 0x00, 0x00, 0x00, 0x00, 0x00, 0x00, 0x00, 0x00, 0x00, 0x00,
  0x00, 0x00, 0x00, 0x00, 0x00, 0x00, 0x00, 0x00, 0x00, 0x00, 0x00, 0x00,
  0x00, 0x00, 0x00, 0x00, 0x00, 0x00, 0x00, 0x00, 0x00, 0x00, 0x00, 0x00,
  0x00, 0x00, 0x00, 0x00, 0x00, 0x00, 0x00, 0x00, 0x00, 0x00, 0x00, 0x00,
  0x00, 0x00, 0x00, 0x00, 0x00, 0x00, 0xbd, 0x4f, 0xee, 0x94, 0xfe, 0xf5,
  0xff, 0x15, 0xff, 0x15, 0xff, 0x36, 0xff, 0x15, 0xf6, 0xb4, 0xf6, 0xb4,
  0xfe, 0xd4, 0xfe, 0xf5, 0xff, 0x15, 0xff, 0x15, 0xff, 0x15, 0xfe, 0xf4,
  0xfe, 0xd4, 0xf6, 0xb4, 0xfe, 0x93, 0xfe, 0x93, 0xfe, 0x73, 0xfe, 0x52,
  0xfe, 0x72, 0xfe, 0x72, 0xfe, 0x92, 0xfe, 0x91, 0xf6, 0x50, 0xf6, 0x2f,
  0xe5, 0xed, 0xd5, 0x2a, 0xc4, 0xc9, 0xcc, 0xe9, 0xd5, 0x4b, 0xe5, 0xad,
  0xee, 0x0e, 0xf6, 0x0f, 0xf6, 0x2f, 0xf6, 0x4f, 0xf6, 0x4f, 0xf6, 0x4f,
  0xf6, 0x4f, 0xf6, 0x4f, 0xf6, 0x2f, 0xf6, 0x4f, 0xfe, 0x70, 0xfe, 0x90,
  0xfe, 0xd1, 0xff, 0x12, 0xff, 0x33, 0xff, 0x53, 0xfe, 0xf2, 0xff, 0x12,
  0xff, 0x33, 0xff, 0x54, 0xff, 0x54, 0xff, 0x34, 0xff, 0x14, 0xff, 0x14,
  0xff, 0x14, 0xff, 0x56, 0xff, 0x97, 0xff, 0xb7, 0xff, 0x77, 0xff, 0x76,
  0xff, 0x56, 0xff, 0x14, 0xff, 0x13, 0xff, 0x73, 0xff, 0x72, 0xff, 0x52,
  0xff, 0x72, 0xff, 0x52, 0xff, 0x53, 0xff, 0x54, 0xff, 0x76, 0xff, 0xb6,
  0xff, 0xb7, 0xff, 0xb7, 0xff, 0xb7, 0xff, 0xb7, 0xff, 0x96, 0xff, 0xb6,
  0xff, 0x54, 0xfe, 0xf3, 0xfe, 0x4e, 0xfe, 0x2d, 0xfd, 0xec, 0xf5, 0x6a,
  0xed, 0x4b, 0xf5, 0x8b, 0xed, 0x8e, 0xed, 0xd0, 0xfe, 0x95, 0xff, 0x39,
  0xff, 0x7a, 0xff, 0xbc, 0xff, 0xfd, 0xff, 0xfe, 0xff, 0xfe, 0xff, 0xff,
  0xff, 0xff, 0xff, 0xff, 0xff, 0xff, 0xff, 0xff, 0xff, 0xff, 0xff, 0xff,
  0xff, 0xff, 0xff, 0xff, 0xff, 0xff, 0xff, 0xff, 0xff, 0xfe, 0xff, 0xbc,
  0xff, 0xbc, 0xff, 0xba, 0xff, 0xba, 0xff, 0xbb, 0xff, 0xbb, 0xff, 0xff,
  0xff, 0xff, 0xff, 0xff, 0xff, 0xff, 0xff, 0xff, 0xff, 0xff, 0xff, 0xff,
  0xff, 0xff, 0xff, 0xff, 0xff, 0xff, 0xff, 0xff, 0xff, 0xff, 0xff, 0xff,
  0xff, 0xff, 0xff, 0xff, 0xff, 0xfe, 0xff, 0xfd, 0xff, 0xfc, 0xff, 0xfc,
  0xff, 0xfc, 0xff, 0xfc, 0xff, 0xfc, 0xff, 0xfd, 0xff, 0xfd, 0xff, 0xfe,
  0xff, 0xff, 0xff, 0xff, 0xff, 0xff, 0xff, 0xff, 0xff, 0xff, 0xff, 0xff,
  0xff, 0xff, 0xff, 0xff, 0xff, 0xff, 0xff, 0xff, 0xff, 0xff, 0xff, 0xff,
  0xff, 0xff, 0xff, 0xff, 0xff, 0xff, 0xff, 0xff, 0xff, 0xff, 0xff, 0xff,
  0xff, 0xff, 0xff, 0xff, 0xff, 0xff, 0xff, 0xff, 0xff, 0xff, 0xff, 0xff,
  0xff, 0xff, 0xff, 0xff, 0xff, 0xff, 0xff, 0xff, 0xff, 0xff, 0xff, 0xff,
  0xff, 0xff, 0xff, 0xff, 0xff, 0xff, 0xff, 0xff, 0xff, 0xff, 0xff, 0xff,
  0xff, 0xff, 0xff, 0xff, 0xff, 0xff, 0xff, 0xff, 0xff, 0xff, 0xff, 0xff,
  0xff, 0xff, 0xff, 0xff, 0xff, 0xff, 0x00, 0x00, 0x00, 0x00, 0x00, 0x00,
  0x00, 0x00, 0x00, 0x00, 0x00, 0x00, 0x00, 0x00, 0x00, 0x00, 0x00, 0x00,
  0x00, 0x00, 0x00, 0x00, 0x00, 0x00, 0x00, 0x00, 0x00, 0x00, 0x00, 0x00,
  0x00, 0x00, 0x00, 0x00, 0x00, 0x00, 0x00, 0x00, 0x00, 0x00, 0x00, 0x00,
  0x00, 0x00, 0x00, 0x00, 0x00, 0x00, 0x00, 0x00, 0x00, 0x00, 0x00, 0x00,
  0x00, 0x00, 0x00, 0x00, 0x00, 0x00, 0x00, 0x00, 0x00, 0x00, 0x00, 0x00,
  0x00, 0x00, 0x00, 0x00, 0x00, 0x00, 0x00, 0x00, 0x00, 0x00, 0x00, 0x00,
  0x00, 0x00, 0x00, 0x00, 0x00, 0x00, 0x00, 0x00, 0x00, 0x00, 0x00, 0x00,
  0x00, 0x00, 0x00, 0x00, 0x00, 0x00, 0x00, 0x00, 0x00, 0x00, 0x00, 0x00,
  0x00, 0x00, 0x00, 0x00, 0x00, 0x00, 0xd5, 0xf2, 0xee, 0xb4, 0xff, 0x16,
  0xff, 0x15, 0xff, 0x16, 0xff, 0x36, 0xff, 0x15, 0xf6, 0xd4, 0xf6, 0xb4,
  0xfe, 0xd4, 0xfe, 0xf5, 0xff, 0x15, 0xff, 0x15, 0xff, 0x15, 0xfe, 0xf5,
  0xfe, 0xd4, 0xf6, 0x94, 0xfe, 0x93, 0xfe, 0x93, 0xfe, 0x73, 0xfe, 0x52,
  0xfe, 0x72, 0xfe, 0x72, 0xfe, 0xb2, 0xfe, 0x91, 0xf6, 0x2f, 0xe5, 0xcd,
  0xd5, 0x4b, 0xc4, 0xe9, 0xc4, 0xc9, 0xcd, 0x2a, 0xdd, 0x8c, 0xed, 0xee,
  0xee, 0x0e, 0xee, 0x0e, 0xf6, 0x2f, 0xf6, 0x4f, 0xf6, 0x4f, 0xf6, 0x4f,
  0xf6, 0x4f, 0xf6, 0x2f, 0xf6, 0x2f, 0xf6, 0x2f, 0xfe, 0x50, 0xfe, 0xb1,
  0xfe, 0xf2, 0xff, 0x12, 0xff, 0x33, 0xff, 0x53, 0xfe, 0xf2, 0xff, 0x33,
  0xff, 0x53, 0xff, 0x54, 0xff, 0x33, 0xff, 0x13, 0xff, 0x13, 0xff, 0x14,
  0xff, 0x14, 0xff, 0x76, 0xff, 0x97, 0xff, 0x97, 0xff, 0x56, 0xff, 0x36,
  0xff, 0x15, 0xff, 0x14, 0xff, 0x13, 0xff, 0x53, 0xff, 0x52, 0xff, 0x52,
  0xff, 0x52, 0xff, 0x52, 0xff, 0x33, 0xff, 0x74, 0xff, 0x96, 0xff, 0xb6,
  0xff, 0xb7, 0xff, 0xb7, 0xff, 0x97, 0xff, 0x96, 0xff, 0x96, 0xff, 0xb7,
  0xff, 0x34, 0xfe, 0xd2, 0xfe, 0x4e, 0xfe, 0x4e, 0xfd, 0xec, 0xed, 0x6a,
  0xed, 0x6b, 0xf5, 0x8c, 0xed, 0x8e, 0xed, 0xaf, 0xee, 0x33, 0xfe, 0xf7,
  0xff, 0x7a, 0xff, 0x9b, 0xff, 0xdc, 0xff, 0xfd, 0xff, 0xfe, 0xff, 0xff,
  0xff, 0xff, 0xff, 0xff, 0xff, 0xff, 0xff, 0xff, 0xff, 0xff, 0xff, 0xff,
  0xff, 0xff, 0xff, 0xff, 0xff, 0xff, 0xff, 0xff, 0xff, 0xfe, 0xff, 0xfd,
  0xff, 0xdd, 0xff, 0xba, 0xff, 0x9a, 0xff, 0x7a, 0xff, 0x9a, 0xff, 0xff,
  0xff, 0xff, 0xff, 0xff, 0xff, 0xff, 0xff, 0xff, 0xff, 0xff, 0xff, 0xff,
  0xff, 0xff, 0xff, 0xff, 0xff, 0xff, 0xff, 0xff, 0xff, 0xff, 0xff, 0xff,
  0xff, 0xff, 0xff, 0xff, 0xff, 0xfe, 0xff, 0xfd, 0xff, 0xfc, 0xff, 0xfc,
  0xff, 0xfc, 0xff, 0xfc, 0xff, 0xfc, 0xff, 0xfd, 0xff, 0xfd, 0xff, 0xfe,
  0xff, 0xff, 0xff, 0xff, 0xff, 0xff, 0xff, 0xff, 0xff, 0xff, 0xff, 0xff,
  0xff, 0xff, 0xff, 0xff, 0xff, 0xff, 0xff, 0xff, 0xff, 0xff, 0xff, 0xff,
  0xff, 0xff, 0xff, 0xff, 0xff, 0xff, 0xff, 0xff, 0xff, 0xff, 0xff, 0xff,
  0xff, 0xff, 0xff, 0xff, 0xff, 0xff, 0xff, 0xff, 0xff, 0xff, 0xff, 0xff,
  0xff, 0xff, 0xff, 0xff, 0xff, 0xff, 0xff, 0xff, 0xff, 0xff, 0xff, 0xff,
  0xff, 0xff, 0xff, 0xff, 0xff, 0xff, 0xff, 0xff, 0xff, 0xff, 0xff, 0xff,
  0xff, 0xff, 0xff, 0xff, 0xff, 0xff, 0xff, 0xff, 0xff, 0xff, 0xff, 0xff,
  0xff, 0xff, 0xff, 0xff, 0xff, 0xff, 0x00, 0x00, 0x00, 0x00, 0x00, 0x00,
  0x00, 0x00, 0x00, 0x00, 0x00, 0x00, 0x00, 0x00, 0x00, 0x00, 0x00, 0x00,
  0x00, 0x00, 0x00, 0x00, 0x00, 0x00, 0x00, 0x00, 0x00, 0x00, 0x00, 0x00,
  0x00, 0x00, 0x00, 0x00, 0x00, 0x00, 0x00, 0x00, 0x00, 0x00, 0x00, 0x00,
  0x00, 0x00, 0x00, 0x00, 0x00, 0x00, 0x00, 0x00, 0x00, 0x00, 0x00, 0x00,
  0x00, 0x00, 0x00, 0x00, 0x00, 0x00, 0x00, 0x00, 0x00, 0x00, 0x00, 0x00,
  0x00, 0x00, 0x00, 0x00, 0x00, 0x00, 0x00, 0x00, 0x00, 0x00, 0x00, 0x00,
  0x00, 0x00, 0x00, 0x00, 0x00, 0x00, 0x00, 0x00, 0x00, 0x00, 0x00, 0x00,
  0x00, 0x00, 0x00, 0x00, 0x00, 0x00, 0x00, 0x00, 0x00, 0x00, 0x00, 0x00,
  0x00, 0x00, 0x00, 0x00, 0xc5, 0x4f, 0xee, 0xb5, 0xf6, 0xd5, 0xff, 0x36,
  0xff, 0x15, 0xff, 0x15, 0xff, 0x35, 0xff, 0x15, 0xfe, 0xd4, 0xf6, 0xd4,
  0xfe, 0xd4, 0xfe, 0xf5, 0xff, 0x15, 0xff, 0x15, 0xff, 0x15, 0xfe, 0xf5,
  0xfe, 0xd4, 0xf6, 0xb3, 0xfe, 0x93, 0xfe, 0x93, 0xfe, 0x92, 0xfe, 0x72,
  0xfe, 0x92, 0xfe, 0xb2, 0xfe, 0xd2, 0xfe, 0x90, 0xee, 0x0e, 0xd5, 0x4b,
  0xc4, 0xc8, 0xc4, 0xa8, 0xc4, 0xe9, 0xd5, 0x4a, 0xe5, 0xad, 0xee, 0x0e,
  0xee, 0x0e, 0xed, 0xee, 0xf6, 0x0f, 0xf6, 0x2f, 0xf6, 0x4f, 0xf6, 0x4f,
  0xf6, 0x2f, 0xf6, 0x2f, 0xf6, 0x2e, 0xf6, 0x2e, 0xfe, 0x6f, 0xfe, 0xd1,
  0xfe, 0xf2, 0xff, 0x12, 0xff, 0x12, 0xff, 0x33, 0xff, 0x12, 0xff, 0x33,
  0xff, 0x33, 0xff, 0x33, 0xff, 0x12, 0xfe, 0xf2, 0xfe, 0xf2, 0xff, 0x13,
  0xff, 0x34, 0xff, 0x75, 0xff, 0x75, 0xff, 0x55, 0xff, 0x14, 0xfe, 0xf3,
  0xfe, 0xf3, 0xfe, 0xf2, 0xff, 0x12, 0xff, 0x32, 0xff, 0x52, 0xff, 0x32,
  0xff, 0x52, 0xff, 0x32, 0xff, 0x33, 0xff, 0x53, 0xff, 0x95, 0xff, 0x95,
  0xff, 0x96, 0xff, 0xb6, 0xff, 0x96, 0xff, 0x95, 0xff, 0xb5, 0xff, 0xb5,
  0xfe, 0xf1, 0xfe, 0x90, 0xfe, 0x2c, 0xfe, 0x4d, 0xfd, 0xeb, 0xf5, 0x49,
  0xed, 0x2a, 0xf5, 0x4b, 0xf5, 0xae, 0xed, 0x8e, 0xed, 0xd1, 0xfe, 0x95,
  0xff, 0x39, 0xff, 0x7a, 0xff, 0xbc, 0xff, 0xdd, 0xff, 0xfe, 0xff, 0xff,
  0xff, 0xff, 0xff, 0xff, 0xff, 0xff, 0xff, 0xff, 0xff, 0xff, 0xff, 0xff,
  0xff, 0xff, 0xff, 0xff, 0xff, 0xff, 0xff, 0xff, 0xff, 0xff, 0xff, 0xfe,
  0xff, 0xfe, 0xff, 0xdb, 0xff, 0x9a, 0xff, 0x59, 0xff, 0x7a, 0xff, 0xde,
  0xff, 0xfe, 0xff, 0xff, 0xff, 0xff, 0xff, 0xff, 0xff, 0xff, 0xff, 0xff,
  0xff, 0xfe, 0xff, 0xff, 0xff, 0xff, 0xff, 0xff, 0xff, 0xff, 0xff, 0xff,
  0xff, 0xff, 0xff, 0xff, 0xff, 0xfe, 0xff, 0xfd, 0xff, 0xfc, 0xff, 0xfc,
  0xff, 0xfb, 0xff, 0xfb, 0xff, 0xfc, 0xff, 0xfc, 0xff, 0xfd, 0xff, 0xfd,
  0xff, 0xfe, 0xff, 0xfe, 0xff, 0xff, 0xff, 0xff, 0xff, 0xff, 0xff, 0xff,
  0xff, 0xff, 0xff, 0xff, 0xff, 0xff, 0xff, 0xff, 0xff, 0xff, 0xff, 0xff,
  0xff, 0xff, 0xff, 0xff, 0xff, 0xff, 0xff, 0xff, 0xff, 0xff, 0xff, 0xff,
  0xff, 0xff, 0xff, 0xff, 0xff, 0xff, 0xff, 0xff, 0xff, 0xff, 0xff, 0xff,
  0xff, 0xff, 0xff, 0xff, 0xff, 0xff, 0xff, 0xff, 0xff, 0xff, 0xff, 0xff,
  0xff, 0xff, 0xff, 0xff, 0xff, 0xff, 0xff, 0xff, 0xff, 0xff, 0xff, 0xff,
  0xff, 0xff, 0xff, 0xff, 0xff, 0xff, 0xff, 0xff, 0xff, 0xff, 0xff, 0xff,
  0xff, 0xff, 0xff, 0xff, 0xff, 0xff, 0xff, 0xff, 0x00, 0x00, 0x00, 0x00,
  0x00, 0x00, 0x00, 0x00, 0x00, 0x00, 0x00, 0x00, 0x00, 0x00, 0x00, 0x00,
  0x00, 0x00, 0x00, 0x00, 0x00, 0x00, 0x00, 0x00, 0x00, 0x00, 0x00, 0x00,
  0x00, 0x00, 0x00, 0x00, 0x00, 0x00, 0x00, 0x00, 0x00, 0x00, 0x00, 0x00,
  0x00, 0x00, 0x00, 0x00, 0x00, 0x00, 0x00, 0x00, 0x00, 0x00, 0x00, 0x00,
  0x00, 0x00, 0x00, 0x00, 0x00, 0x00, 0x00, 0x00, 0x00, 0x00, 0x00, 0x00,
  0x00, 0x00, 0x00, 0x00, 0x00, 0x00, 0x00, 0x00, 0x00, 0x00, 0x00, 0x00,
  0x00, 0x00, 0x00, 0x00, 0x00, 0x00, 0x00, 0x00, 0x00, 0x00, 0x00, 0x00,
  0x00, 0x00, 0x00, 0x00, 0x00, 0x00, 0x00, 0x00, 0x00, 0x00, 0x00, 0x00,
  0x00, 0x00, 0xb4, 0xee, 0xd5, 0xd1, 0xff, 0x16, 0xff, 0x16, 0xff, 0x57,
  0xff, 0x36, 0xff, 0x35, 0xff, 0x35, 0xff, 0x15, 0xfe, 0xd4, 0xfe, 0xd4,
  0xfe, 0xd4, 0xfe, 0xf5, 0xff, 0x15, 0xff, 0x15, 0xff, 0x15, 0xfe, 0xf5,
  0xfe, 0xd4, 0xf6, 0xb3, 0xfe, 0x93, 0xfe, 0xb3, 0xfe, 0x93, 0xfe, 0x92,
  0xfe, 0x92, 0xfe, 0xb2, 0xfe, 0xb1, 0xf6, 0x50, 0xe5, 0xcd, 0xcd, 0x09,
  0xb4, 0x47, 0xbc, 0x87, 0xcd, 0x0a, 0xd5, 0x6b, 0xe5, 0xed, 0xf6, 0x2f,
  0xed, 0xee, 0xed, 0xee, 0xee, 0x0e, 0xf6, 0x2e, 0xf6, 0x2f, 0xf6, 0x2f,
  0xf6, 0x2f, 0xf6, 0x2e, 0xf6, 0x2f, 0xf6, 0x2f, 0xfe, 0x90, 0xfe, 0xd1,
  0xfe, 0xf2, 0xfe, 0xf1, 0xfe, 0xf2, 0xff, 0x12, 0xfe, 0xf2, 0xff, 0x12,
  0xff, 0x12, 0xff, 0x12, 0xfe, 0xf2, 0xfe, 0xd2, 0xfe, 0xd2, 0xff, 0x54,
  0xff, 0x74, 0xff, 0x75, 0xff, 0x55, 0xff, 0x14, 0xfe, 0xd3, 0xfe, 0xb2,
  0xfe, 0xd2, 0xfe, 0xd2, 0xfe, 0xf1, 0xff, 0x32, 0xff, 0x32, 0xff, 0x31,
  0xff, 0x11, 0xff, 0x31, 0xff, 0x53, 0xff, 0x74, 0xff, 0x95, 0xff, 0x75,
  0xff, 0x75, 0xff, 0x95, 0xff, 0x96, 0xff, 0x96, 0xff, 0x95, 0xff, 0x74,
  0xfe, 0xb0, 0xfe, 0x4f, 0xfe, 0x2c, 0xfe, 0x2c, 0xfd, 0xab, 0xf5, 0x28,
  0xed, 0x0a, 0xf5, 0x4b, 0xf5, 0xae, 0xed, 0x8e, 0xe5, 0xb1, 0xf6, 0x54,
  0xff, 0x18, 0xff, 0x7a, 0xff, 0x9b, 0xff, 0xfd, 0xff, 0xfe, 0xff, 0xff,
  0xff, 0xff, 0xff, 0xff, 0xff, 0xff, 0xff, 0xff, 0xff, 0xff, 0xff, 0xff,
  0xff, 0xff, 0xff, 0xff, 0xff, 0xff, 0xff, 0xff, 0xff, 0xff, 0xff, 0xfe,
  0xff, 0xfe, 0xff, 0xfb, 0xff, 0x9a, 0xff, 0x79, 0xff, 0x7a, 0xff, 0xbd,
  0xff, 0xde, 0xff, 0xff, 0xff, 0xff, 0xff, 0xff, 0xff, 0xff, 0xff, 0xff,
  0xff, 0xfe, 0xff, 0xff, 0xff, 0xff, 0xff, 0xff, 0xff, 0xff, 0xff, 0xff,
  0xff, 0xff, 0xff, 0xff, 0xff, 0xfe, 0xff, 0xfd, 0xff, 0xfc, 0xff, 0xfc,
  0xff, 0xfb, 0xff, 0xfb, 0xff, 0xfc, 0xff, 0xfc, 0xff, 0xfd, 0xff, 0xfd,
  0xff, 0xfe, 0xff, 0xfe, 0xff, 0xff, 0xff, 0xff, 0xff, 0xff, 0xff, 0xff,
  0xff, 0xff, 0xff, 0xff, 0xff, 0xff, 0xff, 0xff, 0xff, 0xff, 0xff, 0xff,
  0xff, 0xff, 0xff, 0xff, 0xff, 0xff, 0xff, 0xff, 0xff, 0xff, 0xff, 0xff,
  0xff, 0xff, 0xff, 0xff, 0xff, 0xff, 0xff, 0xff, 0xff, 0xff, 0xff, 0xff,
  0xff, 0xff, 0xff, 0xff, 0xff, 0xff, 0xff, 0xff, 0xff, 0xff, 0xff, 0xff,
  0xff, 0xff, 0xff, 0xff, 0xff, 0xff, 0xff, 0xff, 0xff, 0xff, 0xff, 0xff,
  0xff, 0xff, 0xff, 0xff, 0xff, 0xff, 0xff, 0xff, 0xff, 0xff, 0xff, 0xff,
  0xff, 0xff, 0xff, 0xff, 0xff, 0xff, 0xff, 0xff, 0xff, 0xff, 0x00, 0x00,
  0x00, 0x00, 0x00, 0x00, 0x00, 0x00, 0x00, 0x00, 0x00, 0x00, 0x00, 0x00,
  0x00, 0x00, 0x00, 0x00, 0x00, 0x00, 0x00, 0x00, 0x00, 0x00, 0x00, 0x00,
  0x00, 0x00, 0x00, 0x00, 0x00, 0x00, 0x00, 0x00, 0x00, 0x00, 0x00, 0x00,
  0x00, 0x00, 0x00, 0x00, 0x00, 0x00, 0x00, 0x00, 0x00, 0x00, 0x00, 0x00,
  0x00, 0x00, 0x00, 0x00, 0x00, 0x00, 0x00, 0x00, 0x00, 0x00, 0x00, 0x00,
  0x00, 0x00, 0x00, 0x00, 0x00, 0x00, 0x00, 0x00, 0x00, 0x00, 0x00, 0x00,
  0x00, 0x00, 0x00, 0x00, 0x00, 0x00, 0x00, 0x00, 0x00, 0x00, 0x00, 0x00,
  0x00, 0x00, 0x00, 0x00, 0x00, 0x00, 0x00, 0x00, 0x00, 0x00, 0x00, 0x00,
  0xbd, 0x0f, 0xc5, 0x70, 0xde, 0x53, 0xff, 0x16, 0xff, 0x56, 0xff, 0x57,
  0xff, 0x36, 0xff, 0x36, 0xff, 0x35, 0xff, 0x15, 0xfe, 0xf4, 0xfe, 0xd4,
  0xfe, 0xf4, 0xff, 0x15, 0xff, 0x15, 0xff, 0x15, 0xff, 0x15, 0xfe, 0xf4,
  0xfe, 0xd4, 0xf6, 0xb3, 0xfe, 0xb3, 0xfe, 0xd3, 0xfe, 0xb3, 0xfe, 0x92,
  0xfe, 0x91, 0xfe, 0x71, 0xf6, 0x4f, 0xee, 0x0e, 0xdd, 0x6b, 0xc4, 0xc8,
  0xb4, 0x46, 0xbc, 0xa8, 0xd5, 0x4a, 0xdd, 0x8c, 0xed, 0xee, 0xf6, 0x0f,
  0xed, 0xee, 0xed, 0xee, 0xed, 0xee, 0xf6, 0x0e, 0xf6, 0x0e, 0xf6, 0x2e,
  0xf6, 0x2e, 0xf6, 0x2e, 0xfe, 0x4f, 0xfe, 0x6f, 0xfe, 0xb0, 0xfe, 0xd1,
  0xfe, 0xb1, 0xfe, 0xd1, 0xfe, 0xf2, 0xff, 0x32, 0xff, 0x12, 0xfe, 0xf2,
  0xfe, 0xf2, 0xfe, 0xf2, 0xfe, 0xd1, 0xfe, 0xd1, 0xfe, 0xf2, 0xff, 0x74,
  0xff, 0x74, 0xff, 0x33, 0xff, 0x13, 0xfe, 0xb1, 0xfe, 0x91, 0xfe, 0x90,
  0xfe, 0xb1, 0xfe, 0xb0, 0xfe, 0xd0, 0xff, 0x11, 0xff, 0x31, 0xff, 0x11,
  0xfe, 0xf0, 0xff, 0x11, 0xff, 0x33, 0xff, 0x73, 0xff, 0x94, 0xff, 0x54,
  0xff, 0x13, 0xff, 0x33, 0xff, 0x54, 0xff, 0x54, 0xff, 0x33, 0xfe, 0xf2,
  0xfe, 0x4e, 0xfe, 0x0d, 0xfd, 0xec, 0xfe, 0x0c, 0xfd, 0x8b, 0xfd, 0x29,
  0xf5, 0x2a, 0xfd, 0x4b, 0xfd, 0xae, 0xf5, 0x8e, 0xed, 0xb0, 0xee, 0x12,
  0xfe, 0xd6, 0xff, 0x59, 0xff, 0xbb, 0xff, 0xfd, 0xff, 0xff, 0xff, 0xff,
  0xff, 0xff, 0xff, 0xff, 0xff, 0xff, 0xff, 0xff, 0xff, 0xff, 0xff, 0xff,
  0xff, 0xff, 0xff, 0xff, 0xff, 0xff, 0xff, 0xff, 0xff, 0xff, 0xff, 0xfe,
  0xff, 0xfe, 0xff, 0xfc, 0xff, 0xbb, 0xff, 0x7a, 0xff, 0x7a, 0xff, 0xbc,
  0xff, 0xdd, 0xff, 0xfe, 0xff, 0xff, 0xff, 0xff, 0xff, 0xff, 0xff, 0xfe,
  0xff, 0xfe, 0xff, 0xff, 0xff, 0xff, 0xff, 0xff, 0xff, 0xff, 0xff, 0xff,
  0xff, 0xff, 0xff, 0xff, 0xff, 0xfe, 0xff, 0xfd, 0xff, 0xfb, 0xff, 0xfb,
  0xff, 0xfa, 0xff, 0xfa, 0xff, 0xfa, 0xff, 0xda, 0xff, 0xdb, 0xff, 0xfc,
  0xff, 0xfd, 0xff, 0xfd, 0xff, 0xfe, 0xff, 0xfe, 0xff, 0xff, 0xff, 0xff,
  0xff, 0xff, 0xff, 0xff, 0xff, 0xff, 0xff, 0xff, 0xff, 0xff, 0xff, 0xff,
  0xff, 0xff, 0xff, 0xff, 0xff, 0xff, 0xff, 0xff, 0xff, 0xff, 0xff, 0xff,
  0xff, 0xff, 0xff, 0xff, 0xff, 0xff, 0xff, 0xff, 0xff, 0xff, 0xff, 0xff,
  0xff, 0xff, 0xff, 0xff, 0xff, 0xff, 0xff, 0xff, 0xff, 0xff, 0xff, 0xff,
  0xff, 0xff, 0xff, 0xff, 0xff, 0xff, 0xff, 0xff, 0xff, 0xff, 0xff, 0xff,
  0xff, 0xff, 0xff, 0xff, 0xff, 0xff, 0xff, 0xff, 0xff, 0xff, 0xff, 0xff,
  0xff, 0xff, 0xff, 0xff, 0xff, 0xff, 0xff, 0xff, 0xff, 0xff, 0xff, 0xff,
  0x00, 0x00, 0x00, 0x00, 0x00, 0x00, 0x00, 0x00, 0x00, 0x00, 0x00, 0x00,
  0x00, 0x00, 0x00, 0x00, 0x00, 0x00, 0x00, 0x00, 0x00, 0x00, 0x00, 0x00,
  0x00, 0x00, 0x00, 0x00, 0x00, 0x00, 0x00, 0x00, 0x00, 0x00, 0x00, 0x00,
  0x00, 0x00, 0x00, 0x00, 0x00, 0x00, 0x00, 0x00, 0x00, 0x00, 0x00, 0x00,
  0x00, 0x00, 0x00, 0x00, 0x00, 0x00, 0x00, 0x00, 0x00, 0x00, 0x00, 0x00,
  0x00, 0x00, 0x00, 0x00, 0x00, 0x00, 0x00, 0x00, 0x00, 0x00, 0x00, 0x00,
  0x00, 0x00, 0x00, 0x00, 0x00, 0x00, 0x00, 0x00, 0x00, 0x00, 0x00, 0x00,
  0x00, 0x00, 0x00, 0x00, 0x00, 0x00, 0x00, 0x00, 0x00, 0x00, 0x00, 0x00,
  0xc5, 0x70, 0xd6, 0x12, 0xee, 0xb4, 0xff, 0x16, 0xff, 0x56, 0xff, 0x56,
  0xff, 0x56, 0xff, 0x36, 0xff, 0x35, 0xff, 0x15, 0xfe, 0xf4, 0xfe, 0xf4,
  0xff, 0x15, 0xff, 0x15, 0xff, 0x15, 0xff, 0x15, 0xff, 0x15, 0xfe, 0xf4,
  0xfe, 0xd4, 0xf6, 0xd4, 0xfe, 0xd3, 0xfe, 0xd4, 0xfe, 0xd3, 0xfe, 0x92,
  0xfe, 0x71, 0xf6, 0x30, 0xed, 0xee, 0xdd, 0xac, 0xcd, 0x2a, 0xc4, 0xa8,
  0xbc, 0xa8, 0xcd, 0x09, 0xdd, 0x8b, 0xe5, 0xcd, 0xee, 0x0e, 0xee, 0x0e,
  0xed, 0xce, 0xed, 0xee, 0xed, 0xee, 0xed, 0xee, 0xf6, 0x0e, 0xf6, 0x2e,
  0xf6, 0x2e, 0xfe, 0x4f, 0xfe, 0xb0, 0xfe, 0xf1, 0xfe, 0xf1, 0xfe, 0xd1,
  0xfe, 0x90, 0xfe, 0xb0, 0xff, 0x32, 0xff, 0x53, 0xff, 0x12, 0xfe, 0xf1,
  0xfe, 0xd1, 0xfe, 0xd1, 0xfe, 0xb1, 0xfe, 0xd1, 0xff, 0x12, 0xff, 0x94,
  0xff, 0x54, 0xfe, 0xf2, 0xfe, 0xb1, 0xfe, 0x70, 0xfe, 0x70, 0xfe, 0x70,
  0xfe, 0xb1, 0xfe, 0xb0, 0xfe, 0xb0, 0xfe, 0xf1, 0xff, 0x10, 0xfe, 0xf0,
  0xfe, 0xd0, 0xff, 0x11, 0xff, 0x32, 0xff, 0x53, 0xff, 0x94, 0xff, 0x74,
  0xfe, 0xf2, 0xfe, 0xd2, 0xff, 0x12, 0xff, 0x13, 0xfe, 0xf1, 0xfe, 0x90,
  0xfe, 0x0d, 0xfe, 0x2d, 0xfd, 0xec, 0xfd, 0xeb, 0xfd, 0x6a, 0xfd, 0x49,
  0xfd, 0x4b, 0xfd, 0x4b, 0xfd, 0x8e, 0xfd, 0xae, 0xf5, 0xd0, 0xed, 0xf1,
  0xee, 0x75, 0xff, 0x38, 0xff, 0xbb, 0xff, 0xfe, 0xff, 0xff, 0xff, 0xff,
  0xff, 0xff, 0xff, 0xff, 0xff, 0xff, 0xff, 0xff, 0xff, 0xff, 0xff, 0xff,
  0xff, 0xff, 0xff, 0xff, 0xff, 0xff, 0xff, 0xff, 0xff, 0xff, 0xff, 0xfe,
  0xff, 0xfe, 0xff, 0xfc, 0xff, 0xdb, 0xff, 0x9a, 0xff, 0x7a, 0xff, 0xbc,
  0xff, 0xbc, 0xff, 0xfe, 0xff, 0xff, 0xff, 0xff, 0xff, 0xff, 0xff, 0xff,
  0xff, 0xfe, 0xff, 0xff, 0xff, 0xff, 0xff, 0xff, 0xff, 0xff, 0xff, 0xff,
  0xff, 0xff, 0xff, 0xff, 0xff, 0xfe, 0xff, 0xfd, 0xff, 0xfb, 0xff, 0xfb,
  0xff, 0xfa, 0xff, 0xda, 0xff, 0xda, 0xff, 0xda, 0xff, 0xdb, 0xff, 0xfc,
  0xff, 0xfd, 0xff, 0xfd, 0xff, 0xfe, 0xff, 0xfe, 0xff, 0xff, 0xff, 0xff,
  0xff, 0xff, 0xff, 0xff, 0xff, 0xff, 0xff, 0xff, 0xff, 0xff, 0xff, 0xff,
  0xff, 0xff, 0xff, 0xff, 0xff, 0xff, 0xff, 0xff, 0xff, 0xff, 0xff, 0xff,
  0xff, 0xff, 0xff, 0xff, 0xff, 0xff, 0xff, 0xff, 0xff, 0xff, 0xff, 0xff,
  0xff, 0xff, 0xff, 0xff, 0xff, 0xff, 0xff, 0xff, 0xff, 0xff, 0xff, 0xff,
  0xff, 0xff, 0xff, 0xff, 0xff, 0xff, 0xff, 0xff, 0xff, 0xff, 0xff, 0xff,
  0xff, 0xff, 0xff, 0xff, 0xff, 0xff, 0xff, 0xff, 0xff, 0xff, 0xff, 0xff,
  0xff, 0xff, 0xff, 0xff, 0xff, 0xff, 0xff, 0xff, 0xff, 0xff, 0xff, 0xff,
  0x00, 0x00, 0x00, 0x00, 0x00, 0x00, 0x00, 0x00, 0x00, 0x00, 0x00, 0x00,
  0x00, 0x00, 0x00, 0x00, 0x00, 0x00, 0x00, 0x00, 0x00, 0x00, 0x00, 0x00,
  0x00, 0x00, 0x00, 0x00, 0x00, 0x00, 0x00, 0x00, 0x00, 0x00, 0x00, 0x00,
  0x00, 0x00, 0x00, 0x00, 0x00, 0x00, 0x00, 0x00, 0x00, 0x00, 0x00, 0x00,
  0x00, 0x00, 0x00, 0x00, 0x00, 0x00, 0x00, 0x00, 0x00, 0x00, 0x00, 0x00,
  0x00, 0x00, 0x00, 0x00, 0x00, 0x00, 0x00, 0x00, 0x00, 0x00, 0x00, 0x00,
  0x00, 0x00, 0x00, 0x00, 0x00, 0x00, 0x00, 0x00, 0x00, 0x00, 0x00, 0x00,
  0x00, 0x00, 0x00, 0x00, 0x00, 0x00, 0x00, 0x00, 0x00, 0x00, 0xbc, 0xee,
  0xd5, 0xd1, 0xe6, 0x74, 0xf6, 0xd5, 0xff, 0x36, 0xff, 0x56, 0xff, 0x36,
  0xff, 0x36, 0xff, 0x36, 0xff, 0x35, 0xff, 0x15, 0xfe, 0xf4, 0xfe, 0xf4,
  0xff, 0x15, 0xff, 0x15, 0xff, 0x15, 0xff, 0x15, 0xff, 0x15, 0xfe, 0xf4,
  0xfe, 0xd4, 0xfe, 0xd4, 0xfe, 0xd4, 0xfe, 0xd4, 0xfe, 0xd3, 0xfe, 0x92,
  0xf6, 0x50, 0xee, 0x2f, 0xe5, 0xac, 0xd5, 0x6b, 0xc4, 0xe9, 0xc4, 0xc8,
  0xcd, 0x2a, 0xdd, 0x8c, 0xe5, 0xcd, 0xee, 0x0e, 0xee, 0x2e, 0xee, 0x0e,
  0xed, 0xee, 0xed, 0xee, 0xed, 0xee, 0xf5, 0xee, 0xf6, 0x0e, 0xf6, 0x2e,
  0xfe, 0x4f, 0xfe, 0x6f, 0xfe, 0xd1, 0xff, 0x32, 0xff, 0x12, 0xfe, 0xd1,
  0xfe, 0x90, 0xfe, 0xb1, 0xff, 0x53, 0xff, 0x94, 0xff, 0x32, 0xfe, 0xb1,
  0xfe, 0x90, 0xfe, 0x4f, 0xfe, 0x4f, 0xfe, 0x90, 0xfe, 0xf2, 0xff, 0x53,
  0xfe, 0xf2, 0xfe, 0x90, 0xfe, 0x4f, 0xfe, 0x2e, 0xfe, 0x2e, 0xfe, 0x6f,
  0xfe, 0xaf, 0xfe, 0xaf, 0xfe, 0xaf, 0xfe, 0xd0, 0xfe, 0xf0, 0xfe, 0xf0,
  0xfe, 0xf0, 0xff, 0x11, 0xff, 0x32, 0xff, 0x72, 0xff, 0x94, 0xff, 0x53,
  0xfe, 0xf2, 0xfe, 0xd1, 0xfe, 0xd1, 0xfe, 0xd1, 0xfe, 0x6f, 0xf6, 0x2e,
  0xf5, 0xab, 0xfe, 0x6e, 0xfd, 0x8a, 0xf5, 0x29, 0xf4, 0xe9, 0xfd, 0x09,
  0xfd, 0x4b, 0xfd, 0x4a, 0xfd, 0x6c, 0xfd, 0xee, 0xfe, 0x51, 0xfe, 0x31,
  0xfe, 0x73, 0xff, 0x17, 0xff, 0x9a, 0xff, 0xfc, 0xff, 0xfe, 0xff, 0xff,
  0xff, 0xff, 0xff, 0xff, 0xff, 0xff, 0xff, 0xff, 0xff, 0xff, 0xff, 0xff,
  0xff, 0xff, 0xff, 0xff, 0xff, 0xff, 0xff, 0xff, 0xff, 0xff, 0xff, 0xff,
  0xff, 0xff, 0xff, 0xfd, 0xff, 0xdd, 0xff, 0x9a, 0xff, 0x7a, 0xff, 0x9a,
  0xff, 0xbb, 0xff, 0xdd, 0xff, 0xfe, 0xff, 0xff, 0xff, 0xff, 0xff, 0xfe,
  0xff, 0xfe, 0xff, 0xfe, 0xff, 0xfe, 0xff, 0xff, 0xff, 0xff, 0xff, 0xff,
  0xff, 0xff, 0xff, 0xfe, 0xff, 0xfe, 0xff, 0xfd, 0xff, 0xfb, 0xff, 0xfa,
  0xff, 0xd9, 0xff, 0xd9, 0xff, 0xb9, 0xff, 0xb9, 0xff, 0xb9, 0xff, 0xda,
  0xff, 0xfc, 0xff, 0xfc, 0xff, 0xfe, 0xff, 0xfd, 0xff, 0xff, 0xff, 0xff,
  0xff, 0xff, 0xff, 0xff, 0xff, 0xff, 0xff, 0xff, 0xff, 0xff, 0xff, 0xff,
  0xff, 0xff, 0xff, 0xff, 0xff, 0xff, 0xff, 0xff, 0xff, 0xff, 0xff, 0xff,
  0xff, 0xff, 0xff, 0xff, 0xff, 0xff, 0xff, 0xff, 0xff, 0xff, 0xff, 0xff,
  0xff, 0xff, 0xff, 0xff, 0xff, 0xff, 0xff, 0xff, 0xff, 0xff, 0xff, 0xff,
  0xff, 0xff, 0xff, 0xff, 0xff, 0xff, 0xff, 0xff, 0xff, 0xff, 0xff, 0xff,
  0xff, 0xff, 0xff, 0xff, 0xff, 0xff, 0xff, 0xff, 0xff, 0xff, 0xff, 0xff,
  0xff, 0xff, 0xff, 0xff, 0xff, 0xff, 0xff, 0xff, 0xff, 0xff, 0xff, 0xff,
  0xff, 0xff, 0x00, 0x00, 0x00, 0x00, 0x00, 0x00, 0x00, 0x00, 0x00, 0x00,
  0x00, 0x00, 0x00, 0x00, 0x00, 0x00, 0x00, 0x00, 0x00, 0x00, 0x00, 0x00,
  0x00, 0x00, 0x00, 0x00, 0x00, 0x00, 0x00, 0x00, 0x00, 0x00, 0x00, 0x00,
  0x00, 0x00, 0x00, 0x00, 0x00, 0x00, 0x00, 0x00, 0x00, 0x00, 0x00, 0x00,
  0x00, 0x00, 0x00, 0x00, 0x00, 0x00, 0x00, 0x00, 0x00, 0x00, 0x00, 0x00,
  0x00, 0x00, 0x00, 0x00, 0x00, 0x00, 0x00, 0x00, 0x00, 0x00, 0x00, 0x00,
  0x00, 0x00, 0x00, 0x00, 0x00, 0x00, 0x00, 0x00, 0x00, 0x00, 0x00, 0x00,
  0x00, 0x00, 0x00, 0x00, 0x00, 0x00, 0x00, 0x00, 0xa4, 0x2b, 0xac, 0xad,
  0xde, 0x33, 0xf6, 0xb5, 0xf6, 0xb4, 0xff, 0x56, 0xff, 0x76, 0xff, 0x36,
  0xff, 0x56, 0xff, 0x56, 0xff, 0x35, 0xff, 0x15, 0xff, 0x15, 0xff, 0x15,
  0xff, 0x15, 0xff, 0x35, 0xff, 0x15, 0xff, 0x15, 0xfe, 0xf4, 0xfe, 0xf4,
  0xfe, 0xd4, 0xfe, 0xd4, 0xfe, 0xf4, 0xfe, 0xf4, 0xfe, 0xd3, 0xfe, 0x92,
  0xf6, 0x50, 0xee, 0x0e, 0xdd, 0x6c, 0xcd, 0x09, 0xc4, 0xa8, 0xc4, 0xe8,
  0xdd, 0x6b, 0xe5, 0xcd, 0xed, 0xed, 0xee, 0x0e, 0xf6, 0x2e, 0xee, 0x0e,
  0xed, 0xee, 0xf6, 0x0e, 0xee, 0x0e, 0xf6, 0x0e, 0xf6, 0x0e, 0xf6, 0x0e,
  0xfe, 0x2f, 0xfe, 0x90, 0xfe, 0xd1, 0xfe, 0xf1, 0xfe, 0xd1, 0xfe, 0x90,
  0xfe, 0xd1, 0xff, 0x53, 0xff, 0x94, 0xff, 0x32, 0xfe, 0xf2, 0xfe, 0x90,
  0xfe, 0x2e, 0xf6, 0x0e, 0xfe, 0x2f, 0xfe, 0x90, 0xfe, 0xd1, 0xfe, 0xf2,
  0xfe, 0xb1, 0xfe, 0x2e, 0xf5, 0xee, 0xfe, 0x0e, 0xfe, 0x2e, 0xfe, 0x6f,
  0xfe, 0xaf, 0xfe, 0xb0, 0xfe, 0xaf, 0xfe, 0xcf, 0xfe, 0xd0, 0xfe, 0xf0,
  0xff, 0x11, 0xff, 0x31, 0xff, 0x32, 0xff, 0x32, 0xff, 0x12, 0xfe, 0xf1,
  0xff, 0x12, 0xff, 0x74, 0xff, 0x73, 0xfe, 0xb0, 0xf6, 0x0d, 0xfe, 0x4e,
  0xfe, 0x6e, 0xfe, 0x0c, 0xfd, 0x6a, 0xf5, 0x08, 0xec, 0xa8, 0xf4, 0xc8,
  0xfd, 0x2a, 0xfd, 0x4b, 0xfd, 0x6c, 0xfd, 0xee, 0xfe, 0x72, 0xfe, 0x51,
  0xf6, 0x73, 0xfe, 0xf6, 0xff, 0x99, 0xff, 0xdc, 0xff, 0xfd, 0xff, 0xff,
  0xff, 0xff, 0xff, 0xff, 0xff, 0xff, 0xff, 0xff, 0xff, 0xff, 0xff, 0xff,
  0xff, 0xff, 0xff, 0xff, 0xff, 0xff, 0xff, 0xff, 0xff, 0xff, 0xff, 0xff,
  0xff, 0xff, 0xff, 0xfe, 0xff, 0xfd, 0xff, 0x9b, 0xff, 0x7a, 0xff, 0x7a,
  0xff, 0x9a, 0xff, 0xdd, 0xff, 0xfe, 0xff, 0xff, 0xff, 0xff, 0xff, 0xfe,
  0xff, 0xfe, 0xff, 0xfe, 0xff, 0xfe, 0xff, 0xff, 0xff, 0xff, 0xff, 0xff,
  0xff, 0xff, 0xff, 0xfe, 0xff, 0xfe, 0xff, 0xfd, 0xff, 0xfb, 0xff, 0xda,
  0xff, 0xb9, 0xff, 0xb9, 0xff, 0x98, 0xff, 0x98, 0xff, 0x99, 0xff, 0xba,
  0xff, 0xdb, 0xff, 0xfc, 0xff, 0xfe, 0xff, 0xfd, 0xff, 0xff, 0xff, 0xff,
  0xff, 0xff, 0xff, 0xff, 0xff, 0xff, 0xff, 0xff, 0xff, 0xff, 0xff, 0xff,
  0xff, 0xff, 0xff, 0xff, 0xff, 0xff, 0xff, 0xff, 0xff, 0xff, 0xff, 0xff,
  0xff, 0xff, 0xff, 0xff, 0xff, 0xff, 0xff, 0xff, 0xff, 0xff, 0xff, 0xff,
  0xff, 0xff, 0xff, 0xff, 0xff, 0xff, 0xff, 0xff, 0xff, 0xff, 0xff, 0xff,
  0xff, 0xff, 0xff, 0xff, 0xff, 0xff, 0xff, 0xff, 0xff, 0xff, 0xff, 0xff,
  0xff, 0xff, 0xff, 0xff, 0xff, 0xff, 0xff, 0xff, 0xff, 0xff, 0xff, 0xff,
  0xff, 0xff, 0xff, 0xff, 0xff, 0xff, 0xff, 0xff, 0xff, 0xff, 0xff, 0xff,
  0xff, 0xff, 0xff, 0xff, 0x00, 0x00, 0x00, 0x00, 0x00, 0x00, 0x00, 0x00,
  0x00, 0x00, 0x00, 0x00, 0x00, 0x00, 0x00, 0x00, 0x00, 0x00, 0x00, 0x00,
  0x00, 0x00, 0x00, 0x00, 0x00, 0x00, 0x00, 0x00, 0x00, 0x00, 0x00, 0x00,
  0x00, 0x00, 0x00, 0x00, 0x00, 0x00, 0x00, 0x00, 0x00, 0x00, 0x00, 0x00,
  0x00, 0x00, 0x00, 0x00, 0x00, 0x00, 0x00, 0x00, 0x00, 0x00, 0x00, 0x00,
  0x00, 0x00, 0x00, 0x00, 0x00, 0x00, 0x00, 0x00, 0x00, 0x00, 0x00, 0x00,
  0x00, 0x00, 0x00, 0x00, 0x00, 0x00, 0x00, 0x00, 0x00, 0x00, 0x00, 0x00,
  0x00, 0x00, 0x00, 0x00, 0x00, 0x00, 0x8b, 0x68, 0x93, 0xea, 0xb4, 0xee,
  0xdd, 0xf2, 0xe6, 0x73, 0xf6, 0xb5, 0xff, 0x57, 0xff, 0x97, 0xff, 0x77,
  0xff, 0x76, 0xff, 0x56, 0xff, 0x36, 0xff, 0x35, 0xff, 0x15, 0xff, 0x15,
  0xff, 0x15, 0xff, 0x15, 0xfe, 0xf4, 0xfe, 0xf4, 0xfe, 0xd4, 0xf6, 0xb3,
  0xf6, 0xb3, 0xfe, 0xb3, 0xff, 0x14, 0xfe, 0xf4, 0xfe, 0xd2, 0xfe, 0x91,
  0xf6, 0x4f, 0xed, 0xed, 0xd5, 0x4a, 0xc4, 0xe8, 0xc4, 0xa8, 0xcd, 0x09,
  0xdd, 0x8c, 0xe5, 0xed, 0xed, 0xed, 0xee, 0x0e, 0xf6, 0x2e, 0xf6, 0x2e,
  0xf6, 0x0e, 0xf6, 0x2f, 0xf6, 0x2f, 0xfe, 0x4f, 0xf6, 0x2e, 0xf6, 0x0e,
  0xf6, 0x0e, 0xfe, 0x70, 0xfe, 0xd1, 0xfe, 0xf1, 0xfe, 0xb0, 0xff, 0x32,
  0xff, 0xb4, 0xff, 0x74, 0xff, 0x53, 0xff, 0x74, 0xfe, 0xd1, 0xf6, 0x0e,
  0xf5, 0xcd, 0xfe, 0x0e, 0xfe, 0x90, 0xfe, 0xd1, 0xfe, 0xd1, 0xfe, 0x90,
  0xf5, 0xee, 0xf5, 0xac, 0xf5, 0xcc, 0xfe, 0x0d, 0xfe, 0x2d, 0xfe, 0x6e,
  0xfe, 0x8f, 0xfe, 0xaf, 0xfe, 0xaf, 0xfe, 0xcf, 0xfe, 0xd0, 0xfe, 0xf0,
  0xff, 0x11, 0xff, 0x31, 0xff, 0x31, 0xfe, 0xf0, 0xfe, 0xb0, 0xfe, 0xf0,
  0xff, 0x53, 0xff, 0x53, 0xfe, 0xd1, 0xf6, 0x4e, 0xfe, 0x4e, 0xfe, 0xaf,
  0xfe, 0x6e, 0xfd, 0xab, 0xfd, 0x29, 0xf4, 0xc8, 0xec, 0x67, 0xec, 0x87,
  0xf4, 0xc9, 0xfd, 0x0a, 0xf5, 0x2b, 0xfd, 0x8c, 0xfe, 0x30, 0xfe, 0x50,
  0xfe, 0x52, 0xfe, 0xb4, 0xff, 0x78, 0xff, 0xda, 0xff, 0xdc, 0xff, 0xfe,
  0xff, 0xff, 0xff, 0xff, 0xff, 0xff, 0xff, 0xff, 0xff, 0xff, 0xff, 0xff,
  0xff, 0xff, 0xff, 0xff, 0xff, 0xff, 0xff, 0xff, 0xff, 0xff, 0xff, 0xff,
  0xff, 0xff, 0xff, 0xfe, 0xff, 0xfd, 0xff, 0x9b, 0xff, 0x5a, 0xff, 0x78,
  0xff, 0x78, 0xff, 0xbb, 0xff, 0xfc, 0xff, 0xfd, 0xff, 0xfe, 0xff, 0xfe,
  0xff, 0xfe, 0xff, 0xfe, 0xff, 0xfe, 0xff, 0xfe, 0xff, 0xfe, 0xff, 0xff,
  0xff, 0xff, 0xff, 0xfe, 0xff, 0xfe, 0xff, 0xfd, 0xff, 0xfb, 0xff, 0xda,
  0xff, 0xb9, 0xff, 0xb9, 0xff, 0x98, 0xff, 0x98, 0xff, 0x99, 0xff, 0x99,
  0xff, 0xdb, 0xff, 0xfb, 0xff, 0xfd, 0xff, 0xfd, 0xff, 0xff, 0xff, 0xff,
  0xff, 0xff, 0xff, 0xff, 0xff, 0xff, 0xff, 0xff, 0xff, 0xff, 0xff, 0xff,
  0xff, 0xff, 0xff, 0xff, 0xff, 0xff, 0xff, 0xff, 0xff, 0xff, 0xff, 0xff,
  0xff, 0xff, 0xff, 0xff, 0xff, 0xff, 0xff, 0xff, 0xff, 0xff, 0xff, 0xff,
  0xff, 0xff, 0xff, 0xff, 0xff, 0xff, 0xff, 0xff, 0xff, 0xff, 0xff, 0xff,
  0xff, 0xff, 0xff, 0xff, 0xff, 0xff, 0xff, 0xff, 0xff, 0xff, 0xff, 0xff,
  0xff, 0xff, 0xff, 0xff, 0xff, 0xff, 0xff, 0xff, 0xff, 0xff, 0xff, 0xff,
  0xff, 0xff, 0xff, 0xff, 0xff, 0xff, 0xff, 0xff, 0xff, 0xff, 0xff, 0xff,
  0xff, 0xff, 0xff, 0xff, 0xff, 0xff, 0x00, 0x00, 0x00, 0x00, 0x00, 0x00,
  0x00, 0x00, 0x00, 0x00, 0x00, 0x00, 0x00, 0x00, 0x00, 0x00, 0x00, 0x00,
  0x00, 0x00, 0x00, 0x00, 0x00, 0x00, 0x00, 0x00, 0x00, 0x00, 0x00, 0x00,
  0x00, 0x00, 0x00, 0x00, 0x00, 0x00, 0x00, 0x00, 0x00, 0x00, 0x00, 0x00,
  0x00, 0x00, 0x00, 0x00, 0x00, 0x00, 0x00, 0x00, 0x00, 0x00, 0x00, 0x00,
  0x00, 0x00, 0x00, 0x00, 0x00, 0x00, 0x00, 0x00, 0x00, 0x00, 0x00, 0x00,
  0x00, 0x00, 0x00, 0x00, 0x00, 0x00, 0x00, 0x00, 0x00, 0x00, 0x00, 0x00,
  0x00, 0x00, 0x00, 0x00, 0x00, 0x00, 0x83, 0x68, 0xa4, 0x4b, 0xc5, 0x4f,
  0xde, 0x12, 0xee, 0x74, 0xf6, 0xf5, 0xff, 0x77, 0xff, 0x98, 0xff, 0x97,
  0xff, 0x77, 0xff, 0x56, 0xff, 0x36, 0xff, 0x35, 0xff, 0x15, 0xff, 0x35,
  0xff, 0x15, 0xff, 0x15, 0xfe, 0xf5, 0xfe, 0xd4, 0xfe, 0xd4, 0xf6, 0xb3,
  0xf6, 0x93, 0xfe, 0xb3, 0xff, 0x14, 0xff, 0x14, 0xfe, 0xd2, 0xfe, 0x91,
  0xf6, 0x2f, 0xdd, 0xac, 0xcd, 0x09, 0xc4, 0xc8, 0xc4, 0xc8, 0xcd, 0x2a,
  0xe5, 0xcc, 0xed, 0xed, 0xed, 0xed, 0xee, 0x0e, 0xf6, 0x2e, 0xf6, 0x2e,
  0xf6, 0x0e, 0xf6, 0x2f, 0xfe, 0x4f, 0xfe, 0x4f, 0xf6, 0x0e, 0xf5, 0xee,
  0xf6, 0x2f, 0xfe, 0x4f, 0xfe, 0x4f, 0xf6, 0x2e, 0xff, 0x53, 0xff, 0xf6,
  0xff, 0xd5, 0xff, 0x32, 0xfe, 0xf1, 0xff, 0x32, 0xf6, 0x2f, 0xed, 0xac,
  0xed, 0xcd, 0xfe, 0x2f, 0xfe, 0xb0, 0xfe, 0xf1, 0xfe, 0xb1, 0xfe, 0x2f,
  0xed, 0x8c, 0xe5, 0x4b, 0xf5, 0xac, 0xfe, 0x0d, 0xfe, 0x2d, 0xfe, 0x6e,
  0xfe, 0x8f, 0xfe, 0xaf, 0xfe, 0xcf, 0xfe, 0xcf, 0xfe, 0xf0, 0xff, 0x10,
  0xff, 0x11, 0xff, 0x31, 0xff, 0x10, 0xfe, 0xaf, 0xfe, 0x8f, 0xff, 0x11,
  0xff, 0x73, 0xff, 0x12, 0xf6, 0x6f, 0xee, 0x0d, 0xfe, 0x4e, 0xfe, 0xaf,
  0xfe, 0x0d, 0xf5, 0x4a, 0xf4, 0xc8, 0xec, 0xa8, 0xec, 0x87, 0xec, 0x87,
  0xec, 0x88, 0xec, 0xa8, 0xec, 0xea, 0xfd, 0x2b, 0xfd, 0xef, 0xfe, 0x30,
  0xf6, 0x31, 0xf6, 0x73, 0xff, 0x17, 0xff, 0xdb, 0xff, 0xfd, 0xff, 0xfe,
  0xff, 0xff, 0xff, 0xff, 0xff, 0xff, 0xff, 0xff, 0xff, 0xff, 0xff, 0xff,
  0xff, 0xff, 0xff, 0xff, 0xff, 0xff, 0xff, 0xff, 0xff, 0xff, 0xff, 0xff,
  0xff, 0xff, 0xff, 0xfe, 0xff, 0xdd, 0xff, 0x9b, 0xff, 0x5a, 0xff, 0x58,
  0xff, 0x78, 0xff, 0xbb, 0xff, 0xdb, 0xff, 0xfd, 0xff, 0xfe, 0xff, 0xfe,
  0xff, 0xfe, 0xff, 0xfe, 0xff, 0xfe, 0xff, 0xfe, 0xff, 0xfe, 0xff, 0xff,
  0xff, 0xff, 0xff, 0xfe, 0xff, 0xfe, 0xff, 0xfd, 0xff, 0xfb, 0xff, 0xda,
  0xff, 0xb9, 0xff, 0xb9, 0xff, 0x98, 0xff, 0x98, 0xff, 0x99, 0xff, 0x99,
  0xff, 0xbb, 0xff, 0xfb, 0xff, 0xfd, 0xff, 0xfd, 0xff, 0xff, 0xff, 0xff,
  0xff, 0xff, 0xff, 0xff, 0xff, 0xff, 0xff, 0xff, 0xff, 0xff, 0xff, 0xff,
  0xff, 0xff, 0xff, 0xff, 0xff, 0xff, 0xff, 0xff, 0xff, 0xff, 0xff, 0xff,
  0xff, 0xff, 0xff, 0xff, 0xff, 0xff, 0xff, 0xff, 0xff, 0xff, 0xff, 0xff,
  0xff, 0xff, 0xff, 0xff, 0xff, 0xff, 0xff, 0xff, 0xff, 0xff, 0xff, 0xff,
  0xff, 0xff, 0xff, 0xff, 0xff, 0xff, 0xff, 0xff, 0xff, 0xff, 0xff, 0xff,
  0xff, 0xff, 0xff, 0xff, 0xff, 0xff, 0xff, 0xff, 0xff, 0xff, 0xff, 0xff,
  0xff, 0xff, 0xff, 0xff, 0xff, 0xff, 0xff, 0xff, 0xff, 0xff, 0xff, 0xff,
  0xff, 0xff, 0xff, 0xff, 0xff, 0xff, 0x00, 0x00, 0x00, 0x00, 0x00, 0x00,
  0x00, 0x00, 0x00, 0x00, 0x00, 0x00, 0x00, 0x00, 0x00, 0x00, 0x00, 0x00,
  0x00, 0x00, 0x00, 0x00, 0x00, 0x00, 0x00, 0x00, 0x00, 0x00, 0x00, 0x00,
  0x00, 0x00, 0x00, 0x00, 0x00, 0x00, 0x00, 0x00, 0x00, 0x00, 0x00, 0x00,
  0x00, 0x00, 0x00, 0x00, 0x00, 0x00, 0x00, 0x00, 0x00, 0x00, 0x00, 0x00,
  0x00, 0x00, 0x00, 0x00, 0x00, 0x00, 0x00, 0x00, 0x00, 0x00, 0x00, 0x00,
  0x00, 0x00, 0x00, 0x00, 0x00, 0x00, 0x00, 0x00, 0x00, 0x00, 0x00, 0x00,
  0x00, 0x00, 0x00, 0x00, 0x83, 0x68, 0x93, 0xa9, 0xb4, 0xcd, 0xd5, 0xb1,
  0xde, 0x32, 0xee, 0x94, 0xff, 0x36, 0xff, 0xb8, 0xff, 0xb8, 0xff, 0xb8,
  0xff, 0x77, 0xff, 0x56, 0xff, 0x36, 0xff, 0x36, 0xff, 0x15, 0xff, 0x36,
  0xff, 0x15, 0xfe, 0xf5, 0xfe, 0xf5, 0xfe, 0xd4, 0xfe, 0xd4, 0xfe, 0xb3,
  0xfe, 0xb3, 0xfe, 0xb3, 0xfe, 0xf3, 0xff, 0x14, 0xfe, 0xf2, 0xfe, 0x90,
  0xed, 0xed, 0xd5, 0x4a, 0xc4, 0xc8, 0xc4, 0xc8, 0xcd, 0x09, 0xdd, 0x6b,
  0xe5, 0xcd, 0xe5, 0xed, 0xed, 0xed, 0xee, 0x0e, 0xf6, 0x2f, 0xf6, 0x2f,
  0xf6, 0x2e, 0xfe, 0x4f, 0xf6, 0x2f, 0xf6, 0x0e, 0xf6, 0x0e, 0xf6, 0x0e,
  0xfe, 0x4f, 0xfe, 0x2f, 0xfe, 0x2f, 0xfe, 0x4f, 0xff, 0x74, 0xff, 0xb4,
  0xff, 0x74, 0xff, 0x73, 0xff, 0x32, 0xf6, 0x2f, 0xdd, 0x2b, 0xed, 0x8c,
  0xf6, 0x0e, 0xfe, 0x6f, 0xfe, 0xb0, 0xfe, 0xb0, 0xfe, 0x2f, 0xfd, 0xed,
  0xed, 0x4b, 0xe5, 0x2a, 0xf5, 0xab, 0xfe, 0x0c, 0xfe, 0x2d, 0xfe, 0x4d,
  0xfe, 0x6e, 0xfe, 0x8f, 0xfe, 0xb0, 0xfe, 0xb0, 0xfe, 0xd0, 0xff, 0x11,
  0xff, 0x31, 0xff, 0x31, 0xfe, 0xd0, 0xfe, 0x6f, 0xfe, 0xaf, 0xff, 0x52,
  0xff, 0x93, 0xfe, 0xd1, 0xfe, 0x0e, 0xfe, 0x0e, 0xfe, 0x6e, 0xfe, 0x2e,
  0xfd, 0x6a, 0xe4, 0xc8, 0xec, 0xa7, 0xec, 0xa8, 0xf4, 0xa8, 0xf4, 0xa8,
  0xec, 0x88, 0xec, 0x88, 0xec, 0xa9, 0xf5, 0x0a, 0xfd, 0x8c, 0xfd, 0xee,
  0xfd, 0xf0, 0xf6, 0x10, 0xfe, 0x94, 0xff, 0x98, 0xff, 0xfc, 0xff, 0xfe,
  0xff, 0xfe, 0xff, 0xff, 0xff, 0xff, 0xff, 0xff, 0xff, 0xff, 0xff, 0xff,
  0xff, 0xff, 0xff, 0xff, 0xff, 0xff, 0xff, 0xff, 0xff, 0xff, 0xff, 0xff,
  0xff, 0xff, 0xff, 0xfe, 0xff, 0xdd, 0xff, 0x9b, 0xff, 0x5a, 0xfe, 0xf6,
  0xff, 0x16, 0xff, 0x58, 0xff, 0x99, 0xff, 0xbb, 0xff, 0xdb, 0xff, 0xdc,
  0xff, 0xfd, 0xff, 0xfd, 0xff, 0xfd, 0xff, 0xfd, 0xff, 0xfe, 0xff, 0xfe,
  0xff, 0xff, 0xff, 0xfe, 0xff, 0xfe, 0xff, 0xfd, 0xff, 0xfc, 0xff, 0xfb,
  0xff, 0xd9, 0xff, 0xb9, 0xff, 0x99, 0xff, 0x99, 0xff, 0x99, 0xff, 0xb9,
  0xff, 0xbb, 0xff, 0xdc, 0xff, 0xfe, 0xff, 0xfe, 0xff, 0xff, 0xff, 0xff,
  0xff, 0xff, 0xff, 0xff, 0xff, 0xff, 0xff, 0xff, 0xff, 0xff, 0xff, 0xff,
  0xff, 0xff, 0xff, 0xff, 0xff, 0xff, 0xff, 0xff, 0xff, 0xff, 0xff, 0xff,
  0xff, 0xff, 0xff, 0xff, 0xff, 0xff, 0xff, 0xff, 0xff, 0xff, 0xff, 0xff,
  0xff, 0xff, 0xff, 0xff, 0xff, 0xff, 0xff, 0xff, 0xff, 0xff, 0xff, 0xff,
  0xff, 0xff, 0xff, 0xff, 0xff, 0xff, 0xff, 0xff, 0xff, 0xff, 0xff, 0xff,
  0xff, 0xff, 0xff, 0xff, 0xff, 0xff, 0xff, 0xff, 0xff, 0xff, 0xff, 0xff,
  0xff, 0xff, 0xff, 0xff, 0xff, 0xff, 0xff, 0xff, 0xff, 0xff, 0xff, 0xff,
  0xff, 0xff, 0xff, 0xff, 0xff, 0xff, 0xff, 0xff, 0x00, 0x00, 0x00, 0x00,
  0x00, 0x00, 0x00, 0x00, 0x00, 0x00, 0x00, 0x00, 0x00, 0x00, 0x00, 0x00,
  0x00, 0x00, 0x00, 0x00, 0x00, 0x00, 0x00, 0x00, 0x00, 0x00, 0x00, 0x00,
  0x00, 0x00, 0x00, 0x00, 0x00, 0x00, 0x00, 0x00, 0x00, 0x00, 0x00, 0x00,
  0x00, 0x00, 0x00, 0x00, 0x00, 0x00, 0x00, 0x00, 0x00, 0x00, 0x00, 0x00,
  0x00, 0x00, 0x00, 0x00, 0x00, 0x00, 0x00, 0x00, 0x00, 0x00, 0x00, 0x00,
  0x00, 0x00, 0x00, 0x00, 0x00, 0x00, 0x00, 0x00, 0x00, 0x00, 0x00, 0x00,
  0x00, 0x00, 0x93, 0xca, 0x8b, 0xa9, 0x9b, 0xea, 0xbd, 0x2f, 0xd5, 0xf2,
  0xe6, 0x53, 0xf6, 0xd5, 0xff, 0x77, 0xff, 0xd8, 0xff, 0xd8, 0xff, 0xb8,
  0xff, 0x77, 0xff, 0x56, 0xff, 0x36, 0xff, 0x36, 0xff, 0x36, 0xff, 0x36,
  0xff, 0x15, 0xfe, 0xf5, 0xfe, 0xf4, 0xfe, 0xd4, 0xfe, 0xd4, 0xfe, 0xd4,
  0xfe, 0xd3, 0xfe, 0xd3, 0xfe, 0xf3, 0xff, 0x14, 0xfe, 0xd2, 0xf6, 0x70,
  0xe5, 0xac, 0xcd, 0x09, 0xbc, 0xa8, 0xc4, 0xe8, 0xd5, 0x4a, 0xdd, 0xac,
  0xe5, 0xed, 0xe5, 0xed, 0xe5, 0xed, 0xee, 0x0e, 0xf6, 0x4f, 0xf6, 0x2f,
  0xf6, 0x2e, 0xf6, 0x2e, 0xf6, 0x2e, 0xf6, 0x0e, 0xf6, 0x2f, 0xfe, 0x4f,
  0xfe, 0x70, 0xfe, 0x4f, 0xfe, 0x4f, 0xfe, 0xf2, 0xfe, 0xd1, 0xfe, 0xd1,
  0xff, 0x53, 0xff, 0x53, 0xfe, 0x4f, 0xdd, 0x2a, 0xdd, 0x4b, 0xf5, 0xcd,
  0xfe, 0x4f, 0xfe, 0x90, 0xfe, 0xb0, 0xfe, 0x4f, 0xf5, 0xcd, 0xf5, 0xac,
  0xed, 0x4b, 0xe5, 0x4a, 0xf5, 0xab, 0xfd, 0xec, 0xfe, 0x0c, 0xfe, 0x0d,
  0xfe, 0x2d, 0xfe, 0x6e, 0xfe, 0xb0, 0xfe, 0xd0, 0xfe, 0xd0, 0xff, 0x11,
  0xff, 0x11, 0xfe, 0xd0, 0xfe, 0x8e, 0xfe, 0x8f, 0xfe, 0xf0, 0xff, 0x52,
  0xff, 0x32, 0xfe, 0xb0, 0xfe, 0x6f, 0xfe, 0xd0, 0xfe, 0x4e, 0xf5, 0xab,
  0xed, 0x08, 0xe4, 0xa7, 0xec, 0x87, 0xec, 0xa8, 0xf4, 0xa8, 0xf4, 0x88,
  0xec, 0x88, 0xec, 0x67, 0xec, 0xa8, 0xf4, 0xe9, 0xf5, 0x2b, 0xfd, 0xad,
  0xfe, 0x10, 0xfe, 0x10, 0xf6, 0x52, 0xff, 0x16, 0xff, 0xba, 0xff, 0xdd,
  0xff, 0xde, 0xff, 0xff, 0xff, 0xff, 0xff, 0xff, 0xff, 0xff, 0xff, 0xff,
  0xff, 0xff, 0xff, 0xff, 0xff, 0xff, 0xff, 0xff, 0xff, 0xff, 0xff, 0xff,
  0xff, 0xff, 0xff, 0xfe, 0xff, 0xdd, 0xff, 0x9b, 0xff, 0x3a, 0xfe, 0xb5,
  0xfe, 0xb4, 0xff, 0x17, 0xff, 0x58, 0xff, 0x9a, 0xff, 0xbb, 0xff, 0xdc,
  0xff, 0xfd, 0xff, 0xfd, 0xff, 0xfd, 0xff, 0xdd, 0xff, 0xfe, 0xff, 0xfe,
  0xff, 0xff, 0xff, 0xfe, 0xff, 0xfe, 0xff, 0xfd, 0xff, 0xfc, 0xff, 0xfb,
  0xff, 0xda, 0xff, 0xda, 0xff, 0xb9, 0xff, 0xb9, 0xff, 0xb9, 0xff, 0xba,
  0xff, 0xbb, 0xff, 0xdc, 0xff, 0xfe, 0xff, 0xfe, 0xff, 0xff, 0xff, 0xff,
  0xff, 0xff, 0xff, 0xff, 0xff, 0xff, 0xff, 0xff, 0xff, 0xff, 0xff, 0xff,
  0xff, 0xff, 0xff, 0xff, 0xff, 0xff, 0xff, 0xff, 0xff, 0xff, 0xff, 0xff,
  0xff, 0xff, 0xff, 0xff, 0xff, 0xff, 0xff, 0xff, 0xff, 0xff, 0xff, 0xff,
  0xff, 0xff, 0xff, 0xff, 0xff, 0xff, 0xff, 0xff, 0xff, 0xff, 0xff, 0xff,
  0xff, 0xff, 0xff, 0xff, 0xff, 0xff, 0xff, 0xff, 0xff, 0xff, 0xff, 0xff,
  0xff, 0xff, 0xff, 0xff, 0xff, 0xff, 0xff, 0xff, 0xff, 0xff, 0xff, 0xff,
  0xff, 0xff, 0xff, 0xff, 0xff, 0xff, 0xff, 0xff, 0xff, 0xff, 0xff, 0xff,
  0xff, 0xff, 0xff, 0xff, 0xff, 0xff, 0xff, 0xff, 0xff, 0xff, 0x00, 0x00,
  0x00, 0x00, 0x00, 0x00, 0x00, 0x00, 0x00, 0x00, 0x00, 0x00, 0x00, 0x00,
  0x00, 0x00, 0x00, 0x00, 0x00, 0x00, 0x00, 0x00, 0x00, 0x00, 0x00, 0x00,
  0x00, 0x00, 0x00, 0x00, 0x00, 0x00, 0x00, 0x00, 0x00, 0x00, 0x00, 0x00,
  0x00, 0x00, 0x00, 0x00, 0x00, 0x00, 0x00, 0x00, 0x00, 0x00, 0x00, 0x00,
  0x00, 0x00, 0x00, 0x00, 0x00, 0x00, 0x00, 0x00, 0x00, 0x00, 0x00, 0x00,
  0x00, 0x00, 0x00, 0x00, 0x00, 0x00, 0x00, 0x00, 0x00, 0x00, 0x00, 0x00,
  0x00, 0x00, 0x93, 0xea, 0x9c, 0x0a, 0xac, 0x8c, 0xc5, 0x4f, 0xd5, 0xf2,
  0xe6, 0x53, 0xf6, 0xf5, 0xff, 0x98, 0xff, 0xb8, 0xff, 0xd9, 0xff, 0x98,
  0xff, 0x56, 0xff, 0x56, 0xff, 0x36, 0xff, 0x16, 0xff, 0x36, 0xff, 0x36,
  0xff, 0x15, 0xfe, 0xf5, 0xfe, 0xd4, 0xfe, 0xd4, 0xfe, 0xd3, 0xfe, 0xd3,
  0xfe, 0xd3, 0xfe, 0xd3, 0xfe, 0xd2, 0xfe, 0xd2, 0xfe, 0x90, 0xee, 0x0e,
  0xd5, 0x6b, 0xc4, 0xc8, 0xbc, 0xa8, 0xcd, 0x09, 0xdd, 0x8b, 0xe5, 0xed,
  0xed, 0xed, 0xed, 0xed, 0xed, 0xed, 0xee, 0x0e, 0xf6, 0x2f, 0xf6, 0x2f,
  0xf6, 0x2e, 0xfe, 0x2f, 0xf6, 0x0e, 0xf6, 0x0e, 0xfe, 0x4f, 0xfe, 0x70,
  0xfe, 0x70, 0xfe, 0x4f, 0xfe, 0x90, 0xfe, 0xf1, 0xfe, 0x70, 0xfe, 0xb1,
  0xfe, 0xb0, 0xe5, 0xad, 0xcc, 0xa8, 0xcc, 0xa9, 0xf6, 0x6f, 0xfe, 0x4f,
  0xfe, 0x70, 0xfe, 0x90, 0xfe, 0x6f, 0xfd, 0xcd, 0xed, 0x4b, 0xe5, 0x2a,
  0xed, 0x4b, 0xf5, 0x8b, 0xfd, 0xec, 0xfe, 0x0c, 0xfe, 0x0c, 0xfe, 0x0d,
  0xfe, 0x4e, 0xfe, 0xaf, 0xfe, 0xd0, 0xfe, 0xf1, 0xfe, 0xd0, 0xfe, 0xd1,
  0xfe, 0xb0, 0xfe, 0x4e, 0xfe, 0x2e, 0xfe, 0x8f, 0xff, 0x11, 0xff, 0x32,
  0xfe, 0xb0, 0xfe, 0x90, 0xfe, 0xd1, 0xfe, 0xd1, 0xfd, 0xcc, 0xed, 0x09,
  0xec, 0xc8, 0xec, 0x87, 0xec, 0x87, 0xf4, 0xa8, 0xf4, 0xa8, 0xf4, 0x88,
  0xec, 0x87, 0xec, 0x67, 0xec, 0x88, 0xf4, 0xa9, 0xec, 0xca, 0xfd, 0x4c,
  0xfd, 0xef, 0xfe, 0x0f, 0xf6, 0x11, 0xf6, 0x94, 0xff, 0x58, 0xff, 0xbc,
  0xff, 0xdd, 0xff, 0xff, 0xff, 0xff, 0xff, 0xff, 0xff, 0xff, 0xff, 0xff,
  0xff, 0xff, 0xff, 0xff, 0xff, 0xff, 0xff, 0xff, 0xff, 0xff, 0xff, 0xff,
  0xff, 0xff, 0xff, 0xde, 0xff, 0xbe, 0xff, 0x9b, 0xff, 0x5a, 0xfe, 0xd5,
  0xfe, 0xb4, 0xfe, 0xd5, 0xfe, 0xf5, 0xff, 0x58, 0xff, 0x99, 0xff, 0xbb,
  0xff, 0xdb, 0xff, 0xfc, 0xff, 0xfc, 0xff, 0xdc, 0xff, 0xfd, 0xff, 0xfe,
  0xff, 0xfe, 0xff, 0xfe, 0xff, 0xfd, 0xff, 0xfd, 0xff, 0xfd, 0xff, 0xfc,
  0xff, 0xfb, 0xff, 0xdb, 0xff, 0xda, 0xff, 0xda, 0xff, 0xda, 0xff, 0xda,
  0xff, 0x9b, 0xff, 0xdc, 0xff, 0xfe, 0xff, 0xfe, 0xff, 0xff, 0xff, 0xff,
  0xff, 0xff, 0xff, 0xff, 0xff, 0xff, 0xff, 0xff, 0xff, 0xff, 0xff, 0xff,
  0xff, 0xff, 0xff, 0xff, 0xff, 0xff, 0xff, 0xff, 0xff, 0xff, 0xff, 0xff,
  0xff, 0xff, 0xff, 0xff, 0xff, 0xff, 0xff, 0xff, 0xff, 0xff, 0xff, 0xff,
  0xff, 0xff, 0xff, 0xff, 0xff, 0xff, 0xff, 0xff, 0xff, 0xff, 0xff, 0xff,
  0xff, 0xff, 0xff, 0xff, 0xff, 0xff, 0xff, 0xff, 0xff, 0xff, 0xff, 0xff,
  0xff, 0xff, 0xff, 0xff, 0xff, 0xff, 0xff, 0xff, 0xff, 0xff, 0xff, 0xff,
  0xff, 0xff, 0xff, 0xff, 0xff, 0xff, 0xff, 0xff, 0xff, 0xff, 0xff, 0xff,
  0xff, 0xff, 0xff, 0xff, 0xff, 0xff, 0xff, 0xff, 0xff, 0xff, 0x00, 0x00,
  0x00, 0x00, 0x00, 0x00, 0x00, 0x00, 0x00, 0x00, 0x00, 0x00, 0x00, 0x00,
  0x00, 0x00, 0x00, 0x00, 0x00, 0x00, 0x00, 0x00, 0x00, 0x00, 0x00, 0x00,
  0x00, 0x00, 0x00, 0x00, 0x00, 0x00, 0x00, 0x00, 0x00, 0x00, 0x00, 0x00,
  0x00, 0x00, 0x00, 0x00, 0x00, 0x00, 0x00, 0x00, 0x00, 0x00, 0x00, 0x00,
  0x00, 0x00, 0x00, 0x00, 0x00, 0x00, 0x00, 0x00, 0x00, 0x00, 0x00, 0x00,
  0x00, 0x00, 0x00, 0x00, 0x00, 0x00, 0x00, 0x00, 0x00, 0x00, 0x00, 0x00,
  0x83, 0x68, 0x93, 0xc9, 0xa4, 0x4b, 0xbd, 0x0e, 0xc5, 0x70, 0xd5, 0xf1,
  0xee, 0x93, 0xff, 0x16, 0xff, 0x98, 0xff, 0x98, 0xff, 0xd9, 0xff, 0x97,
  0xff, 0x56, 0xff, 0x36, 0xff, 0x36, 0xff, 0x36, 0xff, 0x36, 0xff, 0x36,
  0xff, 0x15, 0xfe, 0xf5, 0xfe, 0xd4, 0xfe, 0xd4, 0xfe, 0xd3, 0xfe, 0xd3,
  0xfe, 0xd3, 0xfe, 0xd3, 0xfe, 0xb1, 0xfe, 0x90, 0xf6, 0x2e, 0xdd, 0xac,
  0xcd, 0x09, 0xbc, 0xa7, 0xc4, 0xc8, 0xd5, 0x6a, 0xed, 0xed, 0xee, 0x0e,
  0xee, 0x0e, 0xee, 0x0e, 0xee, 0x0e, 0xee, 0x0e, 0xee, 0x2e, 0xf6, 0x2e,
  0xf6, 0x2e, 0xfe, 0x2f, 0xed, 0xed, 0xf5, 0xee, 0xfe, 0x4f, 0xfe, 0x90,
  0xfe, 0x70, 0xfe, 0x4f, 0xfe, 0x90, 0xfe, 0xf2, 0xfe, 0xb1, 0xed, 0xee,
  0xd4, 0xe9, 0xbc, 0x26, 0xbc, 0x67, 0xe5, 0x6c, 0xfe, 0xb1, 0xfe, 0x6f,
  0xfe, 0x6f, 0xfe, 0x6f, 0xf5, 0xed, 0xe5, 0x0a, 0xd4, 0xa8, 0xdc, 0xe9,
  0xf5, 0x6b, 0xfd, 0xcc, 0xfe, 0x0c, 0xfe, 0x0c, 0xfe, 0x2c, 0xfe, 0x0d,
  0xfe, 0x4e, 0xfe, 0xaf, 0xff, 0x11, 0xff, 0x11, 0xfe, 0xd0, 0xfe, 0x90,
  0xfe, 0x4f, 0xfe, 0x0e, 0xfe, 0x2e, 0xfe, 0xb0, 0xff, 0x12, 0xfe, 0xf1,
  0xfe, 0x6f, 0xfe, 0xb0, 0xfe, 0xd1, 0xfe, 0x2e, 0xf5, 0x2a, 0xe4, 0xc8,
  0xec, 0xa7, 0xec, 0xa7, 0xec, 0x87, 0xf4, 0xa8, 0xf4, 0x88, 0xec, 0x87,
  0xec, 0x67, 0xec, 0x67, 0xec, 0x68, 0xec, 0x88, 0xec, 0xa9, 0xf5, 0x0b,
  0xfd, 0xce, 0xfd, 0xef, 0xf5, 0xf0, 0xf6, 0x52, 0xff, 0x17, 0xff, 0x9c,
  0xff, 0xbd, 0xff, 0xdf, 0xff, 0xdf, 0xff, 0xff, 0xff, 0xff, 0xff, 0xff,
  0xff, 0xff, 0xff, 0xff, 0xff, 0xff, 0xff, 0xff, 0xff, 0xff, 0xff, 0xff,
  0xff, 0xff, 0xff, 0xde, 0xff, 0xbe, 0xff, 0x9b, 0xff, 0x5b, 0xff, 0x15,
  0xfe, 0xd4, 0xfe, 0xb4, 0xfe, 0xb4, 0xff, 0x17, 0xff, 0x78, 0xff, 0x9a,
  0xff, 0xbb, 0xff, 0xfc, 0xff, 0xfc, 0xff, 0xdc, 0xff, 0xdc, 0xff, 0xfd,
  0xff, 0xfe, 0xff, 0xfd, 0xff, 0xfd, 0xff, 0xfd, 0xff, 0xfd, 0xff, 0xfc,
  0xff, 0xfb, 0xff, 0xfb, 0xff, 0xfa, 0xff, 0xda, 0xff, 0xda, 0xff, 0xda,
  0xff, 0x9b, 0xff, 0xdc, 0xff, 0xfe, 0xff, 0xfe, 0xff, 0xff, 0xff, 0xff,
  0xff, 0xff, 0xff, 0xff, 0xff, 0xff, 0xff, 0xff, 0xff, 0xff, 0xff, 0xff,
  0xff, 0xff, 0xff, 0xff, 0xff, 0xff, 0xff, 0xff, 0xff, 0xff, 0xff, 0xff,
  0xff, 0xff, 0xff, 0xff, 0xff, 0xff, 0xff, 0xff, 0xff, 0xff, 0xff, 0xff,
  0xff, 0xff, 0xff, 0xff, 0xff, 0xff, 0xff, 0xff, 0xff, 0xff, 0xff, 0xff,
  0xff, 0xff, 0xff, 0xff, 0xff, 0xff, 0xff, 0xff, 0xff, 0xff, 0xff, 0xff,
  0xff, 0xff, 0xff, 0xff, 0xff, 0xff, 0xff, 0xff, 0xff, 0xff, 0xff, 0xff,
  0xff, 0xff, 0xff, 0xff, 0xff, 0xff, 0xff, 0xff, 0xff, 0xff, 0xff, 0xff,
  0xff, 0xff, 0xff, 0xff, 0xff, 0xff, 0xff, 0xff, 0xff, 0xff, 0xff, 0xff,
  0x00, 0x00, 0x00, 0x00, 0x00, 0x00, 0x00, 0x00, 0x00, 0x00, 0x00, 0x00,
  0x00, 0x00, 0x00, 0x00, 0x00, 0x00, 0x00, 0x00, 0x00, 0x00, 0x00, 0x00,
  0x00, 0x00, 0x00, 0x00, 0x00, 0x00, 0x00, 0x00, 0x00, 0x00, 0x00, 0x00,
  0x00, 0x00, 0x00, 0x00, 0x00, 0x00, 0x00, 0x00, 0x00, 0x00, 0x00, 0x00,
  0x00, 0x00, 0x00, 0x00, 0x00, 0x00, 0x00, 0x00, 0x00, 0x00, 0x00, 0x00,
  0x00, 0x00, 0x00, 0x00, 0x00, 0x00, 0x00, 0x00, 0x00, 0x00, 0x00, 0x00,
  0x8b, 0xa9, 0x8b, 0xa9, 0xa4, 0x6b, 0xc5, 0x70, 0xcd, 0xb0, 0xde, 0x12,
  0xf6, 0xd5, 0xff, 0x57, 0xff, 0x78, 0xff, 0x77, 0xff, 0xd8, 0xff, 0x77,
  0xff, 0x56, 0xff, 0x36, 0xff, 0x36, 0xff, 0x36, 0xff, 0x36, 0xff, 0x36,
  0xff, 0x15, 0xfe, 0xf5, 0xfe, 0xf4, 0xfe, 0xd4, 0xfe, 0xf3, 0xfe, 0xd3,
  0xfe, 0xd2, 0xfe, 0xd2, 0xfe, 0x90, 0xfe, 0x6f, 0xee, 0x0d, 0xd5, 0x4a,
  0xc4, 0xe8, 0xc4, 0xc8, 0xcd, 0x09, 0xe5, 0xcc, 0xee, 0x0e, 0xee, 0x0d,
  0xed, 0xed, 0xee, 0x0d, 0xee, 0x0e, 0xee, 0x0e, 0xee, 0x0e, 0xf6, 0x0e,
  0xf6, 0x2e, 0xf6, 0x0e, 0xf6, 0x0e, 0xfe, 0x70, 0xfe, 0x70, 0xfe, 0x4f,
  0xfe, 0x4f, 0xfe, 0x90, 0xfe, 0xb1, 0xfe, 0xd1, 0xfe, 0x2e, 0xcc, 0xa9,
  0xb3, 0xe5, 0xc4, 0x67, 0xed, 0xac, 0xfe, 0x2f, 0xfe, 0x2e, 0xfe, 0x90,
  0xfe, 0x4f, 0xfd, 0xed, 0xe5, 0x2a, 0xc4, 0x26, 0xcc, 0x47, 0xe5, 0x2a,
  0xfd, 0xcc, 0xfe, 0x0d, 0xfe, 0x0c, 0xfe, 0x0d, 0xfe, 0x2c, 0xfe, 0x0d,
  0xfe, 0x2d, 0xfe, 0x8f, 0xff, 0x31, 0xff, 0x32, 0xfe, 0xd0, 0xfe, 0x4e,
  0xfd, 0xed, 0xfe, 0x0d, 0xfe, 0x4f, 0xfe, 0xb0, 0xfe, 0xf1, 0xfe, 0xb0,
  0xfe, 0x2e, 0xfe, 0xb0, 0xfe, 0x2f, 0xfd, 0x2b, 0xec, 0xa8, 0xec, 0x67,
  0xec, 0xa8, 0xf4, 0xa8, 0xec, 0x88, 0xec, 0x88, 0xf4, 0x89, 0xec, 0x88,
  0xec, 0x68, 0xec, 0x68, 0xec, 0x68, 0xf4, 0x88, 0xec, 0x89, 0xf4, 0xca,
  0xfd, 0x6d, 0xfd, 0xef, 0xf5, 0xaf, 0xf5, 0xd0, 0xfe, 0xd5, 0xff, 0x9a,
  0xff, 0xbc, 0xff, 0xbe, 0xff, 0xde, 0xff, 0xff, 0xff, 0xff, 0xff, 0xff,
  0xff, 0xff, 0xff, 0xff, 0xff, 0xff, 0xff, 0xff, 0xff, 0xff, 0xff, 0xff,
  0xff, 0xff, 0xff, 0xdf, 0xff, 0xbe, 0xff, 0x9c, 0xff, 0x7b, 0xff, 0x77,
  0xff, 0x16, 0xfe, 0xb4, 0xfe, 0x93, 0xfe, 0xd5, 0xff, 0x16, 0xff, 0x58,
  0xff, 0x99, 0xff, 0xdb, 0xff, 0xfb, 0xff, 0xdb, 0xff, 0xdc, 0xff, 0xfc,
  0xff, 0xfd, 0xff, 0xfd, 0xff, 0xfd, 0xff, 0xfe, 0xff, 0xff, 0xff, 0xfd,
  0xff, 0xfc, 0xff, 0xfc, 0xff, 0xdb, 0xff, 0xdb, 0xff, 0xda, 0xff, 0xba,
  0xff, 0x7a, 0xff, 0xbb, 0xff, 0xdc, 0xff, 0xfd, 0xff, 0xfe, 0xff, 0xfe,
  0xff, 0xff, 0xff, 0xff, 0xff, 0xff, 0xff, 0xff, 0xff, 0xff, 0xff, 0xff,
  0xff, 0xff, 0xff, 0xff, 0xff, 0xff, 0xff, 0xff, 0xff, 0xff, 0xff, 0xff,
  0xff, 0xff, 0xff, 0xff, 0xff, 0xff, 0xff, 0xff, 0xff, 0xff, 0xff, 0xff,
  0xff, 0xff, 0xff, 0xff, 0xff, 0xff, 0xff, 0xff, 0xff, 0xff, 0xff, 0xff,
  0xff, 0xff, 0xff, 0xff, 0xff, 0xff, 0xff, 0xff, 0xff, 0xff, 0xff, 0xff,
  0xff, 0xff, 0xff, 0xff, 0xff, 0xff, 0xff, 0xff, 0xff, 0xff, 0xff, 0xff,
  0xff, 0xff, 0xff, 0xff, 0xff, 0xff, 0xff, 0xff, 0xff, 0xff, 0xff, 0xff,
  0xff, 0xff, 0xff, 0xff, 0xff, 0xff, 0xff, 0xff, 0xff, 0xff, 0xff, 0xff,
  0x00, 0x00, 0x00, 0x00, 0x00, 0x00, 0x00, 0x00, 0x00, 0x00, 0x00, 0x00,
  0x00, 0x00, 0x00, 0x00, 0x00, 0x00, 0x00, 0x00, 0x00, 0x00, 0x00, 0x00,
  0x00, 0x00, 0x00, 0x00, 0x00, 0x00, 0x00, 0x00, 0x00, 0x00, 0x00, 0x00,
  0x00, 0x00, 0x00, 0x00, 0x00, 0x00, 0x00, 0x00, 0x00, 0x00, 0x00, 0x00,
  0x00, 0x00, 0x00, 0x00, 0x00, 0x00, 0x00, 0x00, 0x00, 0x00, 0x00, 0x00,
  0x00, 0x00, 0x00, 0x00, 0x00, 0x00, 0x00, 0x00, 0x00, 0x00, 0x9c, 0x2b,
  0x9c, 0x0b, 0x93, 0xa9, 0xa4, 0x6c, 0xcd, 0x90, 0xde, 0x12, 0xe6, 0x53,
  0xf7, 0x16, 0xff, 0xb8, 0xff, 0x57, 0xff, 0x36, 0xff, 0xb8, 0xff, 0x77,
  0xff, 0x57, 0xff, 0x36, 0xff, 0x37, 0xff, 0x37, 0xff, 0x36, 0xff, 0x36,
  0xff, 0x15, 0xfe, 0xf5, 0xfe, 0xf4, 0xfe, 0xf4, 0xfe, 0xf3, 0xfe, 0xd3,
  0xfe, 0xd2, 0xfe, 0xd1, 0xf6, 0x6f, 0xf6, 0x4f, 0xe5, 0xcc, 0xcd, 0x2a,
  0xc4, 0xc8, 0xc4, 0xe8, 0xdd, 0x6b, 0xee, 0x0d, 0xee, 0x0d, 0xe5, 0xed,
  0xe5, 0xed, 0xe5, 0xed, 0xed, 0xed, 0xed, 0xee, 0xee, 0x0e, 0xf6, 0x0e,
  0xed, 0xee, 0xf6, 0x2e, 0xfe, 0x90, 0xfe, 0xd1, 0xfe, 0x70, 0xfe, 0x4f,
  0xfe, 0x70, 0xfe, 0x70, 0xfe, 0x70, 0xed, 0x8c, 0xd4, 0xea, 0xcc, 0xa9,
  0xdd, 0x2b, 0xed, 0xac, 0xed, 0xcd, 0xf6, 0x0e, 0xfe, 0x90, 0xfe, 0xb1,
  0xfe, 0x0e, 0xe5, 0x2a, 0xc4, 0x47, 0xbb, 0xc5, 0xcc, 0x67, 0xf5, 0xac,
  0xfe, 0x2e, 0xfe, 0x0d, 0xfd, 0xec, 0xfe, 0x0c, 0xfe, 0x0c, 0xfe, 0x2d,
  0xfe, 0x4d, 0xfe, 0x8f, 0xff, 0x32, 0xff, 0x52, 0xfe, 0x8f, 0xfe, 0x2d,
  0xfe, 0x0d, 0xfe, 0x4e, 0xfe, 0x90, 0xff, 0x32, 0xfe, 0xf1, 0xfe, 0x2e,
  0xfe, 0x2e, 0xfe, 0xb1, 0xfd, 0x8c, 0xec, 0xc9, 0xe4, 0x47, 0xe4, 0x26,
  0xec, 0x67, 0xf4, 0xc8, 0xec, 0x88, 0xf4, 0xa9, 0xf4, 0xa9, 0xec, 0x89,
  0xec, 0x68, 0xec, 0x48, 0xec, 0x68, 0xf4, 0x89, 0xec, 0x89, 0xec, 0x8a,
  0xfd, 0x2d, 0xfd, 0xf0, 0xfd, 0xf1, 0xf5, 0xb0, 0xfe, 0x53, 0xff, 0x78,
  0xff, 0xdc, 0xff, 0xbe, 0xff, 0xdf, 0xff, 0xff, 0xff, 0xff, 0xff, 0xff,
  0xff, 0xff, 0xff, 0xff, 0xff, 0xff, 0xff, 0xff, 0xff, 0xff, 0xff, 0xff,
  0xff, 0xff, 0xff, 0xdf, 0xff, 0xbf, 0xff, 0x9c, 0xff, 0x7c, 0xff, 0x98,
  0xff, 0x56, 0xfe, 0xd4, 0xfe, 0x72, 0xfe, 0x73, 0xfe, 0xd4, 0xff, 0x37,
  0xff, 0x78, 0xff, 0xba, 0xff, 0xfb, 0xff, 0xdb, 0xff, 0xdc, 0xff, 0xfc,
  0xff, 0xfd, 0xff, 0xfd, 0xff, 0xfd, 0xff, 0xfe, 0xff, 0xff, 0xff, 0xfe,
  0xff, 0xfc, 0xff, 0xfc, 0xff, 0xfb, 0xff, 0xfb, 0xff, 0xfb, 0xff, 0xdb,
  0xff, 0x9a, 0xff, 0xbb, 0xff, 0xdc, 0xff, 0xdd, 0xff, 0xfe, 0xff, 0xfe,
  0xff, 0xff, 0xff, 0xff, 0xff, 0xff, 0xff, 0xff, 0xff, 0xff, 0xff, 0xff,
  0xff, 0xff, 0xff, 0xff, 0xff, 0xff, 0xff, 0xff, 0xff, 0xff, 0xff, 0xff,
  0xff, 0xff, 0xff, 0xff, 0xff, 0xff, 0xff, 0xff, 0xff, 0xff, 0xff, 0xff,
  0xff, 0xff, 0xff, 0xff, 0xff, 0xff, 0xff, 0xff, 0xff, 0xff, 0xff, 0xff,
  0xff, 0xff, 0xff, 0xff, 0xff, 0xff, 0xff, 0xff, 0xff, 0xff, 0xff, 0xff,
  0xff, 0xff, 0xff, 0xff, 0xff, 0xff, 0xff, 0xff, 0xff, 0xff, 0xff, 0xff,
  0xff, 0xff, 0xff, 0xff, 0xff, 0xff, 0xff, 0xff, 0xff, 0xff, 0xff, 0xff,
  0xff, 0xff, 0xff, 0xff, 0xff, 0xff, 0xff, 0xff, 0xff, 0xff, 0xff, 0xfe,
  0xff, 0xff, 0x00, 0x00, 0x00, 0x00, 0x00, 0x00, 0x00, 0x00, 0x00, 0x00,
  0x00, 0x00, 0x00, 0x00, 0x00, 0x00, 0x00, 0x00, 0x00, 0x00, 0x00, 0x00,
  0x00, 0x00, 0x00, 0x00, 0x00, 0x00, 0x00, 0x00, 0x00, 0x00, 0x00, 0x00,
  0x00, 0x00, 0x00, 0x00, 0x00, 0x00, 0x00, 0x00, 0x00, 0x00, 0x00, 0x00,
  0x00, 0x00, 0x00, 0x00, 0x00, 0x00, 0x00, 0x00, 0x00, 0x00, 0x00, 0x00,
  0x00, 0x00, 0x00, 0x00, 0x00, 0x00, 0x00, 0x00, 0x83, 0x68, 0x9c, 0x0a,
  0xa4, 0x6c, 0xa4, 0x4b, 0xac, 0xad, 0xcd, 0xb0, 0xe6, 0x53, 0xf6, 0xd5,
  0xff, 0x57, 0xff, 0x78, 0xff, 0x77, 0xff, 0x57, 0xff, 0x98, 0xff, 0x57,
  0xff, 0x57, 0xff, 0x37, 0xff, 0x37, 0xff, 0x36, 0xff, 0x36, 0xff, 0x15,
  0xff, 0x15, 0xff, 0x15, 0xfe, 0xf4, 0xff, 0x14, 0xfe, 0xf3, 0xfe, 0xb2,
  0xfe, 0x90, 0xfe, 0x70, 0xf6, 0x2e, 0xee, 0x2e, 0xdd, 0xab, 0xcc, 0xe8,
  0xc4, 0xc8, 0xcd, 0x29, 0xe5, 0xec, 0xee, 0x2d, 0xe5, 0xed, 0xe5, 0xed,
  0xed, 0xed, 0xed, 0xed, 0xe5, 0xed, 0xee, 0x0e, 0xf6, 0x2e, 0xf6, 0x0e,
  0xed, 0xed, 0xfe, 0x2f, 0xfe, 0x70, 0xfe, 0x4f, 0xfe, 0x4f, 0xfe, 0x70,
  0xfe, 0x90, 0xfe, 0x4f, 0xed, 0x6c, 0xd4, 0xa8, 0xc4, 0x47, 0xd4, 0xe9,
  0xed, 0xad, 0xf5, 0xed, 0xed, 0xcc, 0xf5, 0xac, 0xfe, 0x6f, 0xfe, 0x6f,
  0xf5, 0xac, 0xdc, 0xc9, 0xc4, 0x26, 0xc4, 0x06, 0xdc, 0xa8, 0xfd, 0xed,
  0xfe, 0x2e, 0xfd, 0xec, 0xfd, 0xec, 0xfd, 0xec, 0xfd, 0xec, 0xfe, 0x2d,
  0xfe, 0x6e, 0xfe, 0xaf, 0xff, 0x31, 0xff, 0x31, 0xfe, 0x4e, 0xfd, 0xcc,
  0xf5, 0xed, 0xfe, 0xd0, 0xff, 0x11, 0xfe, 0x90, 0xfe, 0x2e, 0xfe, 0x4f,
  0xfe, 0x2f, 0xfd, 0xad, 0xec, 0x68, 0xec, 0x68, 0xec, 0x47, 0xec, 0x68,
  0xf4, 0x68, 0xf4, 0x88, 0xec, 0x68, 0xec, 0x47, 0xe4, 0x47, 0xe4, 0x27,
  0xe4, 0x27, 0xe4, 0x27, 0xe4, 0x27, 0xe4, 0x47, 0xe4, 0x68, 0xec, 0x89,
  0xf4, 0xea, 0xfd, 0x4c, 0xfd, 0x8d, 0xfd, 0x8d, 0xfd, 0xaf, 0xfe, 0xb4,
  0xff, 0x99, 0xff, 0xbc, 0xff, 0xfd, 0xff, 0xff, 0xff, 0xff, 0xff, 0xff,
  0xff, 0xff, 0xff, 0xff, 0xff, 0xff, 0xff, 0xff, 0xff, 0xff, 0xff, 0xff,
  0xff, 0xff, 0xff, 0xff, 0xff, 0xff, 0xff, 0xfd, 0xff, 0xdd, 0xff, 0xfb,
  0xff, 0xda, 0xff, 0x57, 0xfe, 0xd5, 0xfe, 0x72, 0xfe, 0x52, 0xfe, 0x93,
  0xfe, 0xf5, 0xff, 0x98, 0xff, 0xd9, 0xff, 0xb9, 0xff, 0xb9, 0xff, 0xda,
  0xff, 0xda, 0xff, 0xba, 0xff, 0xba, 0xff, 0xdc, 0xff, 0xde, 0xff, 0xde,
  0xff, 0xde, 0xff, 0xdd, 0xff, 0xdd, 0xff, 0xdc, 0xff, 0xdb, 0xff, 0xbb,
  0xff, 0xba, 0xff, 0xba, 0xff, 0xda, 0xff, 0xdb, 0xff, 0xfc, 0xff, 0xfc,
  0xff, 0xfe, 0xff, 0xfe, 0xff, 0xff, 0xff, 0xff, 0xff, 0xff, 0xff, 0xff,
  0xff, 0xff, 0xff, 0xff, 0xff, 0xff, 0xff, 0xff, 0xff, 0xff, 0xff, 0xff,
  0xff, 0xff, 0xff, 0xff, 0xff, 0xff, 0xff, 0xff, 0xff, 0xff, 0xff, 0xff,
  0xff, 0xff, 0xff, 0xff, 0xff, 0xff, 0xff, 0xff, 0xff, 0xff, 0xff, 0xff,
  0xff, 0xff, 0xff, 0xff, 0xff, 0xff, 0xff, 0xfe, 0xff, 0xfe, 0xff, 0xfe,
  0xff, 0xfe, 0xff, 0xfe, 0xff, 0xfe, 0xff, 0xfe, 0xff, 0xfe, 0xff, 0xff,
  0xff, 0xff, 0xff, 0xff, 0xff, 0xff, 0xff, 0xff, 0xff, 0xff, 0xff, 0xff,
  0xff, 0xff, 0xff, 0xff, 0xff, 0xff, 0xff, 0xff, 0xff, 0xff, 0xff, 0xff,
  0xff, 0xff, 0xff, 0xfe, 0x00, 0x00, 0x00, 0x00, 0x00, 0x00, 0x00, 0x00,
  0x00, 0x00, 0x00, 0x00, 0x00, 0x00, 0x00, 0x00, 0x00, 0x00, 0x00, 0x00,
  0x00, 0x00, 0x00, 0x00, 0x00, 0x00, 0x00, 0x00, 0x00, 0x00, 0x00, 0x00,
  0x00, 0x00, 0x00, 0x00, 0x00, 0x00, 0x00, 0x00, 0x00, 0x00, 0x00, 0x00,
  0x00, 0x00, 0x00, 0x00, 0x00, 0x00, 0x00, 0x00, 0x00, 0x00, 0x00, 0x00,
  0x00, 0x00, 0x00, 0x00, 0x00, 0x00, 0x00, 0x00, 0x93, 0xa9, 0x93, 0xea,
  0xac, 0x6c, 0xb4, 0xed, 0xbd, 0x0e, 0xd5, 0xd1, 0xee, 0x94, 0xff, 0x36,
  0xff, 0x77, 0xff, 0x77, 0xff, 0x78, 0xff, 0x78, 0xff, 0x78, 0xff, 0x57,
  0xff, 0x37, 0xff, 0x37, 0xff, 0x37, 0xff, 0x36, 0xff, 0x36, 0xff, 0x15,
  0xff, 0x14, 0xff, 0x15, 0xff, 0x14, 0xff, 0x13, 0xfe, 0xd2, 0xfe, 0x91,
  0xfe, 0x4f, 0xf6, 0x2e, 0xed, 0xed, 0xed, 0xec, 0xdd, 0x6a, 0xc4, 0xc8,
  0xc4, 0xe8, 0xdd, 0x8b, 0xee, 0x2d, 0xee, 0x2d, 0xed, 0xed, 0xe5, 0xed,
  0xee, 0x0d, 0xee, 0x0d, 0xee, 0x0e, 0xee, 0x2e, 0xf6, 0x2f, 0xf6, 0x0e,
  0xf6, 0x0e, 0xfe, 0x4f, 0xfe, 0x4f, 0xf6, 0x0e, 0xfe, 0x2f, 0xfe, 0x6f,
  0xfe, 0x4f, 0xf5, 0xed, 0xdd, 0x0a, 0xcc, 0x68, 0xcc, 0x47, 0xd4, 0xc9,
  0xe5, 0x6c, 0xf5, 0xcc, 0xf5, 0xed, 0xf5, 0xed, 0xfe, 0x2e, 0xf5, 0xcc,
  0xdd, 0x29, 0xcc, 0x67, 0xcc, 0x47, 0xd4, 0x88, 0xed, 0x4a, 0xfe, 0x2e,
  0xfe, 0x0d, 0xfd, 0xcc, 0xf5, 0xab, 0xf5, 0xab, 0xfd, 0xec, 0xfe, 0x2d,
  0xfe, 0x8e, 0xfe, 0xaf, 0xff, 0x11, 0xfe, 0xd0, 0xfe, 0x0d, 0xfd, 0xcc,
  0xfe, 0x2d, 0xff, 0x11, 0xff, 0x11, 0xfd, 0xed, 0xfe, 0x0e, 0xfe, 0x90,
  0xfd, 0xcd, 0xf4, 0xa9, 0xe3, 0xe7, 0xe4, 0x07, 0xec, 0x48, 0xf4, 0x89,
  0xf4, 0x88, 0xf4, 0x88, 0xec, 0x47, 0xe4, 0x07, 0xdc, 0x07, 0xdc, 0x07,
  0xdc, 0x27, 0xdc, 0x27, 0xdc, 0x27, 0xdc, 0x27, 0xe4, 0x47, 0xec, 0xa9,
  0xf4, 0xea, 0xfd, 0x0a, 0xfd, 0x2b, 0xfd, 0x6c, 0xfd, 0x8e, 0xfe, 0x31,
  0xff, 0x37, 0xff, 0xbb, 0xff, 0xdc, 0xff, 0xfe, 0xff, 0xff, 0xff, 0xff,
  0xff, 0xff, 0xff, 0xff, 0xff, 0xff, 0xff, 0xff, 0xff, 0xff, 0xff, 0xff,
  0xff, 0xff, 0xff, 0xff, 0xff, 0xff, 0xff, 0xfe, 0xff, 0xfd, 0xff, 0xfc,
  0xff, 0xfc, 0xff, 0xb8, 0xff, 0x36, 0xfe, 0x92, 0xfe, 0x51, 0xfe, 0x52,
  0xfe, 0x93, 0xff, 0x56, 0xff, 0x97, 0xff, 0x98, 0xff, 0xb8, 0xff, 0x98,
  0xff, 0x98, 0xff, 0x98, 0xff, 0xb8, 0xff, 0xbb, 0xff, 0xbe, 0xff, 0xde,
  0xff, 0xdf, 0xff, 0xbf, 0xff, 0xbe, 0xff, 0xbd, 0xff, 0xbb, 0xff, 0xbb,
  0xff, 0xb9, 0xff, 0xba, 0xff, 0xb9, 0xff, 0xda, 0xff, 0xfa, 0xff, 0xfa,
  0xff, 0xfd, 0xff, 0xfd, 0xff, 0xff, 0xff, 0xff, 0xff, 0xff, 0xff, 0xff,
  0xff, 0xff, 0xff, 0xff, 0xff, 0xff, 0xff, 0xff, 0xff, 0xff, 0xff, 0xff,
  0xff, 0xff, 0xff, 0xff, 0xff, 0xff, 0xff, 0xff, 0xff, 0xff, 0xff, 0xff,
  0xff, 0xff, 0xff, 0xfe, 0xff, 0xff, 0xff, 0xff, 0xff, 0xff, 0xff, 0xfe,
  0xff, 0xfe, 0xff, 0xfe, 0xff, 0xfe, 0xff, 0xfe, 0xff, 0xfe, 0xff, 0xfe,
  0xff, 0xfe, 0xff, 0xfd, 0xff, 0xfd, 0xff, 0xfd, 0xff, 0xfd, 0xff, 0xfe,
  0xff, 0xfe, 0xff, 0xff, 0xff, 0xff, 0xff, 0xff, 0xff, 0xff, 0xff, 0xff,
  0xff, 0xff, 0xff, 0xff, 0xff, 0xff, 0xff, 0xff, 0xff, 0xff, 0xff, 0xff,
  0xff, 0xff, 0xff, 0xff, 0x00, 0x00, 0x00, 0x00, 0x00, 0x00, 0x00, 0x00,
  0x00, 0x00, 0x00, 0x00, 0x00, 0x00, 0x00, 0x00, 0x00, 0x00, 0x00, 0x00,
  0x00, 0x00, 0x00, 0x00, 0x00, 0x00, 0x00, 0x00, 0x00, 0x00, 0x00, 0x00,
  0x00, 0x00, 0x00, 0x00, 0x00, 0x00, 0x00, 0x00, 0x00, 0x00, 0x00, 0x00,
  0x00, 0x00, 0x00, 0x00, 0x00, 0x00, 0x00, 0x00, 0x00, 0x00, 0x00, 0x00,
  0x00, 0x00, 0x00, 0x00, 0x00, 0x00, 0x8b, 0x68, 0x9c, 0x0a, 0x9c, 0x0a,
  0xac, 0x8c, 0xbd, 0x2e, 0xcd, 0x70, 0xde, 0x32, 0xf6, 0xd5, 0xff, 0x57,
  0xff, 0x78, 0xff, 0x78, 0xff, 0x78, 0xff, 0x78, 0xff, 0x78, 0xff, 0x57,
  0xff, 0x36, 0xff, 0x37, 0xff, 0x36, 0xff, 0x36, 0xff, 0x35, 0xff, 0x15,
  0xfe, 0xf4, 0xff, 0x35, 0xff, 0x14, 0xfe, 0xf3, 0xfe, 0xb1, 0xfe, 0x70,
  0xf6, 0x2e, 0xed, 0xed, 0xe5, 0xcc, 0xdd, 0xab, 0xd5, 0x4a, 0xc4, 0xe8,
  0xcd, 0x29, 0xe5, 0xec, 0xf6, 0x4e, 0xee, 0x2d, 0xee, 0x0d, 0xe5, 0xed,
  0xe5, 0xed, 0xee, 0x0e, 0xf6, 0x2e, 0xf6, 0x2f, 0xf6, 0x0e, 0xf6, 0x0e,
  0xfe, 0x4f, 0xfe, 0x4f, 0xf6, 0x2f, 0xf6, 0x2e, 0xfe, 0x2f, 0xfe, 0x2f,
  0xf5, 0xed, 0xf5, 0x6c, 0xe5, 0x2a, 0xdc, 0xc9, 0xd4, 0xa8, 0xd4, 0xe9,
  0xe5, 0x4b, 0xed, 0xcc, 0xfe, 0x0d, 0xfe, 0x0d, 0xed, 0xac, 0xe5, 0x4a,
  0xcc, 0x67, 0xc4, 0x06, 0xcc, 0x47, 0xe4, 0xe9, 0xf5, 0x8b, 0xfe, 0x0d,
  0xfd, 0xed, 0xfd, 0xcc, 0xf5, 0xab, 0xf5, 0xcc, 0xfe, 0x0d, 0xfe, 0x8f,
  0xfe, 0xf0, 0xfe, 0xf1, 0xfe, 0xf1, 0xfe, 0x4e, 0xfd, 0xab, 0xfe, 0x2d,
  0xfe, 0x8f, 0xff, 0x11, 0xfe, 0x8f, 0xfd, 0xed, 0xfe, 0x2e, 0xfe, 0x0e,
  0xfd, 0x0b, 0xec, 0x68, 0xe4, 0x07, 0xdb, 0xc6, 0xec, 0x07, 0xec, 0x48,
  0xf4, 0x68, 0xf4, 0x88, 0xec, 0x47, 0xe4, 0x27, 0xe4, 0x07, 0xdc, 0x07,
  0xdc, 0x27, 0xe4, 0x27, 0xe4, 0x27, 0xe4, 0x27, 0xe4, 0x48, 0xec, 0xa9,
  0xfc, 0xea, 0xfd, 0x2b, 0xfd, 0x6c, 0xfd, 0x6c, 0xfd, 0x6d, 0xf5, 0xf0,
  0xfe, 0xd4, 0xff, 0x58, 0xff, 0x9a, 0xff, 0xdd, 0xff, 0xfd, 0xff, 0xff,
  0xff, 0xff, 0xff, 0xff, 0xff, 0xff, 0xff, 0xff, 0xff, 0xff, 0xff, 0xff,
  0xff, 0xff, 0xff, 0xff, 0xff, 0xff, 0xff, 0xfe, 0xff, 0xfe, 0xff, 0xfc,
  0xff, 0xfc, 0xff, 0xba, 0xff, 0x58, 0xfe, 0xd4, 0xfe, 0x73, 0xfe, 0x72,
  0xfe, 0x93, 0xff, 0x15, 0xff, 0x76, 0xff, 0x97, 0xff, 0x98, 0xff, 0x97,
  0xff, 0x77, 0xff, 0xb8, 0xff, 0xb7, 0xff, 0x99, 0xff, 0xbc, 0xff, 0xfd,
  0xff, 0xdf, 0xff, 0xde, 0xff, 0xde, 0xff, 0xde, 0xff, 0xdc, 0xff, 0xbc,
  0xff, 0xba, 0xff, 0xba, 0xff, 0xb9, 0xff, 0xba, 0xff, 0xda, 0xff, 0xda,
  0xff, 0xfd, 0xff, 0xfd, 0xff, 0xff, 0xff, 0xff, 0xff, 0xff, 0xff, 0xff,
  0xff, 0xff, 0xff, 0xff, 0xff, 0xff, 0xff, 0xff, 0xff, 0xff, 0xff, 0xff,
  0xff, 0xff, 0xff, 0xff, 0xff, 0xff, 0xff, 0xff, 0xff, 0xff, 0xff, 0xff,
  0xff, 0xff, 0xff, 0xff, 0xff, 0xff, 0xff, 0xff, 0xff, 0xfe, 0xff, 0xfe,
  0xff, 0xfe, 0xff, 0xfe, 0xff, 0xfe, 0xff, 0xfe, 0xff, 0xfe, 0xff, 0xfe,
  0xff, 0xfe, 0xff, 0xfd, 0xff, 0xfd, 0xff, 0xfd, 0xff, 0xfd, 0xff, 0xfe,
  0xff, 0xfe, 0xff, 0xff, 0xff, 0xff, 0xff, 0xff, 0xff, 0xff, 0xff, 0xff,
  0xff, 0xff, 0xff, 0xff, 0xff, 0xff, 0xff, 0xff, 0xff, 0xff, 0xff, 0xff,
  0xff, 0xff, 0xff, 0xff, 0xff, 0xfe, 0x00, 0x00, 0x00, 0x00, 0x00, 0x00,
  0x00, 0x00, 0x00, 0x00, 0x00, 0x00, 0x00, 0x00, 0x00, 0x00, 0x00, 0x00,
  0x00, 0x00, 0x00, 0x00, 0x00, 0x00, 0x00, 0x00, 0x00, 0x00, 0x00, 0x00,
  0x00, 0x00, 0x00, 0x00, 0x00, 0x00, 0x00, 0x00, 0x00, 0x00, 0x00, 0x00,
  0x00, 0x00, 0x00, 0x00, 0x00, 0x00, 0x00, 0x00, 0x00, 0x00, 0x00, 0x00,
  0x00, 0x00, 0x00, 0x00, 0x00, 0x00, 0x8b, 0xa9, 0xa4, 0x4b, 0xa4, 0x4b,
  0xb4, 0xcd, 0xc5, 0x6f, 0xd5, 0xd1, 0xe6, 0x73, 0xff, 0x15, 0xff, 0x77,
  0xff, 0x98, 0xff, 0x78, 0xff, 0x78, 0xff, 0x78, 0xff, 0x78, 0xff, 0x57,
  0xff, 0x36, 0xff, 0x37, 0xff, 0x36, 0xff, 0x36, 0xff, 0x35, 0xff, 0x15,
  0xfe, 0xf4, 0xff, 0x35, 0xff, 0x13, 0xfe, 0xd2, 0xfe, 0x90, 0xfe, 0x6f,
  0xf6, 0x0e, 0xed, 0xed, 0xe5, 0xcc, 0xdd, 0x6a, 0xcc, 0xe8, 0xc4, 0xe8,
  0xd5, 0x6a, 0xee, 0x2d, 0xfe, 0x8f, 0xee, 0x2d, 0xee, 0x0d, 0xed, 0xed,
  0xe5, 0xcd, 0xee, 0x0e, 0xf6, 0x4f, 0xf6, 0x2f, 0xee, 0x0e, 0xf6, 0x2e,
  0xfe, 0x4f, 0xfe, 0x4f, 0xf6, 0x2e, 0xf6, 0x2e, 0xf6, 0x2e, 0xf5, 0xad,
  0xe5, 0x4b, 0xdc, 0xc9, 0xdc, 0xc9, 0xd4, 0x88, 0xcc, 0x67, 0xd4, 0xe9,
  0xe5, 0x6b, 0xf5, 0xec, 0xfe, 0x4e, 0xfe, 0x2e, 0xdd, 0x09, 0xcc, 0x67,
  0xc4, 0x25, 0xcc, 0x67, 0xe4, 0xe9, 0xf5, 0x8b, 0xfd, 0xac, 0xf5, 0xac,
  0xf5, 0xac, 0xfd, 0xac, 0xf5, 0xac, 0xfd, 0xec, 0xfe, 0x6e, 0xfe, 0xf1,
  0xff, 0x11, 0xff, 0x31, 0xfe, 0xd0, 0xfd, 0xec, 0xf5, 0xab, 0xfe, 0x4e,
  0xfe, 0xd0, 0xfe, 0xb0, 0xfe, 0x2e, 0xfe, 0x0d, 0xfd, 0xed, 0xfd, 0x2b,
  0xfc, 0x89, 0xec, 0x48, 0xec, 0x07, 0xdb, 0xc6, 0xe4, 0x07, 0xec, 0x28,
  0xec, 0x47, 0xec, 0x48, 0xec, 0x27, 0xe4, 0x27, 0xdc, 0x07, 0xdc, 0x07,
  0xdc, 0x27, 0xe4, 0x47, 0xe4, 0x48, 0xe4, 0x47, 0xe4, 0x48, 0xec, 0x89,
  0xf4, 0xea, 0xfd, 0x2b, 0xfd, 0x4c, 0xfd, 0x4c, 0xfd, 0x4d, 0xfd, 0xcf,
  0xfe, 0x73, 0xfe, 0xd6, 0xff, 0x58, 0xff, 0x9c, 0xff, 0xbc, 0xff, 0xfe,
  0xff, 0xff, 0xff, 0xff, 0xff, 0xff, 0xff, 0xff, 0xff, 0xff, 0xff, 0xff,
  0xff, 0xff, 0xff, 0xff, 0xff, 0xff, 0xff, 0xfe, 0xff, 0xfe, 0xff, 0xfd,
  0xff, 0xfd, 0xff, 0xba, 0xff, 0x79, 0xff, 0x16, 0xfe, 0xb4, 0xfe, 0x93,
  0xfe, 0x92, 0xfe, 0xf4, 0xff, 0x56, 0xff, 0x77, 0xff, 0x98, 0xff, 0x77,
  0xff, 0x76, 0xff, 0x96, 0xff, 0x54, 0xff, 0x57, 0xff, 0xdc, 0xff, 0xfd,
  0xff, 0xff, 0xff, 0xde, 0xff, 0xdf, 0xff, 0xde, 0xff, 0xdc, 0xff, 0xdc,
  0xff, 0xba, 0xff, 0xba, 0xff, 0xb9, 0xff, 0xb9, 0xff, 0xda, 0xff, 0xda,
  0xff, 0xfc, 0xff, 0xfd, 0xff, 0xff, 0xff, 0xff, 0xff, 0xff, 0xff, 0xff,
  0xff, 0xff, 0xff, 0xff, 0xff, 0xff, 0xff, 0xff, 0xff, 0xff, 0xff, 0xff,
  0xff, 0xff, 0xff, 0xff, 0xff, 0xff, 0xff, 0xff, 0xff, 0xff, 0xff, 0xff,
  0xff, 0xff, 0xff, 0xff, 0xff, 0xff, 0xff, 0xfe, 0xff, 0xfe, 0xff, 0xfe,
  0xff, 0xfe, 0xff, 0xfe, 0xff, 0xfe, 0xff, 0xfe, 0xff, 0xfe, 0xff, 0xfe,
  0xff, 0xfe, 0xff, 0xfd, 0xff, 0xfd, 0xff, 0xfd, 0xff, 0xfd, 0xff, 0xfe,
  0xff, 0xfe, 0xff, 0xff, 0xff, 0xff, 0xff, 0xff, 0xff, 0xff, 0xff, 0xff,
  0xff, 0xff, 0xff, 0xff, 0xff, 0xff, 0xff, 0xff, 0xff, 0xff, 0xff, 0xff,
  0xff, 0xff, 0xff, 0xff, 0xff, 0xff, 0x00, 0x00, 0x00, 0x00, 0x00, 0x00,
  0x00, 0x00, 0x00, 0x00, 0x00, 0x00, 0x00, 0x00, 0x00, 0x00, 0x00, 0x00,
  0x00, 0x00, 0x00, 0x00, 0x00, 0x00, 0x00, 0x00, 0x00, 0x00, 0x00, 0x00,
  0x00, 0x00, 0x00, 0x00, 0x00, 0x00, 0x00, 0x00, 0x00, 0x00, 0x00, 0x00,
  0x00, 0x00, 0x00, 0x00, 0x00, 0x00, 0x00, 0x00, 0x00, 0x00, 0x00, 0x00,
  0x00, 0x00, 0x00, 0x00, 0x72, 0xc6, 0x8b, 0xa9, 0xa4, 0x6c, 0xac, 0x8c,
  0xbd, 0x0e, 0xcd, 0xb0, 0xde, 0x12, 0xee, 0xb4, 0xff, 0x36, 0xff, 0x98,
  0xff, 0x98, 0xff, 0x78, 0xff, 0x58, 0xff, 0x78, 0xff, 0x78, 0xff, 0x57,
  0xff, 0x36, 0xff, 0x37, 0xff, 0x36, 0xff, 0x36, 0xff, 0x35, 0xff, 0x14,
  0xff, 0x14, 0xff, 0x34, 0xfe, 0xf2, 0xfe, 0x91, 0xfe, 0x6f, 0xfe, 0x2f,
  0xf5, 0xed, 0xed, 0xcc, 0xe5, 0xab, 0xd5, 0x2a, 0xc4, 0xc8, 0xcd, 0x09,
  0xe5, 0xac, 0xee, 0x2d, 0xfe, 0x8f, 0xee, 0x2d, 0xee, 0x0d, 0xee, 0x0d,
  0xe5, 0xed, 0xee, 0x0e, 0xf6, 0x4e, 0xee, 0x2e, 0xf6, 0x2e, 0xfe, 0x4f,
  0xfe, 0x90, 0xfe, 0x2e, 0xf5, 0xed, 0xf6, 0x2e, 0xf6, 0x0e, 0xdd, 0x0a,
  0xcc, 0x88, 0xcc, 0x27, 0xc4, 0x06, 0xc4, 0x06, 0xcc, 0x67, 0xdd, 0x29,
  0xed, 0x8b, 0xfe, 0x2d, 0xfe, 0x4e, 0xfd, 0xec, 0xd4, 0xa8, 0xc4, 0x05,
  0xc4, 0x26, 0xe4, 0xe9, 0xfd, 0xac, 0xfd, 0xcc, 0xf5, 0xac, 0xf5, 0x8b,
  0xf5, 0xab, 0xfd, 0xcc, 0xfd, 0xcc, 0xfe, 0x0d, 0xfe, 0xaf, 0xff, 0x11,
  0xff, 0x11, 0xfe, 0xf0, 0xfe, 0x4e, 0xfd, 0xcc, 0xfd, 0xed, 0xfe, 0x8f,
  0xfe, 0x8f, 0xfe, 0x2e, 0xfe, 0x0e, 0xfe, 0x2e, 0xfd, 0x4b, 0xec, 0x68,
  0xf4, 0x69, 0xec, 0x48, 0xec, 0x28, 0xe3, 0xe7, 0xe4, 0x07, 0xec, 0x28,
  0xec, 0x27, 0xec, 0x27, 0xec, 0x47, 0xec, 0x27, 0xe4, 0x07, 0xdc, 0x07,
  0xe4, 0x27, 0xe4, 0x68, 0xec, 0x88, 0xec, 0x68, 0xe4, 0x68, 0xec, 0x88,
  0xf4, 0xa9, 0xf4, 0xea, 0xfd, 0x0a, 0xfd, 0x2b, 0xfd, 0x6d, 0xfd, 0xcf,
  0xfe, 0x31, 0xfe, 0x94, 0xff, 0x16, 0xff, 0x7a, 0xff, 0x9b, 0xff, 0xdd,
  0xff, 0xfe, 0xff, 0xff, 0xff, 0xff, 0xff, 0xff, 0xff, 0xff, 0xff, 0xff,
  0xff, 0xff, 0xff, 0xff, 0xff, 0xff, 0xff, 0xfe, 0xff, 0xfe, 0xff, 0xfd,
  0xff, 0xdd, 0xff, 0xba, 0xff, 0x7a, 0xff, 0x57, 0xfe, 0xf5, 0xfe, 0xb3,
  0xfe, 0x92, 0xfe, 0xd3, 0xff, 0x14, 0xff, 0x76, 0xff, 0x97, 0xff, 0x76,
  0xff, 0x35, 0xff, 0x14, 0xfe, 0xf2, 0xff, 0x15, 0xff, 0xb9, 0xff, 0xdb,
  0xff, 0xfd, 0xff, 0xfd, 0xff, 0xde, 0xff, 0xde, 0xff, 0xdd, 0xff, 0xdd,
  0xff, 0xdb, 0xff, 0xbb, 0xff, 0xb9, 0xff, 0xb9, 0xff, 0xba, 0xff, 0xba,
  0xff, 0xdc, 0xff, 0xfd, 0xff, 0xff, 0xff, 0xff, 0xff, 0xff, 0xff, 0xff,
  0xff, 0xff, 0xff, 0xff, 0xff, 0xff, 0xff, 0xff, 0xff, 0xff, 0xff, 0xff,
  0xff, 0xff, 0xff, 0xff, 0xff, 0xff, 0xff, 0xff, 0xff, 0xff, 0xff, 0xff,
  0xff, 0xff, 0xff, 0xfe, 0xff, 0xfe, 0xff, 0xfe, 0xff, 0xfe, 0xff, 0xfe,
  0xff, 0xfe, 0xff, 0xfe, 0xff, 0xfe, 0xff, 0xfe, 0xff, 0xfe, 0xff, 0xfe,
  0xff, 0xfe, 0xff, 0xfd, 0xff, 0xfd, 0xff, 0xfd, 0xff, 0xfd, 0xff, 0xfe,
  0xff, 0xfe, 0xff, 0xff, 0xff, 0xff, 0xff, 0xff, 0xff, 0xff, 0xff, 0xff,
  0xff, 0xff, 0xff, 0xff, 0xff, 0xff, 0xff, 0xff, 0xff, 0xff, 0xff, 0xff,
  0xff, 0xff, 0xff, 0xff, 0xff, 0xff, 0xff, 0xfe, 0x00, 0x00, 0x00, 0x00,
  0x00, 0x00, 0x00, 0x00, 0x00, 0x00, 0x00, 0x00, 0x00, 0x00, 0x00, 0x00,
  0x00, 0x00, 0x00, 0x00, 0x00, 0x00, 0x00, 0x00, 0x00, 0x00, 0x00, 0x00,
  0x00, 0x00, 0x00, 0x00, 0x00, 0x00, 0x00, 0x00, 0x00, 0x00, 0x00, 0x00,
  0x00, 0x00, 0x00, 0x00, 0x00, 0x00, 0x00, 0x00, 0x00, 0x00, 0x00, 0x00,
  0x00, 0x00, 0x00, 0x00, 0x72, 0xe6, 0x8b, 0x88, 0xa4, 0x4b, 0xb4, 0xcd,
  0xc5, 0x6f, 0xd5, 0xd1, 0xe6, 0x53, 0xf6, 0xf5, 0xff, 0x77, 0xff, 0xb8,
  0xff, 0xb9, 0xff, 0x98, 0xff, 0x78, 0xff, 0x78, 0xff, 0x58, 0xff, 0x58,
  0xff, 0x36, 0xff, 0x37, 0xff, 0x56, 0xff, 0x56, 0xff, 0x35, 0xff, 0x14,
  0xff, 0x34, 0xff, 0x14, 0xfe, 0xd1, 0xfe, 0x70, 0xfe, 0x4f, 0xf6, 0x0e,
  0xed, 0xed, 0xe5, 0x8b, 0xd5, 0x4a, 0xc4, 0xe8, 0xcc, 0xe8, 0xdd, 0x8b,
  0xf6, 0x2d, 0xf6, 0x4e, 0xf6, 0x4e, 0xee, 0x2e, 0xee, 0x2e, 0xee, 0x2e,
  0xee, 0x0e, 0xed, 0xed, 0xed, 0xed, 0xee, 0x0e, 0xf6, 0x2f, 0xfe, 0x4f,
  0xf6, 0x2f, 0xf6, 0x2e, 0xfe, 0xd0, 0xf6, 0x0d, 0xdd, 0x6b, 0xe5, 0x2b,
  0xc4, 0x47, 0xab, 0x02, 0xbb, 0x84, 0xcc, 0x46, 0xe5, 0x09, 0xe5, 0x8b,
  0xed, 0xcc, 0xfe, 0x0d, 0xf5, 0xcc, 0xdc, 0xe8, 0xcc, 0x46, 0xcc, 0x26,
  0xd4, 0x87, 0xed, 0x4a, 0xfd, 0xac, 0xf5, 0xac, 0xf5, 0x6b, 0xf5, 0x6b,
  0xf5, 0xab, 0xfd, 0xcc, 0xfd, 0xec, 0xfe, 0x4e, 0xfe, 0xb0, 0xfe, 0xd0,
  0xfe, 0xf1, 0xfe, 0x6e, 0xfd, 0xec, 0xfe, 0x0d, 0xfe, 0x4e, 0xfe, 0xd0,
  0xfe, 0x4f, 0xfd, 0xcc, 0xfe, 0x2e, 0xfe, 0x2e, 0xfc, 0xa9, 0xec, 0x27,
  0xf4, 0x28, 0xec, 0x07, 0xec, 0x28, 0xe3, 0xe7, 0xe3, 0xe7, 0xec, 0x07,
  0xec, 0x27, 0xec, 0x27, 0xe4, 0x27, 0xe4, 0x27, 0xe4, 0x07, 0xdc, 0x07,
  0xe4, 0x27, 0xec, 0x68, 0xec, 0x89, 0xec, 0x89, 0xec, 0x68, 0xec, 0x68,
  0xec, 0xa9, 0xf4, 0xc9, 0xf4, 0xca, 0xfd, 0x0b, 0xfd, 0x4c, 0xfd, 0xae,
  0xfe, 0x10, 0xfe, 0x72, 0xfe, 0xb4, 0xff, 0x38, 0xff, 0x79, 0xff, 0xdc,
  0xff, 0xfd, 0xff, 0xff, 0xff, 0xfe, 0xff, 0xfe, 0xff, 0xfe, 0xff, 0xff,
  0xff, 0xff, 0xff, 0xff, 0xff, 0xff, 0xff, 0xfe, 0xff, 0xfe, 0xff, 0xfd,
  0xff, 0xdd, 0xff, 0xbb, 0xff, 0x9b, 0xff, 0x78, 0xff, 0x37, 0xfe, 0xf4,
  0xfe, 0xb2, 0xfe, 0xb3, 0xfe, 0xf3, 0xff, 0x14, 0xff, 0x35, 0xff, 0x55,
  0xff, 0x35, 0xff, 0x34, 0xfe, 0xf1, 0xfe, 0xd3, 0xff, 0x56, 0xff, 0xb9,
  0xff, 0xdc, 0xff, 0xdc, 0xff, 0xde, 0xff, 0xde, 0xff, 0xde, 0xff, 0xde,
  0xff, 0xfc, 0xff, 0xdb, 0xff, 0xba, 0xff, 0xba, 0xff, 0xba, 0xff, 0xba,
  0xff, 0xdc, 0xff, 0xfc, 0xff, 0xfe, 0xff, 0xfe, 0xff, 0xfe, 0xff, 0xfe,
  0xff, 0xfe, 0xff, 0xfe, 0xff, 0xfe, 0xff, 0xfe, 0xff, 0xff, 0xff, 0xff,
  0xff, 0xff, 0xff, 0xff, 0xff, 0xff, 0xff, 0xff, 0xff, 0xff, 0xff, 0xff,
  0xff, 0xff, 0xff, 0xfe, 0xff, 0xfe, 0xff, 0xfe, 0xff, 0xfe, 0xff, 0xfe,
  0xff, 0xfe, 0xff, 0xfe, 0xff, 0xfe, 0xff, 0xfe, 0xff, 0xfe, 0xff, 0xfd,
  0xff, 0xfd, 0xff, 0xfd, 0xff, 0xfd, 0xff, 0xfd, 0xff, 0xfd, 0xff, 0xfe,
  0xff, 0xfe, 0xff, 0xff, 0xff, 0xff, 0xff, 0xff, 0xff, 0xff, 0xff, 0xff,
  0xff, 0xff, 0xff, 0xff, 0xff, 0xff, 0xff, 0xff, 0xff, 0xff, 0xff, 0xff,
  0xff, 0xff, 0xff, 0xff, 0xff, 0xff, 0xff, 0xfe, 0x00, 0x00, 0x00, 0x00,
  0x00, 0x00, 0x00, 0x00, 0x00, 0x00, 0x00, 0x00, 0x00, 0x00, 0x00, 0x00,
  0x00, 0x00, 0x00, 0x00, 0x00, 0x00, 0x00, 0x00, 0x00, 0x00, 0x00, 0x00,
  0x00, 0x00, 0x00, 0x00, 0x00, 0x00, 0x00, 0x00, 0x00, 0x00, 0x00, 0x00,
  0x00, 0x00, 0x00, 0x00, 0x00, 0x00, 0x00, 0x00, 0x00, 0x00, 0x00, 0x00,
  0x00, 0x00, 0x7b, 0x07, 0x7b, 0x27, 0x8b, 0x88, 0x9c, 0x2a, 0xb4, 0xcd,
  0xc5, 0x4f, 0xd5, 0xf1, 0xee, 0xb4, 0xff, 0x57, 0xff, 0x98, 0xff, 0x98,
  0xff, 0x98, 0xff, 0x78, 0xff, 0x58, 0xff, 0x78, 0xff, 0x78, 0xff, 0x58,
  0xff, 0x57, 0xff, 0x57, 0xff, 0x56, 0xff, 0x56, 0xff, 0x35, 0xff, 0x14,
  0xff, 0x13, 0xfe, 0xf2, 0xfe, 0x90, 0xfe, 0x4f, 0xfe, 0x2e, 0xf5, 0xed,
  0xed, 0xcd, 0xdd, 0x2a, 0xc4, 0xc8, 0xc4, 0xa7, 0xcd, 0x09, 0xee, 0x0d,
  0xf6, 0x6e, 0xf6, 0x2d, 0xee, 0x0d, 0xee, 0x2e, 0xf6, 0x2e, 0xf6, 0x4e,
  0xee, 0x2e, 0xe5, 0xcc, 0xe5, 0xac, 0xee, 0x2e, 0xfe, 0x6f, 0xfe, 0x4f,
  0xed, 0xcd, 0xf6, 0x2e, 0xfe, 0xf1, 0xe5, 0x8b, 0xcc, 0xa8, 0xdc, 0xea,
  0xb3, 0xc5, 0x8a, 0x40, 0xb3, 0x84, 0xdc, 0xc8, 0xe5, 0x4a, 0xe5, 0x6a,
  0xf5, 0xcc, 0xfd, 0xec, 0xe5, 0x29, 0xcc, 0x46, 0xcc, 0x25, 0xd4, 0x67,
  0xe5, 0x09, 0xf5, 0x8b, 0xf5, 0xac, 0xf5, 0x8b, 0xf5, 0x8b, 0xf5, 0x6b,
  0xf5, 0x8b, 0xf5, 0xab, 0xfd, 0xec, 0xfe, 0x6e, 0xfe, 0xaf, 0xfe, 0xb0,
  0xfe, 0xb0, 0xfd, 0xed, 0xf5, 0xac, 0xfe, 0x4e, 0xfe, 0x6f, 0xfe, 0xb0,
  0xfe, 0x2e, 0xfd, 0xcd, 0xfd, 0xee, 0xfd, 0x8c, 0xf4, 0x68, 0xec, 0x47,
  0xf4, 0x48, 0xe3, 0xc6, 0xe3, 0xe7, 0xdb, 0xc6, 0xe3, 0xe7, 0xec, 0x28,
  0xec, 0x48, 0xe4, 0x27, 0xe4, 0x27, 0xe4, 0x27, 0xdc, 0x07, 0xdb, 0xe6,
  0xe4, 0x27, 0xec, 0x68, 0xec, 0xa9, 0xec, 0xa9, 0xec, 0x68, 0xec, 0x88,
  0xec, 0xa9, 0xf4, 0xa9, 0xf4, 0xca, 0xfc, 0xea, 0xfd, 0x2c, 0xfd, 0x8d,
  0xfd, 0xef, 0xfe, 0x31, 0xfe, 0x73, 0xfe, 0xf6, 0xff, 0x58, 0xff, 0xbb,
  0xff, 0xfc, 0xff, 0xfe, 0xff, 0xfe, 0xff, 0xfe, 0xff, 0xfe, 0xff, 0xff,
  0xff, 0xff, 0xff, 0xff, 0xff, 0xff, 0xff, 0xfe, 0xff, 0xfe, 0xff, 0xfd,
  0xff, 0xfd, 0xff, 0xdc, 0xff, 0xdc, 0xff, 0xda, 0xff, 0x99, 0xff, 0x35,
  0xfe, 0xf4, 0xfe, 0xd3, 0xfe, 0xb2, 0xfe, 0xb2, 0xfe, 0xd3, 0xff, 0x34,
  0xff, 0x55, 0xff, 0x95, 0xff, 0x33, 0xfe, 0xd2, 0xff, 0x14, 0xff, 0x77,
  0xff, 0xba, 0xff, 0xdb, 0xff, 0xbd, 0xff, 0xdd, 0xff, 0xde, 0xff, 0xde,
  0xff, 0xdc, 0xff, 0xbc, 0xff, 0xba, 0xff, 0xba, 0xff, 0x9a, 0xff, 0x9a,
  0xff, 0xbc, 0xff, 0xdc, 0xff, 0xfe, 0xff, 0xfe, 0xff, 0xfe, 0xff, 0xfe,
  0xff, 0xfe, 0xff, 0xfe, 0xff, 0xfe, 0xff, 0xfe, 0xff, 0xff, 0xff, 0xff,
  0xff, 0xff, 0xff, 0xff, 0xff, 0xff, 0xff, 0xff, 0xff, 0xff, 0xff, 0xff,
  0xff, 0xff, 0xff, 0xfe, 0xff, 0xfe, 0xff, 0xfe, 0xff, 0xfe, 0xff, 0xfe,
  0xff, 0xfe, 0xff, 0xfe, 0xff, 0xfe, 0xff, 0xfe, 0xff, 0xfe, 0xff, 0xfd,
  0xff, 0xfd, 0xff, 0xfd, 0xff, 0xfd, 0xff, 0xfd, 0xff, 0xfd, 0xff, 0xfe,
  0xff, 0xfe, 0xff, 0xff, 0xff, 0xff, 0xff, 0xff, 0xff, 0xff, 0xff, 0xff,
  0xff, 0xff, 0xff, 0xff, 0xff, 0xff, 0xff, 0xff, 0xff, 0xff, 0xff, 0xff,
  0xff, 0xff, 0xff, 0xff, 0xff, 0xfe, 0xff, 0xfe, 0xff, 0xfe, 0x00, 0x00,
  0x00, 0x00, 0x00, 0x00, 0x00, 0x00, 0x00, 0x00, 0x00, 0x00, 0x00, 0x00,
  0x00, 0x00, 0x00, 0x00, 0x00, 0x00, 0x00, 0x00, 0x00, 0x00, 0x00, 0x00,
  0x00, 0x00, 0x00, 0x00, 0x00, 0x00, 0x00, 0x00, 0x00, 0x00, 0x00, 0x00,
  0x00, 0x00, 0x00, 0x00, 0x00, 0x00, 0x00, 0x00, 0x00, 0x00, 0x00, 0x00,
  0x00, 0x00, 0x72, 0xe6, 0x83, 0x27, 0x7b, 0x27, 0x8b, 0xa9, 0xb4, 0xed,
  0xcd, 0x8f, 0xde, 0x12, 0xf6, 0xd5, 0xff, 0x57, 0xff, 0x78, 0xff, 0x78,
  0xff, 0x78, 0xff, 0x78, 0xff, 0x79, 0xff, 0x78, 0xff, 0x78, 0xff, 0x78,
  0xff, 0x77, 0xff, 0x77, 0xff, 0x76, 0xff, 0x56, 0xff, 0x34, 0xff, 0x13,
  0xfe, 0xd2, 0xfe, 0x91, 0xfe, 0x4f, 0xf6, 0x2e, 0xf5, 0xed, 0xed, 0xac,
  0xed, 0xac, 0xd5, 0x09, 0xc4, 0xa7, 0xc4, 0x87, 0xcd, 0x29, 0xee, 0x0d,
  0xf6, 0x4e, 0xee, 0x0d, 0xee, 0x0d, 0xee, 0x2d, 0xee, 0x2e, 0xf6, 0x4e,
  0xee, 0x2e, 0xe5, 0xac, 0xe5, 0xcd, 0xf6, 0x6f, 0xfe, 0xb0, 0xfe, 0x70,
  0xfe, 0x70, 0xfe, 0xd0, 0xf6, 0x2e, 0xcc, 0xa7, 0xbc, 0x25, 0xbb, 0xc5,
  0xa3, 0x22, 0xa2, 0xe1, 0xb3, 0x64, 0xe5, 0x2a, 0xe5, 0x4a, 0xe5, 0x6a,
  0xf5, 0xcb, 0xf5, 0x8b, 0xd4, 0xa7, 0xcc, 0x26, 0xd4, 0x26, 0xdc, 0xa8,
  0xe5, 0x09, 0xed, 0x2a, 0xe5, 0x2a, 0xed, 0x6a, 0xf5, 0x8b, 0xed, 0x6a,
  0xed, 0x8a, 0xf5, 0xab, 0xfe, 0x2d, 0xfe, 0x6f, 0xfe, 0x8f, 0xfe, 0x8f,
  0xfe, 0x6f, 0xf5, 0xac, 0xf5, 0x8c, 0xfe, 0x4f, 0xfe, 0x4f, 0xfe, 0x90,
  0xfe, 0x0e, 0xfd, 0xcd, 0xfd, 0x2b, 0xf4, 0x88, 0xf4, 0x47, 0xf4, 0x47,
  0xf4, 0x48, 0xe3, 0xa6, 0xe3, 0xc7, 0xdb, 0xa6, 0xe3, 0xe8, 0xf4, 0x69,
  0xf4, 0x89, 0xe4, 0x28, 0xe4, 0x27, 0xe4, 0x07, 0xdb, 0xe6, 0xdb, 0xe6,
  0xdc, 0x07, 0xe4, 0x48, 0xec, 0x88, 0xec, 0x68, 0xe4, 0x68, 0xec, 0x68,
  0xec, 0x89, 0xf4, 0xa9, 0xf4, 0xca, 0xf4, 0xea, 0xfd, 0x2b, 0xfd, 0x6c,
  0xfd, 0xae, 0xfd, 0xef, 0xfe, 0x51, 0xfe, 0xb4, 0xff, 0x16, 0xff, 0x99,
  0xff, 0xdb, 0xff, 0xfe, 0xff, 0xfd, 0xff, 0xfe, 0xff, 0xfe, 0xff, 0xfe,
  0xff, 0xfe, 0xff, 0xfe, 0xff, 0xfe, 0xff, 0xfe, 0xff, 0xfe, 0xff, 0xfe,
  0xff, 0xfe, 0xff, 0xfd, 0xff, 0xfd, 0xff, 0xfb, 0xff, 0xda, 0xff, 0x77,
  0xff, 0x35, 0xfe, 0xf3, 0xfe, 0xb1, 0xfe, 0x71, 0xfe, 0x91, 0xfe, 0xf3,
  0xff, 0x34, 0xff, 0x75, 0xff, 0x54, 0xfe, 0xf2, 0xff, 0x11, 0xff, 0x54,
  0xff, 0x97, 0xff, 0xb9, 0xff, 0xdd, 0xff, 0xdd, 0xff, 0xdf, 0xff, 0xfe,
  0xff, 0xdd, 0xff, 0xdd, 0xff, 0xbb, 0xff, 0xbb, 0xff, 0x9a, 0xff, 0x9a,
  0xff, 0xbb, 0xff, 0xdc, 0xff, 0xfe, 0xff, 0xfe, 0xff, 0xfe, 0xff, 0xfe,
  0xff, 0xfe, 0xff, 0xfe, 0xff, 0xfe, 0xff, 0xfe, 0xff, 0xff, 0xff, 0xff,
  0xff, 0xff, 0xff, 0xff, 0xff, 0xff, 0xff, 0xff, 0xff, 0xff, 0xff, 0xff,
  0xff, 0xff, 0xff, 0xfe, 0xff, 0xfe, 0xff, 0xfe, 0xff, 0xfe, 0xff, 0xfe,
  0xff, 0xfe, 0xff, 0xfe, 0xff, 0xfe, 0xff, 0xfd, 0xff, 0xfd, 0xff, 0xfd,
  0xff, 0xfd, 0xff, 0xfd, 0xff, 0xfd, 0xff, 0xfd, 0xff, 0xfd, 0xff, 0xfe,
  0xff, 0xfe, 0xff, 0xff, 0xff, 0xff, 0xff, 0xff, 0xff, 0xff, 0xff, 0xff,
  0xff, 0xff, 0xff, 0xff, 0xff, 0xff, 0xff, 0xff, 0xff, 0xff, 0xff, 0xff,
  0xff, 0xff, 0xff, 0xff, 0xff, 0xfe, 0xff, 0xfe, 0xff, 0xfe, 0x00, 0x00,
  0x00, 0x00, 0x00, 0x00, 0x00, 0x00, 0x00, 0x00, 0x00, 0x00, 0x00, 0x00,
  0x00, 0x00, 0x00, 0x00, 0x00, 0x00, 0x00, 0x00, 0x00, 0x00, 0x00, 0x00,
  0x00, 0x00, 0x00, 0x00, 0x00, 0x00, 0x00, 0x00, 0x00, 0x00, 0x00, 0x00,
  0x00, 0x00, 0x00, 0x00, 0x00, 0x00, 0x00, 0x00, 0x00, 0x00, 0x00, 0x00,
  0x5a, 0x24, 0x62, 0x44, 0x72, 0xc6, 0x83, 0x47, 0x9c, 0x0a, 0xc5, 0x6f,
  0xd5, 0xd1, 0xe6, 0x53, 0xff, 0x16, 0xff, 0x57, 0xff, 0x58, 0xff, 0x78,
  0xff, 0x99, 0xff, 0xb9, 0xff, 0x9a, 0xff, 0x99, 0xff, 0x79, 0xff, 0x78,
  0xff, 0x77, 0xff, 0x77, 0xff, 0x76, 0xff, 0x56, 0xff, 0x34, 0xfe, 0xf3,
  0xfe, 0xb1, 0xfe, 0x70, 0xf6, 0x2e, 0xf5, 0xed, 0xed, 0xcc, 0xe5, 0x8b,
  0xe5, 0x8b, 0xcc, 0xe9, 0xc4, 0xa7, 0xc4, 0xa7, 0xdd, 0x8b, 0xfe, 0x6e,
  0xf6, 0x4e, 0xed, 0xec, 0xee, 0x2d, 0xee, 0x2d, 0xf6, 0x4e, 0xfe, 0x6f,
  0xee, 0x2e, 0xe5, 0xcd, 0xee, 0x2e, 0xfe, 0xb1, 0xfe, 0xb1, 0xfe, 0xb0,
  0xfe, 0xf2, 0xff, 0x11, 0xf5, 0xed, 0xbc, 0x46, 0xbc, 0x05, 0xbb, 0xe5,
  0xb3, 0x84, 0xbb, 0xc5, 0xc3, 0xe5, 0xed, 0x8b, 0xed, 0x6a, 0xe5, 0x6a,
  0xed, 0x8a, 0xdc, 0xc8, 0xcc, 0x46, 0xd4, 0x46, 0xd4, 0x67, 0xdc, 0xa8,
  0xdc, 0xc8, 0xdc, 0xa8, 0xdc, 0xc8, 0xe5, 0x29, 0xed, 0x4a, 0xed, 0x6a,
  0xf5, 0x8b, 0xfd, 0xec, 0xfe, 0x4e, 0xfe, 0x6f, 0xfe, 0x6f, 0xfe, 0x4e,
  0xfe, 0x0d, 0xf5, 0x8b, 0xf5, 0xac, 0xfe, 0x6f, 0xfe, 0x2f, 0xfe, 0x2f,
  0xfe, 0x0e, 0xfd, 0xcd, 0xfc, 0x88, 0xe4, 0x06, 0xec, 0x07, 0xf4, 0x27,
  0xfc, 0x69, 0xe3, 0xc6, 0xdb, 0xc7, 0xdb, 0xa6, 0xdb, 0xe7, 0xec, 0x69,
  0xf4, 0x8a, 0xe4, 0x28, 0xe4, 0x07, 0xdb, 0xe7, 0xdb, 0xe6, 0xe4, 0x27,
  0xe4, 0x48, 0xe4, 0x68, 0xe4, 0x48, 0xec, 0x68, 0xe4, 0x68, 0xe4, 0x68,
  0xec, 0x89, 0xf4, 0xa9, 0xf4, 0xea, 0xfd, 0x0b, 0xfd, 0x2b, 0xfd, 0x4c,
  0xfd, 0x8d, 0xfd, 0xce, 0xfe, 0x10, 0xfe, 0x72, 0xfe, 0xd4, 0xff, 0x58,
  0xff, 0xba, 0xff, 0xfd, 0xff, 0xfd, 0xff, 0xfe, 0xff, 0xfe, 0xff, 0xfe,
  0xff, 0xfe, 0xff, 0xfe, 0xff, 0xfe, 0xff, 0xfe, 0xff, 0xfe, 0xff, 0xfe,
  0xff, 0xfe, 0xff, 0xfc, 0xff, 0xfc, 0xff, 0xfb, 0xff, 0xfb, 0xff, 0x97,
  0xff, 0x56, 0xfe, 0xf3, 0xfe, 0x70, 0xf6, 0x50, 0xfe, 0x71, 0xfe, 0xd2,
  0xff, 0x14, 0xff, 0x54, 0xff, 0x34, 0xfe, 0xf2, 0xfe, 0xf1, 0xff, 0x13,
  0xff, 0x35, 0xff, 0x77, 0xff, 0x9a, 0xff, 0x9a, 0xff, 0xbc, 0xff, 0xbc,
  0xff, 0xfd, 0xff, 0xdc, 0xff, 0xdb, 0xff, 0xbb, 0xff, 0xba, 0xff, 0x9a,
  0xff, 0x9b, 0xff, 0xdc, 0xff, 0xfe, 0xff, 0xfe, 0xff, 0xfe, 0xff, 0xfe,
  0xff, 0xfe, 0xff, 0xfe, 0xff, 0xfe, 0xff, 0xfe, 0xff, 0xfe, 0xff, 0xfe,
  0xff, 0xff, 0xff, 0xff, 0xff, 0xff, 0xff, 0xff, 0xff, 0xff, 0xff, 0xff,
  0xff, 0xff, 0xff, 0xfe, 0xff, 0xfe, 0xff, 0xfe, 0xff, 0xfe, 0xff, 0xfe,
  0xff, 0xfe, 0xff, 0xfe, 0xff, 0xfe, 0xff, 0xfd, 0xff, 0xfd, 0xff, 0xfd,
  0xff, 0xfd, 0xff, 0xfd, 0xff, 0xfd, 0xff, 0xfd, 0xff, 0xfd, 0xff, 0xfe,
  0xff, 0xfe, 0xff, 0xff, 0xff, 0xff, 0xff, 0xff, 0xff, 0xff, 0xff, 0xff,
  0xff, 0xff, 0xff, 0xff, 0xff, 0xff, 0xff, 0xff, 0xff, 0xff, 0xff, 0xff,
  0xff, 0xff, 0xff, 0xff, 0xff, 0xfe, 0xff, 0xfe, 0xff, 0xfe, 0xff, 0xfe,
  0x00, 0x00, 0x00, 0x00, 0x00, 0x00, 0x00, 0x00, 0x00, 0x00, 0x00, 0x00,
  0x00, 0x00, 0x00, 0x00, 0x00, 0x00, 0x00, 0x00, 0x00, 0x00, 0x00, 0x00,
  0x00, 0x00, 0x00, 0x00, 0x00, 0x00, 0x00, 0x00, 0x00, 0x00, 0x00, 0x00,
  0x00, 0x00, 0x00, 0x00, 0x00, 0x00, 0x00, 0x00, 0x00, 0x00, 0x00, 0x00,
  0x72, 0xa5, 0x62, 0x44, 0x72, 0xe6, 0x9c, 0x0a, 0xbd, 0x0e, 0xcd, 0xb0,
  0xd5, 0xd1, 0xee, 0x94, 0xff, 0x78, 0xff, 0x78, 0xff, 0x78, 0xff, 0x99,
  0xff, 0xb9, 0xff, 0xba, 0xff, 0xba, 0xff, 0x9a, 0xff, 0x79, 0xff, 0x78,
  0xff, 0x77, 0xff, 0x77, 0xff, 0x56, 0xff, 0x35, 0xff, 0x34, 0xfe, 0xd3,
  0xfe, 0x90, 0xfe, 0x4f, 0xf6, 0x0d, 0xed, 0xcc, 0xe5, 0x8b, 0xe5, 0x6b,
  0xdd, 0x6b, 0xcc, 0xc8, 0xc4, 0xa8, 0xcc, 0xe9, 0xee, 0x0d, 0xfe, 0xaf,
  0xf6, 0x2d, 0xee, 0x0d, 0xf6, 0x6e, 0xf6, 0x4e, 0xfe, 0x8f, 0xfe, 0x8f,
  0xee, 0x0d, 0xee, 0x0d, 0xfe, 0x90, 0xfe, 0xf1, 0xfe, 0xb0, 0xfe, 0x90,
  0xfe, 0xf1, 0xfe, 0x90, 0xe5, 0x4b, 0xd4, 0xc8, 0xcc, 0x87, 0xbb, 0xc4,
  0xc4, 0x05, 0xd4, 0x87, 0xd4, 0x87, 0xed, 0x8b, 0xed, 0x8b, 0xed, 0x6a,
  0xdd, 0x08, 0xcc, 0x26, 0xd4, 0x46, 0xdc, 0x87, 0xd4, 0x87, 0xd4, 0xa7,
  0xdc, 0xa8, 0xdc, 0xe8, 0xe5, 0x09, 0xe5, 0x2a, 0xed, 0x4a, 0xf5, 0x8b,
  0xfd, 0xec, 0xfe, 0x4e, 0xfe, 0x4e, 0xfe, 0x6e, 0xfe, 0x4e, 0xfe, 0x0d,
  0xfd, 0xac, 0xf5, 0x6b, 0xfd, 0xed, 0xfe, 0x90, 0xfe, 0x0e, 0xfd, 0xad,
  0xfd, 0xad, 0xfd, 0x6c, 0xf4, 0x27, 0xdb, 0x85, 0xeb, 0xc6, 0xf4, 0x27,
  0xfc, 0x89, 0xec, 0x07, 0xdb, 0xc7, 0xd3, 0x86, 0xdb, 0xe7, 0xec, 0x69,
  0xf4, 0xaa, 0xec, 0x69, 0xe4, 0x28, 0xdb, 0xe7, 0xdc, 0x07, 0xe4, 0x28,
  0xec, 0x89, 0xec, 0xa9, 0xec, 0x89, 0xf4, 0xca, 0xec, 0x88, 0xe4, 0x48,
  0xec, 0x89, 0xf4, 0xa9, 0xf4, 0xea, 0xfd, 0x0b, 0xfd, 0x2b, 0xfd, 0x4b,
  0xfd, 0x6c, 0xfd, 0x8d, 0xfd, 0xee, 0xfe, 0x30, 0xfe, 0x92, 0xff, 0x16,
  0xff, 0x78, 0xff, 0xdb, 0xff, 0xfc, 0xff, 0xfd, 0xff, 0xfd, 0xff, 0xfe,
  0xff, 0xfe, 0xff, 0xfe, 0xff, 0xfe, 0xff, 0xfe, 0xff, 0xfe, 0xff, 0xfd,
  0xff, 0xfd, 0xff, 0xfd, 0xff, 0xfc, 0xff, 0xfb, 0xff, 0xfc, 0xff, 0x98,
  0xff, 0x76, 0xfe, 0xf3, 0xfe, 0x90, 0xfe, 0x50, 0xfe, 0x70, 0xfe, 0xd2,
  0xfe, 0xf4, 0xff, 0x14, 0xff, 0x14, 0xfe, 0xf2, 0xfe, 0xf0, 0xfe, 0xd0,
  0xfe, 0xd1, 0xff, 0x13, 0xff, 0x16, 0xff, 0x37, 0xff, 0x5a, 0xff, 0x7a,
  0xff, 0xfd, 0xff, 0xdd, 0xff, 0xdc, 0xff, 0xdc, 0xff, 0xbb, 0xff, 0x9b,
  0xff, 0x9b, 0xff, 0xdc, 0xff, 0xfd, 0xff, 0xfd, 0xff, 0xfd, 0xff, 0xfd,
  0xff, 0xfe, 0xff, 0xfe, 0xff, 0xfe, 0xff, 0xfe, 0xff, 0xfe, 0xff, 0xfe,
  0xff, 0xfe, 0xff, 0xfe, 0xff, 0xff, 0xff, 0xff, 0xff, 0xff, 0xff, 0xff,
  0xff, 0xfe, 0xff, 0xfe, 0xff, 0xfe, 0xff, 0xfe, 0xff, 0xfe, 0xff, 0xfe,
  0xff, 0xfd, 0xff, 0xfd, 0xff, 0xfd, 0xff, 0xfd, 0xff, 0xfd, 0xff, 0xfd,
  0xff, 0xfd, 0xff, 0xfd, 0xff, 0xfd, 0xff, 0xfd, 0xff, 0xfd, 0xff, 0xfe,
  0xff, 0xfe, 0xff, 0xff, 0xff, 0xff, 0xff, 0xff, 0xff, 0xff, 0xff, 0xff,
  0xff, 0xff, 0xff, 0xff, 0xff, 0xff, 0xff, 0xff, 0xff, 0xff, 0xff, 0xff,
  0xff, 0xff, 0xff, 0xff, 0xff, 0xff, 0xff, 0xfe, 0xff, 0xfe, 0xff, 0xfe,
  0x00, 0x00, 0x00, 0x00, 0x00, 0x00, 0x00, 0x00, 0x00, 0x00, 0x00, 0x00,
  0x00, 0x00, 0x00, 0x00, 0x00, 0x00, 0x00, 0x00, 0x00, 0x00, 0x00, 0x00,
  0x00, 0x00, 0x00, 0x00, 0x00, 0x00, 0x00, 0x00, 0x00, 0x00, 0x00, 0x00,
  0x00, 0x00, 0x00, 0x00, 0x00, 0x00, 0x00, 0x00, 0x00, 0x00, 0x72, 0xa6,
  0x6a, 0x85, 0x6a, 0x84, 0x83, 0x68, 0xa4, 0x4b, 0xac, 0x8c, 0xbd, 0x0e,
  0xd5, 0xf2, 0xf6, 0xf6, 0xff, 0x78, 0xff, 0x78, 0xff, 0x78, 0xff, 0x99,
  0xff, 0xba, 0xff, 0xba, 0xff, 0xba, 0xff, 0x9a, 0xff, 0x99, 0xff, 0x78,
  0xff, 0x77, 0xff, 0x77, 0xff, 0x56, 0xff, 0x35, 0xff, 0x13, 0xfe, 0xb2,
  0xfe, 0x6f, 0xf6, 0x2e, 0xed, 0xed, 0xe5, 0xac, 0xe5, 0x4a, 0xdd, 0x4a,
  0xdd, 0x2a, 0xcc, 0xc8, 0xcc, 0xc8, 0xdd, 0x8b, 0xfe, 0x8f, 0xfe, 0xaf,
  0xf6, 0x2e, 0xf6, 0x4e, 0xf6, 0x4e, 0xf6, 0x6e, 0xfe, 0xb0, 0xf6, 0x4f,
  0xe5, 0xed, 0xf6, 0x2f, 0xfe, 0xd1, 0xff, 0x12, 0xfe, 0xb1, 0xfe, 0xb1,
  0xfe, 0xd1, 0xed, 0x8c, 0xcc, 0x67, 0xdc, 0xe9, 0xc4, 0x26, 0xab, 0x42,
  0xcc, 0x67, 0xdc, 0xe9, 0xdc, 0xc8, 0xed, 0x8b, 0xed, 0x6a, 0xed, 0x6a,
  0xd4, 0xa6, 0xc3, 0xe4, 0xd4, 0x66, 0xd4, 0x87, 0xd4, 0x87, 0xd4, 0xa7,
  0xdc, 0xc8, 0xdc, 0xe9, 0xe5, 0x09, 0xe5, 0x29, 0xed, 0x4a, 0xf5, 0xab,
  0xfe, 0x2d, 0xfe, 0x6e, 0xfe, 0x6e, 0xfe, 0x4e, 0xfe, 0x0d, 0xfd, 0xcc,
  0xf5, 0x8c, 0xfd, 0x8c, 0xfe, 0x2e, 0xfe, 0x90, 0xfe, 0x2f, 0xfd, 0xee,
  0xfd, 0x2b, 0xf4, 0xa9, 0xec, 0x06, 0xe3, 0xc5, 0xeb, 0xe6, 0xec, 0x07,
  0xfc, 0x89, 0xec, 0x28, 0xe3, 0xe8, 0xdb, 0xc7, 0xe4, 0x08, 0xec, 0x69,
  0xf4, 0xca, 0xec, 0x89, 0xe4, 0x28, 0xdc, 0x07, 0xdb, 0xe6, 0xdb, 0xe7,
  0xe4, 0x48, 0xec, 0x89, 0xec, 0x89, 0xf4, 0xa9, 0xec, 0x68, 0xe4, 0x48,
  0xec, 0x88, 0xf4, 0xa9, 0xf4, 0xca, 0xfc, 0xea, 0xfd, 0x0b, 0xfd, 0x2b,
  0xfd, 0x4c, 0xfd, 0x6c, 0xfd, 0xad, 0xfe, 0x0f, 0xfe, 0x51, 0xfe, 0xb4,
  0xff, 0x16, 0xff, 0x7a, 0xff, 0xdb, 0xff, 0xfd, 0xff, 0xfd, 0xff, 0xfe,
  0xff, 0xfe, 0xff, 0xfe, 0xff, 0xfe, 0xff, 0xfe, 0xff, 0xfe, 0xff, 0xfd,
  0xff, 0xfd, 0xff, 0xfc, 0xff, 0xfc, 0xff, 0xfb, 0xff, 0xfc, 0xff, 0xb8,
  0xff, 0x77, 0xff, 0x34, 0xfe, 0xd1, 0xfe, 0x91, 0xfe, 0x91, 0xfe, 0xb2,
  0xfe, 0xf3, 0xfe, 0xf3, 0xfe, 0xf4, 0xfe, 0xf3, 0xff, 0x11, 0xfe, 0xd1,
  0xfe, 0xb1, 0xfe, 0xb1, 0xfe, 0xd4, 0xff, 0x15, 0xff, 0x59, 0xff, 0x9a,
  0xff, 0xfc, 0xff, 0xfc, 0xff, 0xfc, 0xff, 0xfc, 0xff, 0xdb, 0xff, 0xdb,
  0xff, 0xbb, 0xff, 0xdc, 0xff, 0xfd, 0xff, 0xfd, 0xff, 0xfd, 0xff, 0xfd,
  0xff, 0xfd, 0xff, 0xfd, 0xff, 0xfe, 0xff, 0xfe, 0xff, 0xfe, 0xff, 0xfe,
  0xff, 0xfe, 0xff, 0xfe, 0xff, 0xfe, 0xff, 0xfe, 0xff, 0xfe, 0xff, 0xff,
  0xff, 0xfe, 0xff, 0xfe, 0xff, 0xfe, 0xff, 0xfe, 0xff, 0xfe, 0xff, 0xfd,
  0xff, 0xfd, 0xff, 0xfd, 0xff, 0xfd, 0xff, 0xfd, 0xff, 0xfd, 0xff, 0xfd,
  0xff, 0xfd, 0xff, 0xfd, 0xff, 0xfd, 0xff, 0xfd, 0xff, 0xfd, 0xff, 0xfe,
  0xff, 0xfe, 0xff, 0xff, 0xff, 0xff, 0xff, 0xff, 0xff, 0xff, 0xff, 0xff,
  0xff, 0xff, 0xff, 0xff, 0xff, 0xff, 0xff, 0xff, 0xff, 0xff, 0xff, 0xff,
  0xff, 0xff, 0xff, 0xff, 0xff, 0xff, 0xff, 0xfe, 0xff, 0xfe, 0xff, 0xfe,
  0xff, 0xfe, 0x00, 0x00, 0x00, 0x00, 0x00, 0x00, 0x00, 0x00, 0x00, 0x00,
  0x00, 0x00, 0x00, 0x00, 0x00, 0x00, 0x00, 0x00, 0x00, 0x00, 0x00, 0x00,
  0x00, 0x00, 0x00, 0x00, 0x00, 0x00, 0x00, 0x00, 0x00, 0x00, 0x00, 0x00,
  0x00, 0x00, 0x00, 0x00, 0x00, 0x00, 0x00, 0x00, 0x00, 0x00, 0x6a, 0x85,
  0x62, 0x64, 0x72, 0xa5, 0x9c, 0x0a, 0xb4, 0xad, 0x9c, 0x2a, 0xac, 0x6c,
  0xe6, 0x33, 0xff, 0x58, 0xff, 0x99, 0xff, 0x79, 0xff, 0x79, 0xff, 0x99,
  0xff, 0xba, 0xff, 0xba, 0xff, 0xba, 0xff, 0x9a, 0xff, 0x99, 0xff, 0x78,
  0xff, 0x77, 0xff, 0x57, 0xff, 0x35, 0xff, 0x14, 0xfe, 0xf2, 0xfe, 0x91,
  0xfe, 0x2e, 0xf6, 0x0e, 0xed, 0xcc, 0xe5, 0x8b, 0xdd, 0x4a, 0xdd, 0x4a,
  0xd5, 0x09, 0xcc, 0xe8, 0xcd, 0x09, 0xf6, 0x0d, 0xfe, 0xd0, 0xfe, 0x6f,
  0xf6, 0x4e, 0xfe, 0x6f, 0xf6, 0x4e, 0xfe, 0x6e, 0xfe, 0x8f, 0xee, 0x0e,
  0xed, 0xed, 0xfe, 0x90, 0xff, 0x12, 0xff, 0x33, 0xfe, 0xf2, 0xfe, 0xf1,
  0xfe, 0x6f, 0xcc, 0x46, 0xc4, 0x26, 0xdc, 0xe9, 0xb3, 0xa4, 0xb3, 0xa3,
  0xe5, 0x29, 0xdd, 0x09, 0xdd, 0x09, 0xed, 0x8a, 0xe5, 0x49, 0xe5, 0x08,
  0xcc, 0x25, 0xcb, 0xe4, 0xd4, 0x46, 0xdc, 0xa7, 0xd4, 0x67, 0xd4, 0x87,
  0xdc, 0xc8, 0xdc, 0xe8, 0xdd, 0x09, 0xe5, 0x29, 0xed, 0x6a, 0xfd, 0xec,
  0xfe, 0x4e, 0xfe, 0x6e, 0xfe, 0x2e, 0xfe, 0x0d, 0xfd, 0xcc, 0xf5, 0x8b,
  0xf5, 0x6b, 0xfd, 0xac, 0xfe, 0x4f, 0xfe, 0x6f, 0xfe, 0x2f, 0xfd, 0xcd,
  0xfc, 0xa9, 0xec, 0x27, 0xeb, 0xe6, 0xe3, 0xe6, 0xec, 0x07, 0xf4, 0x28,
  0xfc, 0x8a, 0xec, 0x28, 0xe4, 0x08, 0xe4, 0x08, 0xe4, 0x49, 0xec, 0x69,
  0xf4, 0xca, 0xec, 0x8a, 0xe4, 0x28, 0xdc, 0x07, 0xdb, 0xe7, 0xdb, 0xe7,
  0xe4, 0x28, 0xec, 0x89, 0xec, 0x89, 0xf4, 0xa9, 0xec, 0x68, 0xe4, 0x48,
  0xec, 0x68, 0xf4, 0xa9, 0xf4, 0xa9, 0xfc, 0xea, 0xfc, 0xea, 0xfd, 0x0a,
  0xfd, 0x2b, 0xfd, 0x4b, 0xfd, 0x8c, 0xfd, 0xce, 0xfe, 0x0f, 0xfe, 0x72,
  0xfe, 0xb3, 0xff, 0x37, 0xff, 0x78, 0xff, 0xdc, 0xff, 0xdc, 0xff, 0xfd,
  0xff, 0xfd, 0xff, 0xfe, 0xff, 0xfd, 0xff, 0xfe, 0xff, 0xfe, 0xff, 0xfd,
  0xff, 0xfd, 0xff, 0xfc, 0xff, 0xfc, 0xff, 0xfc, 0xff, 0xfc, 0xff, 0xd9,
  0xff, 0x98, 0xff, 0x75, 0xff, 0x13, 0xfe, 0xf2, 0xfe, 0xd1, 0xfe, 0xb2,
  0xfe, 0xd2, 0xfe, 0xd2, 0xfe, 0x92, 0xfe, 0xd3, 0xff, 0x33, 0xfe, 0xf2,
  0xfe, 0xb0, 0xfe, 0x70, 0xfe, 0x91, 0xfe, 0xd2, 0xff, 0x56, 0xff, 0x97,
  0xff, 0xfa, 0xff, 0xfa, 0xff, 0xfc, 0xff, 0xfc, 0xff, 0xfb, 0xff, 0xfb,
  0xff, 0xfb, 0xff, 0xfb, 0xff, 0xfd, 0xff, 0xfd, 0xff, 0xfd, 0xff, 0xfd,
  0xff, 0xfd, 0xff, 0xfd, 0xff, 0xfd, 0xff, 0xfd, 0xff, 0xfe, 0xff, 0xfe,
  0xff, 0xfe, 0xff, 0xfe, 0xff, 0xfe, 0xff, 0xfe, 0xff, 0xfe, 0xff, 0xfe,
  0xff, 0xfe, 0xff, 0xfd, 0xff, 0xfe, 0xff, 0xfe, 0xff, 0xfd, 0xff, 0xfd,
  0xff, 0xfd, 0xff, 0xfd, 0xff, 0xfd, 0xff, 0xfd, 0xff, 0xfd, 0xff, 0xfd,
  0xff, 0xfd, 0xff, 0xfc, 0xff, 0xfc, 0xff, 0xfc, 0xff, 0xfc, 0xff, 0xfe,
  0xff, 0xfe, 0xff, 0xff, 0xff, 0xff, 0xff, 0xff, 0xff, 0xff, 0xff, 0xff,
  0xff, 0xff, 0xff, 0xff, 0xff, 0xff, 0xff, 0xff, 0xff, 0xff, 0xff, 0xff,
  0xff, 0xff, 0xff, 0xff, 0xff, 0xff, 0xff, 0xfe, 0xff, 0xfe, 0xff, 0xfe,
  0xff, 0xfe, 0x00, 0x00, 0x00, 0x00, 0x00, 0x00, 0x00, 0x00, 0x00, 0x00,
  0x00, 0x00, 0x00, 0x00, 0x00, 0x00, 0x00, 0x00, 0x00, 0x00, 0x00, 0x00,
  0x00, 0x00, 0x00, 0x00, 0x00, 0x00, 0x00, 0x00, 0x00, 0x00, 0x00, 0x00,
  0x00, 0x00, 0x00, 0x00, 0x00, 0x00, 0x00, 0x00, 0x62, 0x66, 0x62, 0x64,
  0x5a, 0x03, 0x72, 0xe6, 0xac, 0xad, 0xbc, 0xee, 0x93, 0xe9, 0xa4, 0x4b,
  0xee, 0x94, 0xff, 0xb9, 0xff, 0x99, 0xff, 0x99, 0xff, 0x99, 0xff, 0xba,
  0xff, 0xba, 0xff, 0xba, 0xff, 0xda, 0xff, 0xba, 0xff, 0x99, 0xff, 0x98,
  0xff, 0x77, 0xff, 0x57, 0xff, 0x35, 0xfe, 0xf4, 0xfe, 0xd2, 0xfe, 0x71,
  0xf6, 0x2e, 0xf6, 0x0e, 0xed, 0xcc, 0xe5, 0x6b, 0xdd, 0x4a, 0xdd, 0x4a,
  0xd5, 0x09, 0xcc, 0xc8, 0xdd, 0x4a, 0xfe, 0x4e, 0xfe, 0xd0, 0xf6, 0x6e,
  0xfe, 0x6e, 0xfe, 0x8f, 0xf6, 0x4e, 0xf6, 0x4e, 0xf6, 0x4f, 0xee, 0x0e,
  0xf6, 0x4f, 0xfe, 0xd2, 0xff, 0x33, 0xff, 0x34, 0xff, 0x13, 0xfe, 0xd1,
  0xe5, 0x8c, 0xb3, 0x84, 0xcc, 0x47, 0xd4, 0x87, 0xab, 0x42, 0xcc, 0x66,
  0xf5, 0xac, 0xe5, 0x29, 0xe5, 0x29, 0xed, 0x6a, 0xdd, 0x08, 0xcc, 0x46,
  0xbb, 0xc4, 0xcc, 0x05, 0xd4, 0x46, 0xed, 0x29, 0xdc, 0x87, 0xd4, 0xa7,
  0xdc, 0xe8, 0xdd, 0x09, 0xdd, 0x09, 0xe5, 0x4a, 0xf5, 0x8b, 0xfd, 0xed,
  0xfe, 0x4e, 0xfe, 0x4e, 0xfe, 0x0d, 0xfd, 0xcc, 0xf5, 0x8b, 0xf5, 0x6b,
  0xf5, 0x8b, 0xfd, 0xcd, 0xfe, 0x4f, 0xfe, 0x4f, 0xfd, 0xcd, 0xfd, 0x2b,
  0xec, 0x48, 0xec, 0x27, 0xeb, 0xe7, 0xeb, 0xe7, 0xec, 0x07, 0xf4, 0x48,
  0xfc, 0xaa, 0xec, 0x49, 0xec, 0x29, 0xec, 0x49, 0xec, 0x49, 0xec, 0x69,
  0xf4, 0xaa, 0xec, 0x89, 0xdc, 0x28, 0xdb, 0xe7, 0xdb, 0xe7, 0xe4, 0x28,
  0xec, 0x69, 0xf4, 0xaa, 0xf4, 0xa9, 0xf4, 0xa9, 0xec, 0x68, 0xe4, 0x48,
  0xec, 0x68, 0xf4, 0x89, 0xfc, 0xca, 0xfc, 0xea, 0xfd, 0x0a, 0xfd, 0x0a,
  0xfd, 0x2b, 0xfd, 0x4b, 0xfd, 0x6c, 0xfd, 0xad, 0xfd, 0xef, 0xfe, 0x31,
  0xfe, 0x72, 0xfe, 0xf6, 0xff, 0x57, 0xff, 0xbb, 0xff, 0xdb, 0xff, 0xfd,
  0xff, 0xfd, 0xff, 0xfd, 0xff, 0xfd, 0xff, 0xfe, 0xff, 0xfe, 0xff, 0xfd,
  0xff, 0xfd, 0xff, 0xfc, 0xff, 0xfc, 0xff, 0xfc, 0xff, 0xfc, 0xff, 0xda,
  0xff, 0xb9, 0xff, 0x97, 0xff, 0x55, 0xff, 0x14, 0xfe, 0xf2, 0xfe, 0xd3,
  0xfe, 0xb3, 0xfe, 0xd3, 0xfe, 0x92, 0xfe, 0xb2, 0xff, 0x33, 0xff, 0x13,
  0xfe, 0xf1, 0xfe, 0xb1, 0xfe, 0x91, 0xfe, 0x91, 0xfe, 0xf4, 0xff, 0x55,
  0xff, 0x98, 0xff, 0x98, 0xff, 0xda, 0xff, 0xfa, 0xff, 0xfa, 0xff, 0xfb,
  0xff, 0xfb, 0xff, 0xfb, 0xff, 0xfc, 0xff, 0xfc, 0xff, 0xfd, 0xff, 0xfd,
  0xff, 0xfd, 0xff, 0xfd, 0xff, 0xfd, 0xff, 0xfd, 0xff, 0xfd, 0xff, 0xfd,
  0xff, 0xfe, 0xff, 0xfe, 0xff, 0xfe, 0xff, 0xfe, 0xff, 0xfe, 0xff, 0xfe,
  0xff, 0xfe, 0xff, 0xfd, 0xff, 0xfe, 0xff, 0xfe, 0xff, 0xfd, 0xff, 0xfd,
  0xff, 0xfd, 0xff, 0xfd, 0xff, 0xfd, 0xff, 0xfd, 0xff, 0xfd, 0xff, 0xfd,
  0xff, 0xfd, 0xff, 0xfc, 0xff, 0xfc, 0xff, 0xfc, 0xff, 0xfc, 0xff, 0xfe,
  0xff, 0xfe, 0xff, 0xff, 0xff, 0xff, 0xff, 0xff, 0xff, 0xff, 0xff, 0xff,
  0xff, 0xff, 0xff, 0xff, 0xff, 0xff, 0xff, 0xff, 0xff, 0xff, 0xff, 0xff,
  0xff, 0xff, 0xff, 0xff, 0xff, 0xff, 0xff, 0xfe, 0xff, 0xfe, 0xff, 0xfe,
  0xff, 0xfe, 0xff, 0xfd, 0x00, 0x00, 0x00, 0x00, 0x00, 0x00, 0x00, 0x00,
  0x00, 0x00, 0x00, 0x00, 0x00, 0x00, 0x00, 0x00, 0x00, 0x00, 0x00, 0x00,
  0x00, 0x00, 0x00, 0x00, 0x00, 0x00, 0x00, 0x00, 0x00, 0x00, 0x00, 0x00,
  0x00, 0x00, 0x00, 0x00, 0x00, 0x00, 0x00, 0x00, 0x62, 0x66, 0x62, 0x44,
  0x51, 0xe2, 0x7b, 0x06, 0xbd, 0x0e, 0xbd, 0x0e, 0x93, 0xc9, 0xac, 0x6c,
  0xee, 0xd6, 0xff, 0xba, 0xff, 0x79, 0xff, 0x9a, 0xff, 0xba, 0xff, 0xba,
  0xff, 0xba, 0xff, 0xba, 0xff, 0xda, 0xff, 0xba, 0xff, 0x98, 0xff, 0x98,
  0xff, 0x77, 0xff, 0x56, 0xff, 0x34, 0xfe, 0xf3, 0xfe, 0xb1, 0xfe, 0x70,
  0xf6, 0x0d, 0xf6, 0x0d, 0xed, 0xac, 0xe5, 0x6a, 0xe5, 0x6a, 0xdd, 0x2a,
  0xd4, 0xe8, 0xdd, 0x4a, 0xee, 0x0d, 0xfe, 0x8f, 0xfe, 0x8f, 0xfe, 0x6e,
  0xfe, 0x6e, 0xfe, 0x6e, 0xf6, 0x4f, 0xfe, 0x6f, 0xf6, 0x2f, 0xf6, 0x4f,
  0xfe, 0xf2, 0xff, 0x13, 0xfe, 0xf3, 0xff, 0x34, 0xff, 0x96, 0xfe, 0xb2,
  0xcc, 0x48, 0xb3, 0x64, 0xcc, 0x67, 0xc4, 0x06, 0xb3, 0x83, 0xe5, 0x29,
  0xfd, 0xed, 0xe5, 0x49, 0xe5, 0x49, 0xed, 0x6a, 0xd4, 0xc7, 0xc3, 0xe5,
  0xc3, 0xe4, 0xc3, 0xc4, 0xd4, 0x46, 0xed, 0x08, 0xdc, 0xa7, 0xdc, 0xc8,
  0xe5, 0x09, 0xe5, 0x29, 0xe5, 0x29, 0xed, 0x6a, 0xfd, 0xcc, 0xfe, 0x2e,
  0xfe, 0x2e, 0xfe, 0x0d, 0xfd, 0xcc, 0xfd, 0x8b, 0xf5, 0x4a, 0xed, 0x4a,
  0xf5, 0x6b, 0xfd, 0xcd, 0xfe, 0x2f, 0xfd, 0xee, 0xfd, 0x0b, 0xf4, 0x89,
  0xec, 0x48, 0xec, 0x28, 0xeb, 0xe7, 0xe3, 0xc7, 0xec, 0x08, 0xf4, 0x8a,
  0xfc, 0xcb, 0xf4, 0x6a, 0xec, 0x49, 0xec, 0x29, 0xec, 0x49, 0xec, 0x6a,
  0xf4, 0xab, 0xec, 0x69, 0xdc, 0x08, 0xd3, 0xc7, 0xd3, 0xc7, 0xe4, 0x28,
  0xec, 0x69, 0xf4, 0xaa, 0xf4, 0xaa, 0xf4, 0x8a, 0xec, 0x48, 0xec, 0x28,
  0xec, 0x69, 0xf4, 0x69, 0xf4, 0xa9, 0xfc, 0xea, 0xfd, 0x0a, 0xfd, 0x0a,
  0xfd, 0x0a, 0xfd, 0x2a, 0xfd, 0x4b, 0xfd, 0x6c, 0xfd, 0xad, 0xfd, 0xef,
  0xfe, 0x30, 0xfe, 0xb3, 0xff, 0x15, 0xff, 0x79, 0xff, 0xb9, 0xff, 0xfc,
  0xff, 0xfc, 0xff, 0xfd, 0xff, 0xfd, 0xff, 0xfe, 0xff, 0xfd, 0xff, 0xfd,
  0xff, 0xfd, 0xff, 0xfd, 0xff, 0xfd, 0xff, 0xfd, 0xff, 0xfd, 0xff, 0xfc,
  0xff, 0xdb, 0xff, 0xb9, 0xff, 0x78, 0xff, 0x56, 0xff, 0x15, 0xfe, 0xf4,
  0xfe, 0xd4, 0xfe, 0x93, 0xfe, 0x72, 0xfe, 0xb2, 0xff, 0x13, 0xff, 0x34,
  0xff, 0x33, 0xfe, 0xf2, 0xfe, 0xd1, 0xfe, 0x90, 0xf6, 0x6f, 0xfe, 0xd1,
  0xff, 0x33, 0xff, 0x54, 0xff, 0x96, 0xff, 0xd7, 0xff, 0xd9, 0xff, 0xf9,
  0xff, 0xfa, 0xff, 0xda, 0xff, 0xfb, 0xff, 0xfb, 0xff, 0xfc, 0xff, 0xfc,
  0xff, 0xfc, 0xff, 0xfc, 0xff, 0xfd, 0xff, 0xfd, 0xff, 0xfd, 0xff, 0xfd,
  0xff, 0xfd, 0xff, 0xfd, 0xff, 0xfd, 0xff, 0xfd, 0xff, 0xfd, 0xff, 0xfd,
  0xff, 0xfd, 0xff, 0xfd, 0xff, 0xfd, 0xff, 0xfd, 0xff, 0xfd, 0xff, 0xfd,
  0xff, 0xfd, 0xff, 0xfd, 0xff, 0xfd, 0xff, 0xfd, 0xff, 0xfd, 0xff, 0xfc,
  0xff, 0xfc, 0xff, 0xfc, 0xff, 0xfc, 0xff, 0xfc, 0xff, 0xfc, 0xff, 0xfe,
  0xff, 0xfe, 0xff, 0xff, 0xff, 0xff, 0xff, 0xff, 0xff, 0xff, 0xff, 0xff,
  0xff, 0xff, 0xff, 0xff, 0xff, 0xff, 0xff, 0xff, 0xff, 0xff, 0xff, 0xff,
  0xff, 0xff, 0xff, 0xff, 0xff, 0xff, 0xff, 0xfe, 0xff, 0xfe, 0xff, 0xfe,
  0xff, 0xfe, 0xff, 0xfd, 0x00, 0x00, 0x00, 0x00, 0x00, 0x00, 0x00, 0x00,
  0x00, 0x00, 0x00, 0x00, 0x00, 0x00, 0x00, 0x00, 0x00, 0x00, 0x00, 0x00,
  0x00, 0x00, 0x00, 0x00, 0x00, 0x00, 0x00, 0x00, 0x00, 0x00, 0x00, 0x00,
  0x00, 0x00, 0x00, 0x00, 0x00, 0x00, 0x00, 0x00, 0x62, 0x65, 0x62, 0x44,
  0x5a, 0x03, 0x83, 0x68, 0xbd, 0x2f, 0xbc, 0xee, 0x9c, 0x0a, 0xbd, 0x2f,
  0xf7, 0x37, 0xff, 0x99, 0xff, 0x58, 0xff, 0x99, 0xff, 0xba, 0xff, 0xba,
  0xff, 0xba, 0xff, 0xda, 0xff, 0xda, 0xff, 0xba, 0xff, 0x98, 0xff, 0x98,
  0xff, 0x77, 0xff, 0x56, 0xff, 0x14, 0xfe, 0xf3, 0xfe, 0xb1, 0xfe, 0x50,
  0xf6, 0x0d, 0xed, 0xcd, 0xe5, 0x8b, 0xe5, 0x6a, 0xdd, 0x4a, 0xd5, 0x09,
  0xcc, 0xc8, 0xfe, 0x2d, 0xff, 0x11, 0xfe, 0xaf, 0xfe, 0x6e, 0xfe, 0x6e,
  0xfe, 0x4e, 0xf6, 0x0d, 0xfe, 0x8f, 0xfe, 0xb0, 0xf6, 0x2e, 0xf6, 0x90,
  0xff, 0x54, 0xff, 0x75, 0xff, 0x14, 0xff, 0x55, 0xff, 0xd8, 0xee, 0x71,
  0xbb, 0xa5, 0xbb, 0xa5, 0xcc, 0x26, 0xc3, 0xe5, 0xdc, 0xc8, 0xfd, 0xcc,
  0xfd, 0xcc, 0xf5, 0xab, 0xed, 0x8a, 0xe5, 0x29, 0xcc, 0x45, 0xcc, 0x25,
  0xcc, 0x25, 0xcb, 0xe5, 0xcc, 0x25, 0xd4, 0x86, 0xdc, 0xa7, 0xdc, 0xe8,
  0xe5, 0x09, 0xe5, 0x49, 0xed, 0x6a, 0xf5, 0xab, 0xfd, 0xec, 0xfe, 0x2d,
  0xfe, 0x0d, 0xfd, 0xac, 0xf5, 0x8b, 0xf5, 0x6b, 0xed, 0x4a, 0xf5, 0x4a,
  0xfd, 0x8b, 0xfd, 0xcd, 0xfe, 0x0e, 0xfd, 0x4c, 0xec, 0x69, 0xec, 0x48,
  0xe4, 0x07, 0xe3, 0xe7, 0xe3, 0xa6, 0xdb, 0xa6, 0xe3, 0xc7, 0xec, 0x28,
  0xf4, 0x6a, 0xe4, 0x08, 0xe3, 0xe8, 0xdb, 0xe8, 0xe4, 0x08, 0xe4, 0x49,
  0xf4, 0xaa, 0xec, 0x6a, 0xd3, 0xc7, 0xd3, 0xa7, 0xd3, 0xc7, 0xd3, 0xc7,
  0xdc, 0x08, 0xe4, 0x49, 0xec, 0x8a, 0xf4, 0x8a, 0xec, 0x49, 0xec, 0x48,
  0xec, 0x48, 0xec, 0x69, 0xf4, 0x89, 0xfc, 0xaa, 0xfc, 0xea, 0xfc, 0xea,
  0xfc, 0xea, 0xfd, 0x0a, 0xfd, 0x2a, 0xfd, 0x4b, 0xfd, 0x8c, 0xfd, 0xce,
  0xfe, 0x10, 0xfe, 0x72, 0xfe, 0xd4, 0xff, 0x38, 0xff, 0x99, 0xff, 0xdb,
  0xff, 0xfc, 0xff, 0xfd, 0xff, 0xfd, 0xff, 0xfe, 0xff, 0xfe, 0xff, 0xfd,
  0xff, 0xfd, 0xff, 0xfd, 0xff, 0xfd, 0xff, 0xfd, 0xff, 0xfd, 0xff, 0xfc,
  0xff, 0xfc, 0xff, 0xfb, 0xff, 0xda, 0xff, 0xb8, 0xff, 0x97, 0xff, 0x77,
  0xff, 0x56, 0xfe, 0xb3, 0xfe, 0x52, 0xfe, 0xd3, 0xff, 0x13, 0xff, 0x34,
  0xff, 0x54, 0xff, 0x54, 0xff, 0x12, 0xfe, 0xb1, 0xf6, 0x6f, 0xf6, 0x90,
  0xfe, 0xf1, 0xff, 0x12, 0xff, 0x54, 0xff, 0x95, 0xff, 0xb8, 0xff, 0xb8,
  0xff, 0xda, 0xff, 0xda, 0xff, 0xfb, 0xff, 0xfb, 0xff, 0xfc, 0xff, 0xfc,
  0xff, 0xfc, 0xff, 0xfc, 0xff, 0xfd, 0xff, 0xfd, 0xff, 0xfd, 0xff, 0xfd,
  0xff, 0xfd, 0xff, 0xfd, 0xff, 0xfd, 0xff, 0xfd, 0xff, 0xfd, 0xff, 0xfd,
  0xff, 0xfd, 0xff, 0xfd, 0xff, 0xfd, 0xff, 0xfd, 0xff, 0xfd, 0xff, 0xfd,
  0xff, 0xfd, 0xff, 0xfd, 0xff, 0xfd, 0xff, 0xfd, 0xff, 0xfd, 0xff, 0xfc,
  0xff, 0xfc, 0xff, 0xfc, 0xff, 0xfc, 0xff, 0xfc, 0xff, 0xfc, 0xff, 0xfe,
  0xff, 0xfe, 0xff, 0xff, 0xff, 0xff, 0xff, 0xff, 0xff, 0xff, 0xff, 0xff,
  0xff, 0xff, 0xff, 0xff, 0xff, 0xff, 0xff, 0xff, 0xff, 0xff, 0xff, 0xff,
  0xff, 0xff, 0xff, 0xff, 0xff, 0xff, 0xff, 0xfe, 0xff, 0xfe, 0xff, 0xfe,
  0xff, 0xfe, 0xff, 0xfe, 0x00, 0x00, 0x00, 0x00, 0x00, 0x00, 0x00, 0x00,
  0x00, 0x00, 0x00, 0x00, 0x00, 0x00, 0x00, 0x00, 0x00, 0x00, 0x00, 0x00,
  0x00, 0x00, 0x00, 0x00, 0x00, 0x00, 0x00, 0x00, 0x00, 0x00, 0x00, 0x00,
  0x00, 0x00, 0x00, 0x00, 0x00, 0x00, 0x62, 0x65, 0x62, 0x65, 0x62, 0x44,
  0x6a, 0x64, 0x9c, 0x0b, 0xcd, 0xb0, 0xb4, 0xcd, 0xa4, 0x2b, 0xe6, 0x54,
  0xff, 0xba, 0xff, 0x79, 0xff, 0x59, 0xff, 0x99, 0xff, 0xba, 0xff, 0xdb,
  0xff, 0xbb, 0xff, 0xdb, 0xff, 0xbb, 0xff, 0xba, 0xff, 0x99, 0xff, 0x98,
  0xff, 0x77, 0xff, 0x36, 0xff, 0x14, 0xfe, 0xf3, 0xfe, 0xb1, 0xfe, 0x70,
  0xf6, 0x2e, 0xed, 0xcc, 0xe5, 0x8b, 0xe5, 0x6a, 0xdd, 0x29, 0xd4, 0xe8,
  0xcc, 0xc8, 0xed, 0xec, 0xfe, 0xaf, 0xfe, 0xaf, 0xfe, 0x6e, 0xfe, 0x6e,
  0xfe, 0x4e, 0xfe, 0x4e, 0xfe, 0x6f, 0xed, 0xcd, 0xed, 0xee, 0xfe, 0xf3,
  0xff, 0x75, 0xff, 0x76, 0xff, 0xb7, 0xff, 0x56, 0xfe, 0x51, 0xd4, 0x49,
  0xab, 0x04, 0xcb, 0xe6, 0xcb, 0xe6, 0xcc, 0x26, 0xfd, 0xed, 0xfe, 0x6e,
  0xf5, 0x8b, 0xfd, 0xec, 0xed, 0x49, 0xd4, 0x87, 0xbb, 0xc4, 0xcc, 0x05,
  0xcc, 0x05, 0xcc, 0x05, 0xd4, 0x46, 0xdc, 0xa7, 0xe4, 0xc8, 0xe5, 0x08,
  0xed, 0x49, 0xf5, 0x8a, 0xfd, 0xcb, 0xfd, 0xcc, 0xfd, 0xec, 0xfd, 0xcd,
  0xfd, 0xac, 0xf5, 0x6b, 0xf5, 0x2a, 0xf5, 0x4a, 0xf5, 0x4a, 0xf5, 0x4b,
  0xfd, 0x8c, 0xfd, 0x8c, 0xfd, 0x4c, 0xec, 0xa9, 0xdb, 0xe7, 0xdb, 0xe7,
  0xdb, 0xa7, 0xdb, 0xa6, 0xd3, 0x86, 0xd3, 0x86, 0xd3, 0x66, 0xd3, 0x86,
  0xdb, 0xc7, 0xd3, 0xa7, 0xd3, 0x87, 0xd3, 0x87, 0xd3, 0xa7, 0xdb, 0xc8,
  0xe4, 0x08, 0xe4, 0x29, 0xd3, 0x86, 0xd3, 0xa7, 0xdb, 0xc7, 0xd3, 0xc7,
  0xdb, 0xc7, 0xe4, 0x08, 0xec, 0x49, 0xec, 0x69, 0xe4, 0x28, 0xe4, 0x08,
  0xe4, 0x28, 0xec, 0x48, 0xec, 0x69, 0xf4, 0x89, 0xfc, 0xaa, 0xfc, 0xca,
  0xfc, 0xea, 0xfc, 0xea, 0xfd, 0x0a, 0xfd, 0x2b, 0xfd, 0x4b, 0xfd, 0x8d,
  0xfd, 0xce, 0xfe, 0x11, 0xfe, 0x93, 0xff, 0x16, 0xff, 0x57, 0xff, 0xba,
  0xff, 0xdb, 0xff, 0xfd, 0xff, 0xfd, 0xff, 0xfd, 0xff, 0xfd, 0xff, 0xfd,
  0xff, 0xfd, 0xff, 0xfd, 0xff, 0xfd, 0xff, 0xfd, 0xff, 0xdd, 0xff, 0xdd,
  0xff, 0xfd, 0xff, 0xfd, 0xff, 0xfc, 0xff, 0xfc, 0xff, 0xdb, 0xff, 0xda,
  0xff, 0xba, 0xff, 0x37, 0xfe, 0xf5, 0xff, 0x15, 0xfe, 0xf3, 0xff, 0x14,
  0xff, 0x55, 0xff, 0x75, 0xff, 0x75, 0xff, 0x33, 0xfe, 0xcf, 0xfe, 0x8e,
  0xfe, 0x8d, 0xfe, 0xce, 0xff, 0x10, 0xff, 0x31, 0xff, 0x76, 0xff, 0xb7,
  0xff, 0xd9, 0xff, 0xd9, 0xff, 0xdb, 0xff, 0xdb, 0xff, 0xdb, 0xff, 0xfb,
  0xff, 0xfc, 0xff, 0xfc, 0xff, 0xfc, 0xff, 0xfc, 0xff, 0xfc, 0xff, 0xfc,
  0xff, 0xfc, 0xff, 0xfc, 0xff, 0xfd, 0xff, 0xfd, 0xff, 0xfd, 0xff, 0xfd,
  0xff, 0xfd, 0xff, 0xfe, 0xff, 0xfd, 0xff, 0xfd, 0xff, 0xfd, 0xff, 0xfd,
  0xff, 0xfd, 0xff, 0xfd, 0xff, 0xfd, 0xff, 0xfd, 0xff, 0xfd, 0xff, 0xfc,
  0xff, 0xfc, 0xff, 0xfc, 0xff, 0xfc, 0xff, 0xfc, 0xff, 0xfc, 0xff, 0xff,
  0xff, 0xff, 0xff, 0xff, 0xff, 0xff, 0xff, 0xff, 0xff, 0xff, 0xff, 0xff,
  0xff, 0xff, 0xff, 0xff, 0xff, 0xff, 0xff, 0xff, 0xff, 0xff, 0xff, 0xff,
  0xff, 0xff, 0xff, 0xff, 0xff, 0xff, 0xff, 0xfe, 0xff, 0xfe, 0xff, 0xfe,
  0xff, 0xfe, 0xff, 0xfe, 0xff, 0xfe, 0x00, 0x00, 0x00, 0x00, 0x00, 0x00,
  0x00, 0x00, 0x00, 0x00, 0x00, 0x00, 0x00, 0x00, 0x00, 0x00, 0x00, 0x00,
  0x00, 0x00, 0x00, 0x00, 0x00, 0x00, 0x00, 0x00, 0x00, 0x00, 0x00, 0x00,
  0x00, 0x00, 0x00, 0x00, 0x00, 0x00, 0x6a, 0x86, 0x62, 0x65, 0x62, 0x64,
  0x6a, 0xa5, 0xb4, 0xcd, 0xcd, 0xb0, 0x93, 0xa9, 0x93, 0xca, 0xee, 0x95,
  0xff, 0x58, 0xff, 0x58, 0xff, 0xda, 0xff, 0xba, 0xff, 0xdb, 0xff, 0xfb,
  0xff, 0xdb, 0xff, 0xba, 0xff, 0xba, 0xff, 0xba, 0xff, 0x99, 0xff, 0x98,
  0xff, 0x77, 0xff, 0x36, 0xff, 0x14, 0xfe, 0xf3, 0xfe, 0xb1, 0xfe, 0x70,
  0xf6, 0x2e, 0xed, 0xcc, 0xe5, 0x8b, 0xe5, 0x6a, 0xdd, 0x29, 0xd4, 0xe8,
  0xcc, 0xc8, 0xfe, 0x4e, 0xfe, 0xcf, 0xfe, 0xaf, 0xfe, 0x6e, 0xfe, 0x6e,
  0xfe, 0x6e, 0xfe, 0x6e, 0xfe, 0x4f, 0xf6, 0x2e, 0xfe, 0x50, 0xff, 0x33,
  0xff, 0x75, 0xff, 0x97, 0xff, 0xf8, 0xff, 0x56, 0xed, 0x4e, 0xb3, 0xa7,
  0xbb, 0xa6, 0xd4, 0x48, 0xd4, 0x27, 0xdc, 0xa8, 0xfe, 0x2e, 0xfe, 0xaf,
  0xfd, 0xec, 0xfd, 0xcb, 0xdc, 0xc8, 0xcc, 0x46, 0xbb, 0xa4, 0xc3, 0xc4,
  0xc3, 0xe5, 0xc3, 0xe5, 0xd4, 0x46, 0xdc, 0xa7, 0xe4, 0xe8, 0xed, 0x29,
  0xf5, 0x6a, 0xfd, 0xab, 0xfd, 0xec, 0xfd, 0xed, 0xfd, 0xcc, 0xfd, 0x8b,
  0xf5, 0x6b, 0xed, 0x2a, 0xed, 0x2a, 0xf5, 0x4a, 0xf5, 0x4a, 0xf5, 0x4b,
  0xfd, 0x6c, 0xfd, 0x2b, 0xec, 0xa9, 0xdc, 0x07, 0xd3, 0xa6, 0xd3, 0xa6,
  0xd3, 0x86, 0xd3, 0x86, 0xd3, 0x66, 0xcb, 0x45, 0xcb, 0x46, 0xd3, 0x66,
  0xdb, 0xa7, 0xd3, 0x66, 0xcb, 0x66, 0xcb, 0x66, 0xd3, 0xa7, 0xdb, 0xc8,
  0xdb, 0xe8, 0xe4, 0x08, 0xd3, 0x86, 0xcb, 0x86, 0xd3, 0x86, 0xd3, 0xa6,
  0xd3, 0xa7, 0xdb, 0xe7, 0xdc, 0x08, 0xe4, 0x08, 0xe4, 0x08, 0xe4, 0x08,
  0xe4, 0x08, 0xe4, 0x28, 0xec, 0x48, 0xec, 0x68, 0xf4, 0x89, 0xfc, 0xca,
  0xfc, 0xca, 0xfc, 0xc9, 0xfc, 0xea, 0xfd, 0x0a, 0xfd, 0x2b, 0xfd, 0x6d,
  0xfd, 0x8e, 0xfd, 0xf0, 0xfe, 0x52, 0xfe, 0xd5, 0xff, 0x16, 0xff, 0x79,
  0xff, 0xba, 0xff, 0xdc, 0xff, 0xfc, 0xff, 0xfd, 0xff, 0xfd, 0xff, 0xfd,
  0xff, 0xfd, 0xff, 0xfd, 0xff, 0xfd, 0xff, 0xfd, 0xff, 0xdd, 0xff, 0xdd,
  0xff, 0xdd, 0xff, 0xfc, 0xff, 0xfc, 0xff, 0xfc, 0xff, 0xfb, 0xff, 0xdb,
  0xff, 0xfb, 0xff, 0x99, 0xff, 0x57, 0xff, 0x56, 0xff, 0x13, 0xfe, 0xf3,
  0xfe, 0xf4, 0xff, 0x35, 0xff, 0x75, 0xff, 0x75, 0xff, 0x32, 0xfe, 0xd1,
  0xfe, 0x8e, 0xfe, 0x8f, 0xfe, 0xd0, 0xfe, 0xf1, 0xff, 0x34, 0xff, 0x75,
  0xff, 0xb7, 0xff, 0xb8, 0xff, 0xda, 0xff, 0xda, 0xff, 0xdb, 0xff, 0xdb,
  0xff, 0xfb, 0xff, 0xfb, 0xff, 0xfc, 0xff, 0xfc, 0xff, 0xfc, 0xff, 0xfc,
  0xff, 0xfc, 0xff, 0xfc, 0xff, 0xfc, 0xff, 0xfd, 0xff, 0xfd, 0xff, 0xfc,
  0xff, 0xfd, 0xff, 0xfd, 0xff, 0xfd, 0xff, 0xfd, 0xff, 0xfd, 0xff, 0xfd,
  0xff, 0xfd, 0xff, 0xfd, 0xff, 0xfd, 0xff, 0xfd, 0xff, 0xfd, 0xff, 0xfc,
  0xff, 0xfc, 0xff, 0xfc, 0xff, 0xfc, 0xff, 0xfc, 0xff, 0xfc, 0xff, 0xfe,
  0xff, 0xfe, 0xff, 0xfe, 0xff, 0xfe, 0xff, 0xff, 0xff, 0xff, 0xff, 0xff,
  0xff, 0xff, 0xff, 0xff, 0xff, 0xff, 0xff, 0xff, 0xff, 0xff, 0xff, 0xff,
  0xff, 0xff, 0xff, 0xff, 0xff, 0xff, 0xff, 0xfe, 0xff, 0xfe, 0xff, 0xfe,
  0xff, 0xfe, 0xff, 0xfe, 0xff, 0xfe, 0x00, 0x00, 0x00, 0x00, 0x00, 0x00,
  0x00, 0x00, 0x00, 0x00, 0x00, 0x00, 0x00, 0x00, 0x00, 0x00, 0x00, 0x00,
  0x00, 0x00, 0x00, 0x00, 0x00, 0x00, 0x00, 0x00, 0x00, 0x00, 0x00, 0x00,
  0x00, 0x00, 0x00, 0x00, 0x5a, 0x24, 0x72, 0xe7, 0x7b, 0x07, 0x5a, 0x02,
  0x7a, 0xe6, 0xcd, 0x90, 0xcd, 0x90, 0x8b, 0xa9, 0xac, 0x8d, 0xf7, 0x17,
  0xf7, 0x17, 0xf7, 0x17, 0xff, 0xba, 0xff, 0xba, 0xff, 0xfb, 0xff, 0xdb,
  0xff, 0xbb, 0xff, 0xdb, 0xff, 0xba, 0xff, 0xba, 0xff, 0x99, 0xff, 0x98,
  0xff, 0x76, 0xff, 0x35, 0xfe, 0xf3, 0xfe, 0xd3, 0xfe, 0x90, 0xfe, 0x70,
  0xf6, 0x2d, 0xe5, 0xcc, 0xe5, 0x8a, 0xe5, 0x6a, 0xd5, 0x09, 0xd4, 0xe8,
  0xd4, 0xe9, 0xfe, 0x6e, 0xfe, 0xaf, 0xfe, 0x8f, 0xfe, 0x8f, 0xfe, 0xaf,
  0xfe, 0xd0, 0xfe, 0x6e, 0xf6, 0x2e, 0xf5, 0xee, 0xfe, 0xb2, 0xff, 0x55,
  0xff, 0x35, 0xff, 0x97, 0xff, 0xfa, 0xff, 0x36, 0xd4, 0x6a, 0x92, 0x83,
  0xbb, 0xc7, 0xf5, 0x8d, 0xed, 0x2b, 0xfe, 0x4e, 0xfe, 0xf0, 0xfe, 0x2d,
  0xfd, 0xec, 0xf5, 0x6a, 0xd4, 0x46, 0xbb, 0x84, 0xc3, 0xc4, 0xc3, 0xe5,
  0xd4, 0x26, 0xdc, 0xa8, 0xed, 0x09, 0xed, 0x4a, 0xed, 0x29, 0xfd, 0xab,
  0xfd, 0xcc, 0xfd, 0xec, 0xfd, 0xec, 0xfd, 0xac, 0xf5, 0x4b, 0xed, 0x0a,
  0xed, 0x09, 0xed, 0x0a, 0xed, 0x2a, 0xf5, 0x4b, 0xf5, 0x4b, 0xfd, 0x4c,
  0xfd, 0x0b, 0xe4, 0x48, 0xdb, 0xc7, 0xd3, 0xa6, 0xd3, 0x86, 0xd3, 0x86,
  0xd3, 0x86, 0xd3, 0x86, 0xcb, 0x46, 0xcb, 0x25, 0xc3, 0x25, 0xcb, 0x46,
  0xcb, 0x46, 0xcb, 0x46, 0xcb, 0x67, 0xd3, 0x87, 0xd3, 0x87, 0xd3, 0xa8,
  0xd3, 0xa7, 0xd3, 0x87, 0xdb, 0xc8, 0xcb, 0x66, 0xc3, 0x25, 0xc3, 0x25,
  0xd3, 0x86, 0xdb, 0xe8, 0xe4, 0x08, 0xe4, 0x08, 0xe4, 0x28, 0xe4, 0x29,
  0xe4, 0x28, 0xec, 0x28, 0xec, 0x48, 0xec, 0x69, 0xf4, 0x69, 0xf4, 0x89,
  0xfc, 0xaa, 0xfc, 0xc9, 0xfc, 0xca, 0xfc, 0xea, 0xfd, 0x0b, 0xfd, 0x4c,
  0xfd, 0x6d, 0xfd, 0x8e, 0xfd, 0xf0, 0xfe, 0x52, 0xfe, 0xb3, 0xff, 0x15,
  0xff, 0x56, 0xff, 0x99, 0xff, 0xb9, 0xff, 0xdb, 0xff, 0xfb, 0xff, 0xfc,
  0xff, 0xfc, 0xff, 0xfc, 0xff, 0xfc, 0xff, 0xfd, 0xff, 0xfd, 0xff, 0xdd,
  0xff, 0xdd, 0xff, 0xfd, 0xff, 0xfe, 0xff, 0xfd, 0xff, 0xfd, 0xff, 0xfc,
  0xff, 0xfc, 0xff, 0xfc, 0xff, 0x9a, 0xff, 0x77, 0xff, 0x95, 0xfe, 0xf4,
  0xf6, 0xb2, 0xf6, 0xd3, 0xfe, 0xf6, 0xff, 0x36, 0xff, 0x78, 0xff, 0x57,
  0xfe, 0xd3, 0xf6, 0x92, 0xfe, 0x6f, 0xfe, 0x8f, 0xfe, 0xad, 0xfe, 0xce,
  0xff, 0x2f, 0xff, 0x4f, 0xff, 0xd7, 0xff, 0xb7, 0xff, 0xd8, 0xff, 0xd8,
  0xff, 0xd9, 0xff, 0xda, 0xff, 0xda, 0xff, 0xda, 0xff, 0xda, 0xff, 0xfb,
  0xff, 0xfb, 0xff, 0xfb, 0xff, 0xfb, 0xff, 0xfb, 0xff, 0xfb, 0xff, 0xfb,
  0xff, 0xfb, 0xff, 0xfb, 0xff, 0xfb, 0xff, 0xfb, 0xff, 0xfb, 0xff, 0xfc,
  0xff, 0xfc, 0xff, 0xfc, 0xff, 0xfc, 0xff, 0xfc, 0xff, 0xfc, 0xff, 0xfd,
  0xff, 0xfd, 0xff, 0xfd, 0xff, 0xfd, 0xff, 0xfd, 0xff, 0xfd, 0xff, 0xfd,
  0xff, 0xfd, 0xff, 0xfd, 0xff, 0xfd, 0xff, 0xfe, 0xff, 0xfe, 0xff, 0xff,
  0xff, 0xff, 0xff, 0xff, 0xff, 0xff, 0xff, 0xff, 0xff, 0xff, 0xff, 0xff,
  0xff, 0xff, 0xff, 0xff, 0xff, 0xff, 0xff, 0xfe, 0xff, 0xfe, 0xff, 0xfe,
  0xff, 0xfe, 0xff, 0xfe, 0xff, 0xfe, 0xff, 0xfd, 0x00, 0x00, 0x00, 0x00,
  0x00, 0x00, 0x00, 0x00, 0x00, 0x00, 0x00, 0x00, 0x00, 0x00, 0x00, 0x00,
  0x00, 0x00, 0x00, 0x00, 0x00, 0x00, 0x00, 0x00, 0x00, 0x00, 0x00, 0x00,
  0x00, 0x00, 0x00, 0x00, 0x83, 0x49, 0x9c, 0x0b, 0x9c, 0x2c, 0x93, 0xc9,
  0xb4, 0xcd, 0xee, 0x74, 0xbd, 0x0e, 0x7a, 0xe6, 0xb4, 0xce, 0xff, 0x17,
  0xee, 0xb6, 0xf7, 0x58, 0xff, 0xda, 0xff, 0xba, 0xff, 0xfc, 0xff, 0xdb,
  0xff, 0xdb, 0xff, 0xbb, 0xff, 0xba, 0xff, 0xba, 0xff, 0x99, 0xff, 0x98,
  0xff, 0x56, 0xff, 0x35, 0xfe, 0xf3, 0xfe, 0xd2, 0xfe, 0x90, 0xfe, 0x70,
  0xf6, 0x2d, 0xe5, 0xac, 0xe5, 0x8b, 0xdd, 0x4a, 0xd5, 0x09, 0xcc, 0xc8,
  0xdd, 0x29, 0xfe, 0x6e, 0xfe, 0xaf, 0xfe, 0xaf, 0xfe, 0xaf, 0xfe, 0xcf,
  0xfe, 0xf0, 0xfe, 0x6e, 0xed, 0xcd, 0xf6, 0x0e, 0xfe, 0xf3, 0xff, 0x34,
  0xfe, 0xf4, 0xff, 0x97, 0xff, 0xf8, 0xf6, 0x73, 0xb3, 0xa7, 0x9a, 0xc3,
  0xdc, 0xaa, 0xfe, 0x0f, 0xfe, 0x90, 0xff, 0x72, 0xfe, 0xaf, 0xfd, 0xab,
  0xed, 0x4a, 0xd4, 0x66, 0xd4, 0x66, 0xc3, 0xe5, 0xc3, 0xe5, 0xcc, 0x06,
  0xd4, 0x67, 0xe4, 0xc8, 0xe4, 0xe9, 0xe4, 0xe8, 0xed, 0x29, 0xfd, 0xec,
  0xfe, 0x0d, 0xfe, 0x0d, 0xfd, 0xcc, 0xf5, 0x4b, 0xed, 0x0a, 0xed, 0x09,
  0xed, 0x0a, 0xed, 0x2a, 0xf5, 0x2a, 0xf5, 0x2a, 0xf5, 0x4b, 0xfd, 0x4b,
  0xf4, 0xca, 0xdc, 0x28, 0xd3, 0xa6, 0xd3, 0x86, 0xd3, 0x86, 0xd3, 0x86,
  0xd3, 0x86, 0xcb, 0x66, 0xcb, 0x25, 0xc3, 0x05, 0xc3, 0x25, 0xcb, 0x46,
  0xcb, 0x46, 0xcb, 0x46, 0xcb, 0x47, 0xcb, 0x67, 0xd3, 0x87, 0xd3, 0x87,
  0xd3, 0xa7, 0xd3, 0x87, 0xd3, 0xa7, 0xcb, 0x66, 0xcb, 0x66, 0xcb, 0x66,
  0xd3, 0x86, 0xdb, 0xc7, 0xdb, 0xe8, 0xe4, 0x29, 0xe4, 0x08, 0xdb, 0xe7,
  0xdb, 0xe7, 0xe3, 0xe7, 0xe4, 0x08, 0xec, 0x28, 0xec, 0x48, 0xf4, 0x69,
  0xf4, 0x89, 0xf4, 0xa9, 0xfc, 0xca, 0xfd, 0x0b, 0xfd, 0x2b, 0xfd, 0x2c,
  0xfd, 0x2c, 0xfd, 0x6e, 0xfe, 0x31, 0xfe, 0x31, 0xfe, 0x52, 0xfe, 0x93,
  0xfe, 0xd5, 0xff, 0x58, 0xff, 0xb9, 0xff, 0xfb, 0xff, 0xfb, 0xff, 0xdc,
  0xff, 0xfc, 0xff, 0xfc, 0xff, 0xfc, 0xff, 0xfc, 0xff, 0xfd, 0xff, 0xfd,
  0xff, 0xfd, 0xff, 0xfd, 0xff, 0xfd, 0xff, 0xfd, 0xff, 0xfd, 0xff, 0xfc,
  0xff, 0xfc, 0xff, 0xfc, 0xff, 0xdb, 0xff, 0xb9, 0xff, 0xd7, 0xff, 0x76,
  0xff, 0x14, 0xf6, 0xf4, 0xfe, 0xf5, 0xff, 0x15, 0xff, 0x36, 0xff, 0x56,
  0xff, 0x75, 0xff, 0x14, 0xfe, 0xf1, 0xfe, 0xf1, 0xff, 0x0f, 0xff, 0x10,
  0xff, 0x2f, 0xff, 0x50, 0xff, 0xb7, 0xff, 0xb7, 0xff, 0xb8, 0xff, 0xd8,
  0xff, 0xd9, 0xff, 0xda, 0xff, 0xda, 0xff, 0xda, 0xff, 0xdb, 0xff, 0xfb,
  0xff, 0xfb, 0xff, 0xfb, 0xff, 0xfb, 0xff, 0xfc, 0xff, 0xfc, 0xff, 0xfc,
  0xff, 0xfc, 0xff, 0xfb, 0xff, 0xfb, 0xff, 0xfb, 0xff, 0xfc, 0xff, 0xfc,
  0xff, 0xfc, 0xff, 0xfc, 0xff, 0xfc, 0xff, 0xfc, 0xff, 0xfc, 0xff, 0xfd,
  0xff, 0xfd, 0xff, 0xfd, 0xff, 0xfd, 0xff, 0xfd, 0xff, 0xfd, 0xff, 0xfd,
  0xff, 0xfd, 0xff, 0xfd, 0xff, 0xfd, 0xff, 0xfe, 0xff, 0xfe, 0xff, 0xff,
  0xff, 0xff, 0xff, 0xff, 0xff, 0xff, 0xff, 0xff, 0xff, 0xff, 0xff, 0xff,
  0xff, 0xff, 0xff, 0xff, 0xff, 0xff, 0xff, 0xfe, 0xff, 0xfe, 0xff, 0xfe,
  0xff, 0xfe, 0xff, 0xfe, 0xff, 0xfe, 0xff, 0xfd, 0x00, 0x00, 0x00, 0x00,
  0x00, 0x00, 0x00, 0x00, 0x00, 0x00, 0x00, 0x00, 0x00, 0x00, 0x00, 0x00,
  0x00, 0x00, 0x00, 0x00, 0x00, 0x00, 0x00, 0x00, 0x00, 0x00, 0x00, 0x00,
  0x00, 0x00, 0x00, 0x00, 0x51, 0xc3, 0x62, 0x44, 0x62, 0x24, 0x83, 0x67,
  0xcd, 0x8f, 0xd5, 0xd1, 0xac, 0xac, 0xa4, 0x6b, 0xdd, 0xf2, 0xff, 0x58,
  0xff, 0x99, 0xff, 0xba, 0xff, 0xba, 0xff, 0xba, 0xff, 0xdb, 0xff, 0xdb,
  0xff, 0xdb, 0xff, 0xbb, 0xff, 0xba, 0xff, 0xba, 0xff, 0xb9, 0xff, 0x98,
  0xff, 0x56, 0xff, 0x35, 0xfe, 0xf2, 0xfe, 0xb1, 0xfe, 0x4f, 0xfe, 0x4f,
  0xf5, 0xec, 0xed, 0xab, 0xe5, 0xab, 0xdd, 0x4a, 0xd5, 0x09, 0xd5, 0x09,
  0xed, 0xab, 0xfe, 0x8f, 0xfe, 0x8f, 0xfe, 0x8e, 0xfe, 0x8f, 0xfe, 0xcf,
  0xfe, 0xb0, 0xf6, 0x0d, 0xe5, 0xac, 0xf6, 0x0e, 0xfe, 0xb1, 0xff, 0x14,
  0xff, 0x56, 0xff, 0x97, 0xff, 0x15, 0xe5, 0x2e, 0x9a, 0xe4, 0xa3, 0x04,
  0xe5, 0x0c, 0xfe, 0x70, 0xff, 0x73, 0xff, 0x93, 0xfe, 0x4e, 0xf5, 0x6a,
  0xed, 0x29, 0xcc, 0x25, 0xb3, 0x62, 0xd4, 0x47, 0xd4, 0x27, 0xd4, 0x47,
  0xdc, 0x89, 0xe4, 0xe9, 0xe4, 0xe9, 0xed, 0x09, 0xfd, 0x8a, 0xfe, 0x4d,
  0xfe, 0x4e, 0xfe, 0x0d, 0xfd, 0x8b, 0xed, 0x09, 0xe4, 0xe9, 0xed, 0x0a,
  0xf5, 0x4a, 0xf5, 0x2a, 0xed, 0x0a, 0xec, 0xea, 0xec, 0xea, 0xec, 0xca,
  0xe4, 0x69, 0xd3, 0xc7, 0xd3, 0x86, 0xd3, 0xa7, 0xd3, 0xa7, 0xd3, 0x87,
  0xcb, 0x66, 0xcb, 0x46, 0xc3, 0x26, 0xcb, 0x46, 0xcb, 0x46, 0xcb, 0x46,
  0xc3, 0x26, 0xc3, 0x26, 0xc3, 0x26, 0xcb, 0x47, 0xcb, 0x67, 0xcb, 0x87,
  0xd3, 0x87, 0xd3, 0x67, 0xd3, 0x87, 0xd3, 0x87, 0xd3, 0xa7, 0xd3, 0x87,
  0xd3, 0x87, 0xd3, 0xa7, 0xdb, 0xe8, 0xec, 0x6a, 0xe4, 0x08, 0xd3, 0xc7,
  0xdb, 0xc7, 0xdb, 0xc7, 0xe3, 0xe7, 0xe4, 0x07, 0xe4, 0x28, 0xec, 0x48,
  0xf4, 0x89, 0xf4, 0x89, 0xf4, 0x89, 0xfc, 0xca, 0xfc, 0xea, 0xfc, 0xeb,
  0xfc, 0xeb, 0xfd, 0x0c, 0xfd, 0x8e, 0xfd, 0xae, 0xfd, 0xef, 0xfe, 0x10,
  0xfe, 0x51, 0xfe, 0xb3, 0xff, 0x14, 0xff, 0x77, 0xff, 0xd8, 0xff, 0xfa,
  0xff, 0xfa, 0xff, 0xfa, 0xff, 0xda, 0xff, 0xfb, 0xff, 0xfb, 0xff, 0xfd,
  0xff, 0xfc, 0xff, 0xfc, 0xff, 0xbb, 0xff, 0x9b, 0xff, 0xbc, 0xff, 0xdc,
  0xff, 0xfd, 0xff, 0xfc, 0xff, 0xbb, 0xff, 0xdb, 0xff, 0xfb, 0xff, 0xda,
  0xff, 0x98, 0xff, 0x36, 0xfe, 0xd3, 0xfe, 0xb3, 0xfe, 0xb3, 0xff, 0x15,
  0xff, 0xb8, 0xff, 0x98, 0xff, 0xb7, 0xff, 0x76, 0xff, 0x52, 0xff, 0x31,
  0xff, 0x2d, 0xff, 0x4d, 0xff, 0x94, 0xff, 0x95, 0xff, 0x97, 0xff, 0xb7,
  0xff, 0xb8, 0xff, 0xd9, 0xff, 0xda, 0xff, 0xda, 0xff, 0xda, 0xff, 0xfa,
  0xff, 0xfb, 0xff, 0xfb, 0xff, 0xfb, 0xff, 0xfc, 0xff, 0xfc, 0xff, 0xfc,
  0xff, 0xfc, 0xff, 0xfb, 0xff, 0xfb, 0xff, 0xfb, 0xff, 0xfc, 0xff, 0xfc,
  0xff, 0xfc, 0xff, 0xfc, 0xff, 0xfc, 0xff, 0xfc, 0xff, 0xfc, 0xff, 0xfd,
  0xff, 0xfd, 0xff, 0xfd, 0xff, 0xfd, 0xff, 0xfd, 0xff, 0xfd, 0xff, 0xfd,
  0xff, 0xfd, 0xff, 0xfd, 0xff, 0xfd, 0xff, 0xfe, 0xff, 0xfe, 0xff, 0xff,
  0xff, 0xff, 0xff, 0xff, 0xff, 0xff, 0xff, 0xff, 0xff, 0xff, 0xff, 0xff,
  0xff, 0xff, 0xff, 0xff, 0xff, 0xff, 0xff, 0xfe, 0xff, 0xfe, 0xff, 0xfe,
  0xff, 0xfe, 0xff, 0xfe, 0xff, 0xfd, 0xff, 0xfd, 0x00, 0x00, 0x00, 0x00,
  0x00, 0x00, 0x00, 0x00, 0x00, 0x00, 0x00, 0x00, 0x00, 0x00, 0x00, 0x00,
  0x00, 0x00, 0x00, 0x00, 0x00, 0x00, 0x00, 0x00, 0x00, 0x00, 0x00, 0x00,
  0x00, 0x00, 0x62, 0x65, 0x62, 0x25, 0x62, 0x44, 0x62, 0x45, 0x8b, 0x88,
  0xe6, 0x53, 0xbd, 0x2f, 0xa4, 0x2b, 0xcd, 0x90, 0xde, 0x12, 0xf6, 0xd6,
  0xff, 0xba, 0xff, 0xda, 0xff, 0xda, 0xff, 0xdb, 0xff, 0xdb, 0xff, 0xdb,
  0xff, 0xfb, 0xff, 0xdb, 0xff, 0xba, 0xff, 0xba, 0xff, 0xb9, 0xff, 0x78,
  0xff, 0x56, 0xff, 0x35, 0xfe, 0xf3, 0xfe, 0x91, 0xfe, 0x4f, 0xed, 0xed,
  0xed, 0xab, 0xe5, 0xab, 0xe5, 0x8a, 0xd5, 0x08, 0xcc, 0xe8, 0xe5, 0xab,
  0xfe, 0x4e, 0xfe, 0xb0, 0xfe, 0xaf, 0xfe, 0x8e, 0xfe, 0xaf, 0xfe, 0xcf,
  0xfe, 0x4e, 0xed, 0xac, 0xe5, 0x8c, 0xf6, 0x4f, 0xfe, 0xd2, 0xff, 0x55,
  0xff, 0xb7, 0xff, 0x56, 0xf5, 0xd0, 0xb3, 0x87, 0x8a, 0x83, 0xb3, 0x86,
  0xf5, 0xce, 0xff, 0x33, 0xff, 0x74, 0xff, 0x51, 0xfe, 0x0d, 0xf5, 0x49,
  0xdc, 0xa7, 0xc3, 0xc4, 0xbb, 0x83, 0xcb, 0xe5, 0xcc, 0x06, 0xd4, 0x47,
  0xe4, 0xc9, 0xed, 0x2a, 0xf5, 0x4a, 0xf5, 0x6a, 0xfd, 0xec, 0xfe, 0x4e,
  0xfe, 0x2d, 0xfd, 0xab, 0xed, 0x29, 0xe4, 0xc8, 0xe4, 0xc8, 0xec, 0xe9,
  0xf5, 0x2a, 0xed, 0x2a, 0xed, 0x0a, 0xec, 0xea, 0xe4, 0xc9, 0xdc, 0x68,
  0xd3, 0xe7, 0xcb, 0xa6, 0xd3, 0xa7, 0xd3, 0xa7, 0xd3, 0x87, 0xd3, 0x86,
  0xcb, 0x66, 0xcb, 0x66, 0xcb, 0x66, 0xcb, 0x66, 0xcb, 0x66, 0xcb, 0x46,
  0xc3, 0x26, 0xc3, 0x05, 0xc3, 0x06, 0xc3, 0x26, 0xcb, 0x47, 0xcb, 0x67,
  0xcb, 0x67, 0xcb, 0x46, 0xcb, 0x66, 0xd3, 0xa7, 0xdb, 0xc7, 0xd3, 0xa7,
  0xd3, 0x87, 0xd3, 0x87, 0xe4, 0x08, 0xf4, 0xab, 0xe4, 0x29, 0xd3, 0xa7,
  0xdb, 0xc7, 0xdb, 0xc7, 0xdb, 0xc7, 0xdb, 0xe7, 0xe4, 0x07, 0xec, 0x48,
  0xec, 0x69, 0xec, 0x68, 0xf4, 0x89, 0xf4, 0x89, 0xfc, 0xaa, 0xfc, 0xca,
  0xfc, 0xeb, 0xfd, 0x0c, 0xfd, 0x8e, 0xfd, 0x8e, 0xfd, 0xcf, 0xfe, 0x10,
  0xfe, 0x10, 0xfe, 0x72, 0xfe, 0xd3, 0xff, 0x57, 0xff, 0xb8, 0xff, 0x98,
  0xff, 0xd9, 0xff, 0xda, 0xff, 0xba, 0xff, 0xda, 0xff, 0xfb, 0xff, 0xfc,
  0xff, 0xfc, 0xff, 0xbb, 0xff, 0x7b, 0xff, 0x9b, 0xff, 0xdc, 0xff, 0xfc,
  0xff, 0xfd, 0xff, 0xdc, 0xff, 0xdb, 0xff, 0xfc, 0xff, 0xfc, 0xff, 0xfb,
  0xff, 0xfa, 0xff, 0x98, 0xff, 0x14, 0xfe, 0xb3, 0xfe, 0x72, 0xfe, 0x93,
  0xff, 0x56, 0xff, 0xb8, 0xff, 0xf8, 0xff, 0xb7, 0xff, 0x72, 0xff, 0x31,
  0xff, 0x2d, 0xff, 0x2e, 0xff, 0x54, 0xff, 0x95, 0xff, 0x97, 0xff, 0xb7,
  0xff, 0xd9, 0xff, 0xd9, 0xff, 0xda, 0xff, 0xda, 0xff, 0xfa, 0xff, 0xfa,
  0xff, 0xfb, 0xff, 0xfb, 0xff, 0xfb, 0xff, 0xfc, 0xff, 0xfc, 0xff, 0xfc,
  0xff, 0xfc, 0xff, 0xfb, 0xff, 0xfb, 0xff, 0xfb, 0xff, 0xfc, 0xff, 0xfc,
  0xff, 0xfc, 0xff, 0xfc, 0xff, 0xfc, 0xff, 0xfc, 0xff, 0xfc, 0xff, 0xfd,
  0xff, 0xfd, 0xff, 0xfd, 0xff, 0xfd, 0xff, 0xfd, 0xff, 0xfd, 0xff, 0xfd,
  0xff, 0xfd, 0xff, 0xfd, 0xff, 0xfd, 0xff, 0xfe, 0xff, 0xfe, 0xff, 0xff,
  0xff, 0xff, 0xff, 0xff, 0xff, 0xff, 0xff, 0xff, 0xff, 0xff, 0xff, 0xff,
  0xff, 0xff, 0xff, 0xff, 0xff, 0xff, 0xff, 0xfe, 0xff, 0xfe, 0xff, 0xfe,
  0xff, 0xfe, 0xff, 0xfe, 0xff, 0xfd, 0xff, 0xfd, 0xff, 0xfd, 0x00, 0x00,
  0x00, 0x00, 0x00, 0x00, 0x00, 0x00, 0x00, 0x00, 0x00, 0x00, 0x00, 0x00,
  0x00, 0x00, 0x00, 0x00, 0x00, 0x00, 0x00, 0x00, 0x00, 0x00, 0x00, 0x00,
  0x00, 0x00, 0x72, 0xc6, 0x72, 0xc6, 0x72, 0xa5, 0x72, 0xc6, 0x9c, 0x2a,
  0xee, 0xb4, 0xc5, 0x4f, 0xac, 0xad, 0xde, 0x33, 0xe6, 0x54, 0xf7, 0x17,
  0xff, 0xfb, 0xff, 0xfb, 0xff, 0xfb, 0xff, 0xfb, 0xff, 0xdb, 0xff, 0xdb,
  0xff, 0xfc, 0xff, 0xdb, 0xff, 0xbb, 0xff, 0xda, 0xff, 0xb9, 0xff, 0x78,
  0xff, 0x56, 0xff, 0x35, 0xff, 0x13, 0xfe, 0x91, 0xfe, 0x4e, 0xf6, 0x0e,
  0xe5, 0xab, 0xe5, 0x8b, 0xdd, 0x4a, 0xd5, 0x09, 0xdd, 0x2a, 0xed, 0xec,
  0xfe, 0x4e, 0xfe, 0xd0, 0xfe, 0xcf, 0xfe, 0xaf, 0xfe, 0xaf, 0xfe, 0xae,
  0xf6, 0x0d, 0xe5, 0x8b, 0xed, 0xac, 0xfe, 0x90, 0xff, 0x33, 0xff, 0x55,
  0xff, 0x96, 0xfe, 0xf4, 0xd4, 0xab, 0x8a, 0x83, 0x92, 0x83, 0xcc, 0x08,
  0xfe, 0x50, 0xff, 0xd5, 0xff, 0x53, 0xfe, 0x6e, 0xfd, 0xab, 0xed, 0x08,
  0xd4, 0x45, 0xbb, 0x83, 0xc3, 0xa3, 0xcc, 0x06, 0xd4, 0x47, 0xe4, 0xa9,
  0xed, 0x2b, 0xfd, 0x8b, 0xfd, 0xac, 0xfd, 0xec, 0xfe, 0x0d, 0xfe, 0x0d,
  0xfd, 0x8b, 0xe4, 0xe8, 0xe4, 0xc8, 0xe4, 0xc8, 0xe4, 0xa8, 0xe4, 0xc9,
  0xed, 0x0a, 0xf5, 0x2a, 0xf5, 0x4b, 0xf5, 0x2b, 0xe4, 0xc9, 0xd4, 0x27,
  0xcb, 0x85, 0xc3, 0x65, 0xcb, 0x86, 0xcb, 0x86, 0xcb, 0x66, 0xcb, 0x46,
  0xc3, 0x25, 0xc3, 0x25, 0xc3, 0x26, 0xc3, 0x25, 0xc3, 0x26, 0xc3, 0x05,
  0xba, 0xe5, 0xba, 0xc5, 0xba, 0xc5, 0xba, 0xe5, 0xc3, 0x06, 0xc3, 0x26,
  0xc3, 0x26, 0xc3, 0x46, 0xcb, 0x67, 0xcb, 0x87, 0xd3, 0xa8, 0xd3, 0x87,
  0xcb, 0x66, 0xd3, 0x87, 0xdb, 0xe8, 0xf4, 0xab, 0xe4, 0x29, 0xd3, 0xa7,
  0xd3, 0xa7, 0xd3, 0xa6, 0xd3, 0xa6, 0xdb, 0xa7, 0xdb, 0xe7, 0xe4, 0x28,
  0xec, 0x48, 0xec, 0x48, 0xec, 0x48, 0xf4, 0x69, 0xfc, 0x89, 0xfc, 0x8a,
  0xfc, 0xaa, 0xfc, 0xcb, 0xfd, 0x2c, 0xfd, 0x0c, 0xfd, 0x6d, 0xfd, 0xae,
  0xfd, 0xae, 0xfe, 0x10, 0xfe, 0x92, 0xff, 0x15, 0xff, 0x77, 0xff, 0x56,
  0xff, 0x97, 0xff, 0x99, 0xff, 0x99, 0xff, 0xba, 0xff, 0xda, 0xff, 0xda,
  0xff, 0xda, 0xff, 0xb9, 0xff, 0x98, 0xff, 0x78, 0xff, 0x99, 0xff, 0xba,
  0xff, 0xbb, 0xff, 0xdb, 0xff, 0xfb, 0xff, 0xfd, 0xff, 0xff, 0xff, 0xfe,
  0xff, 0xfd, 0xff, 0xba, 0xff, 0x54, 0xfe, 0xf2, 0xfe, 0x6e, 0xf6, 0x6e,
  0xfe, 0xd0, 0xff, 0x52, 0xff, 0xd6, 0xff, 0xf6, 0xff, 0xd6, 0xff, 0xb5,
  0xff, 0x53, 0xff, 0x13, 0xff, 0x12, 0xff, 0x53, 0xff, 0x95, 0xff, 0x96,
  0xff, 0xb8, 0xff, 0xd8, 0xff, 0xd9, 0xff, 0xfa, 0xff, 0xfa, 0xff, 0xfb,
  0xff, 0xfb, 0xff, 0xfb, 0xff, 0xfb, 0xff, 0xfb, 0xff, 0xfb, 0xff, 0xfb,
  0xff, 0xfb, 0xff, 0xfb, 0xff, 0xfb, 0xff, 0xfb, 0xff, 0xfb, 0xff, 0xfb,
  0xff, 0xfc, 0xff, 0xfc, 0xff, 0xfc, 0xff, 0xfc, 0xff, 0xfc, 0xff, 0xfc,
  0xff, 0xfc, 0xff, 0xfd, 0xff, 0xfd, 0xff, 0xfd, 0xff, 0xfd, 0xff, 0xfc,
  0xff, 0xfc, 0xff, 0xfd, 0xff, 0xfd, 0xff, 0xfe, 0xff, 0xfe, 0xff, 0xfe,
  0xff, 0xff, 0xff, 0xff, 0xff, 0xff, 0xff, 0xff, 0xff, 0xff, 0xff, 0xff,
  0xff, 0xff, 0xff, 0xff, 0xff, 0xff, 0xff, 0xff, 0xff, 0xfe, 0xff, 0xfe,
  0xff, 0xfe, 0xff, 0xfe, 0xff, 0xfe, 0xff, 0xfd, 0xff, 0xfd, 0x00, 0x00,
  0x00, 0x00, 0x00, 0x00, 0x00, 0x00, 0x00, 0x00, 0x00, 0x00, 0x00, 0x00,
  0x00, 0x00, 0x00, 0x00, 0x00, 0x00, 0x00, 0x00, 0x00, 0x00, 0x00, 0x00,
  0x00, 0x00, 0x72, 0xe6, 0x7b, 0x07, 0x7b, 0x07, 0x7b, 0x07, 0xbd, 0x0e,
  0xd5, 0xd1, 0xb4, 0xee, 0xc5, 0x4f, 0xee, 0x94, 0xff, 0x17, 0xff, 0xb9,
  0xff, 0xfc, 0xff, 0xfb, 0xff, 0xfb, 0xff, 0xfc, 0xff, 0xfb, 0xff, 0xdb,
  0xff, 0xdc, 0xff, 0xdb, 0xff, 0xbb, 0xff, 0xdb, 0xff, 0xb9, 0xff, 0x78,
  0xff, 0x36, 0xff, 0x56, 0xff, 0x13, 0xfe, 0x71, 0xfe, 0x4e, 0xf6, 0x0e,
  0xe5, 0xab, 0xdd, 0x6a, 0xd5, 0x29, 0xd5, 0x09, 0xe5, 0x6b, 0xf6, 0x2e,
  0xfe, 0x4e, 0xfe, 0xf0, 0xfe, 0xcf, 0xfe, 0xcf, 0xfe, 0xaf, 0xfe, 0x6e,
  0xf5, 0xcc, 0xed, 0x8b, 0xed, 0xcd, 0xfe, 0x4f, 0xfe, 0xd2, 0xff, 0x13,
  0xff, 0x34, 0xf6, 0x11, 0xb3, 0xa7, 0x82, 0x42, 0x9a, 0xe4, 0xd4, 0x6a,
  0xfe, 0x50, 0xff, 0x74, 0xfe, 0xf2, 0xfd, 0xcb, 0xe5, 0x09, 0xdc, 0x86,
  0xcc, 0x04, 0xcb, 0xe4, 0xcc, 0x05, 0xdc, 0x88, 0xe4, 0xc9, 0xed, 0x0a,
  0xf5, 0x4b, 0xfd, 0x8b, 0xfd, 0xcd, 0xfe, 0x4e, 0xfe, 0x4e, 0xfd, 0x8b,
  0xe4, 0xc8, 0xdc, 0x87, 0xdc, 0xa7, 0xe4, 0xc8, 0xdc, 0xa8, 0xe4, 0xc9,
  0xed, 0x0a, 0xf5, 0x2a, 0xf5, 0x2a, 0xed, 0x0a, 0xdc, 0x88, 0xcb, 0xc6,
  0xbb, 0x44, 0xbb, 0x24, 0xcb, 0x45, 0xc3, 0x46, 0xc3, 0x25, 0xc3, 0x25,
  0xc3, 0x05, 0xba, 0xe4, 0xba, 0xe4, 0xb2, 0xc4, 0xb2, 0xa4, 0xb2, 0x83,
  0xb2, 0x84, 0xb2, 0xa4, 0xba, 0xc5, 0xba, 0xe5, 0xba, 0xc5, 0xb2, 0xa4,
  0xb2, 0xc4, 0xba, 0xe5, 0xc3, 0x46, 0xcb, 0x46, 0xcb, 0x46, 0xcb, 0x46,
  0xcb, 0x46, 0xcb, 0x66, 0xdb, 0xc8, 0xec, 0x6a, 0xe4, 0x09, 0xd3, 0xa7,
  0xd3, 0x87, 0xcb, 0x86, 0xd3, 0x66, 0xd3, 0xa6, 0xdb, 0xc7, 0xe4, 0x07,
  0xe4, 0x28, 0xe3, 0xe7, 0xdb, 0xc6, 0xe3, 0xc6, 0xe3, 0xe7, 0xec, 0x08,
  0xf4, 0x49, 0xfc, 0x6a, 0xfc, 0xaa, 0xfc, 0x8a, 0xfc, 0xec, 0xfd, 0x2c,
  0xfd, 0x4d, 0xfd, 0xaf, 0xfe, 0x30, 0xfe, 0xb4, 0xff, 0x77, 0xff, 0x36,
  0xff, 0x97, 0xff, 0x99, 0xff, 0x99, 0xff, 0xba, 0xff, 0xfb, 0xff, 0xb9,
  0xff, 0xb9, 0xff, 0xfa, 0xff, 0xb9, 0xff, 0x58, 0xff, 0x37, 0xff, 0x38,
  0xff, 0x7a, 0xff, 0xdb, 0xff, 0xfc, 0xff, 0xfd, 0xff, 0xff, 0xff, 0xfe,
  0xff, 0xfc, 0xff, 0xba, 0xff, 0x75, 0xff, 0x34, 0xfe, 0xaf, 0xf6, 0x4e,
  0xee, 0x6e, 0xff, 0x11, 0xff, 0xb6, 0xff, 0xf6, 0xff, 0xf7, 0xff, 0xf7,
  0xff, 0xb5, 0xff, 0x53, 0xff, 0x12, 0xff, 0x33, 0xff, 0x75, 0xff, 0x96,
  0xff, 0xb7, 0xff, 0xb8, 0xff, 0xd9, 0xff, 0xd9, 0xff, 0xda, 0xff, 0xfa,
  0xff, 0xfb, 0xff, 0xfb, 0xff, 0xfb, 0xff, 0xfb, 0xff, 0xfb, 0xff, 0xfb,
  0xff, 0xfb, 0xff, 0xfb, 0xff, 0xfb, 0xff, 0xfb, 0xff, 0xfb, 0xff, 0xfb,
  0xff, 0xfc, 0xff, 0xfc, 0xff, 0xfc, 0xff, 0xfc, 0xff, 0xfc, 0xff, 0xfc,
  0xff, 0xfc, 0xff, 0xfd, 0xff, 0xfd, 0xff, 0xfd, 0xff, 0xfd, 0xff, 0xfc,
  0xff, 0xfc, 0xff, 0xfd, 0xff, 0xfd, 0xff, 0xfe, 0xff, 0xfe, 0xff, 0xfe,
  0xff, 0xff, 0xff, 0xff, 0xff, 0xff, 0xff, 0xff, 0xff, 0xff, 0xff, 0xff,
  0xff, 0xff, 0xff, 0xff, 0xff, 0xff, 0xff, 0xff, 0xff, 0xfe, 0xff, 0xfe,
  0xff, 0xfe, 0xff, 0xfe, 0xff, 0xfe, 0xff, 0xfd, 0xff, 0xfd, 0x00, 0x00,
  0x00, 0x00, 0x00, 0x00, 0x00, 0x00, 0x00, 0x00, 0x00, 0x00, 0x00, 0x00,
  0x00, 0x00, 0x00, 0x00, 0x00, 0x00, 0x00, 0x00, 0x00, 0x00, 0x00, 0x00,
  0x5a, 0x23, 0x62, 0x64, 0x6a, 0xa5, 0x7b, 0x06, 0x83, 0x47, 0xe6, 0x32,
  0xcd, 0x90, 0xb4, 0xce, 0xcd, 0x70, 0xe6, 0x54, 0xff, 0x17, 0xff, 0x99,
  0xff, 0xba, 0xff, 0xdb, 0xff, 0xfc, 0xff, 0xfc, 0xff, 0xdb, 0xff, 0xdb,
  0xff, 0xdc, 0xff, 0xdb, 0xff, 0xbb, 0xff, 0xdb, 0xff, 0xb9, 0xff, 0x78,
  0xff, 0x56, 0xff, 0x56, 0xff, 0x13, 0xfe, 0x71, 0xfe, 0x4e, 0xf6, 0x0e,
  0xed, 0xab, 0xdd, 0x4a, 0xd5, 0x09, 0xdd, 0x29, 0xed, 0xcc, 0xfe, 0x6e,
  0xfe, 0x6e, 0xfe, 0xf0, 0xfe, 0xcf, 0xfe, 0xcf, 0xfe, 0x8e, 0xfe, 0x0c,
  0xf5, 0xab, 0xed, 0x8b, 0xed, 0xac, 0xed, 0x8c, 0xf5, 0xad, 0xfe, 0x50,
  0xfe, 0x30, 0xd4, 0xaa, 0xa3, 0x24, 0xa3, 0x25, 0xd4, 0x6a, 0xfe, 0x31,
  0xff, 0x34, 0xff, 0x33, 0xfe, 0x90, 0xfd, 0x6a, 0xdc, 0xc8, 0xd4, 0x46,
  0xcc, 0x25, 0xd4, 0x87, 0xcc, 0x05, 0xdc, 0xc8, 0xed, 0x4a, 0xfd, 0xac,
  0xfd, 0xcd, 0xfd, 0xed, 0xfe, 0x4e, 0xfe, 0xaf, 0xfe, 0x2d, 0xec, 0xe8,
  0xdc, 0x66, 0xdc, 0x87, 0xe4, 0xc8, 0xe4, 0xe9, 0xe4, 0xe9, 0xed, 0x0a,
  0xf5, 0x4a, 0xed, 0x2a, 0xe4, 0xc9, 0xdc, 0x68, 0xcc, 0x06, 0xc3, 0x85,
  0xbb, 0x24, 0xbb, 0x24, 0xc3, 0x45, 0xc3, 0x25, 0xc3, 0x25, 0xc3, 0x25,
  0xbb, 0x05, 0xba, 0xe4, 0xb2, 0xc4, 0xb2, 0xa4, 0xb2, 0xa4, 0xaa, 0x83,
  0xaa, 0x84, 0xb2, 0xa4, 0xb2, 0xc5, 0xba, 0xc5, 0xb2, 0xc5, 0xb2, 0xa4,
  0xb2, 0xa4, 0xba, 0xc5, 0xc3, 0x26, 0xbb, 0x05, 0xba, 0xc5, 0xba, 0xe5,
  0xc3, 0x05, 0xcb, 0x67, 0xdb, 0xa8, 0xe4, 0x09, 0xdb, 0xe8, 0xd3, 0xa7,
  0xd3, 0x86, 0xcb, 0x66, 0xcb, 0x66, 0xcb, 0x86, 0xd3, 0xa7, 0xe3, 0xe8,
  0xe3, 0xe8, 0xe3, 0xc7, 0xe3, 0xc6, 0xe3, 0xc6, 0xe3, 0xc7, 0xeb, 0xe7,
  0xf4, 0x08, 0xf4, 0x28, 0xfc, 0x49, 0xf4, 0x28, 0xfc, 0x69, 0xfc, 0x89,
  0xfc, 0xaa, 0xfd, 0x0b, 0xfd, 0x6d, 0xfe, 0x11, 0xfe, 0xf5, 0xfe, 0xb4,
  0xff, 0x56, 0xff, 0x99, 0xff, 0x99, 0xff, 0xba, 0xff, 0xfb, 0xff, 0xb9,
  0xff, 0xba, 0xff, 0xf9, 0xff, 0xd8, 0xff, 0x56, 0xfe, 0xf4, 0xfe, 0xd4,
  0xfe, 0xd5, 0xff, 0x56, 0xff, 0x78, 0xff, 0x78, 0xff, 0xbb, 0xff, 0xfb,
  0xff, 0xdb, 0xff, 0xda, 0xff, 0xd9, 0xff, 0x97, 0xff, 0x12, 0xee, 0x4f,
  0xe5, 0xa9, 0xfe, 0xae, 0xfe, 0xae, 0xfe, 0xef, 0xff, 0x53, 0xff, 0x94,
  0xff, 0xb8, 0xff, 0xb7, 0xff, 0x32, 0xff, 0x32, 0xff, 0x53, 0xff, 0x74,
  0xff, 0x96, 0xff, 0x96, 0xff, 0xb8, 0xff, 0xd9, 0xff, 0xda, 0xff, 0xfa,
  0xff, 0xfb, 0xff, 0xfb, 0xff, 0xfb, 0xff, 0xfb, 0xff, 0xfb, 0xff, 0xfb,
  0xff, 0xfb, 0xff, 0xfb, 0xff, 0xfb, 0xff, 0xfb, 0xff, 0xfb, 0xff, 0xfb,
  0xff, 0xfb, 0xff, 0xfb, 0xff, 0xfc, 0xff, 0xfc, 0xff, 0xfc, 0xff, 0xfc,
  0xff, 0xfc, 0xff, 0xfc, 0xff, 0xfc, 0xff, 0xfc, 0xff, 0xfc, 0xff, 0xfc,
  0xff, 0xfc, 0xff, 0xfc, 0xff, 0xfc, 0xff, 0xfd, 0xff, 0xfd, 0xff, 0xfe,
  0xff, 0xfe, 0xff, 0xff, 0xff, 0xff, 0xff, 0xff, 0xff, 0xff, 0xff, 0xff,
  0xff, 0xff, 0xff, 0xff, 0xff, 0xff, 0xff, 0xff, 0xff, 0xfe, 0xff, 0xfe,
  0xff, 0xfe, 0xff, 0xfe, 0xff, 0xfe, 0xff, 0xfd, 0xff, 0xfd, 0xff, 0xfd,
  0x00, 0x00, 0x00, 0x00, 0x00, 0x00, 0x00, 0x00, 0x00, 0x00, 0x00, 0x00,
  0x00, 0x00, 0x00, 0x00, 0x00, 0x00, 0x00, 0x00, 0x00, 0x00, 0x00, 0x00,
  0x62, 0x64, 0x72, 0xc5, 0x7b, 0x06, 0x83, 0x47, 0x9b, 0xea, 0xd5, 0xf1,
  0xbd, 0x0e, 0xac, 0xad, 0xcd, 0xb1, 0xf6, 0xf6, 0xff, 0x99, 0xff, 0x79,
  0xff, 0xdb, 0xff, 0xfb, 0xff, 0xfb, 0xff, 0xfb, 0xff, 0xdb, 0xff, 0xdb,
  0xff, 0xdb, 0xff, 0xdb, 0xff, 0xdb, 0xff, 0xda, 0xff, 0x98, 0xff, 0x58,
  0xff, 0x36, 0xff, 0x56, 0xff, 0x33, 0xfe, 0xb2, 0xfe, 0x8f, 0xfe, 0x4f,
  0xf6, 0x0d, 0xe5, 0xab, 0xdd, 0x4a, 0xdd, 0x4a, 0xed, 0xec, 0xfe, 0x8f,
  0xfe, 0xaf, 0xfe, 0xf0, 0xfe, 0xcf, 0xfe, 0xcf, 0xfe, 0xaf, 0xfe, 0x4d,
  0xf5, 0xcc, 0xe5, 0x4a, 0xd4, 0xe9, 0xd4, 0xc9, 0xdd, 0x0b, 0xed, 0xad,
  0xe5, 0x4c, 0xc4, 0x08, 0xab, 0x66, 0xb3, 0x87, 0xd4, 0x8a, 0xfe, 0x92,
  0xff, 0x95, 0xfe, 0xd1, 0xfe, 0x4f, 0xed, 0x29, 0xd4, 0x46, 0xc3, 0xc3,
  0xc3, 0xc4, 0xd4, 0x46, 0xd4, 0x66, 0xf5, 0x6b, 0xfe, 0x0d, 0xfe, 0x4f,
  0xfe, 0x8f, 0xfe, 0xb0, 0xfe, 0xb0, 0xfe, 0x0d, 0xfd, 0x8b, 0xd4, 0x46,
  0xd4, 0x46, 0xdc, 0x87, 0xe4, 0xc8, 0xed, 0x2a, 0xf5, 0x4a, 0xf5, 0x4a,
  0xf5, 0x4b, 0xed, 0x0a, 0xd4, 0x47, 0xcb, 0xe6, 0xc3, 0xc5, 0xc3, 0x85,
  0xbb, 0x24, 0xbb, 0x25, 0xc3, 0x45, 0xc3, 0x45, 0xc3, 0x26, 0xbb, 0x25,
  0xba, 0xe5, 0xb2, 0xc4, 0xb2, 0xa4, 0xb2, 0xa4, 0xaa, 0x83, 0xaa, 0x83,
  0xaa, 0x84, 0xb2, 0xa4, 0xb2, 0xc5, 0xb2, 0xc5, 0xb2, 0xa5, 0xb2, 0x84,
  0xaa, 0x84, 0xaa, 0x84, 0xba, 0xe5, 0xb2, 0xc4, 0xaa, 0x83, 0xb2, 0x83,
  0xba, 0xe5, 0xcb, 0x47, 0xd3, 0x87, 0xd3, 0x87, 0xd3, 0xa7, 0xd3, 0x87,
  0xcb, 0x66, 0xcb, 0x45, 0xc3, 0x45, 0xcb, 0x65, 0xd3, 0x86, 0xdb, 0xa7,
  0xdb, 0xc7, 0xdb, 0xc6, 0xe3, 0xc6, 0xe3, 0xc6, 0xe3, 0xc7, 0xeb, 0xc7,
  0xeb, 0xc7, 0xf3, 0xe7, 0xfc, 0x49, 0xf4, 0x28, 0xf4, 0x28, 0xf4, 0x48,
  0xfc, 0x69, 0xfc, 0xca, 0xfd, 0x2c, 0xfd, 0x8f, 0xfe, 0xd4, 0xfe, 0x72,
  0xff, 0x36, 0xff, 0x99, 0xff, 0x99, 0xff, 0xba, 0xff, 0xba, 0xff, 0xda,
  0xff, 0xda, 0xff, 0xd9, 0xff, 0x97, 0xff, 0x76, 0xff, 0x35, 0xfe, 0xd4,
  0xfe, 0x93, 0xfe, 0x94, 0xfe, 0xf6, 0xff, 0x99, 0xff, 0xdb, 0xff, 0xfc,
  0xff, 0xfc, 0xff, 0xfb, 0xff, 0xd9, 0xff, 0x97, 0xff, 0x32, 0xf6, 0xb0,
  0xfe, 0x2b, 0xfe, 0x6d, 0xfe, 0x4c, 0xfe, 0x6d, 0xfe, 0xd1, 0xff, 0x33,
  0xff, 0x97, 0xff, 0x97, 0xff, 0x73, 0xff, 0x32, 0xff, 0x33, 0xff, 0x54,
  0xff, 0x96, 0xff, 0x96, 0xff, 0xb8, 0xff, 0xd9, 0xff, 0xda, 0xff, 0xfa,
  0xff, 0xfb, 0xff, 0xfb, 0xff, 0xfb, 0xff, 0xfb, 0xff, 0xfb, 0xff, 0xfb,
  0xff, 0xfb, 0xff, 0xfb, 0xff, 0xfb, 0xff, 0xfb, 0xff, 0xfb, 0xff, 0xfb,
  0xff, 0xfb, 0xff, 0xfb, 0xff, 0xfc, 0xff, 0xfc, 0xff, 0xfc, 0xff, 0xfc,
  0xff, 0xfc, 0xff, 0xfc, 0xff, 0xfc, 0xff, 0xfc, 0xff, 0xfc, 0xff, 0xfc,
  0xff, 0xfc, 0xff, 0xfc, 0xff, 0xfc, 0xff, 0xfd, 0xff, 0xfd, 0xff, 0xfe,
  0xff, 0xfe, 0xff, 0xff, 0xff, 0xff, 0xff, 0xff, 0xff, 0xff, 0xff, 0xff,
  0xff, 0xff, 0xff, 0xff, 0xff, 0xff, 0xff, 0xff, 0xff, 0xfe, 0xff, 0xfe,
  0xff, 0xfe, 0xff, 0xfe, 0xff, 0xfe, 0xff, 0xfd, 0xff, 0xfd, 0xff, 0xfd,
  0x00, 0x00, 0x00, 0x00, 0x00, 0x00, 0x00, 0x00, 0x00, 0x00, 0x00, 0x00,
  0x00, 0x00, 0x00, 0x00, 0x00, 0x00, 0x00, 0x00, 0x00, 0x00, 0x00, 0x00,
  0x6a, 0x84, 0x6a, 0xc5, 0x73, 0x06, 0x93, 0xa8, 0xb4, 0xed, 0xe6, 0x33,
  0xd5, 0xd1, 0xbd, 0x2f, 0xc5, 0x50, 0xe6, 0x54, 0xf6, 0xd6, 0xff, 0x18,
  0xff, 0x99, 0xff, 0xba, 0xff, 0xfb, 0xff, 0xfb, 0xff, 0xdb, 0xff, 0xfc,
  0xff, 0xdc, 0xff, 0xdb, 0xff, 0xbb, 0xff, 0xba, 0xff, 0x98, 0xff, 0x98,
  0xff, 0x56, 0xff, 0x35, 0xff, 0x13, 0xfe, 0xd2, 0xfe, 0x90, 0xfe, 0x4e,
  0xed, 0xec, 0xe5, 0x8b, 0xd5, 0x29, 0xdd, 0x4a, 0xed, 0xec, 0xfe, 0x6e,
  0xfe, 0x8f, 0xfe, 0xaf, 0xfe, 0xf0, 0xfe, 0xef, 0xfe, 0x8e, 0xfd, 0xeb,
  0xe5, 0x49, 0xd4, 0xc8, 0xcc, 0x87, 0xd4, 0xa8, 0xd4, 0xa9, 0xcc, 0x68,
  0xbb, 0xa5, 0xab, 0x24, 0xab, 0x24, 0xc3, 0xe8, 0xed, 0xae, 0xfe, 0xd3,
  0xfe, 0x71, 0xfe, 0x2f, 0xfd, 0xcd, 0xd4, 0x46, 0xab, 0x01, 0xab, 0x42,
  0xd4, 0xa7, 0xe5, 0x09, 0xe5, 0x09, 0xfe, 0x4e, 0xfe, 0x8f, 0xfe, 0xb0,
  0xff, 0x12, 0xff, 0x32, 0xfe, 0xb0, 0xfd, 0x8b, 0xd4, 0x46, 0xcc, 0x05,
  0xdc, 0x66, 0xd4, 0x46, 0xec, 0xe9, 0xfd, 0xac, 0xed, 0x2a, 0xfd, 0x6b,
  0xfd, 0x6b, 0xdc, 0x67, 0xc3, 0xa4, 0xc3, 0xa4, 0xc3, 0xa5, 0xc3, 0x65,
  0xbb, 0x45, 0xc3, 0x45, 0xc3, 0x46, 0xc3, 0x46, 0xbb, 0x26, 0xbb, 0x05,
  0xb2, 0xc4, 0xb2, 0xa4, 0xaa, 0x83, 0xaa, 0x83, 0xaa, 0x83, 0xaa, 0x63,
  0xaa, 0x64, 0xaa, 0x84, 0xaa, 0x84, 0xb2, 0x84, 0xb2, 0x84, 0xaa, 0x64,
  0xaa, 0x63, 0xaa, 0x84, 0xb2, 0xa4, 0xba, 0xc5, 0xbb, 0x05, 0xc3, 0x06,
  0xc3, 0x26, 0xc3, 0x26, 0xcb, 0x46, 0xcb, 0x87, 0xd3, 0x87, 0xd3, 0x67,
  0xcb, 0x46, 0xc3, 0x05, 0xc3, 0x05, 0xcb, 0x25, 0xcb, 0x46, 0xd3, 0x86,
  0xdb, 0xa7, 0xdb, 0xc7, 0xdb, 0xc7, 0xe3, 0xe7, 0xe3, 0xe7, 0xe3, 0xc7,
  0xe3, 0xa6, 0xe3, 0xa6, 0xf4, 0x28, 0xf4, 0x07, 0xf4, 0x07, 0xeb, 0xe7,
  0xf4, 0x07, 0xf4, 0x68, 0xfc, 0x89, 0xf4, 0xcb, 0xfe, 0xb2, 0xfd, 0xcf,
  0xfe, 0xd3, 0xff, 0x57, 0xff, 0x57, 0xff, 0x78, 0xff, 0x78, 0xff, 0xd9,
  0xff, 0xd9, 0xff, 0xd9, 0xff, 0xb8, 0xff, 0x97, 0xff, 0x76, 0xfe, 0xf3,
  0xfe, 0x91, 0xf5, 0xef, 0xf6, 0x2f, 0xff, 0x33, 0xff, 0xb3, 0xff, 0xf6,
  0xff, 0xf9, 0xff, 0xfa, 0xff, 0xfc, 0xff, 0xba, 0xff, 0x37, 0xf6, 0xf6,
  0xfe, 0xb2, 0xfe, 0x50, 0xfe, 0x0c, 0xfe, 0x0c, 0xf6, 0x4d, 0xfe, 0xaf,
  0xf7, 0x33, 0xff, 0x53, 0xff, 0x53, 0xff, 0x12, 0xff, 0x12, 0xff, 0x33,
  0xff, 0x74, 0xff, 0x95, 0xff, 0xb7, 0xff, 0xb7, 0xff, 0xd9, 0xff, 0xd9,
  0xff, 0xfa, 0xff, 0xfb, 0xff, 0xfb, 0xff, 0xfb, 0xff, 0xfb, 0xff, 0xfa,
  0xff, 0xfa, 0xff, 0xda, 0xff, 0xda, 0xff, 0xda, 0xff, 0xda, 0xff, 0xdb,
  0xff, 0xdb, 0xff, 0xdb, 0xff, 0xfb, 0xff, 0xfb, 0xff, 0xfb, 0xff, 0xfc,
  0xff, 0xfc, 0xff, 0xfc, 0xff, 0xfc, 0xff, 0xfc, 0xff, 0xfc, 0xff, 0xfb,
  0xff, 0xfb, 0xff, 0xfb, 0xff, 0xfb, 0xff, 0xfd, 0xff, 0xfd, 0xff, 0xfe,
  0xff, 0xfe, 0xff, 0xff, 0xff, 0xff, 0xff, 0xff, 0xff, 0xff, 0xff, 0xff,
  0xff, 0xff, 0xff, 0xff, 0xff, 0xff, 0xff, 0xff, 0xff, 0xfe, 0xff, 0xfe,
  0xff, 0xfe, 0xff, 0xfe, 0xff, 0xfe, 0xff, 0xfe, 0xff, 0xfd, 0xff, 0xfd,
  0x00, 0x00, 0x00, 0x00, 0x00, 0x00, 0x00, 0x00, 0x00, 0x00, 0x00, 0x00,
  0x00, 0x00, 0x00, 0x00, 0x00, 0x00, 0x00, 0x00, 0x00, 0x00, 0x5a, 0x22,
  0x52, 0x02, 0x6a, 0xa4, 0x8b, 0xa9, 0xb4, 0xad, 0xbd, 0x2e, 0xe6, 0x53,
  0xcd, 0x90, 0xac, 0xad, 0xbd, 0x0f, 0xee, 0x95, 0xff, 0x17, 0xff, 0x99,
  0xff, 0x9a, 0xff, 0xba, 0xff, 0xfb, 0xff, 0xfb, 0xff, 0xfb, 0xff, 0xfc,
  0xff, 0xdc, 0xff, 0xdb, 0xff, 0xbb, 0xff, 0x79, 0xff, 0x78, 0xff, 0xb9,
  0xff, 0x76, 0xff, 0x56, 0xff, 0x13, 0xfe, 0xf3, 0xfe, 0xb0, 0xfe, 0x4f,
  0xf6, 0x0d, 0xe5, 0x8b, 0xd5, 0x09, 0xd5, 0x29, 0xed, 0xec, 0xfe, 0x8f,
  0xfe, 0xaf, 0xfe, 0xaf, 0xfe, 0xcf, 0xfe, 0xcf, 0xfe, 0x2d, 0xf5, 0x8a,
  0xdc, 0xc8, 0xcc, 0x46, 0xc4, 0x46, 0xc4, 0x46, 0xc4, 0x06, 0xb3, 0x64,
  0xab, 0x44, 0xab, 0x44, 0xab, 0x44, 0xcc, 0x49, 0xfe, 0x30, 0xfe, 0x92,
  0xfe, 0x71, 0xf5, 0xee, 0xc3, 0xc5, 0xab, 0x22, 0xdc, 0x87, 0xfd, 0xcc,
  0xfd, 0xab, 0xed, 0x8a, 0xfe, 0x6e, 0xfe, 0x6e, 0xfe, 0xd0, 0xff, 0x52,
  0xff, 0x32, 0xfe, 0x2e, 0xe5, 0x09, 0xcc, 0x05, 0xc3, 0xa3, 0xd4, 0x25,
  0xdc, 0x66, 0xdc, 0x87, 0xed, 0x09, 0xfd, 0x8b, 0xf5, 0x4a, 0xed, 0x0a,
  0xe4, 0xa8, 0xc3, 0xc5, 0xbb, 0x63, 0xbb, 0x84, 0xc3, 0xa5, 0xc3, 0x65,
  0xc3, 0x45, 0xc3, 0x45, 0xc3, 0x26, 0xbb, 0x25, 0xbb, 0x05, 0xb2, 0xe4,
  0xaa, 0xa4, 0xaa, 0x83, 0xa2, 0x63, 0xa2, 0x63, 0xa2, 0x63, 0xa2, 0x63,
  0xa2, 0x63, 0xa2, 0x63, 0xaa, 0x43, 0xaa, 0x43, 0xaa, 0x43, 0xaa, 0x63,
  0xaa, 0x63, 0xaa, 0x64, 0xaa, 0x84, 0xb2, 0xa4, 0xb2, 0xc4, 0xba, 0xe5,
  0xbb, 0x05, 0xc3, 0x05, 0xc3, 0x46, 0xcb, 0x67, 0xd3, 0x87, 0xd3, 0x67,
  0xcb, 0x26, 0xc3, 0x05, 0xc2, 0xe4, 0xc3, 0x05, 0xcb, 0x25, 0xcb, 0x66,
  0xd3, 0x66, 0xcb, 0x65, 0xd3, 0x66, 0xd3, 0x66, 0xdb, 0xa6, 0xe3, 0xa6,
  0xe3, 0xc7, 0xe3, 0xa6, 0xe3, 0x86, 0xe3, 0x85, 0xe3, 0x85, 0xe3, 0xa5,
  0xe3, 0xa5, 0xe3, 0xc6, 0xe3, 0xc6, 0xdc, 0x08, 0xf5, 0x2c, 0xf4, 0xec,
  0xfe, 0xb3, 0xff, 0x57, 0xff, 0x57, 0xff, 0x57, 0xff, 0x37, 0xff, 0xb8,
  0xff, 0xd9, 0xff, 0xf9, 0xff, 0xd9, 0xff, 0xb7, 0xff, 0x55, 0xfe, 0xf3,
  0xfe, 0xb1, 0xed, 0xee, 0xed, 0xae, 0xfe, 0x90, 0xfe, 0xcf, 0xff, 0x33,
  0xff, 0xb7, 0xff, 0xfa, 0xff, 0xfd, 0xff, 0xba, 0xff, 0x38, 0xf6, 0xf6,
  0xfe, 0xf3, 0xfe, 0x91, 0xfe, 0x4d, 0xfd, 0xec, 0xee, 0x0c, 0xf6, 0x2d,
  0xe6, 0x90, 0xe6, 0xd1, 0xfe, 0xf1, 0xfe, 0xf1, 0xfe, 0xf2, 0xff, 0x12,
  0xff, 0x34, 0xff, 0x74, 0xff, 0xb7, 0xff, 0xd7, 0xff, 0xd9, 0xff, 0xd9,
  0xff, 0xfa, 0xff, 0xfb, 0xff, 0xfb, 0xff, 0xfb, 0xff, 0xfb, 0xff, 0xfa,
  0xff, 0xfa, 0xff, 0xda, 0xff, 0xda, 0xff, 0xda, 0xff, 0xda, 0xff, 0xdb,
  0xff, 0xdb, 0xff, 0xdb, 0xff, 0xfb, 0xff, 0xfb, 0xff, 0xfb, 0xff, 0xfc,
  0xff, 0xfc, 0xff, 0xfc, 0xff, 0xfc, 0xff, 0xfc, 0xff, 0xfc, 0xff, 0xfb,
  0xff, 0xfb, 0xff, 0xfb, 0xff, 0xfb, 0xff, 0xfd, 0xff, 0xfd, 0xff, 0xfe,
  0xff, 0xfe, 0xff, 0xff, 0xff, 0xff, 0xff, 0xff, 0xff, 0xff, 0xff, 0xff,
  0xff, 0xff, 0xff, 0xff, 0xff, 0xff, 0xff, 0xff, 0xff, 0xfe, 0xff, 0xfe,
  0xff, 0xfe, 0xff, 0xfe, 0xff, 0xfe, 0xff, 0xfe, 0xff, 0xfd, 0xff, 0xfd,
  0xff, 0xfb, 0x00, 0x00, 0x00, 0x00, 0x00, 0x00, 0x00, 0x00, 0x00, 0x00,
  0x00, 0x00, 0x00, 0x00, 0x00, 0x00, 0x00, 0x00, 0x00, 0x00, 0x72, 0xc5,
  0x6a, 0x84, 0x5a, 0x23, 0x72, 0xe5, 0xac, 0xac, 0xd5, 0xd0, 0xe6, 0x53,
  0xb4, 0xcd, 0xac, 0x6d, 0xc5, 0x70, 0xee, 0xd6, 0xff, 0x38, 0xff, 0xba,
  0xff, 0xba, 0xff, 0xbb, 0xff, 0xfc, 0xff, 0xfc, 0xff, 0xfc, 0xff, 0xfc,
  0xff, 0xfc, 0xff, 0xdb, 0xff, 0xba, 0xff, 0x59, 0xff, 0x78, 0xff, 0xd9,
  0xff, 0xb7, 0xff, 0x76, 0xff, 0x34, 0xfe, 0xf3, 0xfe, 0x90, 0xf6, 0x2e,
  0xed, 0xcc, 0xdd, 0x6a, 0xd5, 0x29, 0xe5, 0xab, 0xfe, 0x2e, 0xfe, 0x8f,
  0xfe, 0xd0, 0xfe, 0xaf, 0xfe, 0x8e, 0xfe, 0x6d, 0xfd, 0xeb, 0xe5, 0x29,
  0xd4, 0x86, 0xc4, 0x05, 0xbb, 0xe5, 0xbb, 0xc5, 0xab, 0x23, 0xa2, 0xc1,
  0xab, 0x02, 0xb3, 0x64, 0xbb, 0xc6, 0xdc, 0xeb, 0xfd, 0xef, 0xfd, 0xce,
  0xed, 0x4c, 0xed, 0x0a, 0xd4, 0x67, 0xd4, 0x46, 0xf5, 0x4a, 0xf5, 0xab,
  0xfd, 0xcb, 0xfe, 0x0d, 0xff, 0x11, 0xff, 0x73, 0xff, 0x11, 0xfe, 0x4e,
  0xf5, 0x8b, 0xe4, 0xc8, 0xcc, 0x05, 0xb3, 0x42, 0xc3, 0xc4, 0xd4, 0x46,
  0xe4, 0xa7, 0xf5, 0x4a, 0xf5, 0x2a, 0xec, 0xe9, 0xfd, 0xed, 0xe4, 0xc9,
  0xc3, 0x84, 0xb3, 0x22, 0xb3, 0x02, 0xbb, 0x64, 0xc3, 0xa5, 0xbb, 0x44,
  0xc3, 0x45, 0xc3, 0x66, 0xbb, 0x05, 0xb2, 0xe5, 0xb2, 0xc4, 0xaa, 0xa4,
  0xaa, 0x83, 0xa2, 0x63, 0xa2, 0x43, 0xa2, 0x43, 0xa2, 0x43, 0xa2, 0x43,
  0xa2, 0x43, 0xa2, 0x43, 0xa2, 0x43, 0xa2, 0x43, 0xaa, 0x43, 0xaa, 0x43,
  0xaa, 0x43, 0xaa, 0x63, 0xaa, 0x64, 0xaa, 0x84, 0xb2, 0x84, 0xb2, 0xa4,
  0xba, 0xe5, 0xbb, 0x06, 0xc3, 0x26, 0xcb, 0x67, 0xd3, 0x87, 0xd3, 0x67,
  0xcb, 0x26, 0xc2, 0xe5, 0xc2, 0xe4, 0xc2, 0xe5, 0xc3, 0x05, 0xcb, 0x25,
  0xcb, 0x46, 0xcb, 0x65, 0xd3, 0x86, 0xd3, 0x86, 0xd3, 0xa6, 0xdb, 0xc7,
  0xe3, 0xe7, 0xe3, 0xc7, 0xdb, 0xa6, 0xdb, 0x85, 0xdb, 0x85, 0xe3, 0xa5,
  0xe3, 0xa5, 0xe3, 0xa5, 0xe3, 0xa5, 0xdb, 0xc6, 0xec, 0x28, 0xdc, 0x08,
  0xfd, 0x0c, 0xfd, 0xf0, 0xfe, 0xb3, 0xfe, 0xf4, 0xfe, 0xf4, 0xff, 0x15,
  0xff, 0x35, 0xff, 0x97, 0xff, 0xf8, 0xff, 0xd8, 0xff, 0x76, 0xff, 0x14,
  0xff, 0x14, 0xfe, 0x91, 0xf6, 0x0f, 0xed, 0xcc, 0xed, 0xca, 0xfe, 0x6e,
  0xfe, 0xd1, 0xff, 0x13, 0xff, 0x36, 0xff, 0x36, 0xff, 0x58, 0xff, 0x78,
  0xff, 0x36, 0xff, 0x57, 0xff, 0x13, 0xfe, 0xb2, 0xfe, 0x6f, 0xf6, 0x2e,
  0xee, 0x2e, 0xfe, 0x8f, 0xf6, 0x6f, 0xfe, 0xb0, 0xfe, 0xd0, 0xfe, 0xd1,
  0xff, 0x12, 0xff, 0x53, 0xff, 0x95, 0xff, 0xb6, 0xff, 0xd7, 0xff, 0xd8,
  0xff, 0xf9, 0xff, 0xfa, 0xff, 0xfa, 0xff, 0xfa, 0xff, 0xfb, 0xff, 0xfb,
  0xff, 0xfa, 0xff, 0xda, 0xff, 0xda, 0xff, 0xda, 0xff, 0xda, 0xff, 0xda,
  0xff, 0xda, 0xff, 0xdb, 0xff, 0xfb, 0xff, 0xfb, 0xff, 0xfb, 0xff, 0xfb,
  0xff, 0xfb, 0xff, 0xfc, 0xff, 0xfc, 0xff, 0xfc, 0xff, 0xfc, 0xff, 0xfa,
  0xff, 0xfa, 0xff, 0xfb, 0xff, 0xfb, 0xff, 0xfc, 0xff, 0xfc, 0xff, 0xfd,
  0xff, 0xfd, 0xff, 0xfe, 0xff, 0xff, 0xff, 0xff, 0xff, 0xff, 0xff, 0xff,
  0xff, 0xff, 0xff, 0xff, 0xff, 0xff, 0xff, 0xff, 0xff, 0xfe, 0xff, 0xfe,
  0xff, 0xfe, 0xff, 0xfe, 0xff, 0xfe, 0xff, 0xfd, 0xff, 0xfd, 0xff, 0xfd,
  0xff, 0xfb, 0x00, 0x00, 0x00, 0x00, 0x00, 0x00, 0x00, 0x00, 0x00, 0x00,
  0x00, 0x00, 0x00, 0x00, 0x00, 0x00, 0x00, 0x00, 0x00, 0x00, 0x6a, 0xa4,
  0x7b, 0x47, 0x83, 0x47, 0x9c, 0x2a, 0xcd, 0x8f, 0xde, 0x52, 0xd5, 0xf1,
  0xa4, 0x6b, 0xac, 0xad, 0xd5, 0xd2, 0xf7, 0x17, 0xff, 0x58, 0xff, 0x9a,
  0xff, 0xda, 0xff, 0xdb, 0xff, 0xfc, 0xff, 0xfc, 0xff, 0xfc, 0xff, 0xfc,
  0xff, 0xfc, 0xff, 0xdb, 0xff, 0xba, 0xff, 0x59, 0xff, 0xd9, 0xff, 0xfa,
  0xff, 0xb7, 0xff, 0x76, 0xff, 0x33, 0xfe, 0xd2, 0xfe, 0x4f, 0xfe, 0x2e,
  0xed, 0xcc, 0xdd, 0x6a, 0xdd, 0x4a, 0xed, 0xcc, 0xfe, 0x4e, 0xfe, 0xb0,
  0xfe, 0xf0, 0xfe, 0xaf, 0xfe, 0x4d, 0xfe, 0x0c, 0xf5, 0x8a, 0xdc, 0xe8,
  0xcc, 0x46, 0xbb, 0xc4, 0xb3, 0x83, 0xb3, 0x63, 0xa2, 0xe1, 0x9a, 0x80,
  0xa2, 0xe2, 0xbb, 0xc5, 0xd4, 0x89, 0xe5, 0x0c, 0xed, 0x4c, 0xe4, 0xeb,
  0xdc, 0x89, 0xdc, 0x88, 0xd4, 0x68, 0xed, 0x09, 0xf5, 0x8b, 0xf5, 0x8a,
  0xfe, 0x0c, 0xfe, 0xaf, 0xff, 0x11, 0xfe, 0xf1, 0xfe, 0x4e, 0xf5, 0x6b,
  0xdc, 0xa8, 0xcb, 0xe5, 0xbb, 0x83, 0xb3, 0x42, 0xbb, 0x83, 0xe4, 0xc8,
  0xfd, 0x8b, 0xfd, 0xac, 0xfd, 0x8b, 0xec, 0xe9, 0xcc, 0x05, 0xbb, 0x63,
  0xb3, 0x02, 0xaa, 0xc1, 0xaa, 0xc1, 0xb3, 0x03, 0xbb, 0x44, 0xbb, 0x44,
  0xbb, 0x04, 0xbb, 0x04, 0xb2, 0xc4, 0xaa, 0xa3, 0xaa, 0x83, 0xaa, 0x83,
  0xa2, 0x63, 0xa2, 0x42, 0xa2, 0x22, 0xa2, 0x22, 0xa2, 0x43, 0xa2, 0x43,
  0xa2, 0x43, 0xa2, 0x43, 0xa2, 0x43, 0xa2, 0x43, 0xaa, 0x43, 0xaa, 0x43,
  0xaa, 0x43, 0xaa, 0x43, 0xaa, 0x63, 0xaa, 0x63, 0xaa, 0x64, 0xb2, 0x84,
  0xb2, 0xc4, 0xba, 0xe5, 0xc3, 0x26, 0xcb, 0x47, 0xd3, 0x67, 0xcb, 0x47,
  0xcb, 0x26, 0xc2, 0xe5, 0xba, 0xc4, 0xc2, 0xe4, 0xc2, 0xe5, 0xcb, 0x25,
  0xcb, 0x45, 0xcb, 0x65, 0xd3, 0x86, 0xcb, 0x66, 0xd3, 0x86, 0xd3, 0xa6,
  0xdb, 0xc7, 0xdb, 0xa6, 0xdb, 0xa6, 0xdb, 0xa5, 0xdb, 0xa5, 0xe3, 0x85,
  0xe3, 0x85, 0xe3, 0x85, 0xdb, 0x85, 0xd3, 0xa6, 0xdb, 0xc7, 0xd3, 0xc7,
  0xe4, 0x28, 0xe4, 0xcb, 0xfd, 0xd0, 0xfe, 0xb3, 0xfe, 0xf4, 0xfe, 0xd4,
  0xfe, 0xd3, 0xff, 0x35, 0xff, 0x97, 0xff, 0xb7, 0xff, 0x97, 0xff, 0x55,
  0xff, 0x55, 0xfe, 0xf3, 0xfe, 0x50, 0xfe, 0x4e, 0xf6, 0x2b, 0xed, 0xec,
  0xee, 0x0e, 0xf6, 0x50, 0xfe, 0xb5, 0xff, 0x36, 0xff, 0x99, 0xff, 0x99,
  0xff, 0x98, 0xff, 0xfa, 0xff, 0xd7, 0xff, 0x76, 0xff, 0x11, 0xfe, 0xb0,
  0xfe, 0x8f, 0xfe, 0xd0, 0xf6, 0x2e, 0xf6, 0x4f, 0xfe, 0x6f, 0xfe, 0x90,
  0xfe, 0xd1, 0xff, 0x12, 0xff, 0x54, 0xff, 0x75, 0xff, 0xb7, 0xff, 0xd8,
  0xff, 0xd9, 0xff, 0xf9, 0xff, 0xfa, 0xff, 0xfb, 0xff, 0xfb, 0xff, 0xfb,
  0xff, 0xfa, 0xff, 0xda, 0xff, 0xda, 0xff, 0xda, 0xff, 0xda, 0xff, 0xda,
  0xff, 0xda, 0xff, 0xdb, 0xff, 0xfb, 0xff, 0xfb, 0xff, 0xfb, 0xff, 0xfb,
  0xff, 0xfb, 0xff, 0xfc, 0xff, 0xfc, 0xff, 0xfc, 0xff, 0xfc, 0xff, 0xfa,
  0xff, 0xfa, 0xff, 0xfb, 0xff, 0xfb, 0xff, 0xfc, 0xff, 0xfc, 0xff, 0xfd,
  0xff, 0xfd, 0xff, 0xfe, 0xff, 0xff, 0xff, 0xff, 0xff, 0xff, 0xff, 0xff,
  0xff, 0xff, 0xff, 0xff, 0xff, 0xff, 0xff, 0xff, 0xff, 0xfe, 0xff, 0xfe,
  0xff, 0xfe, 0xff, 0xfe, 0xff, 0xfe, 0xff, 0xfd, 0xff, 0xfd, 0xff, 0xfc,
  0xff, 0xfb, 0x00, 0x00, 0x00, 0x00, 0x00, 0x00, 0x00, 0x00, 0x00, 0x00,
  0x00, 0x00, 0x00, 0x00, 0x00, 0x00, 0x00, 0x00, 0x41, 0x60, 0x49, 0x80,
  0x6a, 0x64, 0x7b, 0x26, 0xa4, 0x4b, 0xc5, 0x4e, 0xcd, 0x8f, 0xbd, 0x4f,
  0xa4, 0x4b, 0xb4, 0xce, 0xd6, 0x13, 0xf7, 0x38, 0xff, 0x59, 0xff, 0x79,
  0xff, 0xba, 0xff, 0xfb, 0xff, 0xfc, 0xff, 0xfc, 0xff, 0xfc, 0xff, 0xdc,
  0xff, 0xdc, 0xff, 0xdc, 0xff, 0xbb, 0xff, 0x9a, 0xff, 0xd9, 0xff, 0xd9,
  0xff, 0x97, 0xff, 0x56, 0xff, 0x33, 0xfe, 0xd2, 0xfe, 0x6f, 0xfe, 0x4f,
  0xed, 0xec, 0xe5, 0x8b, 0xe5, 0x6a, 0xed, 0xec, 0xfe, 0x6f, 0xfe, 0xd0,
  0xfe, 0xf0, 0xfe, 0x8e, 0xfe, 0x2c, 0xf5, 0xcb, 0xed, 0x4a, 0xd4, 0xa7,
  0xc4, 0x05, 0xbb, 0x84, 0xb3, 0x43, 0xab, 0x02, 0xa2, 0xc1, 0xa2, 0xa1,
  0xab, 0x02, 0xbb, 0xc5, 0xd4, 0x68, 0xdc, 0xa9, 0xdc, 0xa9, 0xcc, 0x07,
  0xbb, 0x85, 0xd4, 0x47, 0xe4, 0xe9, 0xfd, 0xac, 0xfd, 0xec, 0xfd, 0xcc,
  0xfe, 0x4e, 0xfe, 0x8f, 0xfe, 0x0d, 0xfd, 0xcc, 0xfd, 0xac, 0xdc, 0x87,
  0xb3, 0x63, 0x9a, 0xa0, 0x9a, 0xa0, 0xaa, 0xe1, 0xd4, 0x66, 0xfd, 0x4a,
  0xfd, 0x8b, 0xfd, 0x6b, 0xec, 0xe9, 0xd4, 0x26, 0xaa, 0xe1, 0xaa, 0xc1,
  0xaa, 0xe2, 0xa2, 0xa1, 0xa2, 0x80, 0xaa, 0xc2, 0xb3, 0x03, 0xb2, 0xe3,
  0xaa, 0xc3, 0xaa, 0xa3, 0xaa, 0x83, 0xaa, 0x83, 0xa2, 0x63, 0xa2, 0x62,
  0xa2, 0x42, 0xa2, 0x42, 0xa2, 0x42, 0xa2, 0x42, 0xa2, 0x43, 0xa2, 0x43,
  0xa2, 0x43, 0xa2, 0x43, 0xa2, 0x43, 0xa2, 0x43, 0xaa, 0x43, 0xaa, 0x43,
  0xaa, 0x43, 0xaa, 0x43, 0xaa, 0x63, 0xaa, 0x63, 0xaa, 0x63, 0xaa, 0x64,
  0xb2, 0xa4, 0xba, 0xc5, 0xc3, 0x06, 0xc3, 0x26, 0xcb, 0x26, 0xcb, 0x26,
  0xc3, 0x05, 0xc2, 0xe5, 0xc2, 0xc5, 0xc2, 0xc4, 0xc2, 0xe5, 0xcb, 0x05,
  0xcb, 0x25, 0xcb, 0x45, 0xd3, 0x46, 0xd3, 0x66, 0xd3, 0x86, 0xdb, 0xa6,
  0xdb, 0x86, 0xd3, 0x66, 0xcb, 0x25, 0xd3, 0x45, 0xd3, 0x45, 0xdb, 0x45,
  0xd3, 0x45, 0xdb, 0x25, 0xd3, 0x24, 0xd3, 0x24, 0xca, 0xe3, 0xd3, 0x86,
  0xdb, 0xa6, 0xdc, 0x28, 0xec, 0xaa, 0xfd, 0xef, 0xfe, 0x92, 0xfe, 0xf3,
  0xfe, 0xd3, 0xfe, 0xf3, 0xff, 0x14, 0xff, 0x55, 0xff, 0xb7, 0xff, 0xb7,
  0xff, 0x76, 0xff, 0x55, 0xfe, 0xf2, 0xfe, 0x91, 0xee, 0x50, 0xdd, 0xad,
  0xd5, 0x09, 0xed, 0x8b, 0xfe, 0x2d, 0xfe, 0xf0, 0xff, 0x53, 0xff, 0x73,
  0xff, 0x75, 0xff, 0xb6, 0xff, 0x97, 0xff, 0x55, 0xff, 0x13, 0xfe, 0xf3,
  0xfe, 0xb1, 0xfe, 0x70, 0xfe, 0x0e, 0xf5, 0xed, 0xfe, 0x0e, 0xfe, 0x4e,
  0xfe, 0x6f, 0xfe, 0xb0, 0xfe, 0xf2, 0xff, 0x32, 0xff, 0x75, 0xff, 0x96,
  0xff, 0xb7, 0xff, 0xf8, 0xff, 0xf9, 0xff, 0xfa, 0xff, 0xfa, 0xff, 0xfb,
  0xff, 0xfa, 0xff, 0xda, 0xff, 0xda, 0xff, 0xda, 0xff, 0xda, 0xff, 0xda,
  0xff, 0xda, 0xff, 0xda, 0xff, 0xfa, 0xff, 0xfb, 0xff, 0xfb, 0xff, 0xfb,
  0xff, 0xfb, 0xff, 0xfb, 0xff, 0xfb, 0xff, 0xfb, 0xff, 0xfb, 0xff, 0xfa,
  0xff, 0xfa, 0xff, 0xfb, 0xff, 0xfb, 0xff, 0xfc, 0xff, 0xfc, 0xff, 0xfd,
  0xff, 0xfd, 0xff, 0xfe, 0xff, 0xfe, 0xff, 0xff, 0xff, 0xff, 0xff, 0xff,
  0xff, 0xff, 0xff, 0xff, 0xff, 0xff, 0xff, 0xff, 0xff, 0xfe, 0xff, 0xfe,
  0xff, 0xfe, 0xff, 0xfe, 0xff, 0xfe, 0xff, 0xfd, 0xff, 0xfd, 0xff, 0xfc,
  0xff, 0xdb, 0xff, 0xfb, 0x00, 0x00, 0x00, 0x00, 0x00, 0x00, 0x00, 0x00,
  0x00, 0x00, 0x00, 0x00, 0x00, 0x00, 0x00, 0x00, 0xb4, 0xed, 0xde, 0x12,
  0xee, 0xb4, 0xee, 0x94, 0xee, 0x94, 0xde, 0x32, 0xe6, 0x32, 0xbd, 0x0e,
  0x94, 0x0a, 0xb5, 0x0f, 0xd6, 0x13, 0xf7, 0x17, 0xff, 0x79, 0xff, 0x59,
  0xff, 0xba, 0xff, 0xbb, 0xff, 0xdb, 0xff, 0xfc, 0xff, 0xfc, 0xff, 0xfc,
  0xff, 0xdc, 0xff, 0xdb, 0xff, 0xdb, 0xff, 0xba, 0xff, 0xda, 0xff, 0xb9,
  0xff, 0x77, 0xff, 0x56, 0xff, 0x34, 0xfe, 0xd2, 0xfe, 0x90, 0xfe, 0x6f,
  0xed, 0xec, 0xe5, 0x8b, 0xe5, 0x8b, 0xf6, 0x0d, 0xfe, 0x6f, 0xfe, 0xb0,
  0xfe, 0xf0, 0xfe, 0x6e, 0xfe, 0x2c, 0xf5, 0xaa, 0xe5, 0x29, 0xd4, 0x86,
  0xc3, 0xe5, 0xbb, 0xa4, 0xb3, 0x43, 0xbb, 0x44, 0xb3, 0x23, 0xab, 0x02,
  0xab, 0x02, 0xb3, 0x84, 0xc3, 0xc5, 0xc3, 0xe6, 0xc3, 0xe6, 0xbb, 0x85,
  0xcc, 0x06, 0xe4, 0xc9, 0xdc, 0x88, 0xe5, 0x09, 0xf5, 0x6b, 0xfd, 0xec,
  0xfe, 0x8e, 0xfe, 0x6f, 0xe5, 0x09, 0xe5, 0x09, 0xdc, 0xc8, 0xbb, 0xa4,
  0x9a, 0x80, 0x92, 0x40, 0xa2, 0xe1, 0xcc, 0x05, 0xed, 0x09, 0xfd, 0xcc,
  0xf5, 0x6a, 0xdc, 0x67, 0xbb, 0x63, 0xa2, 0xa0, 0x9a, 0x80, 0xa2, 0x80,
  0xa2, 0xa1, 0x9a, 0x60, 0x92, 0x20, 0xa2, 0x81, 0xaa, 0xc2, 0xa2, 0x82,
  0xa2, 0x62, 0xa2, 0x62, 0xa2, 0x63, 0xa2, 0x63, 0xa2, 0x42, 0x9a, 0x22,
  0xa2, 0x42, 0xa2, 0x43, 0xa2, 0x43, 0xa2, 0x43, 0xa2, 0x43, 0xa2, 0x43,
  0xa2, 0x43, 0xa2, 0x43, 0xaa, 0x43, 0xaa, 0x63, 0xaa, 0x63, 0xaa, 0x63,
  0xaa, 0x84, 0xaa, 0x63, 0xaa, 0x43, 0xaa, 0x43, 0xaa, 0x63, 0xaa, 0x64,
  0xb2, 0x84, 0xb2, 0xc5, 0xba, 0xe5, 0xbb, 0x05, 0xc3, 0x05, 0xc3, 0x05,
  0xc2, 0xe5, 0xc2, 0xe5, 0xc2, 0xe5, 0xc2, 0xc5, 0xc2, 0xe5, 0xc3, 0x05,
  0xc3, 0x05, 0xcb, 0x25, 0xcb, 0x25, 0xcb, 0x25, 0xcb, 0x45, 0xd3, 0x65,
  0xd3, 0x45, 0xcb, 0x25, 0xcb, 0x04, 0xd3, 0x25, 0xd3, 0x25, 0xd3, 0x25,
  0xd3, 0x25, 0xd3, 0x25, 0xd3, 0x04, 0xd3, 0x04, 0xc2, 0x82, 0xcb, 0x04,
  0xc2, 0xe3, 0xcb, 0x86, 0xd3, 0xe7, 0xdc, 0xaa, 0xf5, 0xae, 0xfe, 0x71,
  0xfe, 0x91, 0xfe, 0x91, 0xfe, 0xd2, 0xfe, 0xf3, 0xff, 0x14, 0xff, 0x56,
  0xff, 0x56, 0xff, 0x35, 0xfe, 0xd2, 0xf6, 0x71, 0xf6, 0x93, 0xee, 0x0f,
  0xed, 0xac, 0xf5, 0xcc, 0xfe, 0x2b, 0xfe, 0xae, 0xfe, 0xd0, 0xfe, 0xaf,
  0xff, 0x33, 0xff, 0x74, 0xff, 0x97, 0xff, 0x77, 0xff, 0x35, 0xff, 0x35,
  0xfe, 0xd2, 0xfe, 0x30, 0xfe, 0x2e, 0xf5, 0xed, 0xf5, 0xed, 0xfe, 0x0d,
  0xfe, 0x2e, 0xfe, 0x6f, 0xfe, 0xd1, 0xfe, 0xf1, 0xff, 0x13, 0xff, 0x54,
  0xff, 0x96, 0xff, 0xb7, 0xff, 0xf9, 0xff, 0xfa, 0xff, 0xfa, 0xff, 0xfb,
  0xff, 0xfa, 0xff, 0xda, 0xff, 0xda, 0xff, 0xda, 0xff, 0xda, 0xff, 0xda,
  0xff, 0xda, 0xff, 0xda, 0xff, 0xfa, 0xff, 0xfb, 0xff, 0xfb, 0xff, 0xfb,
  0xff, 0xfb, 0xff, 0xfb, 0xff, 0xfb, 0xff, 0xfb, 0xff, 0xfb, 0xff, 0xfa,
  0xff, 0xfa, 0xff, 0xfb, 0xff, 0xfb, 0xff, 0xfc, 0xff, 0xfc, 0xff, 0xfd,
  0xff, 0xfd, 0xff, 0xfe, 0xff, 0xfe, 0xff, 0xff, 0xff, 0xff, 0xff, 0xff,
  0xff, 0xff, 0xff, 0xff, 0xff, 0xff, 0xff, 0xff, 0xff, 0xfe, 0xff, 0xfe,
  0xff, 0xfe, 0xff, 0xfe, 0xff, 0xfe, 0xff, 0xfd, 0xff, 0xfd, 0xff, 0xfd,
  0xff, 0xdb, 0xff, 0xda, 0x00, 0x00, 0x00, 0x00, 0x00, 0x00, 0x00, 0x00,
  0x00, 0x00, 0x00, 0x00, 0x00, 0x00, 0x00, 0x00, 0xa4, 0x4b, 0xa4, 0x6b,
  0xa4, 0x4b, 0xbd, 0x0e, 0xcd, 0x70, 0xb4, 0xed, 0xbd, 0x2e, 0xac, 0xad,
  0x93, 0xea, 0xbd, 0x2f, 0xde, 0x33, 0xf7, 0x38, 0xff, 0xba, 0xff, 0x79,
  0xff, 0xdb, 0xff, 0xbb, 0xff, 0xbb, 0xff, 0xfc, 0xff, 0xfc, 0xff, 0xdc,
  0xff, 0xdc, 0xff, 0xdb, 0xff, 0xdb, 0xff, 0xfb, 0xff, 0xda, 0xff, 0xb8,
  0xff, 0x55, 0xff, 0x55, 0xff, 0x53, 0xfe, 0xf2, 0xfe, 0x8e, 0xfe, 0x6e,
  0xe5, 0xaa, 0xe5, 0x6a, 0xe5, 0x8a, 0xf6, 0x0c, 0xfe, 0x6e, 0xfe, 0xaf,
  0xfe, 0xcf, 0xfe, 0x6e, 0xfe, 0x2c, 0xed, 0x8a, 0xe4, 0xe8, 0xd4, 0x67,
  0xcb, 0xc6, 0xc3, 0x65, 0xb3, 0x24, 0xb2, 0xe3, 0xa2, 0x81, 0x9a, 0x60,
  0xab, 0x03, 0xb3, 0x43, 0xab, 0x23, 0xab, 0x23, 0xb3, 0x43, 0xd4, 0x68,
  0xed, 0x0a, 0xe4, 0xe9, 0xed, 0x09, 0xf5, 0x4a, 0xfd, 0xac, 0xfe, 0x2d,
  0xfd, 0xed, 0xdc, 0xa8, 0xdc, 0x87, 0xdc, 0x67, 0xbb, 0x63, 0x9a, 0x60,
  0x8a, 0x00, 0xa2, 0xa0, 0xc3, 0xc4, 0xe4, 0x87, 0xfd, 0x4a, 0xfd, 0xac,
  0xe4, 0x87, 0xb3, 0x01, 0x9a, 0x40, 0xa2, 0x80, 0xa2, 0xa0, 0x9a, 0x60,
  0x92, 0x20, 0x8a, 0x00, 0x89, 0xe0, 0x92, 0x20, 0xa2, 0x61, 0x9a, 0x41,
  0x9a, 0x21, 0xa2, 0x62, 0xa2, 0x62, 0x9a, 0x22, 0x9a, 0x22, 0x9a, 0x22,
  0x9a, 0x22, 0xa2, 0x42, 0xa2, 0x43, 0xa2, 0x43, 0xa2, 0x43, 0xa2, 0x43,
  0xa2, 0x42, 0xa2, 0x42, 0xa2, 0x43, 0xaa, 0x43, 0xaa, 0x63, 0xaa, 0x63,
  0xaa, 0x63, 0xaa, 0x84, 0xaa, 0x63, 0xaa, 0x43, 0xaa, 0x43, 0xaa, 0x63,
  0xb2, 0x84, 0xb2, 0xa4, 0xb2, 0xa4, 0xb2, 0xc4, 0xba, 0xc5, 0xba, 0xe5,
  0xba, 0xe5, 0xc2, 0xe5, 0xc3, 0x05, 0xc2, 0xe5, 0xc2, 0xe4, 0xc2, 0xe4,
  0xc3, 0x05, 0xcb, 0x25, 0xcb, 0x25, 0xcb, 0x25, 0xcb, 0x45, 0xd3, 0x45,
  0xd3, 0x45, 0xcb, 0x05, 0xca, 0xe4, 0xca, 0xe4, 0xcb, 0x04, 0xd3, 0x04,
  0xca, 0xe4, 0xd3, 0x04, 0xca, 0xe4, 0xca, 0xe3, 0xba, 0x61, 0xca, 0xe3,
  0xba, 0x61, 0xba, 0xc3, 0xcb, 0x45, 0xcb, 0xa6, 0xec, 0x8a, 0xfd, 0x6d,
  0xfe, 0x30, 0xfe, 0x71, 0xfe, 0x91, 0xfe, 0x70, 0xfe, 0x91, 0xff, 0x33,
  0xff, 0x55, 0xff, 0x13, 0xf6, 0x6f, 0xf6, 0x4f, 0xfe, 0xf1, 0xfe, 0xf0,
  0xfe, 0xaf, 0xfe, 0x2d, 0xf5, 0xcc, 0xfd, 0xec, 0xfe, 0x2e, 0xfe, 0x6f,
  0xfe, 0xb0, 0xfe, 0xb0, 0xfe, 0xb0, 0xfe, 0x90, 0xfe, 0x6f, 0xfe, 0x6f,
  0xfe, 0x70, 0xfe, 0xd1, 0xfe, 0x4e, 0xfe, 0x0d, 0xfd, 0xed, 0xfe, 0x0d,
  0xfe, 0x0d, 0xfe, 0x0d, 0xfe, 0x2e, 0xfe, 0x6f, 0xfe, 0xb1, 0xfe, 0xf2,
  0xff, 0x34, 0xff, 0x75, 0xff, 0xb7, 0xff, 0xd8, 0xff, 0xf9, 0xff, 0xfa,
  0xff, 0xda, 0xff, 0xda, 0xff, 0xda, 0xff, 0xda, 0xff, 0xda, 0xff, 0xda,
  0xff, 0xda, 0xff, 0xda, 0xff, 0xfa, 0xff, 0xfb, 0xff, 0xfb, 0xff, 0xfb,
  0xff, 0xfb, 0xff, 0xfb, 0xff, 0xfb, 0xff, 0xfb, 0xff, 0xfb, 0xff, 0xfa,
  0xff, 0xfa, 0xff, 0xfa, 0xff, 0xfa, 0xff, 0xfc, 0xff, 0xfc, 0xff, 0xfd,
  0xff, 0xfd, 0xff, 0xfe, 0xff, 0xfe, 0xff, 0xff, 0xff, 0xff, 0xff, 0xff,
  0xff, 0xff, 0xff, 0xff, 0xff, 0xff, 0xff, 0xff, 0xff, 0xfe, 0xff, 0xfe,
  0xff, 0xfe, 0xff, 0xfe, 0xff, 0xfe, 0xff, 0xfe, 0xff, 0xfd, 0xff, 0xfd,
  0xff, 0xdb, 0xff, 0xba, 0x00, 0x00, 0x00, 0x00, 0x00, 0x00, 0x00, 0x00,
  0x00, 0x00, 0x00, 0x00, 0x00, 0x00, 0x00, 0x00, 0x6a, 0xa4, 0x72, 0xe5,
  0x7b, 0x26, 0xac, 0x8c, 0xac, 0x8c, 0x9c, 0x09, 0xac, 0xcc, 0xa4, 0x4c,
  0x9c, 0x2b, 0xcd, 0xd2, 0xe6, 0x95, 0xff, 0x79, 0xff, 0xfb, 0xff, 0xba,
  0xff, 0xfb, 0xff, 0xdb, 0xff, 0xdb, 0xff, 0xfc, 0xff, 0xfc, 0xff, 0xfc,
  0xff, 0xdc, 0xff, 0xdc, 0xff, 0xfb, 0xff, 0xfb, 0xff, 0xfa, 0xff, 0xfa,
  0xff, 0xb6, 0xff, 0x14, 0xfe, 0xd0, 0xfe, 0xd0, 0xfe, 0xcf, 0xfe, 0xaf,
  0xfe, 0x2c, 0xe5, 0xaa, 0xe5, 0x8a, 0xf6, 0x0c, 0xfe, 0x6e, 0xfe, 0x8e,
  0xfe, 0x8e, 0xfe, 0x0c, 0xed, 0x6a, 0xe5, 0x28, 0xdc, 0xa8, 0xc4, 0x05,
  0xbb, 0x64, 0xb3, 0x03, 0xaa, 0xc2, 0xaa, 0x82, 0x92, 0x20, 0x92, 0x20,
  0xb3, 0x23, 0xab, 0x03, 0xaa, 0xe2, 0xb3, 0x23, 0xb3, 0x23, 0xdc, 0xa9,
  0xe4, 0xa9, 0xd4, 0x67, 0xdc, 0x87, 0xed, 0x29, 0xfd, 0x8b, 0xfe, 0x0d,
  0xf5, 0x8b, 0xc3, 0xc4, 0xd4, 0x67, 0xbb, 0x63, 0x8a, 0x00, 0x79, 0xa0,
  0x9a, 0xa0, 0xcb, 0xe4, 0xdc, 0x87, 0xf5, 0x2a, 0xec, 0xe9, 0xcb, 0xc5,
  0xaa, 0xe1, 0x9a, 0x20, 0x89, 0xc0, 0x89, 0xc0, 0x81, 0xa0, 0x8a, 0x00,
  0x8a, 0x00, 0x8a, 0x00, 0x92, 0x00, 0x89, 0xe0, 0x91, 0xe0, 0x92, 0x00,
  0x9a, 0x21, 0x9a, 0x21, 0xa2, 0x22, 0x9a, 0x22, 0x9a, 0x22, 0x9a, 0x22,
  0xa2, 0x42, 0xa2, 0x43, 0xa2, 0x43, 0xa2, 0x43, 0xa2, 0x43, 0xa2, 0x43,
  0xa2, 0x42, 0xa2, 0x42, 0xa2, 0x42, 0xa2, 0x42, 0xaa, 0x63, 0xaa, 0x63,
  0xaa, 0x63, 0xaa, 0x64, 0xaa, 0x63, 0xaa, 0x63, 0xaa, 0x63, 0xaa, 0x64,
  0xb2, 0x84, 0xb2, 0x84, 0xb2, 0x84, 0xb2, 0xa4, 0xba, 0xc4, 0xba, 0xe5,
  0xba, 0xe5, 0xc3, 0x05, 0xc3, 0x05, 0xc2, 0xe5, 0xc2, 0xe4, 0xc2, 0xe4,
  0xc2, 0xe4, 0xcb, 0x04, 0xcb, 0x25, 0xcb, 0x05, 0xcb, 0x25, 0xcb, 0x25,
  0xcb, 0x25, 0xcb, 0x04, 0xc2, 0xc3, 0xc2, 0xc3, 0xc2, 0xc3, 0xca, 0xc3,
  0xca, 0xc3, 0xca, 0xe3, 0xca, 0xc3, 0xca, 0xe3, 0xc2, 0x82, 0xca, 0xe3,
  0xc2, 0xa2, 0xb2, 0x61, 0xba, 0xa2, 0xc3, 0x45, 0xcb, 0xa6, 0xd4, 0x28,
  0xe5, 0x0c, 0xfd, 0xef, 0xfe, 0xb1, 0xfe, 0xb1, 0xfe, 0x50, 0xfe, 0x71,
  0xfe, 0xd2, 0xfe, 0xf2, 0xf6, 0x90, 0xf6, 0x4e, 0xfe, 0xae, 0xfe, 0xcf,
  0xfe, 0xcf, 0xfe, 0x6e, 0xfe, 0x0d, 0xfe, 0x0d, 0xfe, 0x4e, 0xfe, 0x0d,
  0xf5, 0xec, 0xfd, 0xec, 0xfe, 0x0c, 0xfd, 0xec, 0xf5, 0xab, 0xed, 0x8b,
  0xfe, 0x70, 0xff, 0x12, 0xfe, 0x6f, 0xfe, 0x4f, 0xfe, 0x0d, 0xfd, 0xcd,
  0xfd, 0xcc, 0xf5, 0x8b, 0xf5, 0xac, 0xfd, 0xed, 0xfe, 0x4f, 0xfe, 0x90,
  0xfe, 0xf3, 0xff, 0x55, 0xff, 0x97, 0xff, 0xb8, 0xff, 0xd9, 0xff, 0xfa,
  0xff, 0xfa, 0xff, 0xda, 0xff, 0xda, 0xff, 0xda, 0xff, 0xda, 0xff, 0xda,
  0xff, 0xda, 0xff, 0xda, 0xff, 0xfa, 0xff, 0xfb, 0xff, 0xfb, 0xff, 0xfb,
  0xff, 0xfb, 0xff, 0xfb, 0xff, 0xfb, 0xff, 0xfb, 0xff, 0xfc, 0xff, 0xfa,
  0xff, 0xfa, 0xff, 0xfa, 0xff, 0xfa, 0xff, 0xfc, 0xff, 0xfc, 0xff, 0xfd,
  0xff, 0xfd, 0xff, 0xfe, 0xff, 0xfe, 0xff, 0xff, 0xff, 0xff, 0xff, 0xff,
  0xff, 0xff, 0xff, 0xff, 0xff, 0xff, 0xff, 0xff, 0xff, 0xfe, 0xff, 0xfe,
  0xff, 0xfe, 0xff, 0xfe, 0xff, 0xfe, 0xff, 0xfe, 0xff, 0xfd, 0xff, 0xfd,
  0xff, 0xdb, 0xff, 0xdb, 0x00, 0x00, 0x00, 0x00, 0x00, 0x00, 0x00, 0x00,
  0x00, 0x00, 0x00, 0x00, 0x00, 0x00, 0x5a, 0x23, 0x6a, 0x84, 0x7b, 0x06,
  0xac, 0x8c, 0xa4, 0x6b, 0xac, 0x6c, 0x72, 0xe6, 0xbd, 0x0e, 0xb4, 0xee,
  0xac, 0x8d, 0xc5, 0x71, 0xe6, 0x95, 0xff, 0x79, 0xff, 0xdb, 0xff, 0xdb,
  0xff, 0xdc, 0xff, 0xfc, 0xff, 0xfc, 0xff, 0xfc, 0xff, 0xfc, 0xff, 0xfc,
  0xff, 0xfd, 0xff, 0xfc, 0xff, 0xfc, 0xff, 0xfb, 0xff, 0xd9, 0xff, 0xd9,
  0xff, 0x54, 0xfe, 0xd2, 0xfe, 0x8f, 0xfe, 0xf0, 0xff, 0x2f, 0xfe, 0xce,
  0xfe, 0x6d, 0xf5, 0xeb, 0xed, 0xca, 0xfe, 0x4d, 0xfe, 0xaf, 0xfe, 0xcf,
  0xfe, 0xae, 0xfe, 0x0b, 0xfe, 0x0c, 0xe5, 0x29, 0xdc, 0x87, 0xc3, 0xa4,
  0xa2, 0x81, 0x89, 0xa0, 0x91, 0xc0, 0x91, 0xc0, 0x9a, 0x21, 0xa2, 0xa3,
  0xaa, 0xe3, 0xab, 0x03, 0xb3, 0x24, 0xb3, 0x65, 0xb3, 0x44, 0xc3, 0xc6,
  0xcb, 0xe6, 0xd4, 0x27, 0xe4, 0xa9, 0xe4, 0xa8, 0xe4, 0xa8, 0xdc, 0x27,
  0xcb, 0xc5, 0xaa, 0xc2, 0xb3, 0x02, 0xaa, 0xe1, 0x89, 0xc0, 0x9a, 0x40,
  0xbb, 0x63, 0xdc, 0x46, 0xe4, 0xa8, 0xe4, 0x67, 0xdc, 0x06, 0xb3, 0x02,
  0x9a, 0x40, 0x91, 0xe0, 0x89, 0xc0, 0x91, 0xe0, 0x91, 0xe0, 0x89, 0xc0,
  0x89, 0xa0, 0x92, 0x00, 0x9a, 0x20, 0x92, 0x00, 0x92, 0x00, 0x92, 0x21,
  0x9a, 0x41, 0x92, 0x21, 0x89, 0xe0, 0x92, 0x01, 0x9a, 0x02, 0x9a, 0x02,
  0x9a, 0x22, 0xa2, 0x43, 0xaa, 0x43, 0xaa, 0x63, 0xaa, 0x43, 0xaa, 0x43,
  0xaa, 0x42, 0xa2, 0x22, 0xa2, 0x22, 0xa2, 0x22, 0xaa, 0x42, 0xaa, 0x42,
  0xaa, 0x43, 0xb2, 0x84, 0xb2, 0xa4, 0xaa, 0xa4, 0xaa, 0x83, 0xaa, 0x83,
  0xaa, 0xa4, 0xb2, 0xc4, 0xb2, 0xc5, 0xba, 0xe5, 0xba, 0xe5, 0xba, 0xe5,
  0xba, 0xe4, 0xba, 0xe4, 0xba, 0xe4, 0xc2, 0xe4, 0xc2, 0xe4, 0xc2, 0xe4,
  0xc3, 0x05, 0xcb, 0x04, 0xcb, 0x04, 0xcb, 0x04, 0xcb, 0x05, 0xcb, 0x04,
  0xc2, 0xe4, 0xc2, 0xa3, 0xc2, 0xc3, 0xca, 0xc3, 0xca, 0xc3, 0xca, 0xc4,
  0xca, 0xc4, 0xca, 0xe4, 0xca, 0xe4, 0xca, 0xe4, 0xca, 0xe4, 0xca, 0xe4,
  0xc2, 0x82, 0xba, 0x82, 0xc2, 0xe4, 0xc3, 0x24, 0xc3, 0x04, 0xc3, 0x86,
  0xdc, 0x89, 0xfd, 0x8d, 0xfe, 0x91, 0xfe, 0xd1, 0xfe, 0x4f, 0xfe, 0x0e,
  0xfe, 0x6f, 0xfe, 0xd0, 0xfe, 0x6f, 0xf5, 0xed, 0xfe, 0x0d, 0xfe, 0x8f,
  0xfe, 0xd0, 0xfe, 0x8f, 0xfe, 0x0e, 0xfd, 0xed, 0xf5, 0xcc, 0xfd, 0xed,
  0xfd, 0xcc, 0xfd, 0xec, 0xfd, 0xec, 0xfd, 0x8a, 0xf5, 0x2a, 0xec, 0xe9,
  0xfd, 0x6c, 0xfd, 0xed, 0xfd, 0x2a, 0xf5, 0x09, 0xfd, 0xcc, 0xfe, 0x2e,
  0xfd, 0xeb, 0xfd, 0x8a, 0xfd, 0x8a, 0xfd, 0x6a, 0xfd, 0x8b, 0xfd, 0xcb,
  0xfe, 0x2f, 0xfe, 0x90, 0xfe, 0xf3, 0xff, 0x55, 0xff, 0x97, 0xff, 0xb8,
  0xff, 0xb9, 0xff, 0xda, 0xff, 0xda, 0xff, 0xda, 0xff, 0xda, 0xff, 0xda,
  0xff, 0xda, 0xff, 0xfb, 0xff, 0xfb, 0xff, 0xfb, 0xff, 0xfb, 0xff, 0xfb,
  0xff, 0xfb, 0xff, 0xfb, 0xff, 0xfb, 0xff, 0xfb, 0xff, 0xdb, 0xff, 0xda,
  0xff, 0xda, 0xff, 0xda, 0xff, 0xda, 0xff, 0xdb, 0xff, 0xdb, 0xff, 0xdc,
  0xff, 0xdc, 0xff, 0xfe, 0xff, 0xff, 0xff, 0xff, 0xff, 0xff, 0xff, 0xff,
  0xff, 0xff, 0xff, 0xff, 0xff, 0xff, 0xff, 0xff, 0xff, 0xfe, 0xff, 0xfe,
  0xff, 0xfe, 0xff, 0xfe, 0xff, 0xfe, 0xff, 0xfe, 0xff, 0xfd, 0xff, 0xfd,
  0xff, 0xfc, 0xff, 0xfc, 0xff, 0xfb, 0x00, 0x00, 0x00, 0x00, 0x00, 0x00,
  0x00, 0x00, 0x00, 0x00, 0x00, 0x00, 0x5a, 0x02, 0x83, 0x67, 0x9c, 0x2a,
  0x9c, 0x0a, 0xac, 0x8c, 0x9c, 0x2a, 0x7b, 0x06, 0xbd, 0x0e, 0xbd, 0x2f,
  0xb4, 0xee, 0xbd, 0x50, 0xe6, 0x95, 0xff, 0x99, 0xff, 0xba, 0xff, 0xbb,
  0xff, 0xdc, 0xff, 0xfc, 0xff, 0xfc, 0xff, 0xfc, 0xff, 0xfc, 0xff, 0xfd,
  0xff, 0xfd, 0xff, 0xfc, 0xff, 0xfc, 0xff, 0xdb, 0xff, 0xb9, 0xff, 0xb8,
  0xff, 0x33, 0xfe, 0xb1, 0xfe, 0xae, 0xff, 0x10, 0xff, 0x2f, 0xfe, 0xee,
  0xfe, 0x6c, 0xf6, 0x0b, 0xf5, 0xeb, 0xfe, 0x6d, 0xfe, 0xef, 0xfe, 0xef,
  0xfe, 0xce, 0xfe, 0x4c, 0xfe, 0x8e, 0xed, 0x6a, 0xe4, 0xa8, 0xbb, 0x84,
  0x9a, 0x20, 0x79, 0x20, 0x79, 0x20, 0x91, 0xc0, 0x9a, 0x41, 0x9a, 0x82,
  0xa2, 0xa3, 0xab, 0x04, 0xb3, 0x24, 0xab, 0x24, 0xaa, 0xe3, 0xb3, 0x24,
  0xc3, 0xc6, 0xc3, 0xa5, 0xc3, 0xc5, 0xd4, 0x06, 0xcb, 0xc5, 0xaa, 0xc1,
  0xa2, 0x60, 0xa2, 0x40, 0xaa, 0xa1, 0xb3, 0x02, 0x91, 0xe0, 0xb2, 0xe1,
  0xcb, 0xa5, 0xd4, 0x05, 0xd4, 0x25, 0xc3, 0x22, 0xc3, 0x43, 0xb2, 0xc1,
  0xa2, 0x40, 0x91, 0xe0, 0x92, 0x00, 0x9a, 0x20, 0x9a, 0x20, 0x91, 0xc0,
  0x89, 0x80, 0x9a, 0x00, 0xa2, 0x21, 0x9a, 0x21, 0x92, 0x00, 0x91, 0xe0,
  0x89, 0xe0, 0x81, 0xa0, 0x81, 0xc0, 0x9a, 0x42, 0xa2, 0x63, 0xa2, 0x63,
  0xa2, 0x43, 0xa2, 0x43, 0xa2, 0x23, 0xa2, 0x22, 0xa2, 0x22, 0xa2, 0x42,
  0xaa, 0x22, 0xa2, 0x22, 0xa2, 0x02, 0xa2, 0x02, 0xa2, 0x02, 0xa2, 0x22,
  0xa2, 0x22, 0xa2, 0x22, 0xa2, 0x42, 0xa2, 0x42, 0xa2, 0x42, 0xa2, 0x63,
  0xaa, 0x83, 0xaa, 0xa4, 0xba, 0xe5, 0xbb, 0x05, 0xba, 0xe5, 0xba, 0xe4,
  0xba, 0xc4, 0xb2, 0xa3, 0xb2, 0x83, 0xb2, 0x83, 0xb2, 0x83, 0xba, 0x83,
  0xba, 0xa3, 0xc2, 0xa3, 0xba, 0xa3, 0xc2, 0xa3, 0xc2, 0xc3, 0xc2, 0xc3,
  0xc2, 0xa3, 0xba, 0x82, 0xba, 0x62, 0xba, 0x62, 0xc2, 0x82, 0xc2, 0xa3,
  0xca, 0xc4, 0xd2, 0xe4, 0xd3, 0x05, 0xca, 0xc3, 0xd3, 0x04, 0xca, 0xc4,
  0xd3, 0x04, 0xcb, 0x25, 0xcb, 0x04, 0xc3, 0x04, 0xb2, 0xa3, 0xb3, 0x24,
  0xcb, 0xc7, 0xd4, 0x69, 0xf5, 0x8d, 0xfe, 0x90, 0xfe, 0x90, 0xf6, 0x0d,
  0xed, 0xcc, 0xed, 0xab, 0xe5, 0x6a, 0xe5, 0x8b, 0xf5, 0xec, 0xfe, 0x4e,
  0xfe, 0xf1, 0xff, 0x32, 0xfe, 0xd1, 0xfe, 0x4f, 0xfd, 0xed, 0xfe, 0x8f,
  0xfe, 0x8e, 0xfe, 0x2d, 0xfd, 0x6a, 0xe4, 0x87, 0xdc, 0x26, 0xdc, 0x67,
  0xdc, 0x26, 0xfd, 0xcd, 0xfd, 0xcc, 0xfd, 0x4b, 0xf4, 0xe8, 0xf5, 0x08,
  0xfd, 0x49, 0xfd, 0x69, 0xfd, 0x48, 0xfd, 0x48, 0xfd, 0x08, 0xf5, 0x07,
  0xf5, 0x6a, 0xfe, 0x0d, 0xfe, 0xb1, 0xfe, 0xf4, 0xff, 0x35, 0xff, 0x77,
  0xff, 0xd9, 0xff, 0xda, 0xff, 0xda, 0xff, 0xda, 0xff, 0xda, 0xff, 0xdb,
  0xff, 0xdb, 0xff, 0xfb, 0xff, 0xfb, 0xff, 0xfb, 0xff, 0xfb, 0xff, 0xfc,
  0xff, 0xfc, 0xff, 0xfb, 0xff, 0xfb, 0xff, 0xdb, 0xff, 0xba, 0xff, 0xda,
  0xff, 0xda, 0xff, 0xda, 0xff, 0xda, 0xff, 0xda, 0xff, 0xda, 0xff, 0xdb,
  0xff, 0xbb, 0xff, 0xfe, 0xff, 0xff, 0xff, 0xff, 0xff, 0xff, 0xff, 0xff,
  0xff, 0xff, 0xff, 0xff, 0xff, 0xff, 0xff, 0xff, 0xff, 0xfe, 0xff, 0xfe,
  0xff, 0xfe, 0xff, 0xfe, 0xff, 0xfe, 0xff, 0xfe, 0xff, 0xfd, 0xff, 0xfd,
  0xff, 0xfc, 0xff, 0xfc, 0xff, 0xfb, 0x00, 0x00, 0x00, 0x00, 0x00, 0x00,
  0x00, 0x00, 0x00, 0x00, 0x00, 0x00, 0x62, 0x43, 0x8b, 0x68, 0xb4, 0xed,
  0x93, 0xc9, 0xa4, 0x6b, 0x83, 0x67, 0xac, 0xac, 0xb4, 0xee, 0xb4, 0xee,
  0xc5, 0x70, 0xd6, 0x13, 0xf7, 0x17, 0xff, 0xba, 0xff, 0xdb, 0xff, 0xbb,
  0xff, 0xbb, 0xff, 0xdc, 0xff, 0xfc, 0xff, 0xfc, 0xff, 0xfd, 0xff, 0xfd,
  0xff, 0xfd, 0xff, 0xfc, 0xff, 0xfc, 0xff, 0xdb, 0xff, 0xb9, 0xff, 0xb8,
  0xff, 0x33, 0xfe, 0xb1, 0xfe, 0xae, 0xfe, 0xf0, 0xff, 0x0f, 0xfe, 0xee,
  0xfe, 0x6c, 0xf6, 0x0b, 0xf6, 0x0c, 0xfe, 0x8e, 0xfe, 0xef, 0xfe, 0xef,
  0xfe, 0x8e, 0xfe, 0x2c, 0xfe, 0x0c, 0xed, 0x49, 0xe4, 0xa8, 0xb3, 0x43,
  0x92, 0x00, 0x81, 0x60, 0x79, 0x40, 0xa2, 0x43, 0x89, 0xe1, 0x79, 0x60,
  0x92, 0x62, 0xa2, 0xc3, 0xa2, 0xa3, 0xa2, 0xc3, 0xa2, 0xc3, 0xb3, 0x24,
  0xb3, 0x24, 0xa2, 0x81, 0xa2, 0xa2, 0xb2, 0xc2, 0xbb, 0x23, 0xaa, 0xa2,
  0x9a, 0x00, 0x92, 0x00, 0xa2, 0x41, 0xbb, 0x24, 0xaa, 0xa2, 0xbb, 0x44,
  0xc3, 0x85, 0xc3, 0x43, 0xbb, 0x23, 0xa2, 0x40, 0xaa, 0x40, 0xaa, 0x81,
  0xa2, 0x60, 0x9a, 0x20, 0x9a, 0x20, 0x9a, 0x41, 0x9a, 0x21, 0x91, 0xe0,
  0x91, 0xe0, 0x92, 0x01, 0x92, 0x01, 0x92, 0x01, 0x92, 0x01, 0x92, 0x01,
  0x92, 0x01, 0x8a, 0x01, 0x92, 0x21, 0x9a, 0x42, 0x9a, 0x43, 0xa2, 0x63,
  0xa2, 0x43, 0xa2, 0x43, 0xa2, 0x22, 0xa2, 0x02, 0xa2, 0x02, 0xa2, 0x22,
  0xa2, 0x02, 0xa2, 0x02, 0xa2, 0x01, 0xa2, 0x01, 0xa2, 0x01, 0xa2, 0x01,
  0xa2, 0x22, 0x9a, 0x01, 0x9a, 0x22, 0x9a, 0x22, 0xa2, 0x42, 0xa2, 0x63,
  0xaa, 0x83, 0xaa, 0xa4, 0xb2, 0xc4, 0xb2, 0xc5, 0xba, 0xe5, 0xba, 0xe4,
  0xba, 0xc4, 0xb2, 0xc4, 0xb2, 0xa3, 0xb2, 0x83, 0xb2, 0x62, 0xb2, 0x62,
  0xb2, 0x82, 0xba, 0xa3, 0xba, 0xa3, 0xba, 0xa3, 0xba, 0x62, 0xb2, 0x41,
  0xb2, 0x41, 0xba, 0x82, 0xc2, 0xc3, 0xc2, 0xc4, 0xca, 0xe4, 0xca, 0xe5,
  0xcb, 0x05, 0xd3, 0x25, 0xd3, 0x46, 0xca, 0xe4, 0xd3, 0x46, 0xcb, 0x04,
  0xd3, 0x25, 0xcb, 0x25, 0xcb, 0x04, 0xcb, 0x25, 0xc3, 0x05, 0xb2, 0xe4,
  0xb2, 0xe4, 0xc3, 0xa6, 0xe4, 0xca, 0xfd, 0xad, 0xfe, 0x0f, 0xfe, 0x0e,
  0xf5, 0xac, 0xed, 0x6b, 0xed, 0x6a, 0xe5, 0x4a, 0xe5, 0x4a, 0xed, 0x8c,
  0xfe, 0x0f, 0xfe, 0x50, 0xfe, 0xb1, 0xff, 0x74, 0xfe, 0xd1, 0xfe, 0x70,
  0xfe, 0x4e, 0xfe, 0x0d, 0xfd, 0xab, 0xf5, 0x09, 0xec, 0x88, 0xf4, 0xc9,
  0xe4, 0x27, 0xf4, 0xa9, 0xf4, 0xe9, 0xfd, 0x4b, 0xfd, 0x29, 0xf4, 0x87,
  0xfc, 0xa6, 0xfc, 0xe7, 0xfc, 0xe7, 0xfd, 0x28, 0xfc, 0xe8, 0xfc, 0xe8,
  0xfd, 0x09, 0xfd, 0x2a, 0xfd, 0x8d, 0xfe, 0x30, 0xfe, 0xd3, 0xff, 0x96,
  0xff, 0xd8, 0xff, 0xd9, 0xff, 0xd9, 0xff, 0xda, 0xff, 0xda, 0xff, 0xda,
  0xff, 0xda, 0xff, 0xfb, 0xff, 0xfb, 0xff, 0xfb, 0xff, 0xfb, 0xff, 0xfb,
  0xff, 0xfb, 0xff, 0xfb, 0xff, 0xfb, 0xff, 0xdb, 0xff, 0xdb, 0xff, 0xda,
  0xff, 0xda, 0xff, 0xda, 0xff, 0xda, 0xff, 0xda, 0xff, 0xda, 0xff, 0xdc,
  0xff, 0xdb, 0xff, 0xfe, 0xff, 0xff, 0xff, 0xff, 0xff, 0xff, 0xff, 0xff,
  0xff, 0xff, 0xff, 0xff, 0xff, 0xff, 0xff, 0xff, 0xff, 0xff, 0xff, 0xff,
  0xff, 0xff, 0xff, 0xfe, 0xff, 0xfe, 0xff, 0xfe, 0xff, 0xfe, 0xff, 0xfd,
  0xff, 0xfd, 0xff, 0xfd, 0xff, 0xfb, 0x00, 0x00, 0x00, 0x00, 0x00, 0x00,
  0x00, 0x00, 0x00, 0x00, 0x00, 0x00, 0x6a, 0xa4, 0xa4, 0x4a, 0x9c, 0x2a,
  0xa4, 0x4b, 0xb4, 0xad, 0x8b, 0x88, 0xac, 0x8c, 0xc5, 0x4f, 0xd5, 0xd2,
  0xe6, 0x74, 0xf7, 0x17, 0xff, 0xb9, 0xff, 0xfb, 0xff, 0xdb, 0xff, 0xbb,
  0xff, 0xbb, 0xff, 0xdc, 0xff, 0xfc, 0xff, 0xfd, 0xff, 0xfd, 0xff, 0xfd,
  0xff, 0xfd, 0xff, 0xfc, 0xff, 0xfc, 0xff, 0xdb, 0xff, 0x99, 0xff, 0xb8,
  0xff, 0x33, 0xfe, 0xb1, 0xfe, 0x8e, 0xfe, 0xcf, 0xff, 0x0f, 0xfe, 0xef,
  0xfe, 0x6d, 0xf6, 0x0b, 0xf6, 0x2c, 0xfe, 0x8e, 0xfe, 0xef, 0xfe, 0xef,
  0xfe, 0x8d, 0xf5, 0xeb, 0xfd, 0x8a, 0xed, 0x29, 0xdc, 0x67, 0xab, 0x02,
  0x91, 0xe0, 0x79, 0x20, 0x81, 0x60, 0x91, 0xe1, 0x71, 0x20, 0x68, 0xe0,
  0x81, 0xa0, 0x8a, 0x21, 0x8a, 0x21, 0x9a, 0x62, 0x9a, 0x82, 0xa2, 0xa2,
  0x9a, 0x61, 0x89, 0xe0, 0xa2, 0xa2, 0xa2, 0x40, 0xaa, 0xa2, 0xa2, 0x81,
  0x9a, 0x00, 0x91, 0xe0, 0x9a, 0x40, 0x9a, 0x41, 0xaa, 0xa2, 0xb2, 0xc2,
  0xa2, 0x61, 0x9a, 0x01, 0x9a, 0x00, 0x99, 0xc0, 0xaa, 0x41, 0xa2, 0x20,
  0xa2, 0x20, 0xa2, 0x20, 0xa2, 0x40, 0xa2, 0x41, 0xa2, 0x41, 0x9a, 0x00,
  0x9a, 0x21, 0x91, 0xe1, 0x89, 0xa0, 0x89, 0xc0, 0x89, 0xe1, 0x91, 0xe1,
  0x92, 0x01, 0x92, 0x01, 0x92, 0x42, 0xa2, 0x83, 0xa2, 0x63, 0xa2, 0x63,
  0xa2, 0x43, 0xa2, 0x22, 0xa2, 0x02, 0xa2, 0x02, 0xa2, 0x22, 0xa2, 0x22,
  0xa2, 0x22, 0xa2, 0x22, 0xa2, 0x22, 0xa2, 0x21, 0xa2, 0x01, 0xa2, 0x01,
  0xa2, 0x01, 0xa2, 0x21, 0x9a, 0x22, 0xa2, 0x22, 0xa2, 0x42, 0xa2, 0x63,
  0xa2, 0x83, 0xaa, 0xa4, 0xaa, 0xa4, 0xaa, 0xa4, 0xb2, 0xa4, 0xb2, 0xc4,
  0xb2, 0xc4, 0xb2, 0xc4, 0xb2, 0xc4, 0xb2, 0xa3, 0xb2, 0x83, 0xb2, 0x62,
  0xaa, 0x42, 0xb2, 0x82, 0xba, 0x83, 0xba, 0x83, 0xba, 0x82, 0xb2, 0x41,
  0xba, 0x62, 0xcb, 0x04, 0xcb, 0x04, 0xcb, 0x25, 0xcb, 0x04, 0xca, 0xe5,
  0xca, 0xe5, 0xca, 0xe5, 0xcb, 0x05, 0xd3, 0x25, 0xcb, 0x05, 0xd3, 0x25,
  0xd3, 0x05, 0xcb, 0x25, 0xcb, 0x25, 0xcb, 0x25, 0xd3, 0x46, 0xba, 0xc4,
  0xb2, 0xa3, 0xb3, 0x04, 0xc3, 0xa6, 0xd4, 0x28, 0xec, 0xea, 0xf5, 0x6b,
  0xf5, 0x8b, 0xed, 0x6b, 0xed, 0x6a, 0xe5, 0x2a, 0xdc, 0xe9, 0xdd, 0x0a,
  0xe5, 0x2b, 0xed, 0x4c, 0xf5, 0x6d, 0xf6, 0x50, 0xfe, 0xb1, 0xfe, 0xf2,
  0xff, 0x32, 0xfe, 0x8f, 0xfd, 0xab, 0xfd, 0x09, 0xfc, 0xa8, 0xec, 0x67,
  0xec, 0x27, 0xdb, 0xc5, 0xec, 0x06, 0xf4, 0x67, 0xfc, 0xe8, 0xfc, 0xe8,
  0xfd, 0x07, 0xfc, 0xe7, 0xfc, 0xa6, 0xfc, 0xc7, 0xec, 0x45, 0xdb, 0xe3,
  0xd3, 0xc4, 0xd3, 0xe5, 0xf4, 0xc9, 0xfe, 0x0f, 0xfe, 0xf3, 0xff, 0x95,
  0xff, 0xb7, 0xff, 0xb9, 0xff, 0xd9, 0xff, 0xda, 0xff, 0xda, 0xff, 0xda,
  0xff, 0xda, 0xff, 0xfb, 0xff, 0xfb, 0xff, 0xfb, 0xff, 0xfb, 0xff, 0xfb,
  0xff, 0xfb, 0xff, 0xfb, 0xff, 0xfb, 0xff, 0xdb, 0xff, 0xdb, 0xff, 0xba,
  0xff, 0xba, 0xff, 0xda, 0xff, 0xda, 0xff, 0xda, 0xff, 0xda, 0xff, 0xdc,
  0xff, 0xdb, 0xff, 0xfe, 0xff, 0xff, 0xff, 0xff, 0xff, 0xff, 0xff, 0xff,
  0xff, 0xff, 0xff, 0xff, 0xff, 0xff, 0xff, 0xff, 0xff, 0xff, 0xff, 0xff,
  0xff, 0xff, 0xff, 0xff, 0xff, 0xfe, 0xff, 0xfe, 0xff, 0xfe, 0xff, 0xfd,
  0xff, 0xfd, 0xff, 0xfd, 0xff, 0xfc, 0x00, 0x00, 0x00, 0x00, 0x00, 0x00,
  0x00, 0x00, 0x00, 0x00, 0x00, 0x00, 0x7b, 0x26, 0x9b, 0xe9, 0x6a, 0xa4,
  0xac, 0xac, 0x93, 0xe9, 0x83, 0x47, 0xac, 0x8c, 0xd5, 0xf2, 0xf6, 0xd6,
  0xfe, 0xf6, 0xff, 0x58, 0xff, 0xdb, 0xff, 0xfc, 0xff, 0xdb, 0xff, 0x9b,
  0xff, 0xbb, 0xff, 0xdc, 0xff, 0xfc, 0xff, 0xfc, 0xff, 0xfd, 0xff, 0xfd,
  0xff, 0xfd, 0xff, 0xfc, 0xff, 0xfc, 0xff, 0xdb, 0xff, 0xb9, 0xff, 0xb8,
  0xff, 0x33, 0xfe, 0xb1, 0xfe, 0x8e, 0xfe, 0xcf, 0xff, 0x0f, 0xfe, 0xef,
  0xfe, 0x6d, 0xf6, 0x0b, 0xfe, 0x4d, 0xfe, 0xcf, 0xfe, 0xef, 0xff, 0x0f,
  0xfe, 0x8d, 0xf5, 0xeb, 0xfd, 0xab, 0xed, 0x08, 0xc3, 0xa5, 0x9a, 0x60,
  0x91, 0xe0, 0x79, 0x40, 0x91, 0xe2, 0x81, 0x61, 0x71, 0x40, 0x81, 0xe2,
  0x81, 0xe1, 0x79, 0xe0, 0x81, 0xc0, 0x8a, 0x00, 0x8a, 0x00, 0x89, 0xe0,
  0x8a, 0x00, 0x89, 0xc0, 0x92, 0x00, 0x89, 0x80, 0x89, 0xa0, 0x91, 0xc0,
  0x89, 0xa0, 0x91, 0xe0, 0xa2, 0x62, 0x9a, 0x21, 0x81, 0x60, 0x89, 0xa0,
  0x81, 0x60, 0x71, 0x00, 0x70, 0xe0, 0x79, 0x00, 0x89, 0x80, 0x79, 0x40,
  0x81, 0x60, 0x81, 0x80, 0x81, 0xa0, 0x81, 0xa0, 0x81, 0xa0, 0x81, 0x80,
  0x81, 0xa0, 0x81, 0xc0, 0x81, 0xc0, 0x81, 0xe0, 0x89, 0xe1, 0x8a, 0x01,
  0x8a, 0x01, 0x8a, 0x01, 0x8a, 0x42, 0x9a, 0x83, 0xaa, 0xa5, 0xaa, 0xa5,
  0xaa, 0x85, 0xa2, 0x64, 0xa2, 0x43, 0xa2, 0x43, 0xaa, 0x63, 0xaa, 0x63,
  0xaa, 0x63, 0xaa, 0x43, 0xaa, 0x42, 0xa2, 0x42, 0xa2, 0x22, 0xa2, 0x22,
  0xa2, 0x22, 0xa2, 0x22, 0xa2, 0x22, 0xa2, 0x22, 0x9a, 0x22, 0xa2, 0x43,
  0xa2, 0x63, 0xa2, 0x83, 0xa2, 0x84, 0xa2, 0x63, 0xaa, 0x83, 0xaa, 0xa4,
  0xb2, 0xa4, 0xb2, 0xc4, 0xb2, 0xa3, 0xaa, 0x83, 0xaa, 0x62, 0xaa, 0x42,
  0xaa, 0x42, 0xb2, 0x82, 0xba, 0xc3, 0xc2, 0xe4, 0xc3, 0x04, 0xc3, 0x04,
  0xcb, 0x24, 0xd3, 0x66, 0xcb, 0x04, 0xc2, 0xe4, 0xc2, 0xe4, 0xc2, 0xe5,
  0xc2, 0xe5, 0xc2, 0xc4, 0xba, 0x84, 0xc2, 0xe5, 0xba, 0x84, 0xc2, 0xe5,
  0xcb, 0x06, 0xcb, 0x26, 0xcb, 0x46, 0xcb, 0x66, 0xd3, 0x87, 0xbb, 0x05,
  0xb2, 0xc3, 0xaa, 0xa3, 0xa2, 0xa3, 0xb3, 0x04, 0xc3, 0xa7, 0xd4, 0x69,
  0xe4, 0xca, 0xe4, 0xea, 0xe4, 0xe9, 0xe4, 0xea, 0xe4, 0xea, 0xe4, 0xca,
  0xe4, 0xea, 0xdc, 0xca, 0xdc, 0x8a, 0xec, 0xeb, 0xfd, 0xad, 0xfe, 0x50,
  0xfe, 0xf2, 0xfe, 0xb1, 0xfe, 0x0e, 0xf5, 0x6c, 0xf4, 0xca, 0xdb, 0x85,
  0xf4, 0x08, 0xf4, 0x28, 0xf4, 0x28, 0xec, 0x07, 0xe4, 0x26, 0xec, 0x47,
  0xec, 0x87, 0xec, 0x86, 0xec, 0x66, 0xec, 0x46, 0xe4, 0x26, 0xdb, 0xc5,
  0xd3, 0xa5, 0xcb, 0xa5, 0xe4, 0x68, 0xfd, 0x8d, 0xfe, 0x50, 0xfe, 0xf2,
  0xff, 0x96, 0xff, 0xb8, 0xff, 0xb8, 0xff, 0xd9, 0xff, 0xda, 0xff, 0xda,
  0xff, 0xda, 0xff, 0xdb, 0xff, 0xfb, 0xff, 0xfb, 0xff, 0xfb, 0xff, 0xfb,
  0xff, 0xfb, 0xff, 0xfb, 0xff, 0xfb, 0xff, 0xdb, 0xff, 0xbb, 0xff, 0xbb,
  0xff, 0xbb, 0xff, 0xda, 0xff, 0xda, 0xff, 0xda, 0xff, 0xda, 0xff, 0xdc,
  0xff, 0xdb, 0xff, 0xfe, 0xff, 0xfe, 0xff, 0xff, 0xff, 0xff, 0xff, 0xff,
  0xff, 0xff, 0xff, 0xff, 0xff, 0xff, 0xff, 0xff, 0xff, 0xff, 0xff, 0xff,
  0xff, 0xff, 0xff, 0xff, 0xff, 0xfe, 0xff, 0xfe, 0xff, 0xfe, 0xff, 0xfd,
  0xff, 0xfd, 0xff, 0xfe, 0xff, 0xfb, 0x00, 0x00, 0x00, 0x00, 0x00, 0x00,
  0x00, 0x00, 0x00, 0x00, 0x8b, 0x88, 0xc5, 0x4f, 0xd5, 0xb0, 0xac, 0xac,
  0xd5, 0xf1, 0xc5, 0x6f, 0xc5, 0x6f, 0xe6, 0x53, 0xee, 0xb5, 0xff, 0x37,
  0xff, 0x58, 0xff, 0x79, 0xff, 0xfb, 0xff, 0xfc, 0xff, 0xfb, 0xff, 0xbb,
  0xff, 0xdb, 0xff, 0xdc, 0xff, 0xfd, 0xff, 0xfc, 0xff, 0xfc, 0xff, 0xfd,
  0xff, 0xfd, 0xff, 0xfc, 0xff, 0xfc, 0xff, 0xdb, 0xff, 0x98, 0xff, 0xb8,
  0xff, 0x13, 0xfe, 0xb1, 0xfe, 0x8e, 0xfe, 0xaf, 0xff, 0x0f, 0xff, 0x50,
  0xfe, 0xce, 0xfe, 0x6d, 0xfe, 0x8e, 0xfe, 0xef, 0xff, 0x10, 0xff, 0x10,
  0xfe, 0x8e, 0xf5, 0xea, 0xf5, 0x49, 0xdc, 0xa7, 0xc3, 0xa5, 0x92, 0x20,
  0x92, 0x01, 0x81, 0xa0, 0x9a, 0x23, 0x9a, 0x03, 0x89, 0xe2, 0x8a, 0x23,
  0x81, 0xe2, 0x71, 0xa0, 0x71, 0x60, 0x71, 0x60, 0x71, 0x60, 0x79, 0x40,
  0x81, 0x80, 0x81, 0xa0, 0x71, 0x20, 0x78, 0xe0, 0x81, 0x40, 0x81, 0x40,
  0x79, 0x20, 0x81, 0x40, 0xa2, 0x42, 0xaa, 0xa4, 0x79, 0x00, 0x81, 0x60,
  0x79, 0x40, 0x70, 0xe0, 0x68, 0xa0, 0x70, 0xa0, 0x79, 0x20, 0x71, 0x00,
  0x71, 0x00, 0x71, 0x00, 0x71, 0x00, 0x71, 0x00, 0x71, 0x20, 0x71, 0x20,
  0x79, 0x60, 0x71, 0x20, 0x69, 0x00, 0x69, 0x40, 0x71, 0x60, 0x71, 0x80,
  0x71, 0xa0, 0x79, 0xc1, 0x79, 0xa0, 0x79, 0x81, 0x92, 0x22, 0x92, 0x23,
  0x9a, 0x43, 0xa2, 0x64, 0xaa, 0x85, 0xaa, 0x85, 0xaa, 0x64, 0xaa, 0x44,
  0xaa, 0x43, 0xa2, 0x22, 0xa2, 0x22, 0xa2, 0x22, 0xa2, 0x22, 0xa2, 0x02,
  0xa2, 0x02, 0xa2, 0x01, 0x9a, 0x01, 0x9a, 0x01, 0x9a, 0x02, 0x9a, 0x02,
  0x9a, 0x22, 0x9a, 0x42, 0x9a, 0x43, 0x9a, 0x43, 0xa2, 0x63, 0xa2, 0x83,
  0xaa, 0x83, 0xaa, 0xa3, 0xaa, 0x83, 0xaa, 0x83, 0xaa, 0x62, 0xa2, 0x21,
  0xaa, 0x62, 0xba, 0xc3, 0xc3, 0x04, 0xcb, 0x24, 0xc3, 0x04, 0xc3, 0x04,
  0xc2, 0xe3, 0xba, 0xa3, 0xc2, 0xc3, 0xc2, 0xe4, 0xcb, 0x05, 0xcb, 0x26,
  0xcb, 0x26, 0xc3, 0x06, 0xc2, 0xe5, 0xcb, 0x06, 0xc2, 0xe5, 0xcb, 0x26,
  0xcb, 0x26, 0xc3, 0x05, 0xc3, 0x05, 0xba, 0xe4, 0xc3, 0x05, 0xaa, 0x83,
  0xa2, 0x62, 0xa2, 0x62, 0x9a, 0x41, 0x9a, 0x62, 0xaa, 0xc3, 0xb3, 0x24,
  0xc3, 0xa6, 0xcc, 0x06, 0xd4, 0x47, 0xdc, 0x88, 0xdc, 0x89, 0xdc, 0x89,
  0xe4, 0xaa, 0xe4, 0xaa, 0xdc, 0xaa, 0xe4, 0xaa, 0xe4, 0xaa, 0xe4, 0xca,
  0xfd, 0x4c, 0xf5, 0x6c, 0xfd, 0x6c, 0xfd, 0x6c, 0xfd, 0x0c, 0xfd, 0x0c,
  0xfd, 0x2c, 0xeb, 0xc7, 0xe3, 0x86, 0xe3, 0x86, 0xdb, 0xc5, 0xdb, 0xe5,
  0xdc, 0x25, 0xe4, 0x66, 0xec, 0x46, 0xe4, 0x05, 0xe4, 0x06, 0xec, 0x27,
  0xec, 0x48, 0xec, 0x48, 0xdc, 0x28, 0xec, 0x89, 0xf5, 0x4c, 0xfe, 0x4f,
  0xff, 0x34, 0xff, 0x97, 0xff, 0x97, 0xff, 0xb9, 0xff, 0xd9, 0xff, 0xda,
  0xff, 0xba, 0xff, 0xdb, 0xff, 0xfb, 0xff, 0xfb, 0xff, 0xfb, 0xff, 0xfb,
  0xff, 0xfb, 0xff, 0xfb, 0xff, 0xfb, 0xff, 0xdb, 0xff, 0xbb, 0xff, 0xbb,
  0xff, 0xbb, 0xff, 0xba, 0xff, 0xba, 0xff, 0xda, 0xff, 0xda, 0xff, 0xdc,
  0xff, 0xdc, 0xff, 0xfe, 0xff, 0xfe, 0xff, 0xff, 0xff, 0xff, 0xff, 0xff,
  0xff, 0xff, 0xff, 0xff, 0xff, 0xff, 0xff, 0xff, 0xff, 0xff, 0xff, 0xff,
  0xff, 0xff, 0xff, 0xff, 0xff, 0xfe, 0xff, 0xfe, 0xff, 0xfe, 0xff, 0xfe,
  0xff, 0xfd, 0xff, 0xfe, 0xff, 0xfb, 0xff, 0xfb, 0x00, 0x00, 0x00, 0x00,
  0x00, 0x00, 0x00, 0x00, 0xac, 0x8c, 0xbd, 0x0e, 0xc5, 0x6f, 0xd5, 0xf1,
  0xd5, 0xd1, 0xde, 0x12, 0xe6, 0x53, 0xff, 0x16, 0xfe, 0xf6, 0xff, 0x99,
  0xff, 0xda, 0xff, 0xda, 0xff, 0xfc, 0xff, 0xfc, 0xff, 0xfb, 0xff, 0xbb,
  0xff, 0xbb, 0xff, 0xfc, 0xff, 0xfc, 0xff, 0xfc, 0xff, 0xfc, 0xff, 0xfd,
  0xff, 0xfd, 0xff, 0xfc, 0xff, 0xfc, 0xff, 0xdb, 0xff, 0x78, 0xff, 0x77,
  0xff, 0x13, 0xfe, 0xb1, 0xfe, 0xae, 0xff, 0x10, 0xff, 0x2f, 0xff, 0x0f,
  0xfe, 0xef, 0xfe, 0xce, 0xfe, 0xcf, 0xfe, 0xf0, 0xfe, 0xef, 0xfe, 0xcf,
  0xfe, 0x8d, 0xed, 0x69, 0xed, 0x29, 0xd4, 0x46, 0xa2, 0xa2, 0x92, 0x20,
  0xaa, 0xa4, 0x9a, 0x43, 0x89, 0xa2, 0x81, 0x41, 0x71, 0x01, 0x60, 0xe0,
  0x61, 0x00, 0x61, 0x20, 0x69, 0x00, 0x60, 0xc0, 0x60, 0xc0, 0x68, 0xe0,
  0x71, 0x00, 0x79, 0x40, 0x81, 0x40, 0x81, 0x40, 0x91, 0xa0, 0x89, 0x80,
  0x81, 0x60, 0x91, 0xe2, 0x9a, 0x22, 0xa2, 0x63, 0x89, 0xa0, 0x81, 0xa0,
  0x81, 0x60, 0x79, 0x60, 0x79, 0x60, 0x79, 0x20, 0x79, 0x20, 0x71, 0x40,
  0x79, 0x60, 0x71, 0x60, 0x69, 0x40, 0x69, 0x40, 0x71, 0x60, 0x71, 0xa0,
  0x79, 0xc0, 0x69, 0x60, 0x61, 0x20, 0x61, 0x20, 0x59, 0x00, 0x59, 0x00,
  0x58, 0xe0, 0x58, 0xe0, 0x50, 0xc0, 0x58, 0xc0, 0x71, 0x00, 0x71, 0x20,
  0x79, 0x40, 0x81, 0x61, 0x89, 0xa1, 0x91, 0xc1, 0x91, 0xc2, 0xa2, 0x23,
  0xa2, 0x23, 0xa2, 0x43, 0xaa, 0x63, 0xa2, 0x23, 0xa2, 0x02, 0x9a, 0x01,
  0x9a, 0x01, 0x9a, 0x01, 0x9a, 0x01, 0x91, 0xe1, 0x91, 0xc1, 0x91, 0xc1,
  0x91, 0xe1, 0x92, 0x02, 0x92, 0x02, 0x9a, 0x22, 0x9a, 0x42, 0xa2, 0x63,
  0xa2, 0x63, 0xaa, 0x83, 0xaa, 0x83, 0xaa, 0x83, 0xaa, 0x62, 0xa2, 0x42,
  0xaa, 0x82, 0xba, 0xe4, 0xc3, 0x25, 0xcb, 0x45, 0xcb, 0x65, 0xcb, 0x45,
  0xc3, 0x24, 0xba, 0xe3, 0xb2, 0xa3, 0xba, 0xc3, 0xba, 0xa3, 0xb2, 0x83,
  0xb2, 0x62, 0xaa, 0x42, 0xaa, 0x22, 0xaa, 0x23, 0xa2, 0x22, 0xa2, 0x22,
  0x9a, 0x02, 0x99, 0xe1, 0x91, 0xc1, 0x91, 0xc0, 0x91, 0xa0, 0x81, 0x80,
  0x89, 0xa0, 0x89, 0xa0, 0x81, 0xa0, 0x81, 0xc0, 0x89, 0xe0, 0x89, 0xe0,
  0x8a, 0x01, 0x92, 0x41, 0x92, 0x62, 0x9a, 0x62, 0x9a, 0xa2, 0xa2, 0xe3,
  0xaa, 0xe3, 0xaa, 0xe4, 0xa2, 0xc4, 0xa2, 0x83, 0xb3, 0x24, 0xbb, 0x45,
  0xcb, 0xa6, 0xcb, 0xa6, 0xdb, 0x85, 0xdb, 0xc6, 0xeb, 0xc7, 0xf4, 0xab,
  0xec, 0x4a, 0xe3, 0x66, 0xdb, 0x66, 0xe3, 0x87, 0xdb, 0xe6, 0xdb, 0xe6,
  0xdc, 0x26, 0xdc, 0x26, 0xdc, 0x27, 0xdc, 0x07, 0xdc, 0x07, 0xdb, 0xe8,
  0xdc, 0x08, 0xdc, 0x08, 0xcb, 0xe6, 0xd3, 0xe7, 0xe5, 0x0b, 0xfd, 0xee,
  0xfe, 0xb2, 0xff, 0x55, 0xff, 0x76, 0xff, 0x97, 0xff, 0x98, 0xff, 0xba,
  0xff, 0xda, 0xff, 0xdb, 0xff, 0xdb, 0xff, 0xfa, 0xff, 0xfa, 0xff, 0xfa,
  0xff, 0xfa, 0xff, 0xdb, 0xff, 0xdb, 0xff, 0xdb, 0xff, 0xbb, 0xff, 0xbb,
  0xff, 0xbb, 0xff, 0xba, 0xff, 0xba, 0xff, 0xda, 0xff, 0xda, 0xff, 0xdb,
  0xff, 0xdb, 0xff, 0xfd, 0xff, 0xfe, 0xff, 0xff, 0xff, 0xff, 0xff, 0xff,
  0xff, 0xff, 0xff, 0xff, 0xff, 0xff, 0xff, 0xff, 0xff, 0xff, 0xff, 0xff,
  0xff, 0xff, 0xff, 0xff, 0xff, 0xfe, 0xff, 0xfe, 0xff, 0xfe, 0xff, 0xfd,
  0xff, 0xfd, 0xff, 0xfd, 0xff, 0xfb, 0xff, 0xfb, 0x00, 0x00, 0x00, 0x00,
  0x00, 0x00, 0x00, 0x00, 0x83, 0x67, 0x83, 0x67, 0x6a, 0x84, 0xb4, 0xed,
  0xbd, 0x0e, 0xbd, 0x0e, 0xde, 0x12, 0xf6, 0xd5, 0xff, 0x78, 0xff, 0xb9,
  0xff, 0xb9, 0xff, 0xfb, 0xff, 0xfc, 0xff, 0xfc, 0xff, 0xfc, 0xff, 0xdb,
  0xff, 0xdb, 0xff, 0xfc, 0xff, 0xfc, 0xff, 0xfc, 0xff, 0xfd, 0xff, 0xfd,
  0xff, 0xfd, 0xff, 0xfc, 0xff, 0xfc, 0xff, 0xdb, 0xff, 0x57, 0xff, 0x16,
  0xff, 0x13, 0xfe, 0x91, 0xfe, 0xce, 0xff, 0x30, 0xff, 0x2f, 0xfe, 0xce,
  0xfe, 0xae, 0xfe, 0xef, 0xfe, 0xf0, 0xfe, 0xf0, 0xfe, 0xef, 0xfe, 0xcf,
  0xfe, 0x6d, 0xed, 0x89, 0xed, 0x09, 0xcc, 0x25, 0x89, 0xe0, 0x89, 0xe0,
  0xdc, 0x8b, 0xbb, 0x47, 0x68, 0xa0, 0x68, 0xa0, 0x60, 0xa0, 0x60, 0xe0,
  0x69, 0x21, 0x61, 0x00, 0x69, 0x00, 0x71, 0x00, 0x69, 0x00, 0x71, 0x20,
  0x79, 0x40, 0x81, 0x60, 0x9a, 0x21, 0xa2, 0x22, 0xb2, 0xa4, 0xaa, 0x83,
  0x9a, 0x01, 0xa2, 0x62, 0x91, 0xe0, 0x89, 0x81, 0x89, 0xa0, 0x81, 0x80,
  0x81, 0x60, 0x79, 0x60, 0x81, 0x80, 0x71, 0x40, 0x71, 0x20, 0x71, 0x60,
  0x79, 0x80, 0x69, 0x60, 0x61, 0x40, 0x61, 0x40, 0x61, 0x60, 0x61, 0x80,
  0x61, 0x80, 0x61, 0x80, 0x61, 0xa0, 0x61, 0x80, 0x61, 0x60, 0x61, 0x60,
  0x59, 0x40, 0x59, 0x40, 0x59, 0x40, 0x59, 0x20, 0x68, 0xe0, 0x68, 0xe0,
  0x70, 0xe0, 0x70, 0xe0, 0x68, 0xc0, 0x70, 0xe0, 0x70, 0xe0, 0x79, 0x21,
  0x89, 0x81, 0x91, 0xe2, 0xa2, 0x22, 0xa2, 0x43, 0xa2, 0x22, 0x9a, 0x02,
  0x9a, 0x01, 0x9a, 0x22, 0x9a, 0x02, 0x99, 0xe1, 0x91, 0xc1, 0x91, 0xa1,
  0x89, 0xc1, 0x91, 0xe1, 0x91, 0xe2, 0x92, 0x02, 0x9a, 0x22, 0x9a, 0x42,
  0xa2, 0x42, 0xa2, 0x63, 0xaa, 0x63, 0xaa, 0x63, 0xaa, 0x62, 0xaa, 0x83,
  0xbb, 0x04, 0xc3, 0x45, 0xcb, 0x86, 0xd3, 0xa6, 0xd3, 0xa6, 0xcb, 0x65,
  0xbb, 0x03, 0xaa, 0x82, 0xa2, 0x21, 0x91, 0xc1, 0x89, 0x80, 0x89, 0x20,
  0x81, 0x00, 0x78, 0xc0, 0x70, 0xa0, 0x60, 0x40, 0x79, 0x00, 0x79, 0x00,
  0x79, 0x20, 0x79, 0x20, 0x79, 0x40, 0x79, 0x40, 0x79, 0x60, 0x79, 0x40,
  0x79, 0x40, 0x79, 0x60, 0x79, 0x60, 0x81, 0x80, 0x81, 0x80, 0x81, 0x80,
  0x81, 0x80, 0x79, 0x60, 0x71, 0x20, 0x71, 0x20, 0x79, 0x60, 0x81, 0xa0,
  0x89, 0xc0, 0x89, 0xc0, 0x89, 0xa0, 0x81, 0x60, 0x91, 0xe0, 0x91, 0xc0,
  0x91, 0xe0, 0x91, 0xc0, 0x99, 0xa1, 0x91, 0x81, 0x99, 0x41, 0xa9, 0xa2,
  0xb1, 0x82, 0xd2, 0xc5, 0xba, 0x63, 0xc2, 0x83, 0xba, 0xc3, 0xba, 0xe3,
  0xb3, 0x03, 0xb3, 0x23, 0xb3, 0x24, 0xd4, 0x08, 0xdc, 0x4a, 0xec, 0xac,
  0xed, 0x0c, 0xe4, 0x8b, 0xc3, 0xa6, 0xbb, 0x85, 0xe5, 0x0b, 0xfd, 0xcd,
  0xf6, 0x0f, 0xfe, 0xf3, 0xff, 0x34, 0xff, 0x56, 0xff, 0x77, 0xff, 0x99,
  0xff, 0xda, 0xff, 0xdb, 0xff, 0xda, 0xff, 0xda, 0xff, 0xda, 0xff, 0xda,
  0xff, 0xda, 0xff, 0xda, 0xff, 0xda, 0xff, 0xbb, 0xff, 0xbb, 0xff, 0xbb,
  0xff, 0xbb, 0xff, 0xba, 0xff, 0xba, 0xff, 0xda, 0xff, 0xda, 0xff, 0xdb,
  0xff, 0xdb, 0xff, 0xfd, 0xff, 0xfe, 0xff, 0xff, 0xff, 0xff, 0xff, 0xff,
  0xff, 0xff, 0xff, 0xff, 0xff, 0xff, 0xff, 0xff, 0xff, 0xff, 0xff, 0xff,
  0xff, 0xff, 0xff, 0xff, 0xff, 0xfe, 0xff, 0xfe, 0xff, 0xfe, 0xff, 0xfd,
  0xff, 0xfd, 0xff, 0xfd, 0xff, 0xfb, 0xff, 0xfc, 0x00, 0x00, 0x00, 0x00,
  0x00, 0x00, 0x00, 0x00, 0x72, 0xe6, 0x6a, 0xa4, 0x72, 0xc5, 0xac, 0x8c,
  0xde, 0x12, 0xcd, 0xb0, 0xde, 0x33, 0xee, 0x74, 0xff, 0xd9, 0xff, 0x98,
  0xff, 0x78, 0xff, 0xfb, 0xff, 0xfc, 0xff, 0xfc, 0xff, 0xfc, 0xff, 0xfc,
  0xff, 0xfc, 0xff, 0xfc, 0xff, 0xfc, 0xff, 0xfc, 0xff, 0xfc, 0xff, 0xfd,
  0xff, 0xfd, 0xff, 0xfc, 0xff, 0xfc, 0xff, 0xda, 0xff, 0x57, 0xff, 0x36,
  0xff, 0x13, 0xfe, 0xb1, 0xfe, 0xae, 0xfe, 0xef, 0xff, 0x0f, 0xff, 0x0f,
  0xff, 0x10, 0xff, 0x10, 0xfe, 0xf0, 0xff, 0x10, 0xfe, 0xef, 0xfe, 0xae,
  0xfe, 0x2c, 0xed, 0x89, 0xdc, 0x87, 0xcc, 0x05, 0x9a, 0x81, 0x92, 0x20,
  0xf5, 0x6f, 0xe4, 0xce, 0x81, 0x82, 0x79, 0x01, 0x69, 0x00, 0x69, 0x21,
  0x8a, 0x23, 0x79, 0xa1, 0x60, 0xe0, 0x79, 0x60, 0x89, 0xa0, 0x81, 0x60,
  0x89, 0x80, 0x91, 0xa0, 0xa2, 0x42, 0xaa, 0x62, 0xb2, 0xc4, 0xb2, 0xa3,
  0x9a, 0x01, 0x81, 0x40, 0x79, 0x20, 0x79, 0x40, 0x81, 0x60, 0x79, 0x60,
  0x79, 0x60, 0x79, 0x60, 0x79, 0x80, 0x79, 0xa1, 0x8a, 0x01, 0x79, 0xa0,
  0x69, 0x40, 0x58, 0xe0, 0x50, 0xc0, 0x48, 0xc0, 0x48, 0xe0, 0x51, 0x00,
  0x51, 0x00, 0x49, 0x00, 0x49, 0x00, 0x51, 0x20, 0x59, 0x60, 0x59, 0x80,
  0x61, 0xa0, 0x61, 0xa0, 0x69, 0xe0, 0x69, 0xa0, 0x71, 0x40, 0x79, 0x81,
  0x81, 0x61, 0x81, 0x81, 0x79, 0x20, 0x71, 0x20, 0x79, 0x20, 0x68, 0xa0,
  0x68, 0x80, 0x68, 0xc0, 0x79, 0x00, 0x89, 0x81, 0x92, 0x02, 0x9a, 0x22,
  0x9a, 0x22, 0x9a, 0x22, 0x91, 0xe1, 0x89, 0xc1, 0x89, 0xa1, 0x89, 0x81,
  0x81, 0x81, 0x89, 0xa1, 0x89, 0xc1, 0x89, 0xc2, 0x92, 0x02, 0x9a, 0x23,
  0xa2, 0x43, 0xa2, 0x43, 0xa2, 0x63, 0xaa, 0x63, 0xaa, 0x63, 0xb2, 0xe5,
  0xcb, 0x87, 0xc3, 0x65, 0xbb, 0x04, 0xaa, 0xa3, 0x9a, 0x22, 0x91, 0xc1,
  0x81, 0x40, 0x68, 0x80, 0x79, 0x00, 0x79, 0x00, 0x81, 0x20, 0x89, 0x60,
  0x89, 0x61, 0x89, 0x61, 0x81, 0x20, 0x81, 0x41, 0x81, 0x60, 0x89, 0x80,
  0x91, 0xa0, 0x89, 0xc0, 0x89, 0xa0, 0x89, 0xc0, 0x89, 0xc1, 0x81, 0xc0,
  0x81, 0xa0, 0x79, 0xa0, 0x79, 0xc0, 0x81, 0xc1, 0x81, 0xe1, 0x81, 0xe1,
  0x81, 0xe0, 0x79, 0xa0, 0x81, 0xe0, 0x92, 0x62, 0x9a, 0xa3, 0x9a, 0xa3,
  0xa2, 0xc3, 0xaa, 0xe4, 0xa2, 0xc2, 0x92, 0x41, 0x89, 0xc0, 0x92, 0x01,
  0x9a, 0x21, 0x91, 0xe1, 0x99, 0xa1, 0x91, 0x60, 0x91, 0x00, 0x89, 0x00,
  0x88, 0xc0, 0xa1, 0x60, 0x99, 0x80, 0x99, 0x60, 0x89, 0x60, 0x89, 0x80,
  0x89, 0xa0, 0x89, 0xc0, 0x81, 0xa0, 0x92, 0x42, 0xaa, 0xe5, 0xcc, 0x0a,
  0xf5, 0x4e, 0xfd, 0x6e, 0xdc, 0x69, 0xcb, 0xe6, 0xe4, 0xea, 0xf5, 0xad,
  0xf5, 0xee, 0xf6, 0x91, 0xfe, 0xf3, 0xff, 0x35, 0xff, 0x76, 0xff, 0x99,
  0xff, 0xb9, 0xff, 0xdb, 0xff, 0xda, 0xff, 0xda, 0xff, 0xda, 0xff, 0xda,
  0xff, 0xda, 0xff, 0xba, 0xff, 0xba, 0xff, 0xba, 0xff, 0xba, 0xff, 0xbb,
  0xff, 0xbb, 0xff, 0xba, 0xff, 0xba, 0xff, 0xda, 0xff, 0xda, 0xff, 0xdb,
  0xff, 0xda, 0xff, 0xfd, 0xff, 0xfd, 0xff, 0xfe, 0xff, 0xff, 0xff, 0xff,
  0xff, 0xff, 0xff, 0xff, 0xff, 0xff, 0xff, 0xff, 0xff, 0xff, 0xff, 0xff,
  0xff, 0xff, 0xff, 0xff, 0xff, 0xfe, 0xff, 0xfe, 0xff, 0xfe, 0xff, 0xfd,
  0xff, 0xdc, 0xff, 0xdc, 0xff, 0xfb, 0xff, 0xfc, 0x00, 0x00, 0x00, 0x00,
  0x00, 0x00, 0x00, 0x00, 0x5a, 0x02, 0x51, 0xc1, 0x8b, 0x67, 0xac, 0x6b,
  0xde, 0x32, 0xb4, 0xcd, 0xb4, 0xcd, 0xde, 0x12, 0xff, 0x37, 0xff, 0x99,
  0xff, 0xb9, 0xff, 0xfb, 0xff, 0xfc, 0xff, 0xfc, 0xff, 0xfc, 0xff, 0xfc,
  0xff, 0xfc, 0xff, 0xfc, 0xff, 0xfc, 0xff, 0xfc, 0xff, 0xfc, 0xff, 0xfc,
  0xff, 0xfd, 0xff, 0xfc, 0xff, 0xfc, 0xff, 0xda, 0xff, 0x77, 0xff, 0x56,
  0xff, 0x54, 0xfe, 0xf2, 0xfe, 0xae, 0xfe, 0xce, 0xfe, 0xce, 0xff, 0x30,
  0xff, 0x51, 0xff, 0x31, 0xff, 0x31, 0xff, 0x11, 0xfe, 0xef, 0xfe, 0x8e,
  0xfd, 0xeb, 0xed, 0x49, 0xd4, 0x46, 0xcb, 0xc4, 0x9a, 0x82, 0x92, 0x41,
  0xe4, 0xcd, 0xfd, 0xd2, 0xa2, 0x66, 0x68, 0x60, 0x58, 0x80, 0x60, 0xe0,
  0x8a, 0x44, 0x82, 0x03, 0x60, 0xa0, 0x81, 0x61, 0x9a, 0x01, 0x91, 0xa0,
  0x89, 0x80, 0x89, 0x60, 0x99, 0xe0, 0xa2, 0x20, 0x9a, 0x00, 0x91, 0xc0,
  0x81, 0x60, 0x68, 0xc0, 0x68, 0xa0, 0x79, 0x60, 0x79, 0x60, 0x79, 0x60,
  0x79, 0x60, 0x79, 0xa0, 0x81, 0xe0, 0x8a, 0x42, 0x8a, 0x42, 0x72, 0x01,
  0x69, 0x80, 0x51, 0x20, 0x48, 0xe0, 0x48, 0xe0, 0x49, 0x20, 0x51, 0x60,
  0x51, 0x80, 0x49, 0x40, 0x41, 0x20, 0x49, 0x40, 0x49, 0x60, 0x49, 0x60,
  0x51, 0x60, 0x51, 0x60, 0x59, 0xa0, 0x61, 0x81, 0x69, 0x20, 0x71, 0x61,
  0x79, 0x81, 0x79, 0xa2, 0x81, 0xa2, 0x81, 0xc2, 0x89, 0xc2, 0x79, 0x61,
  0x71, 0x00, 0x68, 0xc0, 0x68, 0xc0, 0x68, 0xc0, 0x71, 0x20, 0x81, 0x81,
  0x81, 0xc1, 0x92, 0x22, 0x89, 0xe1, 0x89, 0xa0, 0x81, 0x80, 0x81, 0x60,
  0x79, 0x60, 0x81, 0x81, 0x81, 0x81, 0x81, 0x81, 0x89, 0xc1, 0x91, 0xe2,
  0x9a, 0x03, 0x9a, 0x03, 0xa2, 0x23, 0xa2, 0x03, 0xa2, 0x43, 0xaa, 0xc5,
  0xa2, 0x84, 0x89, 0xc2, 0x71, 0x20, 0x68, 0xc0, 0x68, 0xe0, 0x71, 0x00,
  0x71, 0x20, 0x89, 0xa2, 0x89, 0xa1, 0x9a, 0x22, 0xaa, 0xa3, 0xba, 0xe4,
  0xb2, 0xc4, 0xa2, 0x63, 0x9a, 0x01, 0xa2, 0x42, 0x89, 0xa0, 0x91, 0xc1,
  0x91, 0xe1, 0x91, 0xe1, 0x91, 0xe1, 0x8a, 0x02, 0x8a, 0x02, 0x8a, 0x22,
  0x8a, 0x42, 0x82, 0x22, 0x7a, 0x01, 0x7a, 0x01, 0x7a, 0x01, 0x79, 0xe1,
  0x79, 0xe1, 0x79, 0xe1, 0x82, 0x63, 0xa3, 0x26, 0xab, 0x67, 0xb3, 0x87,
  0xbb, 0xc7, 0xbb, 0xa7, 0xab, 0x04, 0x92, 0x61, 0x89, 0xe0, 0xa2, 0x81,
  0xb2, 0xc3, 0xb2, 0xc3, 0xba, 0xc3, 0xc2, 0xe4, 0xc2, 0xe4, 0xc2, 0xc4,
  0xc2, 0x63, 0x99, 0x60, 0xba, 0xa3, 0xb2, 0x41, 0x91, 0xc0, 0x81, 0x40,
  0x71, 0x00, 0x71, 0x20, 0x69, 0x20, 0x58, 0xc0, 0x61, 0x00, 0x71, 0xa2,
  0x9a, 0xc4, 0xcc, 0x29, 0xe4, 0xeb, 0xe4, 0xca, 0xd4, 0x68, 0xed, 0x4c,
  0xf6, 0x0f, 0xee, 0x2f, 0xfe, 0xb1, 0xff, 0x14, 0xff, 0x76, 0xff, 0x98,
  0xff, 0xb9, 0xff, 0xbb, 0xff, 0xda, 0xff, 0xda, 0xff, 0xda, 0xff, 0xd9,
  0xff, 0xd9, 0xff, 0xba, 0xff, 0xba, 0xff, 0xba, 0xff, 0xba, 0xff, 0xbb,
  0xff, 0xbb, 0xff, 0xba, 0xff, 0xba, 0xff, 0xd9, 0xff, 0xd9, 0xff, 0xda,
  0xff, 0xda, 0xff, 0xfc, 0xff, 0xfd, 0xff, 0xfe, 0xff, 0xfe, 0xff, 0xff,
  0xff, 0xff, 0xff, 0xff, 0xff, 0xff, 0xff, 0xff, 0xff, 0xff, 0xff, 0xff,
  0xff, 0xff, 0xff, 0xff, 0xff, 0xfe, 0xff, 0xfe, 0xff, 0xfd, 0xff, 0xdd,
  0xff, 0xbb, 0xff, 0xbb, 0xff, 0xfb, 0xff, 0xfc, 0x00, 0x00, 0x00, 0x00,
  0x00, 0x00, 0x00, 0x00, 0x51, 0xc1, 0x62, 0x63, 0x93, 0xc9, 0xc5, 0x4f,
  0xbd, 0x2e, 0x8b, 0x88, 0xac, 0xac, 0xf6, 0xd5, 0xfe, 0xf6, 0xff, 0x78,
  0xff, 0xb9, 0xff, 0xdb, 0xff, 0xfc, 0xff, 0xfc, 0xff, 0xfc, 0xff, 0xfc,
  0xff, 0xfc, 0xff, 0xfc, 0xff, 0xfc, 0xff, 0xfc, 0xff, 0xfc, 0xff, 0xfc,
  0xff, 0xfd, 0xff, 0xfc, 0xff, 0xfc, 0xff, 0xda, 0xff, 0x98, 0xff, 0x77,
  0xff, 0x34, 0xfe, 0xf3, 0xfe, 0xcf, 0xfe, 0xcf, 0xfe, 0xef, 0xff, 0x50,
  0xff, 0x51, 0xff, 0x51, 0xff, 0x31, 0xff, 0x10, 0xfe, 0xef, 0xfe, 0x8e,
  0xfd, 0xeb, 0xe5, 0x28, 0xcc, 0x26, 0xc3, 0xa4, 0x9a, 0x81, 0x8a, 0x00,
  0xe4, 0x8c, 0xfd, 0x50, 0x9a, 0x24, 0x60, 0x40, 0x50, 0x40, 0x58, 0xa0,
  0x79, 0xa2, 0x71, 0x81, 0x68, 0xe0, 0x89, 0xa1, 0x9a, 0x01, 0x99, 0xe0,
  0x99, 0xe0, 0x89, 0x60, 0x99, 0xe0, 0xa2, 0x20, 0x9a, 0x00, 0x91, 0xa0,
  0x81, 0x20, 0x70, 0xc0, 0x68, 0xc0, 0x71, 0x00, 0x79, 0x20, 0x71, 0x40,
  0x79, 0x60, 0x79, 0xc0, 0x82, 0x01, 0x82, 0x42, 0x8a, 0x62, 0x8a, 0xa3,
  0x82, 0x42, 0x69, 0xc0, 0x59, 0x40, 0x51, 0x40, 0x59, 0x80, 0x59, 0xc1,
  0x61, 0xe2, 0x49, 0x60, 0x41, 0x20, 0x49, 0x40, 0x49, 0x40, 0x49, 0x40,
  0x49, 0x40, 0x51, 0x40, 0x51, 0x60, 0x59, 0x40, 0x61, 0x00, 0x61, 0x00,
  0x69, 0x20, 0x71, 0x40, 0x79, 0x81, 0x81, 0xc2, 0x81, 0xc2, 0x89, 0xe2,
  0x89, 0xe2, 0x81, 0xc1, 0x81, 0xa1, 0x71, 0x40, 0x60, 0xe0, 0x68, 0xe0,
  0x69, 0x00, 0x81, 0xe1, 0x81, 0xc1, 0x81, 0xa0, 0x79, 0x60, 0x71, 0x40,
  0x71, 0x40, 0x71, 0x60, 0x71, 0x61, 0x71, 0x41, 0x79, 0x81, 0x81, 0xc2,
  0x89, 0xc3, 0x91, 0xe3, 0x92, 0x03, 0x91, 0xe3, 0x92, 0x03, 0x92, 0x01,
  0x71, 0x40, 0x50, 0x40, 0x50, 0x40, 0x68, 0xe0, 0x81, 0xc1, 0x92, 0x00,
  0xa2, 0x82, 0xcb, 0xc6, 0xbb, 0x65, 0xcb, 0x87, 0xc3, 0x87, 0xc3, 0x46,
  0xb2, 0xc4, 0xa2, 0x42, 0x9a, 0x22, 0x89, 0xc0, 0x91, 0xe1, 0x91, 0xe1,
  0x91, 0xc1, 0x89, 0xe1, 0x91, 0xe1, 0x8a, 0x22, 0x92, 0x22, 0x8a, 0x62,
  0x8a, 0x42, 0x82, 0x42, 0x82, 0x42, 0x7a, 0x22, 0x72, 0x01, 0x72, 0x01,
  0x7a, 0x22, 0x7a, 0x42, 0x82, 0x63, 0x8a, 0xa4, 0x9b, 0x05, 0xb3, 0xc8,
  0xc4, 0x29, 0xc4, 0x08, 0xb3, 0x65, 0xa2, 0xe3, 0x9a, 0x61, 0xa2, 0x81,
  0xb2, 0xc3, 0xb2, 0xc3, 0xb2, 0xa3, 0xba, 0xc3, 0xc2, 0xe4, 0xd3, 0x46,
  0xdb, 0x87, 0xc2, 0xa3, 0xd3, 0x65, 0xc3, 0x03, 0xaa, 0x61, 0x91, 0xa0,
  0x71, 0x00, 0x71, 0x00, 0x69, 0x40, 0x69, 0x20, 0x61, 0x20, 0x61, 0x20,
  0x79, 0xa0, 0xab, 0x46, 0xe4, 0xcb, 0xec, 0xca, 0xc4, 0x27, 0xe5, 0x2b,
  0xfe, 0x2f, 0xe6, 0x0e, 0xf6, 0x91, 0xfe, 0xf3, 0xff, 0x55, 0xff, 0x78,
  0xff, 0x99, 0xff, 0xba, 0xff, 0xba, 0xff, 0xda, 0xff, 0xda, 0xff, 0xd9,
  0xff, 0xd9, 0xff, 0xba, 0xff, 0xba, 0xff, 0xba, 0xff, 0xba, 0xff, 0xba,
  0xff, 0xba, 0xff, 0xba, 0xff, 0xba, 0xff, 0xd9, 0xff, 0xd9, 0xff, 0xda,
  0xff, 0xda, 0xff, 0xfc, 0xff, 0xfc, 0xff, 0xfd, 0xff, 0xfe, 0xff, 0xfe,
  0xff, 0xff, 0xff, 0xff, 0xff, 0xff, 0xff, 0xff, 0xff, 0xff, 0xff, 0xff,
  0xff, 0xff, 0xff, 0xff, 0xff, 0xfe, 0xff, 0xfe, 0xff, 0xfd, 0xff, 0xdd,
  0xff, 0xdc, 0xff, 0xbb, 0xff, 0xfb, 0xff, 0xfc, 0x00, 0x00, 0x00, 0x00,
  0x00, 0x00, 0x00, 0x00, 0x5a, 0x02, 0x72, 0xc5, 0x8b, 0xa8, 0xc5, 0x6f,
  0xac, 0x8c, 0x83, 0x68, 0xbc, 0xee, 0xff, 0x57, 0xf6, 0xf6, 0xff, 0x37,
  0xff, 0x58, 0xff, 0x99, 0xff, 0xfb, 0xff, 0xfc, 0xff, 0xfc, 0xff, 0xfc,
  0xff, 0xfc, 0xff, 0xfc, 0xff, 0xfc, 0xff, 0xfc, 0xff, 0xfc, 0xff, 0xfc,
  0xff, 0xfc, 0xff, 0xfc, 0xff, 0xfc, 0xff, 0xda, 0xff, 0x98, 0xff, 0x97,
  0xff, 0x34, 0xff, 0x13, 0xfe, 0xd0, 0xfe, 0xaf, 0xfe, 0xef, 0xff, 0x71,
  0xff, 0x72, 0xff, 0x72, 0xff, 0x31, 0xff, 0x10, 0xfe, 0xce, 0xfe, 0x6d,
  0xf5, 0xaa, 0xd4, 0xc6, 0xc3, 0xe5, 0xc3, 0xa4, 0xa2, 0xa2, 0x92, 0x20,
  0xe4, 0x8c, 0xfd, 0xb1, 0xaa, 0xa6, 0x68, 0x80, 0x58, 0x80, 0x58, 0xa0,
  0x69, 0x00, 0x60, 0xe0, 0x71, 0x20, 0x9a, 0x00, 0x91, 0xc0, 0x91, 0xa0,
  0xa2, 0x00, 0x91, 0x80, 0x99, 0xc0, 0x9a, 0x00, 0x99, 0xc0, 0x89, 0x80,
  0x81, 0x20, 0x79, 0x20, 0x79, 0x00, 0x79, 0x60, 0x79, 0x60, 0x79, 0x80,
  0x81, 0xa0, 0x82, 0x00, 0x8a, 0x61, 0x82, 0x82, 0x8a, 0xa2, 0x8a, 0xc4,
  0x82, 0x83, 0x69, 0xc1, 0x51, 0x00, 0x40, 0xe0, 0x49, 0x20, 0x51, 0xa1,
  0x59, 0xe2, 0x41, 0x20, 0x30, 0xe0, 0x39, 0x20, 0x41, 0x40, 0x41, 0x40,
  0x49, 0x40, 0x49, 0x40, 0x51, 0x60, 0x51, 0x40, 0x59, 0x00, 0x50, 0xe0,
  0x58, 0xe0, 0x61, 0x00, 0x69, 0x40, 0x71, 0x81, 0x79, 0xc1, 0x81, 0xe2,
  0x82, 0x02, 0x8a, 0x23, 0x8a, 0x23, 0x82, 0x02, 0x71, 0x80, 0x61, 0x00,
  0x58, 0xe0, 0x69, 0x60, 0x69, 0x60, 0x69, 0x40, 0x61, 0x40, 0x61, 0x20,
  0x59, 0x00, 0x59, 0x20, 0x59, 0x21, 0x59, 0x01, 0x61, 0x21, 0x69, 0x62,
  0x71, 0x83, 0x79, 0xa3, 0x79, 0xc3, 0x81, 0xc3, 0x79, 0xa2, 0x69, 0x20,
  0x58, 0xa0, 0x58, 0x80, 0x71, 0x80, 0x9a, 0xa2, 0xab, 0x04, 0xb3, 0x25,
  0xc3, 0xa7, 0xc3, 0xc7, 0xbb, 0x86, 0xc3, 0x66, 0xbb, 0x25, 0xaa, 0xe4,
  0xa2, 0xa3, 0xa2, 0x63, 0x9a, 0x62, 0x92, 0x21, 0x91, 0xe1, 0x92, 0x22,
  0x92, 0x01, 0x8a, 0x01, 0x92, 0x01, 0x8a, 0x42, 0x8a, 0x62, 0x82, 0x62,
  0x7a, 0x21, 0x72, 0x21, 0x72, 0x01, 0x6a, 0x01, 0x61, 0xe1, 0x61, 0xe0,
  0x6a, 0x01, 0x72, 0x42, 0x6a, 0x22, 0x6a, 0x01, 0x82, 0xc4, 0xab, 0xc8,
  0xc4, 0x6a, 0xc4, 0x4a, 0xc3, 0xe7, 0xbb, 0xc6, 0xbb, 0x44, 0xaa, 0xe3,
  0xb2, 0xe3, 0xb2, 0xc3, 0xaa, 0x62, 0xaa, 0x41, 0xaa, 0x21, 0xaa, 0x62,
  0xb2, 0x62, 0xd3, 0x45, 0xd3, 0x64, 0xcb, 0x23, 0xb2, 0xa2, 0x99, 0xc0,
  0x71, 0x00, 0x68, 0xe0, 0x61, 0x20, 0x61, 0x00, 0x61, 0x20, 0x69, 0x82,
  0x82, 0x22, 0xbb, 0xa8, 0xed, 0x2c, 0xf5, 0x4b, 0xcc, 0x48, 0xe5, 0x0b,
  0xfe, 0x2f, 0xee, 0x2f, 0xf6, 0x91, 0xf6, 0xd2, 0xff, 0x35, 0xff, 0x77,
  0xff, 0x98, 0xff, 0xba, 0xff, 0xba, 0xff, 0xba, 0xff, 0xba, 0xff, 0xd9,
  0xff, 0xd9, 0xff, 0xb9, 0xff, 0xb9, 0xff, 0x9a, 0xff, 0xba, 0xff, 0xba,
  0xff, 0xba, 0xff, 0xb9, 0xff, 0xb9, 0xff, 0xd9, 0xff, 0xd8, 0xff, 0xd9,
  0xff, 0xd9, 0xff, 0xfb, 0xff, 0xfc, 0xff, 0xfd, 0xff, 0xfd, 0xff, 0xfe,
  0xff, 0xfe, 0xff, 0xfe, 0xff, 0xff, 0xff, 0xff, 0xff, 0xff, 0xff, 0xff,
  0xff, 0xff, 0xff, 0xff, 0xff, 0xfe, 0xff, 0xfe, 0xff, 0xfd, 0xff, 0xfd,
  0xff, 0xdc, 0xff, 0xbb, 0xff, 0xdb, 0xff, 0xfb, 0x00, 0x00, 0x00, 0x00,
  0x00, 0x00, 0x7a, 0xe6, 0x62, 0x43, 0x83, 0x26, 0x93, 0xc9, 0xc5, 0x2e,
  0x93, 0xc9, 0x8b, 0xa8, 0xdd, 0xf1, 0xff, 0x98, 0xff, 0x16, 0xf7, 0x16,
  0xff, 0x37, 0xff, 0x99, 0xff, 0xfb, 0xff, 0xfc, 0xff, 0xfc, 0xff, 0xfc,
  0xff, 0xfc, 0xff, 0xfc, 0xff, 0xfc, 0xff, 0xfc, 0xff, 0xfc, 0xff, 0xfc,
  0xff, 0xfc, 0xff, 0xfc, 0xff, 0xfc, 0xff, 0xdb, 0xff, 0x98, 0xff, 0x98,
  0xff, 0x55, 0xff, 0x55, 0xff, 0x32, 0xff, 0x11, 0xff, 0x11, 0xff, 0x72,
  0xff, 0x92, 0xff, 0x72, 0xff, 0x31, 0xff, 0x10, 0xfe, 0xae, 0xfe, 0x4c,
  0xed, 0x89, 0xd4, 0xc6, 0xcb, 0xe5, 0xc3, 0xc4, 0xaa, 0xe3, 0x9a, 0x81,
  0xe4, 0xac, 0xfd, 0xd1, 0xb3, 0x07, 0x70, 0xc0, 0x68, 0xe0, 0x71, 0x61,
  0x71, 0x41, 0x60, 0xe0, 0x81, 0xa0, 0x9a, 0x01, 0x81, 0x40, 0x91, 0x60,
  0xa2, 0x00, 0x91, 0x80, 0x99, 0xc0, 0x99, 0xe0, 0x99, 0xe0, 0x89, 0x80,
  0x81, 0x40, 0x79, 0x20, 0x79, 0x00, 0x79, 0x40, 0x79, 0x40, 0x79, 0x60,
  0x79, 0x80, 0x81, 0xe0, 0x8a, 0x41, 0x8a, 0x62, 0x8a, 0xa2, 0x8a, 0xa3,
  0x82, 0x42, 0x61, 0xa0, 0x51, 0x00, 0x40, 0xe0, 0x40, 0xe0, 0x49, 0x40,
  0x51, 0x80, 0x39, 0x00, 0x30, 0xc0, 0x38, 0xe0, 0x41, 0x40, 0x49, 0x40,
  0x49, 0x40, 0x49, 0x40, 0x51, 0x80, 0x59, 0x60, 0x59, 0x00, 0x51, 0x00,
  0x58, 0xe0, 0x59, 0x00, 0x61, 0x20, 0x69, 0x60, 0x71, 0xa1, 0x79, 0xc1,
  0x79, 0xa1, 0x81, 0xc1, 0x82, 0x02, 0x8a, 0x23, 0x79, 0xc1, 0x61, 0x20,
  0x61, 0x00, 0x61, 0x00, 0x58, 0xe0, 0x58, 0xe0, 0x59, 0x00, 0x59, 0x00,
  0x50, 0xe0, 0x50, 0xe0, 0x50, 0xe0, 0x50, 0xc0, 0x50, 0xc0, 0x50, 0xc0,
  0x58, 0xe0, 0x58, 0xe1, 0x61, 0x01, 0x61, 0x21, 0x69, 0x20, 0x50, 0x80,
  0x48, 0x20, 0x71, 0x60, 0x9a, 0xa3, 0xb3, 0x46, 0xb3, 0x46, 0xc3, 0xa7,
  0xc3, 0xe8, 0xc3, 0xc7, 0xb3, 0x04, 0xb3, 0x25, 0xaa, 0xe4, 0xa2, 0xa3,
  0xa2, 0x62, 0x92, 0x21, 0x92, 0x21, 0x92, 0x01, 0x81, 0xa0, 0x92, 0x01,
  0x92, 0x01, 0x8a, 0x01, 0x92, 0x21, 0x8a, 0x62, 0x8a, 0x62, 0x82, 0x62,
  0x7a, 0x01, 0x69, 0xe0, 0x69, 0xc0, 0x61, 0xa0, 0x59, 0x80, 0x59, 0x80,
  0x61, 0xe0, 0x72, 0x42, 0x6a, 0x01, 0x6a, 0x01, 0x8a, 0xe5, 0xb3, 0xe8,
  0xd4, 0xab, 0xd4, 0x8a, 0xcc, 0x28, 0xcc, 0x07, 0xc3, 0x85, 0xa2, 0xa2,
  0xb2, 0xa2, 0xaa, 0x82, 0xaa, 0x62, 0xaa, 0x61, 0xb2, 0x62, 0xb2, 0x82,
  0xc2, 0xc3, 0xcb, 0x24, 0xd3, 0xa4, 0xcb, 0x43, 0xba, 0xc2, 0xa2, 0x00,
  0x79, 0x20, 0x71, 0x00, 0x71, 0x40, 0x50, 0xa0, 0x50, 0xa0, 0x59, 0x00,
  0x82, 0x01, 0xc4, 0x09, 0xfd, 0x8e, 0xfd, 0x8c, 0xcc, 0x27, 0xd4, 0x89,
  0xf6, 0x0f, 0xf6, 0x70, 0xf6, 0x91, 0xf6, 0xd2, 0xff, 0x15, 0xff, 0x77,
  0xff, 0x98, 0xff, 0xba, 0xff, 0xba, 0xff, 0xda, 0xff, 0xb9, 0xff, 0xb8,
  0xff, 0x98, 0xff, 0x98, 0xff, 0x78, 0xff, 0x78, 0xff, 0x99, 0xff, 0xba,
  0xff, 0xba, 0xff, 0xd9, 0xff, 0xd9, 0xff, 0xd8, 0xff, 0xd8, 0xff, 0xd9,
  0xff, 0xd8, 0xff, 0xfb, 0xff, 0xfb, 0xff, 0xfd, 0xff, 0xfd, 0xff, 0xfe,
  0xff, 0xfe, 0xff, 0xfe, 0xff, 0xfe, 0xff, 0xff, 0xff, 0xff, 0xff, 0xff,
  0xff, 0xff, 0xff, 0xff, 0xff, 0xfe, 0xff, 0xfe, 0xff, 0xfd, 0xff, 0xfd,
  0xff, 0xfc, 0xff, 0xbb, 0xff, 0xda, 0xff, 0xda, 0xff, 0xb9, 0x00, 0x00,
  0x00, 0x00, 0x72, 0xc5, 0x6a, 0xa4, 0x83, 0x46, 0xac, 0xac, 0xc5, 0x6f,
  0x7b, 0x05, 0x83, 0x67, 0xf6, 0xf5, 0xff, 0x56, 0xf6, 0xd4, 0xf7, 0x16,
  0xf7, 0x36, 0xff, 0xb9, 0xff, 0xfb, 0xff, 0xfc, 0xff, 0xfc, 0xff, 0xfc,
  0xff, 0xfc, 0xff, 0xfc, 0xff, 0xfc, 0xff, 0xfc, 0xff, 0xfc, 0xff, 0xfc,
  0xff, 0xfc, 0xff, 0xfc, 0xff, 0xfc, 0xff, 0xfb, 0xff, 0xb9, 0xff, 0xd9,
  0xff, 0xb7, 0xff, 0xb7, 0xff, 0xb5, 0xff, 0x95, 0xff, 0x53, 0xff, 0x73,
  0xff, 0x72, 0xff, 0x52, 0xff, 0x10, 0xfe, 0xf0, 0xfe, 0xad, 0xf6, 0x2b,
  0xed, 0x68, 0xcc, 0x44, 0xc3, 0xa3, 0xc3, 0xe4, 0xa2, 0xc2, 0x92, 0x20,
  0xdc, 0x4a, 0xfd, 0xaf, 0xb3, 0x06, 0x60, 0x80, 0x60, 0xe0, 0x8a, 0x44,
  0x81, 0xe2, 0x71, 0x40, 0x92, 0x22, 0x9a, 0x01, 0x79, 0x00, 0x89, 0x40,
  0x99, 0xc0, 0x91, 0xa0, 0x99, 0xc0, 0x99, 0xc0, 0x91, 0xa0, 0x89, 0x80,
  0x81, 0x40, 0x79, 0x20, 0x79, 0x00, 0x79, 0x40, 0x79, 0x40, 0x79, 0x80,
  0x81, 0xa0, 0x82, 0x00, 0x8a, 0x41, 0x92, 0x82, 0x92, 0xa3, 0x92, 0xc4,
  0x8a, 0x62, 0x69, 0xa0, 0x51, 0x20, 0x48, 0xe0, 0x40, 0xe0, 0x49, 0x60,
  0x51, 0x80, 0x41, 0x00, 0x30, 0xe0, 0x41, 0x00, 0x41, 0x40, 0x49, 0x40,
  0x49, 0x20, 0x49, 0x20, 0x59, 0x61, 0x59, 0x81, 0x59, 0x40, 0x51, 0x20,
  0x51, 0x00, 0x51, 0x00, 0x59, 0x00, 0x61, 0x40, 0x69, 0x80, 0x69, 0xa0,
  0x71, 0x80, 0x71, 0xa1, 0x79, 0xc1, 0x82, 0x02, 0x7a, 0x02, 0x71, 0xa1,
  0x71, 0xc1, 0x59, 0x00, 0x51, 0x00, 0x51, 0x00, 0x51, 0x20, 0x51, 0x20,
  0x51, 0x00, 0x48, 0xe0, 0x40, 0xc0, 0x40, 0xc0, 0x38, 0xa0, 0x38, 0xa0,
  0x40, 0xa0, 0x40, 0xc1, 0x48, 0xe1, 0x51, 0x01, 0x59, 0x00, 0x50, 0xc0,
  0x61, 0x20, 0x9a, 0xa3, 0xb3, 0x67, 0xab, 0x46, 0xab, 0x25, 0xab, 0x25,
  0xb3, 0x25, 0xc3, 0x86, 0xaa, 0xe4, 0xaa, 0xe4, 0xa2, 0xa3, 0xa2, 0x82,
  0x9a, 0x42, 0x8a, 0x00, 0x89, 0xe0, 0x92, 0x21, 0x79, 0x80, 0x89, 0xe0,
  0x8a, 0x01, 0x8a, 0x21, 0x8a, 0x41, 0x8a, 0x62, 0x8a, 0x82, 0x82, 0x62,
  0x7a, 0x21, 0x6a, 0x00, 0x61, 0xe0, 0x59, 0xc0, 0x51, 0x80, 0x51, 0x80,
  0x5a, 0x01, 0x6a, 0x62, 0x6a, 0x42, 0x7a, 0x62, 0x9b, 0x25, 0xb3, 0xe8,
  0xcc, 0x49, 0xcc, 0x28, 0xc3, 0xa6, 0xab, 0x03, 0xaa, 0xa2, 0xb2, 0xc2,
  0xb2, 0xc3, 0xb2, 0xa3, 0xb2, 0x83, 0xb2, 0xa3, 0xba, 0xc3, 0xc2, 0xe3,
  0xcb, 0x63, 0xcb, 0x43, 0xdb, 0xc4, 0xd3, 0xa3, 0xcb, 0x23, 0xb2, 0x60,
  0x89, 0x60, 0x79, 0x00, 0x79, 0x61, 0x60, 0xe0, 0x61, 0x00, 0x69, 0x41,
  0x8a, 0x02, 0xcb, 0xe8, 0xf5, 0x4c, 0xf5, 0x09, 0xc3, 0xa5, 0xc3, 0x85,
  0xed, 0x6d, 0xfe, 0xb2, 0xfe, 0xb2, 0xf6, 0xd3, 0xff, 0x15, 0xff, 0x57,
  0xff, 0x98, 0xff, 0xba, 0xff, 0xda, 0xff, 0xb9, 0xff, 0x98, 0xff, 0x97,
  0xff, 0x57, 0xff, 0x36, 0xff, 0x36, 0xff, 0x37, 0xff, 0x78, 0xff, 0xb9,
  0xff, 0xb9, 0xff, 0xd8, 0xff, 0xd8, 0xff, 0xd8, 0xff, 0xd7, 0xff, 0xf8,
  0xff, 0xf7, 0xff, 0xfa, 0xff, 0xfa, 0xff, 0xfc, 0xff, 0xfc, 0xff, 0xfd,
  0xff, 0xfe, 0xff, 0xfe, 0xff, 0xfe, 0xff, 0xfe, 0xff, 0xff, 0xff, 0xff,
  0xff, 0xff, 0xff, 0xff, 0xff, 0xfe, 0xff, 0xfe, 0xff, 0xfe, 0xff, 0xfd,
  0xff, 0xfd, 0xff, 0xdb, 0xff, 0xda, 0xff, 0xba, 0xff, 0x99, 0x00, 0x00,
  0x00, 0x00, 0x6a, 0xa4, 0x72, 0xe5, 0x7b, 0x05, 0xcd, 0xb0, 0xcd, 0xb0,
  0x6a, 0xa4, 0x83, 0x46, 0xf7, 0x97, 0xee, 0xd4, 0xf6, 0xb4, 0xf7, 0x16,
  0xf7, 0x36, 0xff, 0xb9, 0xff, 0xfc, 0xff, 0xfc, 0xff, 0xfc, 0xff, 0xfc,
  0xff, 0xfc, 0xff, 0xfc, 0xff, 0xfc, 0xff, 0xfc, 0xff, 0xfc, 0xff, 0xfc,
  0xff, 0xfc, 0xff, 0xfc, 0xff, 0xfc, 0xff, 0xfb, 0xff, 0xfa, 0xff, 0xd9,
  0xff, 0xb7, 0xff, 0x97, 0xff, 0x54, 0xff, 0x34, 0xff, 0x32, 0xff, 0x53,
  0xff, 0x52, 0xff, 0x52, 0xff, 0x10, 0xfe, 0xcf, 0xfe, 0x6c, 0xf5, 0xca,
  0xe5, 0x27, 0xc4, 0x24, 0xc3, 0xa3, 0xc3, 0xe4, 0xa2, 0xc1, 0x89, 0xe0,
  0xcb, 0xe8, 0xf5, 0x2d, 0xa2, 0xa4, 0x50, 0x20, 0x60, 0xc0, 0x92, 0x84,
  0x81, 0xe3, 0x69, 0x20, 0x9a, 0x42, 0xa2, 0x42, 0x81, 0x20, 0x81, 0x20,
  0x91, 0x80, 0x99, 0xc0, 0x99, 0xa0, 0x91, 0xa0, 0x91, 0x80, 0x89, 0x60,
  0x89, 0x60, 0x81, 0x60, 0x81, 0x40, 0x79, 0x40, 0x79, 0x40, 0x79, 0x60,
  0x79, 0x60, 0x79, 0xa0, 0x82, 0x00, 0x8a, 0x62, 0x92, 0xa3, 0x92, 0xe4,
  0x8a, 0x63, 0x69, 0xe1, 0x59, 0x60, 0x49, 0x20, 0x49, 0x40, 0x51, 0x60,
  0x49, 0x40, 0x41, 0x20, 0x41, 0x20, 0x49, 0x40, 0x49, 0x40, 0x49, 0x40,
  0x51, 0x40, 0x51, 0x61, 0x59, 0x81, 0x61, 0xa1, 0x59, 0x60, 0x51, 0x20,
  0x51, 0x00, 0x51, 0x00, 0x59, 0x00, 0x61, 0x40, 0x69, 0x60, 0x69, 0x60,
  0x71, 0xa0, 0x79, 0xc1, 0x79, 0xc1, 0x79, 0xe2, 0x82, 0x22, 0x7a, 0x02,
  0x7a, 0x02, 0x59, 0x00, 0x58, 0xe0, 0x58, 0xe0, 0x59, 0x00, 0x59, 0x20,
  0x51, 0x00, 0x48, 0xc0, 0x48, 0xc0, 0x48, 0xc0, 0x40, 0xa0, 0x40, 0xa0,
  0x40, 0x80, 0x40, 0xa0, 0x48, 0xa0, 0x48, 0xc0, 0x50, 0xa0, 0x58, 0xe0,
  0x79, 0xe2, 0x9a, 0xa4, 0x9a, 0xe5, 0xa3, 0x05, 0xb3, 0x66, 0xbb, 0x86,
  0xb3, 0x45, 0xb3, 0x25, 0xb3, 0x25, 0xb3, 0x04, 0xaa, 0xc4, 0xa2, 0x83,
  0x9a, 0x42, 0x8a, 0x01, 0x89, 0xe0, 0x89, 0xe0, 0x79, 0xa0, 0x81, 0xc0,
  0x8a, 0x01, 0x8a, 0x21, 0x8a, 0x42, 0x8a, 0x82, 0x92, 0x82, 0x82, 0x62,
  0x7a, 0x21, 0x72, 0x21, 0x6a, 0x01, 0x61, 0xe1, 0x59, 0xc0, 0x59, 0xe0,
  0x62, 0x42, 0x72, 0x83, 0x72, 0x83, 0x82, 0xc4, 0x9b, 0x25, 0xb3, 0xe8,
  0xcc, 0x6a, 0xd4, 0x8a, 0xcc, 0x07, 0xb3, 0x44, 0xaa, 0xc2, 0xaa, 0xc2,
  0xb2, 0x82, 0xaa, 0x61, 0xaa, 0x41, 0xaa, 0x21, 0xaa, 0x20, 0xaa, 0x41,
  0xb2, 0x80, 0xcb, 0x23, 0xdb, 0xc4, 0xdb, 0xc4, 0xd3, 0x64, 0xc2, 0xe2,
  0x91, 0xc0, 0x70, 0xc0, 0x71, 0x41, 0x79, 0x61, 0x71, 0x40, 0x69, 0x20,
  0x81, 0xa0, 0xbb, 0x66, 0xec, 0xca, 0xec, 0x88, 0xc3, 0xa5, 0xb3, 0x03,
  0xd4, 0xca, 0xfe, 0xd3, 0xfe, 0xf3, 0xf6, 0xd3, 0xfe, 0xf4, 0xff, 0x37,
  0xff, 0x98, 0xff, 0xba, 0xff, 0xda, 0xff, 0xb9, 0xff, 0x98, 0xff, 0x77,
  0xff, 0x56, 0xff, 0x36, 0xff, 0x15, 0xff, 0x16, 0xff, 0x78, 0xff, 0xb9,
  0xff, 0xb9, 0xff, 0xd8, 0xff, 0xd8, 0xff, 0xd7, 0xff, 0xd7, 0xff, 0xf7,
  0xff, 0xf7, 0xff, 0xfa, 0xff, 0xfa, 0xff, 0xfc, 0xff, 0xfc, 0xff, 0xfd,
  0xff, 0xfe, 0xff, 0xfe, 0xff, 0xfe, 0xff, 0xfe, 0xff, 0xff, 0xff, 0xff,
  0xff, 0xff, 0xff, 0xff, 0xff, 0xfe, 0xff, 0xfe, 0xff, 0xfd, 0xff, 0xfd,
  0xff, 0xfd, 0xff, 0xdb, 0xff, 0xdb, 0xff, 0xba, 0xff, 0x99, 0x00, 0x00,
  0x00, 0x00, 0x6a, 0xa3, 0x7b, 0x05, 0x7b, 0x26, 0xe6, 0x52, 0xb4, 0xcc,
  0x72, 0xe5, 0x9c, 0x09, 0xff, 0x97, 0xd5, 0xd0, 0xf7, 0x15, 0xf7, 0x16,
  0xf7, 0x37, 0xff, 0xdb, 0xff, 0xfc, 0xff, 0xfc, 0xff, 0xfc, 0xff, 0xfc,
  0xff, 0xfc, 0xff, 0xfc, 0xff, 0xfc, 0xff, 0xfc, 0xff, 0xfc, 0xff, 0xfc,
  0xff, 0xfc, 0xff, 0xfc, 0xff, 0xfc, 0xff, 0xfb, 0xff, 0xfb, 0xff, 0xda,
  0xff, 0xb8, 0xff, 0x78, 0xff, 0x36, 0xff, 0x35, 0xff, 0x54, 0xff, 0x74,
  0xff, 0x73, 0xff, 0x73, 0xff, 0x31, 0xfe, 0xef, 0xfe, 0x4c, 0xed, 0xa9,
  0xdc, 0xe7, 0xc4, 0x03, 0xb3, 0x41, 0xbb, 0x82, 0xaa, 0xc0, 0x91, 0xe0,
  0xc3, 0x85, 0xdc, 0x68, 0x92, 0x02, 0x58, 0x60, 0x60, 0xc0, 0x81, 0xe1,
  0x81, 0xa2, 0x69, 0x00, 0x92, 0x21, 0xa2, 0x42, 0x89, 0xa0, 0x89, 0x60,
  0x91, 0x80, 0x99, 0xa0, 0x99, 0xa0, 0x91, 0xa0, 0x91, 0xa0, 0x91, 0xa0,
  0x89, 0xa0, 0x81, 0xa0, 0x81, 0x80, 0x79, 0x60, 0x79, 0x60, 0x71, 0x40,
  0x71, 0x20, 0x71, 0x60, 0x79, 0xa0, 0x7a, 0x01, 0x82, 0x22, 0x8a, 0xc5,
  0x82, 0x63, 0x69, 0xe2, 0x51, 0x60, 0x49, 0x40, 0x49, 0x60, 0x41, 0x20,
  0x41, 0x20, 0x49, 0x40, 0x49, 0x40, 0x51, 0x40, 0x51, 0x40, 0x51, 0x40,
  0x59, 0x61, 0x61, 0x81, 0x61, 0xa1, 0x61, 0x81, 0x51, 0x20, 0x51, 0x00,
  0x50, 0xe0, 0x51, 0x00, 0x59, 0x20, 0x61, 0x40, 0x61, 0x60, 0x61, 0x60,
  0x71, 0xa1, 0x71, 0xa1, 0x79, 0xc1, 0x79, 0xc1, 0x79, 0xc2, 0x82, 0x02,
  0x8a, 0x24, 0x60, 0xe0, 0x58, 0xa0, 0x50, 0x80, 0x50, 0xa0, 0x50, 0xa0,
  0x48, 0xa0, 0x48, 0xc0, 0x48, 0xc0, 0x59, 0x21, 0x51, 0x01, 0x48, 0xe0,
  0x48, 0xc0, 0x48, 0xc0, 0x48, 0xe0, 0x48, 0xe0, 0x48, 0xa0, 0x50, 0xa0,
  0x71, 0x80, 0x9a, 0xa4, 0xa3, 0x05, 0x9a, 0xc3, 0x9a, 0xe4, 0xa3, 0x05,
  0xab, 0x05, 0xa2, 0xa3, 0xaa, 0xe4, 0xaa, 0xc4, 0xa2, 0x83, 0x92, 0x01,
  0x81, 0x80, 0x71, 0x20, 0x79, 0x60, 0x71, 0x80, 0x79, 0xc0, 0x82, 0x00,
  0x8a, 0x41, 0x8a, 0x62, 0x92, 0x83, 0x92, 0xa3, 0x8a, 0x82, 0x7a, 0x42,
  0x7a, 0x21, 0x72, 0x42, 0x72, 0x22, 0x62, 0x01, 0x61, 0xe1, 0x62, 0x22,
  0x6a, 0x83, 0x72, 0xa3, 0x72, 0xc4, 0x83, 0x05, 0xa3, 0xa7, 0xcc, 0xab,
  0xd4, 0xcb, 0xd4, 0x6a, 0xc3, 0xc7, 0xb3, 0x24, 0xb2, 0xc2, 0xbb, 0x03,
  0xba, 0xc2, 0xb2, 0x81, 0xaa, 0x41, 0xaa, 0x41, 0xaa, 0x61, 0xb2, 0x61,
  0xb2, 0xa0, 0xba, 0xc1, 0xdb, 0xa3, 0xd3, 0x83, 0xd3, 0x23, 0xca, 0xe2,
  0xa1, 0xe0, 0x80, 0xe0, 0x79, 0x00, 0x79, 0x20, 0x71, 0x00, 0x69, 0x00,
  0x89, 0xa0, 0xc3, 0x65, 0xf4, 0x88, 0xec, 0x25, 0xcb, 0x44, 0xc3, 0x44,
  0xdc, 0x89, 0xf6, 0x52, 0xfe, 0xf4, 0xf6, 0xd3, 0xf6, 0xb3, 0xff, 0x16,
  0xff, 0x77, 0xff, 0xb9, 0xff, 0xda, 0xff, 0xd9, 0xff, 0xb9, 0xff, 0x97,
  0xff, 0x77, 0xff, 0x55, 0xff, 0x35, 0xff, 0x35, 0xff, 0x76, 0xff, 0xb9,
  0xff, 0xb9, 0xff, 0xd8, 0xff, 0xd8, 0xff, 0xf7, 0xff, 0xf7, 0xff, 0xf7,
  0xff, 0xf7, 0xff, 0xf9, 0xff, 0xfa, 0xff, 0xfb, 0xff, 0xfb, 0xff, 0xfc,
  0xff, 0xfd, 0xff, 0xfd, 0xff, 0xfd, 0xff, 0xfe, 0xff, 0xfe, 0xff, 0xfe,
  0xff, 0xfe, 0xff, 0xfe, 0xff, 0xfe, 0xff, 0xfe, 0xff, 0xfe, 0xff, 0xfe,
  0xff, 0xfd, 0xff, 0xdc, 0xff, 0xdb, 0xff, 0x9a, 0xff, 0x99, 0x00, 0x00,
  0x00, 0x00, 0x72, 0xc4, 0x83, 0x46, 0x8b, 0x87, 0xde, 0x31, 0x83, 0x46,
  0x8b, 0x87, 0xc5, 0x6f, 0xff, 0x56, 0xde, 0x11, 0xf7, 0x56, 0xef, 0x16,
  0xff, 0x57, 0xff, 0xfb, 0xff, 0xfc, 0xff, 0xfc, 0xff, 0xfc, 0xff, 0xfc,
  0xff, 0xfc, 0xff, 0xfc, 0xff, 0xfc, 0xff, 0xfc, 0xff, 0xfc, 0xff, 0xfc,
  0xff, 0xfc, 0xff, 0xfc, 0xff, 0xfc, 0xff, 0xfc, 0xff, 0xfb, 0xff, 0xfb,
  0xff, 0xd9, 0xff, 0x98, 0xff, 0x56, 0xff, 0x56, 0xff, 0x74, 0xff, 0x74,
  0xff, 0x73, 0xff, 0x73, 0xff, 0x31, 0xfe, 0xcf, 0xfe, 0x2c, 0xed, 0x89,
  0xdc, 0xe7, 0xbb, 0xc2, 0xab, 0x00, 0xb3, 0x41, 0xaa, 0xe0, 0x92, 0x00,
  0xaa, 0xa3, 0xc3, 0xa5, 0x8a, 0x01, 0x68, 0xe0, 0x60, 0xe0, 0x79, 0x81,
  0x79, 0xa1, 0x69, 0x20, 0x81, 0xa0, 0x91, 0xe0, 0x91, 0xc0, 0x99, 0xe0,
  0x99, 0xc0, 0x99, 0xa0, 0x91, 0xa0, 0x91, 0xa0, 0x91, 0xa0, 0x91, 0xa0,
  0x89, 0xa0, 0x89, 0xa0, 0x81, 0x80, 0x81, 0x80, 0x81, 0xa0, 0x79, 0x80,
  0x79, 0x60, 0x71, 0x60, 0x79, 0xa0, 0x79, 0xe0, 0x82, 0x01, 0x92, 0xc5,
  0x82, 0x84, 0x6a, 0x02, 0x59, 0x60, 0x49, 0x20, 0x41, 0x00, 0x41, 0x00,
  0x41, 0x20, 0x49, 0x20, 0x49, 0x40, 0x51, 0x40, 0x51, 0x40, 0x59, 0x60,
  0x59, 0x60, 0x59, 0x81, 0x61, 0xa1, 0x59, 0x61, 0x51, 0x00, 0x51, 0x00,
  0x50, 0xe0, 0x50, 0xe0, 0x59, 0x00, 0x61, 0x40, 0x61, 0x60, 0x61, 0x40,
  0x71, 0xa1, 0x71, 0xa1, 0x71, 0xa1, 0x79, 0xc1, 0x79, 0xe2, 0x81, 0xe2,
  0x82, 0x03, 0x69, 0x20, 0x58, 0xc0, 0x50, 0xa0, 0x50, 0xa0, 0x50, 0xc0,
  0x59, 0x00, 0x59, 0x21, 0x59, 0x21, 0x69, 0xa3, 0x69, 0xa3, 0x61, 0x62,
  0x61, 0x41, 0x59, 0x01, 0x59, 0x00, 0x59, 0x20, 0x59, 0x00, 0x50, 0xc0,
  0x69, 0x61, 0x9a, 0xa4, 0xa3, 0x05, 0x9a, 0xe4, 0xa2, 0xe4, 0xa3, 0x04,
  0xa3, 0x04, 0xa2, 0xa3, 0xa2, 0xc4, 0xa2, 0xa4, 0x9a, 0x63, 0x91, 0xe1,
  0x81, 0x60, 0x71, 0x20, 0x79, 0x60, 0x79, 0xa0, 0x79, 0xa0, 0x81, 0xe0,
  0x82, 0x00, 0x8a, 0x41, 0x92, 0x62, 0x92, 0x83, 0x92, 0x83, 0x82, 0x63,
  0x82, 0x62, 0x7a, 0x63, 0x7a, 0x62, 0x72, 0x22, 0x6a, 0x22, 0x72, 0x83,
  0x7a, 0xc4, 0x7a, 0xc4, 0x83, 0x05, 0x93, 0x25, 0xab, 0xe8, 0xcc, 0xcb,
  0xd4, 0xab, 0xcc, 0x28, 0xbb, 0x65, 0xaa, 0xc2, 0xaa, 0x81, 0xbb, 0x03,
  0xc2, 0xe3, 0xba, 0xa2, 0xb2, 0x81, 0xb2, 0x81, 0xb2, 0x81, 0xba, 0xa2,
  0xba, 0xe1, 0xc3, 0x02, 0xd3, 0xa3, 0xd3, 0x62, 0xcb, 0x23, 0xcb, 0x02,
  0xaa, 0x21, 0x89, 0x00, 0x70, 0xe0, 0x70, 0xe0, 0x70, 0xe0, 0x71, 0x20,
  0x91, 0xe0, 0xc3, 0x65, 0xec, 0x67, 0xe3, 0xe4, 0xc3, 0x43, 0xc3, 0x03,
  0xcc, 0x28, 0xee, 0x31, 0xff, 0x14, 0xfe, 0xd3, 0xf6, 0xb4, 0xff, 0x16,
  0xff, 0x77, 0xff, 0x99, 0xff, 0xda, 0xff, 0xfa, 0xff, 0xd9, 0xff, 0xb7,
  0xff, 0x97, 0xff, 0x55, 0xff, 0x55, 0xff, 0x35, 0xff, 0x56, 0xff, 0xb8,
  0xff, 0xb8, 0xff, 0xd7, 0xff, 0xd7, 0xff, 0xd6, 0xff, 0xd6, 0xff, 0xd6,
  0xff, 0xd6, 0xff, 0xd8, 0xff, 0xf9, 0xff, 0xfb, 0xff, 0xfc, 0xff, 0xfd,
  0xff, 0xfd, 0xff, 0xfe, 0xff, 0xfe, 0xff, 0xfe, 0xff, 0xfe, 0xff, 0xfe,
  0xff, 0xfe, 0xff, 0xfe, 0xff, 0xfe, 0xff, 0xfe, 0xff, 0xfe, 0xff, 0xfe,
  0xff, 0xfd, 0xff, 0xfc, 0xff, 0xdb, 0xff, 0xbb, 0xff, 0x78, 0x00, 0x00,
  0x00, 0x00, 0x7b, 0x25, 0x83, 0x46, 0x83, 0x66, 0xc5, 0x4e, 0x83, 0x46,
  0x9c, 0x29, 0xde, 0x10, 0xf6, 0xf4, 0xff, 0x56, 0xee, 0x93, 0xee, 0xb5,
  0xff, 0xb9, 0xff, 0xfb, 0xff, 0xfc, 0xff, 0xfc, 0xff, 0xfc, 0xff, 0xfc,
  0xff, 0xfc, 0xff, 0xfc, 0xff, 0xfc, 0xff, 0xfc, 0xff, 0xfc, 0xff, 0xfc,
  0xff, 0xfc, 0xff, 0xfc, 0xff, 0xfc, 0xff, 0xfb, 0xff, 0xfc, 0xff, 0xfb,
  0xff, 0xb9, 0xff, 0x98, 0xff, 0x56, 0xff, 0x56, 0xff, 0x55, 0xff, 0x75,
  0xff, 0x73, 0xff, 0x73, 0xff, 0x31, 0xfe, 0xd0, 0xfe, 0x2c, 0xed, 0x89,
  0xdc, 0xc7, 0xc3, 0xc3, 0xb3, 0x41, 0xaa, 0xe0, 0xaa, 0xe0, 0x9a, 0x20,
  0x81, 0x60, 0xcb, 0x84, 0xb3, 0x22, 0x71, 0x20, 0x69, 0x00, 0x71, 0x40,
  0x60, 0xe0, 0x50, 0x80, 0x71, 0x40, 0x92, 0x42, 0x89, 0xc1, 0x89, 0x80,
  0x99, 0xe0, 0x91, 0xa0, 0x91, 0xa0, 0x91, 0xa0, 0x91, 0xa0, 0x89, 0xa0,
  0x89, 0xa0, 0x89, 0xa0, 0x81, 0x80, 0x81, 0xa0, 0x81, 0xa0, 0x79, 0x80,
  0x79, 0x60, 0x71, 0x80, 0x79, 0xa0, 0x79, 0xe1, 0x82, 0x22, 0x7a, 0x23,
  0x71, 0xe2, 0x61, 0xc1, 0x59, 0x80, 0x51, 0x60, 0x51, 0x40, 0x49, 0x40,
  0x49, 0x40, 0x51, 0x20, 0x51, 0x40, 0x59, 0x40, 0x59, 0x40, 0x59, 0x60,
  0x61, 0x61, 0x59, 0x81, 0x59, 0x81, 0x59, 0x60, 0x51, 0x00, 0x51, 0x00,
  0x50, 0xe0, 0x50, 0xe0, 0x59, 0x00, 0x61, 0x40, 0x61, 0x60, 0x61, 0x40,
  0x69, 0x80, 0x71, 0xa1, 0x79, 0xc1, 0x79, 0xe1, 0x81, 0xe2, 0x82, 0x02,
  0x81, 0xe2, 0x71, 0x81, 0x50, 0xc0, 0x48, 0xa0, 0x50, 0xe0, 0x59, 0x20,
  0x61, 0x40, 0x69, 0x60, 0x79, 0x61, 0x81, 0x81, 0x89, 0xe3, 0x92, 0x04,
  0x89, 0xc2, 0x79, 0x20, 0x68, 0xc0, 0x79, 0x20, 0x79, 0x60, 0x58, 0xa0,
  0x60, 0xc0, 0x92, 0x83, 0xab, 0x46, 0xab, 0x65, 0xa3, 0x04, 0x9a, 0xa3,
  0x9a, 0xa3, 0xa2, 0xc4, 0xa2, 0xa3, 0x92, 0x02, 0x89, 0xe1, 0x81, 0xa0,
  0x79, 0x60, 0x79, 0x60, 0x81, 0xa0, 0x81, 0xc0, 0x81, 0xc0, 0x79, 0xc0,
  0x81, 0xc0, 0x81, 0xe0, 0x82, 0x00, 0x8a, 0x21, 0x92, 0x42, 0x92, 0x62,
  0x8a, 0x62, 0x8a, 0x63, 0x92, 0xa4, 0x8a, 0xa4, 0x8a, 0xa3, 0x8a, 0xe4,
  0x8b, 0x25, 0x8b, 0x05, 0x8b, 0x25, 0x9b, 0x46, 0xb3, 0xa7, 0xcc, 0x6a,
  0xd4, 0x8a, 0xcc, 0x28, 0xc3, 0x65, 0xb2, 0xc3, 0xb2, 0x61, 0xc2, 0xc3,
  0xcb, 0x04, 0xca, 0xe3, 0xc2, 0xe2, 0xc2, 0xc2, 0xc2, 0xe2, 0xc3, 0x03,
  0xcb, 0x42, 0xd3, 0x63, 0xd3, 0x62, 0xdb, 0xa3, 0xdb, 0xa5, 0xdb, 0x84,
  0xc2, 0xc4, 0x91, 0x60, 0x70, 0x80, 0x68, 0x60, 0x70, 0xa0, 0x70, 0xc0,
  0x91, 0xa0, 0xc3, 0x22, 0xf4, 0x46, 0xf4, 0x04, 0xd3, 0x63, 0xc3, 0x02,
  0xd3, 0xe7, 0xf6, 0x73, 0xff, 0x76, 0xfe, 0x93, 0xff, 0x15, 0xff, 0x98,
  0xff, 0x97, 0xff, 0x98, 0xff, 0xd9, 0xff, 0xf9, 0xff, 0xd9, 0xff, 0x97,
  0xff, 0x77, 0xff, 0x34, 0xff, 0x14, 0xff, 0x14, 0xff, 0x75, 0xff, 0x74,
  0xff, 0x75, 0xff, 0xb3, 0xff, 0xb3, 0xff, 0xd2, 0xff, 0x90, 0xff, 0x51,
  0xff, 0x50, 0xff, 0x54, 0xff, 0x95, 0xff, 0x9a, 0xff, 0xbc, 0xff, 0xde,
  0xff, 0xff, 0xff, 0xff, 0xff, 0xff, 0xff, 0xff, 0xff, 0xfe, 0xff, 0xfe,
  0xff, 0xfe, 0xff, 0xfe, 0xff, 0xfe, 0xff, 0xfe, 0xff, 0xfe, 0xff, 0xfd,
  0xff, 0xfd, 0xff, 0xfd, 0xff, 0xfb, 0xff, 0xbb, 0xff, 0x78, 0x00, 0x00,
  0x00, 0x00, 0x83, 0x66, 0x83, 0x66, 0x83, 0x86, 0xc5, 0x4e, 0x83, 0x66,
  0xbd, 0x2d, 0xd5, 0xf0, 0xf7, 0x14, 0xf7, 0x15, 0xe6, 0x93, 0xee, 0xd5,
  0xff, 0xd9, 0xff, 0xfc, 0xff, 0xfc, 0xff, 0xfc, 0xff, 0xfc, 0xff, 0xfc,
  0xff, 0xfc, 0xff, 0xfc, 0xff, 0xfc, 0xff, 0xfc, 0xff, 0xfc, 0xff, 0xfc,
  0xff, 0xfc, 0xff, 0xfc, 0xff, 0xfc, 0xff, 0xfc, 0xff, 0xfc, 0xff, 0xfb,
  0xff, 0xb9, 0xff, 0x78, 0xff, 0x56, 0xff, 0x56, 0xff, 0x75, 0xff, 0x75,
  0xff, 0x73, 0xff, 0x73, 0xff, 0x31, 0xfe, 0xcf, 0xfe, 0x0c, 0xe5, 0x69,
  0xdc, 0xa6, 0xc4, 0x04, 0xbb, 0x82, 0xab, 0x00, 0xaa, 0xe0, 0xa2, 0x60,
  0x89, 0xc0, 0xa2, 0x60, 0x9a, 0x40, 0x92, 0x20, 0x79, 0x80, 0x69, 0x20,
  0x71, 0x40, 0x60, 0xe0, 0x71, 0x40, 0x8a, 0x01, 0x91, 0xe1, 0x91, 0xa0,
  0x99, 0xe0, 0x91, 0x80, 0x91, 0xa0, 0x91, 0xa0, 0x91, 0xa0, 0x91, 0xc0,
  0x89, 0xa0, 0x89, 0xa0, 0x89, 0xa0, 0x81, 0xa0, 0x81, 0xa0, 0x81, 0xa0,
  0x79, 0xa0, 0x79, 0xa0, 0x79, 0xa0, 0x71, 0xc0, 0x79, 0xe1, 0x7a, 0x22,
  0x7a, 0x02, 0x69, 0xe2, 0x61, 0xa1, 0x59, 0x81, 0x51, 0x61, 0x51, 0x40,
  0x51, 0x40, 0x51, 0x40, 0x59, 0x40, 0x59, 0x40, 0x59, 0x40, 0x59, 0x60,
  0x59, 0x60, 0x59, 0x40, 0x59, 0x40, 0x59, 0x40, 0x51, 0x00, 0x48, 0xe0,
  0x50, 0xc0, 0x50, 0xe0, 0x59, 0x00, 0x61, 0x40, 0x69, 0x80, 0x61, 0x60,
  0x69, 0x80, 0x71, 0xa1, 0x71, 0xa1, 0x79, 0xc1, 0x79, 0xc1, 0x81, 0xe2,
  0x82, 0x03, 0x71, 0x81, 0x48, 0xa0, 0x48, 0x80, 0x50, 0xe0, 0x61, 0x60,
  0x69, 0x60, 0x71, 0x81, 0x81, 0xa2, 0x89, 0xe3, 0x92, 0x03, 0x91, 0xe3,
  0x89, 0xa2, 0x81, 0x60, 0x71, 0x40, 0x71, 0x00, 0x60, 0xc0, 0x48, 0x00,
  0x58, 0x80, 0x8a, 0x62, 0xab, 0x26, 0xab, 0x45, 0xa3, 0x04, 0x9a, 0xc3,
  0x9a, 0xc3, 0xaa, 0xe4, 0xa2, 0xc4, 0x92, 0x22, 0x89, 0xe1, 0x89, 0xc0,
  0x81, 0xa0, 0x81, 0x60, 0x81, 0xa0, 0x81, 0xc0, 0x81, 0xc0, 0x81, 0xe0,
  0x81, 0xe0, 0x81, 0xe0, 0x81, 0xe0, 0x81, 0xe0, 0x82, 0x01, 0x8a, 0x21,
  0x82, 0x21, 0x9b, 0x05, 0xab, 0x87, 0xa3, 0x66, 0xa3, 0x46, 0x93, 0x25,
  0x93, 0x05, 0x8b, 0x05, 0x8b, 0x25, 0xab, 0xa7, 0xcc, 0x49, 0xd4, 0x8a,
  0xd4, 0x6a, 0xcb, 0xe8, 0xc3, 0x45, 0xb2, 0xe3, 0xba, 0xa2, 0xc3, 0x03,
  0xd3, 0x44, 0xd3, 0x24, 0xcb, 0x23, 0xcb, 0x03, 0xcb, 0x23, 0xcb, 0x23,
  0xcb, 0x63, 0xd3, 0x83, 0xcb, 0x42, 0xdb, 0x83, 0xe3, 0xa5, 0xdb, 0x84,
  0xc2, 0xa3, 0x91, 0x40, 0x70, 0x80, 0x70, 0xa0, 0x78, 0xe0, 0x99, 0xe1,
  0xba, 0xe2, 0xcb, 0x43, 0xd3, 0x42, 0xdb, 0x61, 0xd3, 0x83, 0xd3, 0x64,
  0xbb, 0x45, 0xdd, 0x8f, 0xff, 0x97, 0xfe, 0xf5, 0xfe, 0xf5, 0xff, 0x98,
  0xff, 0x97, 0xff, 0x98, 0xff, 0xd9, 0xff, 0xf9, 0xff, 0xd9, 0xff, 0x97,
  0xff, 0x77, 0xff, 0x35, 0xff, 0x34, 0xff, 0x34, 0xff, 0x54, 0xff, 0x75,
  0xff, 0x74, 0xff, 0x73, 0xff, 0x93, 0xff, 0xd2, 0xff, 0x91, 0xff, 0x51,
  0xff, 0x50, 0xff, 0x54, 0xff, 0x95, 0xff, 0xba, 0xff, 0xbc, 0xff, 0xde,
  0xff, 0xff, 0xff, 0xff, 0xff, 0xff, 0xff, 0xff, 0xff, 0xfe, 0xff, 0xfe,
  0xff, 0xfe, 0xff, 0xfe, 0xff, 0xfe, 0xff, 0xfe, 0xff, 0xfe, 0xff, 0xfd,
  0xff, 0xdd, 0xff, 0xfd, 0xff, 0xfc, 0xff, 0xdb, 0xff, 0x78, 0x00, 0x00,
  0x00, 0x00, 0x8b, 0xa7, 0x83, 0x66, 0x93, 0xc7, 0xc5, 0x6e, 0x93, 0xc7,
  0xd5, 0xcf, 0xcd, 0xaf, 0xf6, 0xf4, 0xff, 0x15, 0xee, 0xb3, 0xef, 0x16,
  0xff, 0xda, 0xff, 0xfc, 0xff, 0xfc, 0xff, 0xfc, 0xff, 0xfc, 0xff, 0xfc,
  0xff, 0xfc, 0xff, 0xfc, 0xff, 0xfc, 0xff, 0xfc, 0xff, 0xfc, 0xff, 0xfc,
  0xff, 0xfc, 0xff, 0xfc, 0xff, 0xfc, 0xff, 0xfc, 0xff, 0xfc, 0xff, 0xfb,
  0xff, 0xba, 0xff, 0x78, 0xff, 0x57, 0xff, 0x77, 0xff, 0x75, 0xff, 0x75,
  0xff, 0x73, 0xff, 0x73, 0xff, 0x31, 0xfe, 0xaf, 0xfd, 0xeb, 0xe5, 0x49,
  0xdc, 0xa6, 0xcc, 0x24, 0xc3, 0xc3, 0xb3, 0x20, 0xbb, 0x21, 0xaa, 0xa0,
  0x9a, 0x00, 0x9a, 0x00, 0x9a, 0x40, 0xa2, 0xa2, 0x92, 0x21, 0x79, 0x80,
  0x71, 0x60, 0x58, 0xc0, 0x69, 0x20, 0x8a, 0x01, 0x91, 0xe1, 0x81, 0x40,
  0x81, 0x60, 0x99, 0xa0, 0x91, 0x80, 0x91, 0xa0, 0x91, 0xa0, 0x91, 0xa0,
  0x91, 0xa0, 0x91, 0xc0, 0x89, 0xa0, 0x89, 0xa0, 0x89, 0xa0, 0x89, 0xa0,
  0x89, 0xa0, 0x81, 0xa0, 0x81, 0xa0, 0x79, 0xc0, 0x79, 0xc1, 0x79, 0xe1,
  0x79, 0xc1, 0x71, 0xc2, 0x69, 0xa1, 0x61, 0xa1, 0x61, 0x81, 0x59, 0x60,
  0x59, 0x40, 0x59, 0x40, 0x61, 0x40, 0x61, 0x40, 0x61, 0x60, 0x61, 0x60,
  0x61, 0x60, 0x59, 0x40, 0x59, 0x40, 0x59, 0x20, 0x51, 0x00, 0x51, 0x00,
  0x50, 0xe0, 0x51, 0x00, 0x59, 0x20, 0x61, 0x40, 0x69, 0x81, 0x69, 0x80,
  0x69, 0x60, 0x71, 0xa1, 0x71, 0xa1, 0x71, 0xc1, 0x79, 0xc1, 0x81, 0xe2,
  0x82, 0x03, 0x71, 0xa1, 0x40, 0x60, 0x48, 0x80, 0x59, 0x20, 0x69, 0x81,
  0x81, 0xa1, 0x81, 0xc1, 0x91, 0xe2, 0xa2, 0x44, 0xaa, 0x64, 0xaa, 0x44,
  0x9a, 0x03, 0xa2, 0x23, 0x9a, 0x23, 0x89, 0xa1, 0x70, 0xc0, 0x50, 0x00,
  0x58, 0x80, 0x8a, 0x22, 0xa3, 0x06, 0xab, 0x46, 0xab, 0x05, 0xa2, 0xe3,
  0x9a, 0xc3, 0xa2, 0xe4, 0x9a, 0xc3, 0x92, 0x22, 0x89, 0xe1, 0x89, 0xa0,
  0x81, 0xa0, 0x81, 0x80, 0x89, 0xa0, 0x89, 0xe0, 0x89, 0xc0, 0x89, 0xc0,
  0x81, 0xc0, 0x81, 0xc0, 0x81, 0xc0, 0x89, 0xc0, 0x89, 0xe0, 0x92, 0x21,
  0x92, 0x21, 0x9a, 0xa3, 0xa3, 0x04, 0xab, 0x25, 0xab, 0x46, 0xab, 0x25,
  0xab, 0x25, 0xab, 0x66, 0xb3, 0xa7, 0xcc, 0x08, 0xd4, 0x69, 0xdc, 0x69,
  0xdc, 0x48, 0xd3, 0xe7, 0xcb, 0x85, 0xc3, 0x44, 0xcb, 0x24, 0xd3, 0x65,
  0xd3, 0x44, 0xd3, 0x44, 0xd3, 0x23, 0xcb, 0x03, 0xcb, 0x03, 0xcb, 0x03,
  0xcb, 0x22, 0xcb, 0x22, 0xcb, 0x22, 0xdb, 0xa3, 0xe3, 0xc6, 0xdb, 0x85,
  0xba, 0x83, 0x89, 0x20, 0x78, 0x80, 0x80, 0xe0, 0xa1, 0xe0, 0xc2, 0xe3,
  0xdb, 0xa4, 0xdb, 0xc3, 0xdb, 0x61, 0xd3, 0x20, 0xcb, 0x21, 0xd3, 0x43,
  0xc3, 0x44, 0xd4, 0xcc, 0xfe, 0xf5, 0xff, 0x36, 0xff, 0x15, 0xff, 0x77,
  0xff, 0xd8, 0xff, 0xd8, 0xff, 0xf8, 0xff, 0xf9, 0xff, 0xd8, 0xff, 0x98,
  0xff, 0x77, 0xff, 0x34, 0xff, 0x14, 0xff, 0x13, 0xff, 0x54, 0xff, 0x73,
  0xff, 0x53, 0xff, 0x71, 0xff, 0x71, 0xff, 0x90, 0xff, 0x70, 0xff, 0x50,
  0xff, 0x4f, 0xff, 0x53, 0xff, 0x74, 0xff, 0xb9, 0xff, 0xda, 0xff, 0xfd,
  0xff, 0xfe, 0xff, 0xfe, 0xff, 0xfe, 0xff, 0xfe, 0xff, 0xfe, 0xff, 0xfe,
  0xff, 0xfe, 0xff, 0xfe, 0xff, 0xfe, 0xff, 0xfe, 0xff, 0xfe, 0xff, 0xfe,
  0xff, 0xfd, 0xff, 0xfd, 0xff, 0xfc, 0xff, 0xdb, 0xff, 0x78, 0x00, 0x00,
  0x00, 0x00, 0x93, 0xc7, 0x7b, 0x04, 0xa4, 0x8a, 0xcd, 0xaf, 0xa4, 0x49,
  0xd5, 0xf0, 0xc5, 0x4d, 0xf6, 0xd3, 0xff, 0x56, 0xf7, 0x14, 0xf7, 0x37,
  0xff, 0xda, 0xff, 0xfc, 0xff, 0xfc, 0xff, 0xfc, 0xff, 0xfc, 0xff, 0xfc,
  0xff, 0xfc, 0xff, 0xfc, 0xff, 0xfc, 0xff, 0xfc, 0xff, 0xfc, 0xff, 0xfc,
  0xff, 0xfc, 0xff, 0xfc, 0xff, 0xfc, 0xff, 0xfc, 0xff, 0xfc, 0xff, 0xfb,
  0xff, 0xba, 0xff, 0x99, 0xff, 0x77, 0xff, 0x77, 0xff, 0x95, 0xff, 0x75,
  0xff, 0x73, 0xff, 0x73, 0xff, 0x10, 0xfe, 0xaf, 0xfd, 0xeb, 0xe5, 0x28,
  0xdc, 0x86, 0xcc, 0x04, 0xc3, 0xa2, 0xc3, 0xa2, 0xbb, 0x41, 0xa2, 0x60,
  0x9a, 0x20, 0xa2, 0x60, 0xa2, 0x81, 0x9a, 0x61, 0x89, 0xe0, 0x81, 0xa0,
  0x71, 0x20, 0x50, 0x80, 0x60, 0xc0, 0x8a, 0x01, 0x92, 0x02, 0x79, 0x00,
  0x79, 0x00, 0x99, 0xa0, 0x91, 0x80, 0x91, 0xa0, 0x91, 0xa0, 0x91, 0xc0,
  0x91, 0xc0, 0x91, 0xc0, 0x89, 0xc0, 0x89, 0xa0, 0x89, 0xa0, 0x89, 0xc0,
  0x89, 0xc0, 0x81, 0xc0, 0x81, 0xc0, 0x81, 0xc1, 0x79, 0xc0, 0x79, 0xc1,
  0x71, 0xc1, 0x71, 0xe2, 0x71, 0xc1, 0x69, 0xc1, 0x61, 0xa1, 0x61, 0x81,
  0x61, 0x60, 0x61, 0x61, 0x61, 0x61, 0x61, 0x60, 0x61, 0x60, 0x61, 0x61,
  0x61, 0x61, 0x61, 0x60, 0x59, 0x40, 0x59, 0x40, 0x59, 0x20, 0x59, 0x20,
  0x59, 0x20, 0x59, 0x20, 0x59, 0x20, 0x61, 0x40, 0x69, 0x80, 0x69, 0x80,
  0x69, 0x80, 0x71, 0xa1, 0x71, 0xa1, 0x71, 0xc1, 0x79, 0xc1, 0x79, 0xe1,
  0x7a, 0x02, 0x71, 0x80, 0x40, 0x20, 0x48, 0xa0, 0x71, 0x81, 0x82, 0x43,
  0x9a, 0x84, 0xa2, 0xa5, 0xb2, 0xc6, 0xbb, 0x07, 0xcb, 0x48, 0xc3, 0x27,
  0xba, 0xe7, 0xc3, 0x68, 0xcb, 0xa9, 0xbb, 0x06, 0x89, 0xc1, 0x68, 0xa0,
  0x60, 0x80, 0x79, 0xc1, 0xa2, 0xe5, 0xb3, 0x46, 0xab, 0x25, 0xa3, 0x04,
  0xa2, 0xe4, 0xa2, 0xe4, 0x9a, 0xa3, 0x92, 0x22, 0x89, 0xe1, 0x89, 0xc0,
  0x81, 0xa0, 0x81, 0x80, 0x89, 0xa0, 0x89, 0xe0, 0x89, 0xe0, 0x89, 0xe0,
  0x89, 0xc0, 0x89, 0xc0, 0x89, 0xe0, 0x89, 0xe0, 0x92, 0x01, 0x92, 0x21,
  0x9a, 0x62, 0x8a, 0x00, 0x81, 0xe0, 0x92, 0x62, 0x9a, 0xa3, 0xa2, 0xe4,
  0xab, 0x46, 0xbb, 0xa7, 0xc4, 0x29, 0xdc, 0xab, 0xe4, 0xcb, 0xdc, 0x69,
  0xdc, 0x69, 0xd4, 0x07, 0xd3, 0xc6, 0xd3, 0xa6, 0xdb, 0xa6, 0xdb, 0xa6,
  0xdb, 0x65, 0xd3, 0x44, 0xd3, 0x24, 0xcb, 0x23, 0xcb, 0x03, 0xcb, 0x03,
  0xcb, 0x22, 0xcb, 0x22, 0xcb, 0x42, 0xdb, 0xa3, 0xdb, 0xa6, 0xd3, 0x24,
  0xaa, 0x21, 0x89, 0x00, 0x80, 0xc0, 0x99, 0xa1, 0xcb, 0x24, 0xe4, 0x07,
  0xe4, 0x05, 0xdb, 0xc4, 0xdb, 0x82, 0xe3, 0xa1, 0xd3, 0x62, 0xc2, 0xa0,
  0xb3, 0x03, 0xdc, 0xcc, 0xfe, 0xb4, 0xff, 0x98, 0xff, 0x57, 0xff, 0x97,
  0xff, 0xfa, 0xff, 0xf9, 0xff, 0xd8, 0xff, 0xd9, 0xff, 0xd9, 0xff, 0xb8,
  0xff, 0x77, 0xff, 0x13, 0xf6, 0x92, 0xf6, 0x70, 0xff, 0x54, 0xff, 0x53,
  0xff, 0x33, 0xff, 0x51, 0xff, 0x51, 0xff, 0x70, 0xff, 0x4f, 0xff, 0x50,
  0xff, 0x4f, 0xff, 0x53, 0xff, 0x74, 0xff, 0xb9, 0xff, 0xdb, 0xff, 0xfd,
  0xff, 0xfe, 0xff, 0xfe, 0xff, 0xfe, 0xff, 0xfe, 0xff, 0xfe, 0xff, 0xfe,
  0xff, 0xfe, 0xff, 0xfe, 0xff, 0xfe, 0xff, 0xfe, 0xff, 0xfe, 0xff, 0xfe,
  0xff, 0xfd, 0xff, 0xfd, 0xff, 0xfc, 0xff, 0xdb, 0xff, 0x78, 0x00, 0x00,
  0x00, 0x00, 0x93, 0xc7, 0x72, 0xc4, 0xbd, 0x2d, 0xcd, 0xaf, 0xac, 0xab,
  0xcd, 0xcf, 0xbd, 0x2d, 0xf6, 0xd3, 0xff, 0xb8, 0xff, 0x56, 0xff, 0x57,
  0xff, 0xda, 0xff, 0xfc, 0xff, 0xfc, 0xff, 0xfc, 0xff, 0xfc, 0xff, 0xfc,
  0xff, 0xfc, 0xff, 0xfc, 0xff, 0xfc, 0xff, 0xfc, 0xff, 0xfc, 0xff, 0xfc,
  0xff, 0xfc, 0xff, 0xfc, 0xff, 0xfc, 0xff, 0xfc, 0xff, 0xfc, 0xff, 0xfc,
  0xff, 0xda, 0xff, 0xba, 0xff, 0x98, 0xff, 0x98, 0xff, 0x96, 0xff, 0x96,
  0xff, 0x74, 0xff, 0x53, 0xff, 0x11, 0xfe, 0x8f, 0xfd, 0xcb, 0xe5, 0x28,
  0xdc, 0x85, 0xcc, 0x04, 0xc3, 0xa2, 0xc3, 0xa2, 0xbb, 0x01, 0xa2, 0x40,
  0x9a, 0x00, 0xa2, 0x40, 0xa2, 0x61, 0xa2, 0x40, 0x89, 0xe0, 0x89, 0xe1,
  0x81, 0xc0, 0x60, 0xe0, 0x58, 0xa0, 0x89, 0xe1, 0x9a, 0x63, 0x81, 0x60,
  0x79, 0x00, 0x91, 0x80, 0x91, 0x80, 0x91, 0x80, 0x91, 0xa0, 0x91, 0xa0,
  0x91, 0xc0, 0x91, 0xc0, 0x91, 0xc0, 0x89, 0xc0, 0x89, 0xa0, 0x89, 0xc0,
  0x89, 0xc0, 0x89, 0xc0, 0x89, 0xc0, 0x81, 0xc1, 0x81, 0xa0, 0x79, 0xc1,
  0x79, 0xc1, 0x79, 0xc2, 0x79, 0xc2, 0x71, 0xc2, 0x71, 0xa1, 0x69, 0x81,
  0x61, 0x60, 0x69, 0x61, 0x69, 0x61, 0x69, 0x60, 0x69, 0x60, 0x69, 0x60,
  0x69, 0x60, 0x61, 0x60, 0x59, 0x40, 0x59, 0x40, 0x59, 0x40, 0x59, 0x40,
  0x59, 0x40, 0x59, 0x40, 0x59, 0x20, 0x59, 0x40, 0x69, 0x60, 0x69, 0x60,
  0x69, 0x80, 0x69, 0xa0, 0x71, 0xa1, 0x71, 0xa1, 0x79, 0xc1, 0x79, 0xc1,
  0x79, 0xe2, 0x69, 0x60, 0x50, 0x60, 0x69, 0x00, 0x89, 0xc2, 0xa2, 0x65,
  0xaa, 0x85, 0xb2, 0x85, 0xc2, 0xc6, 0xc2, 0xc6, 0xd3, 0x69, 0xd3, 0x89,
  0xcb, 0x68, 0xdb, 0xea, 0xe4, 0x6c, 0xd3, 0xea, 0xaa, 0xa4, 0x79, 0x00,
  0x60, 0x80, 0x81, 0xa1, 0xaa, 0xe6, 0xb3, 0x46, 0xab, 0x26, 0xab, 0x25,
  0xa2, 0xc4, 0x9a, 0xa3, 0x9a, 0xc4, 0x9a, 0x63, 0x92, 0x22, 0x89, 0xe1,
  0x89, 0xa0, 0x81, 0xa0, 0x81, 0xa0, 0x89, 0xe0, 0x89, 0xe0, 0x89, 0xe0,
  0x89, 0xe0, 0x89, 0xe0, 0x89, 0xe0, 0x92, 0x00, 0x92, 0x21, 0x9a, 0x42,
  0x9a, 0x62, 0x9a, 0x62, 0xa2, 0x83, 0xaa, 0xe4, 0xb3, 0x25, 0xbb, 0x66,
  0xcb, 0xc7, 0xd4, 0x29, 0xe4, 0xab, 0xec, 0xcb, 0xec, 0xaa, 0xe4, 0x69,
  0xe4, 0x48, 0xdb, 0xe7, 0xd3, 0xa5, 0xd3, 0x85, 0xdb, 0xa5, 0xdb, 0xa5,
  0xdb, 0x85, 0xd3, 0x64, 0xd3, 0x43, 0xd3, 0x23, 0xd3, 0x23, 0xd3, 0x02,
  0xcb, 0x01, 0xd3, 0x22, 0xcb, 0x42, 0xd3, 0x83, 0xd3, 0x65, 0xc3, 0x03,
  0xa1, 0xc0, 0x80, 0xc0, 0x89, 0x20, 0xb2, 0x63, 0xe3, 0xc7, 0xec, 0x08,
  0xe3, 0xe5, 0xec, 0x05, 0xe3, 0xe3, 0xd3, 0x20, 0xc2, 0xc0, 0xeb, 0xa4,
  0xe4, 0x28, 0xe4, 0xcb, 0xff, 0x14, 0xff, 0xf9, 0xff, 0xb8, 0xff, 0xf9,
  0xff, 0xfa, 0xff, 0xfa, 0xff, 0xf9, 0xff, 0xd8, 0xff, 0x98, 0xff, 0x97,
  0xff, 0x97, 0xff, 0x34, 0xfe, 0xb2, 0xf6, 0x4f, 0xff, 0x53, 0xff, 0x52,
  0xff, 0x32, 0xff, 0x30, 0xff, 0x30, 0xff, 0x4f, 0xff, 0x4f, 0xff, 0x4f,
  0xff, 0x4f, 0xff, 0x52, 0xff, 0x93, 0xff, 0xb8, 0xff, 0xba, 0xff, 0xdc,
  0xff, 0xfe, 0xff, 0xfe, 0xff, 0xfe, 0xff, 0xfe, 0xff, 0xfe, 0xff, 0xfe,
  0xff, 0xfe, 0xff, 0xfe, 0xff, 0xfe, 0xff, 0xfe, 0xff, 0xff, 0xff, 0xfe,
  0xff, 0xfd, 0xff, 0xfd, 0xff, 0xfc, 0xff, 0xdb, 0xff, 0x78, 0x00, 0x00,
  0x00, 0x00, 0x93, 0xe8, 0x7b, 0x25, 0xd5, 0xf0, 0xbd, 0x2d, 0xac, 0xab,
  0xcd, 0xaf, 0xcd, 0x8f, 0xf6, 0xf4, 0xff, 0xd8, 0xff, 0x76, 0xff, 0x58,
  0xff, 0xfa, 0xff, 0xfc, 0xff, 0xfc, 0xff, 0xfc, 0xff, 0xfc, 0xff, 0xfc,
  0xff, 0xfc, 0xff, 0xfc, 0xff, 0xfc, 0xff, 0xfc, 0xff, 0xfc, 0xff, 0xfc,
  0xff, 0xfc, 0xff, 0xfc, 0xff, 0xfc, 0xff, 0xfc, 0xff, 0xfc, 0xff, 0xfc,
  0xff, 0xfb, 0xff, 0xba, 0xff, 0x98, 0xff, 0xb8, 0xff, 0xb6, 0xff, 0x96,
  0xff, 0x74, 0xff, 0x53, 0xff, 0x10, 0xfe, 0x8e, 0xf5, 0xca, 0xe5, 0x28,
  0xdc, 0x65, 0xcc, 0x04, 0xc3, 0x82, 0xc3, 0x82, 0xbb, 0x01, 0xa2, 0x40,
  0x9a, 0x00, 0xa2, 0x40, 0xa2, 0x61, 0x9a, 0x40, 0x89, 0xc0, 0x89, 0xe1,
  0x92, 0x22, 0x69, 0x40, 0x58, 0xa0, 0x81, 0xa1, 0xa2, 0x83, 0x89, 0xa0,
  0x79, 0x00, 0x91, 0x60, 0x91, 0x60, 0x91, 0x80, 0x91, 0x80, 0x91, 0xa0,
  0x91, 0xa0, 0x91, 0xc0, 0x91, 0xc0, 0x91, 0xc0, 0x91, 0xc0, 0x89, 0xc0,
  0x89, 0xc0, 0x89, 0xc0, 0x89, 0xe0, 0x89, 0xc1, 0x89, 0xc1, 0x81, 0xe2,
  0x81, 0xe2, 0x7a, 0x02, 0x79, 0xe2, 0x79, 0xe2, 0x71, 0xc2, 0x69, 0xa1,
  0x69, 0x81, 0x69, 0x81, 0x69, 0x61, 0x69, 0x60, 0x69, 0x60, 0x69, 0x60,
  0x61, 0x60, 0x61, 0x60, 0x59, 0x40, 0x59, 0x40, 0x59, 0x40, 0x61, 0x40,
  0x61, 0x40, 0x59, 0x40, 0x61, 0x40, 0x61, 0x40, 0x69, 0x60, 0x69, 0x60,
  0x69, 0x80, 0x69, 0x80, 0x71, 0xa0, 0x71, 0xa1, 0x79, 0xc1, 0x79, 0xc1,
  0x79, 0xc2, 0x61, 0x40, 0x50, 0x40, 0x69, 0x00, 0x9a, 0x24, 0xb2, 0xe7,
  0xc3, 0x48, 0xcb, 0x69, 0xdb, 0xca, 0xdb, 0xa9, 0xd3, 0x68, 0xcb, 0x68,
  0xd3, 0x89, 0xdc, 0x0a, 0xe4, 0x6c, 0xd4, 0x2b, 0xbb, 0x06, 0x81, 0x40,
  0x60, 0x40, 0x79, 0x41, 0xa2, 0x84, 0xab, 0x26, 0xb3, 0x26, 0xab, 0x45,
  0xab, 0x05, 0x9a, 0xa3, 0x9a, 0xc4, 0x9a, 0x83, 0x92, 0x42, 0x91, 0xe1,
  0x89, 0xc0, 0x81, 0xa0, 0x89, 0xc0, 0x89, 0xe0, 0x89, 0xe1, 0x89, 0xe0,
  0x89, 0xe0, 0x92, 0x00, 0x92, 0x01, 0x92, 0x21, 0x9a, 0x42, 0xa2, 0x83,
  0xa2, 0x83, 0xa2, 0x83, 0xa2, 0xa3, 0xaa, 0xc4, 0xaa, 0xe4, 0xb3, 0x05,
  0xb3, 0x25, 0xc3, 0x86, 0xcb, 0xa8, 0xd4, 0x28, 0xe4, 0x69, 0xe4, 0x49,
  0xdc, 0x07, 0xd3, 0xc6, 0xd3, 0x85, 0xcb, 0x64, 0xd3, 0x64, 0xdb, 0x85,
  0xdb, 0x85, 0xdb, 0x64, 0xd3, 0x44, 0xd3, 0x43, 0xd3, 0x23, 0xd3, 0x23,
  0xcb, 0x02, 0xd3, 0x22, 0xcb, 0x22, 0xd3, 0x42, 0xcb, 0x24, 0xc2, 0xc2,
  0x99, 0xa0, 0x80, 0xe0, 0x99, 0xa0, 0xcb, 0x26, 0xdb, 0x86, 0xdb, 0x85,
  0xdb, 0x83, 0xd3, 0x82, 0xdb, 0x82, 0xdb, 0xa1, 0xeb, 0xc4, 0xfc, 0xc8,
  0xe4, 0xa9, 0xdc, 0x49, 0xfe, 0x52, 0xff, 0xd8, 0xff, 0x56, 0xff, 0x77,
  0xff, 0x77, 0xff, 0xf9, 0xff, 0xf9, 0xff, 0xb8, 0xff, 0xb8, 0xff, 0xd8,
  0xff, 0xf8, 0xff, 0xb6, 0xff, 0x55, 0xff, 0x12, 0xff, 0x53, 0xff, 0x32,
  0xff, 0x52, 0xff, 0x51, 0xff, 0x0f, 0xff, 0x0e, 0xff, 0x4f, 0xff, 0x70,
  0xff, 0x4f, 0xff, 0x52, 0xff, 0x93, 0xff, 0xb8, 0xff, 0xba, 0xff, 0xdc,
  0xff, 0xfe, 0xff, 0xfe, 0xff, 0xfe, 0xff, 0xfe, 0xff, 0xfe, 0xff, 0xfe,
  0xff, 0xfe, 0xff, 0xfe, 0xff, 0xfe, 0xff, 0xfe, 0xff, 0xfe, 0xff, 0xfe,
  0xff, 0xfd, 0xff, 0xfe, 0xff, 0xfc, 0xff, 0xfc, 0xff, 0x78, 0x00, 0x00,
  0x00, 0x00, 0xa4, 0x29, 0x93, 0xc7, 0xe6, 0x51, 0xac, 0x8b, 0xac, 0xab,
  0xd5, 0xaf, 0xe6, 0x52, 0xf6, 0xf4, 0xff, 0x77, 0xff, 0x57, 0xff, 0x78,
  0xff, 0xfa, 0xff, 0xfc, 0xff, 0xfd, 0xff, 0xfc, 0xff, 0xfc, 0xff, 0xfc,
  0xff, 0xfc, 0xff, 0xfc, 0xff, 0xfc, 0xff, 0xfd, 0xff, 0xfd, 0xff, 0xfd,
  0xff, 0xfd, 0xff, 0xfd, 0xff, 0xfd, 0xff, 0xfd, 0xff, 0xfd, 0xff, 0xfd,
  0xff, 0xfc, 0xff, 0xbb, 0xff, 0xb9, 0xff, 0xb9, 0xff, 0xb7, 0xff, 0x77,
  0xff, 0x74, 0xff, 0x54, 0xfe, 0xf1, 0xfe, 0x6e, 0xf5, 0xaa, 0xdd, 0x08,
  0xdc, 0x65, 0xcc, 0x04, 0xc3, 0xa2, 0xc3, 0x82, 0xbb, 0x01, 0xa2, 0x40,
  0x9a, 0x00, 0xa2, 0x20, 0xa2, 0x60, 0x9a, 0x20, 0x81, 0x80, 0x81, 0xc0,
  0x9a, 0x62, 0x81, 0xa1, 0x60, 0xa0, 0x71, 0x61, 0x9a, 0x63, 0x91, 0xa1,
  0x79, 0x00, 0x91, 0x60, 0x89, 0x60, 0x91, 0x80, 0x91, 0x80, 0x91, 0x80,
  0x91, 0xa0, 0x91, 0xc0, 0x99, 0xe0, 0x99, 0xe0, 0x91, 0xe0, 0x91, 0xe0,
  0x91, 0xe0, 0x91, 0xc0, 0x91, 0xc0, 0x89, 0xe1, 0x89, 0xe1, 0x89, 0xe2,
  0x89, 0xe2, 0x81, 0xe2, 0x81, 0xe2, 0x79, 0xc2, 0x79, 0xa2, 0x71, 0x81,
  0x71, 0x81, 0x71, 0x61, 0x71, 0x61, 0x71, 0x60, 0x71, 0x40, 0x69, 0x60,
  0x69, 0x60, 0x61, 0x40, 0x59, 0x40, 0x59, 0x40, 0x59, 0x40, 0x61, 0x40,
  0x61, 0x60, 0x61, 0x40, 0x61, 0x40, 0x61, 0x60, 0x69, 0x80, 0x69, 0x60,
  0x69, 0x80, 0x69, 0x80, 0x71, 0x80, 0x71, 0xa1, 0x71, 0xa1, 0x79, 0xc1,
  0x79, 0xc2, 0x61, 0x00, 0x79, 0x00, 0x91, 0xc3, 0xb2, 0x86, 0xba, 0xc7,
  0xb2, 0x86, 0xb2, 0x45, 0xb2, 0x85, 0xb2, 0xa5, 0xc3, 0x48, 0xdc, 0x0b,
  0xe4, 0x8e, 0xe4, 0xef, 0xed, 0x0f, 0xe4, 0xae, 0xcb, 0xa9, 0x91, 0xa2,
  0x68, 0xa0, 0x81, 0x60, 0x92, 0x03, 0xaa, 0xc5, 0xc3, 0x67, 0xbb, 0x67,
  0xbb, 0x46, 0xb3, 0x26, 0x9a, 0x83, 0x9a, 0x43, 0x92, 0x01, 0x91, 0xe1,
  0x91, 0xe1, 0x89, 0xc0, 0x89, 0x80, 0x91, 0xc0, 0x9a, 0x21, 0x92, 0x21,
  0x92, 0x21, 0x9a, 0x21, 0x9a, 0x42, 0xa2, 0x62, 0xa2, 0x83, 0xaa, 0xa3,
  0xaa, 0xe4, 0xaa, 0xa4, 0xaa, 0x83, 0xaa, 0x83, 0xaa, 0x83, 0xaa, 0xa3,
  0xb2, 0xc4, 0xbb, 0x05, 0xbb, 0x26, 0xcb, 0x86, 0xdb, 0xe7, 0xdb, 0xc7,
  0xd3, 0xa6, 0xd3, 0x85, 0xd3, 0x85, 0xd3, 0x85, 0xdb, 0x85, 0xdb, 0xa5,
  0xdb, 0x85, 0xdb, 0x64, 0xdb, 0x44, 0xd3, 0x43, 0xd3, 0x43, 0xd3, 0x23,
  0xd3, 0x22, 0xd3, 0x22, 0xcb, 0x02, 0xcb, 0x02, 0xcb, 0x03, 0xba, 0xa2,
  0x99, 0xa0, 0x89, 0x00, 0xaa, 0x21, 0xdb, 0xa7, 0xd3, 0x65, 0xe3, 0xe6,
  0xec, 0x25, 0xcb, 0x41, 0xdb, 0x62, 0xfd, 0x27, 0xfd, 0xec, 0xec, 0x06,
  0xe3, 0xa5, 0xf4, 0xab, 0xfd, 0x6e, 0xff, 0x15, 0xff, 0xb7, 0xff, 0x98,
  0xff, 0x57, 0xff, 0xfa, 0xff, 0xfb, 0xff, 0xb8, 0xff, 0xd9, 0xff, 0xf8,
  0xff, 0x76, 0xff, 0x13, 0xfe, 0xd2, 0xfe, 0xb0, 0xff, 0x11, 0xff, 0x11,
  0xff, 0x92, 0xff, 0x51, 0xfe, 0xef, 0xfe, 0xee, 0xff, 0x2f, 0xff, 0x4f,
  0xff, 0x2e, 0xff, 0x52, 0xff, 0x73, 0xff, 0x97, 0xff, 0xb9, 0xff, 0xdc,
  0xff, 0xde, 0xff, 0xfd, 0xff, 0xfd, 0xff, 0xfd, 0xff, 0xfe, 0xff, 0xfe,
  0xff, 0xfe, 0xff, 0xfe, 0xff, 0xfe, 0xff, 0xfe, 0xff, 0xfe, 0xff, 0xfe,
  0xff, 0xfe, 0xff, 0xfe, 0xff, 0xfc, 0xff, 0xfc, 0xff, 0x78, 0x00, 0x00,
  0x00, 0x00, 0xac, 0x6a, 0xbc, 0xec, 0xde, 0x31, 0x93, 0xe8, 0xb4, 0xab,
  0xd5, 0xf0, 0xf6, 0xd3, 0xff, 0x55, 0xff, 0x77, 0xff, 0x36, 0xff, 0x99,
  0xff, 0xfb, 0xff, 0xfc, 0xff, 0xfd, 0xff, 0xfc, 0xff, 0xfc, 0xff, 0xfc,
  0xff, 0xfc, 0xff, 0xfc, 0xff, 0xfc, 0xff, 0xfd, 0xff, 0xfd, 0xff, 0xfd,
  0xff, 0xfd, 0xff, 0xfd, 0xff, 0xfd, 0xff, 0xfd, 0xff, 0xfd, 0xff, 0xfc,
  0xff, 0xfc, 0xff, 0xdb, 0xff, 0xda, 0xff, 0xda, 0xff, 0xb7, 0xff, 0x97,
  0xff, 0x74, 0xff, 0x54, 0xfe, 0xf0, 0xfe, 0x4e, 0xed, 0x89, 0xdc, 0xe7,
  0xd4, 0x65, 0xcc, 0x03, 0xc3, 0x82, 0xbb, 0x41, 0xb2, 0xe0, 0xb2, 0xa0,
  0xaa, 0xa0, 0xaa, 0x60, 0x9a, 0x20, 0x9a, 0x20, 0x81, 0x80, 0x79, 0x60,
  0x92, 0x42, 0x8a, 0x02, 0x60, 0xc0, 0x69, 0x00, 0x92, 0x22, 0x91, 0xc2,
  0x81, 0x20, 0x91, 0x60, 0x89, 0x40, 0x89, 0x60, 0x91, 0x80, 0x91, 0xa0,
  0x99, 0xc0, 0x99, 0xe0, 0x9a, 0x00, 0x9a, 0x00, 0x9a, 0x00, 0x91, 0xe0,
  0x91, 0xe0, 0x91, 0xe0, 0x91, 0xc0, 0x89, 0xc1, 0x89, 0xe1, 0x89, 0xe2,
  0x89, 0xe2, 0x81, 0xe2, 0x81, 0xe2, 0x79, 0xc2, 0x79, 0xc2, 0x71, 0xa1,
  0x71, 0x81, 0x71, 0x81, 0x71, 0x61, 0x71, 0x61, 0x71, 0x60, 0x69, 0x60,
  0x69, 0x61, 0x61, 0x40, 0x59, 0x40, 0x59, 0x40, 0x59, 0x40, 0x61, 0x40,
  0x61, 0x60, 0x61, 0x60, 0x61, 0x60, 0x61, 0x80, 0x69, 0x80, 0x69, 0x60,
  0x69, 0x80, 0x69, 0x80, 0x71, 0x80, 0x71, 0xa1, 0x71, 0xa1, 0x79, 0xc1,
  0x79, 0xa1, 0x60, 0xe0, 0x81, 0x41, 0x9a, 0x04, 0xb2, 0xa6, 0xc3, 0x08,
  0xcb, 0x49, 0xdb, 0x8a, 0xe4, 0x0b, 0xf4, 0x8d, 0xfd, 0x0f, 0xfd, 0xf3,
  0xfe, 0xb6, 0xfe, 0xd7, 0xfe, 0xb6, 0xfe, 0x55, 0xfd, 0x50, 0xcb, 0x67,
  0x79, 0x00, 0x60, 0x40, 0x91, 0xc1, 0xaa, 0xa5, 0xa2, 0xa4, 0xaa, 0xe5,
  0xb3, 0x05, 0xaa, 0xe4, 0xaa, 0xe4, 0xa2, 0xa4, 0x9a, 0x63, 0x9a, 0x63,
  0xa2, 0x63, 0x9a, 0x42, 0x91, 0xe1, 0x91, 0xe1, 0x9a, 0x22, 0x9a, 0x21,
  0x9a, 0x21, 0x9a, 0x42, 0x9a, 0x62, 0xa2, 0x83, 0xaa, 0x83, 0xa2, 0xa3,
  0xaa, 0xc4, 0xaa, 0xa3, 0xaa, 0x83, 0xaa, 0x83, 0xaa, 0xa4, 0xb2, 0xe4,
  0xc3, 0x26, 0xcb, 0x87, 0xd3, 0xa8, 0xd3, 0xc7, 0xd3, 0xa7, 0xdb, 0xc7,
  0xdb, 0xa6, 0xd3, 0xa6, 0xd3, 0xa6, 0xd3, 0x85, 0xdb, 0x85, 0xdb, 0x85,
  0xdb, 0x85, 0xdb, 0x84, 0xdb, 0x64, 0xdb, 0x44, 0xdb, 0x43, 0xd3, 0x43,
  0xd3, 0x22, 0xd3, 0x22, 0xcb, 0x02, 0xcb, 0x02, 0xcb, 0x03, 0xba, 0x81,
  0x91, 0x60, 0x89, 0x20, 0xba, 0xa3, 0xe4, 0x08, 0xdb, 0xc6, 0xdb, 0xc6,
  0xfc, 0xa7, 0xfd, 0xab, 0xfd, 0xeb, 0xfc, 0xc6, 0xf4, 0x05, 0xf3, 0xe5,
  0xf4, 0x48, 0xf4, 0xcb, 0xfd, 0xcf, 0xff, 0x15, 0xff, 0x56, 0xff, 0x56,
  0xff, 0x57, 0xff, 0xfb, 0xff, 0xfb, 0xff, 0xb8, 0xff, 0xd9, 0xff, 0xd8,
  0xff, 0x76, 0xff, 0x33, 0xfe, 0xd2, 0xfe, 0x8f, 0xee, 0x2e, 0xfe, 0xf0,
  0xff, 0x52, 0xff, 0x51, 0xff, 0x10, 0xff, 0x0e, 0xff, 0x0e, 0xff, 0x2e,
  0xff, 0x2e, 0xff, 0x52, 0xff, 0x73, 0xff, 0x97, 0xff, 0xb9, 0xff, 0xdc,
  0xff, 0xde, 0xff, 0xfd, 0xff, 0xfd, 0xff, 0xfd, 0xff, 0xfe, 0xff, 0xfe,
  0xff, 0xfe, 0xff, 0xfe, 0xff, 0xfe, 0xff, 0xfe, 0xff, 0xfe, 0xff, 0xfe,
  0xff, 0xfe, 0xff, 0xfe, 0xff, 0xfc, 0xff, 0xfc, 0xff, 0x78, 0x00, 0x00,
  0x00, 0x00, 0xb4, 0x8a, 0xd5, 0xcf, 0xde, 0x10, 0x93, 0xc7, 0xac, 0xab,
  0xcd, 0x6e, 0xee, 0xb3, 0xff, 0x56, 0xff, 0x98, 0xff, 0x78, 0xff, 0xda,
  0xff, 0xfb, 0xff, 0xfc, 0xff, 0xfd, 0xff, 0xfd, 0xff, 0xfd, 0xff, 0xfd,
  0xff, 0xfd, 0xff, 0xfd, 0xff, 0xfd, 0xff, 0xfd, 0xff, 0xfd, 0xff, 0xfd,
  0xff, 0xfd, 0xff, 0xfd, 0xff, 0xfd, 0xff, 0xfd, 0xff, 0xfd, 0xff, 0xfd,
  0xff, 0xfc, 0xff, 0xfc, 0xff, 0xfb, 0xff, 0xda, 0xff, 0xb8, 0xff, 0x98,
  0xff, 0x75, 0xff, 0x95, 0xff, 0x32, 0xfe, 0x6f, 0xed, 0x6a, 0xdc, 0xc7,
  0xdc, 0x65, 0xdc, 0x65, 0xcb, 0xe3, 0xc3, 0x61, 0xbb, 0x01, 0xb2, 0xe0,
  0xaa, 0xa0, 0xa2, 0x60, 0x9a, 0x00, 0x91, 0xe0, 0x81, 0x80, 0x71, 0x00,
  0x81, 0x80, 0x92, 0x22, 0x71, 0x41, 0x58, 0x60, 0x79, 0x61, 0x9a, 0x02,
  0x81, 0x60, 0x89, 0x40, 0x89, 0x40, 0x89, 0x40, 0x89, 0x60, 0x91, 0xa0,
  0x99, 0xc0, 0x9a, 0x00, 0x9a, 0x20, 0x9a, 0x20, 0x9a, 0x00, 0x99, 0xe0,
  0x99, 0xe0, 0x91, 0xc0, 0x91, 0xc0, 0x89, 0xc1, 0x89, 0xc1, 0x89, 0xe2,
  0x89, 0xc2, 0x81, 0xc2, 0x81, 0xa2, 0x81, 0xa2, 0x79, 0xa2, 0x79, 0xa2,
  0x79, 0x81, 0x71, 0x81, 0x71, 0x81, 0x71, 0x81, 0x71, 0x61, 0x69, 0x60,
  0x69, 0x61, 0x69, 0x60, 0x61, 0x40, 0x61, 0x40, 0x61, 0x40, 0x61, 0x60,
  0x61, 0x60, 0x61, 0x60, 0x69, 0x60, 0x69, 0x80, 0x69, 0x80, 0x69, 0x80,
  0x69, 0x60, 0x71, 0x80, 0x71, 0xa1, 0x71, 0xa1, 0x79, 0xa1, 0x79, 0xa1,
  0x71, 0x40, 0x79, 0x40, 0xa2, 0x24, 0xb2, 0xc7, 0xc3, 0x69, 0xdc, 0x0b,
  0xec, 0xce, 0xfd, 0x50, 0xfd, 0xf3, 0xfe, 0xb6, 0xff, 0x38, 0xff, 0x79,
  0xff, 0x9b, 0xff, 0xbc, 0xff, 0x9b, 0xff, 0x7b, 0xff, 0x39, 0xff, 0x38,
  0xd4, 0x6d, 0x78, 0xe0, 0x9a, 0x03, 0xaa, 0x64, 0xaa, 0x64, 0xb2, 0xe5,
  0xbb, 0x27, 0xbb, 0x26, 0xc3, 0x88, 0xc3, 0x88, 0xbb, 0x46, 0xb3, 0x05,
  0xb2, 0xe5, 0xb2, 0xc4, 0xaa, 0xa4, 0xa2, 0x83, 0xa2, 0x83, 0x92, 0x21,
  0x9a, 0x42, 0xaa, 0xa3, 0xb2, 0xe5, 0xbb, 0x25, 0xbb, 0x05, 0xb2, 0xc4,
  0xb2, 0xc4, 0xb2, 0xa4, 0xb2, 0xa4, 0xb2, 0xa4, 0xb2, 0xa4, 0xba, 0xc4,
  0xba, 0xe5, 0xc3, 0x06, 0xc3, 0x26, 0xcb, 0x46, 0xd3, 0x66, 0xd3, 0x86,
  0xdb, 0x86, 0xdb, 0x86, 0xd3, 0x65, 0xd3, 0x65, 0xdb, 0x85, 0xdb, 0x85,
  0xdb, 0x85, 0xdb, 0x85, 0xdb, 0x64, 0xdb, 0x44, 0xdb, 0x44, 0xd3, 0x43,
  0xd3, 0x23, 0xd3, 0x23, 0xd3, 0x03, 0xcb, 0x03, 0xc2, 0xc3, 0xaa, 0x00,
  0x89, 0x20, 0x99, 0xa0, 0xd3, 0x44, 0xf4, 0x48, 0xec, 0x27, 0xec, 0x06,
  0xf4, 0x26, 0xf4, 0x46, 0xf4, 0x45, 0xfc, 0x65, 0xfc, 0xa7, 0xfc, 0x67,
  0xf4, 0x48, 0xf4, 0x69, 0xfd, 0x8e, 0xff, 0x15, 0xff, 0x77, 0xff, 0x78,
  0xff, 0x77, 0xff, 0xfb, 0xff, 0xfa, 0xff, 0xb9, 0xff, 0xd9, 0xff, 0xd7,
  0xff, 0x96, 0xff, 0x33, 0xfe, 0xd1, 0xfe, 0x6e, 0xee, 0x2d, 0xfe, 0x6d,
  0xff, 0x10, 0xff, 0x50, 0xfe, 0xef, 0xfe, 0xcd, 0xfe, 0xed, 0xff, 0x0d,
  0xfe, 0xcc, 0xff, 0x31, 0xff, 0x72, 0xff, 0x76, 0xff, 0x98, 0xff, 0xbb,
  0xff, 0xdd, 0xff, 0xdd, 0xff, 0xdd, 0xff, 0xfd, 0xff, 0xfd, 0xff, 0xfe,
  0xff, 0xfe, 0xff, 0xfe, 0xff, 0xfe, 0xff, 0xfe, 0xff, 0xfe, 0xff, 0xfe,
  0xff, 0xff, 0xff, 0xfe, 0xff, 0xdb, 0xff, 0xfc, 0xff, 0xda, 0x00, 0x00,
  0x00, 0x00, 0xc5, 0x4d, 0xd5, 0xcf, 0xd5, 0xcf, 0x9b, 0xe8, 0xac, 0xab,
  0xcd, 0x8f, 0xee, 0xb3, 0xff, 0x35, 0xff, 0x78, 0xff, 0x57, 0xff, 0xdb,
  0xff, 0xfc, 0xff, 0xfc, 0xff, 0xfd, 0xff, 0xfd, 0xff, 0xfd, 0xff, 0xfd,
  0xff, 0xfd, 0xff, 0xfd, 0xff, 0xfd, 0xff, 0xfd, 0xff, 0xfd, 0xff, 0xfd,
  0xff, 0xfd, 0xff, 0xfd, 0xff, 0xfd, 0xff, 0xfd, 0xff, 0xfd, 0xff, 0xfd,
  0xff, 0xfc, 0xff, 0xfc, 0xff, 0xfb, 0xff, 0xda, 0xff, 0xb8, 0xff, 0x98,
  0xff, 0x95, 0xff, 0xb6, 0xff, 0x32, 0xfe, 0x6e, 0xed, 0x49, 0xdc, 0xa7,
  0xdc, 0x65, 0xdc, 0x65, 0xcb, 0xe3, 0xc3, 0x61, 0xbb, 0x01, 0xb2, 0xe0,
  0xaa, 0xa0, 0xa2, 0x60, 0x9a, 0x00, 0x91, 0xe0, 0x81, 0x80, 0x71, 0x00,
  0x79, 0x40, 0x92, 0x01, 0x81, 0xa1, 0x58, 0x60, 0x68, 0xe0, 0x9a, 0x22,
  0x91, 0xe1, 0x89, 0x60, 0x89, 0x40, 0x89, 0x40, 0x89, 0x60, 0x91, 0xa0,
  0x99, 0xe0, 0x9a, 0x20, 0xa2, 0x20, 0x9a, 0x20, 0x9a, 0x20, 0x9a, 0x00,
  0x99, 0xe0, 0x91, 0xc0, 0x91, 0xc0, 0x89, 0xc1, 0x89, 0xe1, 0x89, 0xe2,
  0x89, 0xc2, 0x81, 0xc2, 0x81, 0xa2, 0x81, 0xa2, 0x79, 0xa2, 0x79, 0xa2,
  0x79, 0x81, 0x79, 0x81, 0x71, 0x81, 0x71, 0x81, 0x71, 0x61, 0x71, 0x61,
  0x69, 0x61, 0x69, 0x61, 0x61, 0x61, 0x61, 0x61, 0x61, 0x61, 0x61, 0x60,
  0x61, 0x60, 0x69, 0x80, 0x69, 0x81, 0x69, 0xa1, 0x69, 0x80, 0x69, 0x80,
  0x69, 0x80, 0x71, 0xa0, 0x71, 0xa1, 0x79, 0xc1, 0x71, 0x81, 0x69, 0x60,
  0x68, 0xe0, 0x79, 0x61, 0xba, 0xe7, 0xcb, 0x69, 0xdb, 0xeb, 0xf4, 0xce,
  0xfd, 0xd2, 0xfe, 0x95, 0xff, 0x17, 0xff, 0x79, 0xff, 0x79, 0xff, 0x79,
  0xff, 0xbb, 0xff, 0xbc, 0xff, 0xbb, 0xff, 0xbc, 0xff, 0x7a, 0xff, 0xfb,
  0xe5, 0xb2, 0x91, 0x61, 0x79, 0x20, 0x89, 0x81, 0xa2, 0x64, 0xb2, 0xc5,
  0xbb, 0x06, 0xcb, 0xe9, 0xe4, 0x6b, 0xc3, 0xa8, 0xcb, 0xc9, 0xd3, 0xe9,
  0xd4, 0x0a, 0xd3, 0xe9, 0xcb, 0x88, 0xb2, 0xe5, 0xaa, 0xa4, 0xa2, 0x62,
  0xa2, 0x83, 0xaa, 0xc4, 0xbb, 0x05, 0xbb, 0x25, 0xb3, 0x05, 0xb2, 0xc4,
  0xaa, 0xc4, 0xaa, 0x83, 0xb2, 0xa3, 0xb2, 0xa4, 0xb2, 0xa4, 0xb2, 0xa4,
  0xba, 0xc4, 0xba, 0xe5, 0xba, 0xe5, 0xc3, 0x05, 0xcb, 0x25, 0xcb, 0x46,
  0xd3, 0x65, 0xd3, 0x86, 0xd3, 0x85, 0xdb, 0x85, 0xdb, 0x85, 0xdb, 0x85,
  0xe3, 0xa5, 0xe3, 0xa5, 0xdb, 0x65, 0xdb, 0x64, 0xdb, 0x64, 0xdb, 0x44,
  0xd3, 0x43, 0xd3, 0x43, 0xca, 0xe3, 0xd3, 0x24, 0xca, 0xe3, 0x99, 0x80,
  0x80, 0xe0, 0xb2, 0x41, 0xe3, 0xc6, 0xe3, 0xe7, 0xec, 0x27, 0xf4, 0x27,
  0xec, 0x26, 0xf4, 0x45, 0xfc, 0x46, 0xfc, 0x86, 0xfc, 0xa7, 0xfc, 0x66,
  0xf4, 0x48, 0xf4, 0x69, 0xfd, 0x6e, 0xfe, 0xf4, 0xff, 0x77, 0xff, 0x98,
  0xff, 0x77, 0xff, 0xfa, 0xff, 0xfa, 0xff, 0xb9, 0xff, 0xd9, 0xff, 0xd7,
  0xff, 0xb6, 0xff, 0x53, 0xfe, 0xd1, 0xfe, 0x6e, 0xfe, 0x8e, 0xf6, 0x4d,
  0xfe, 0xae, 0xff, 0x0f, 0xff, 0x0f, 0xfe, 0xed, 0xfe, 0xcd, 0xfe, 0xed,
  0xfe, 0xcc, 0xff, 0x31, 0xff, 0x72, 0xff, 0x76, 0xff, 0x98, 0xff, 0xbb,
  0xff, 0xbd, 0xff, 0xdc, 0xff, 0xdc, 0xff, 0xfd, 0xff, 0xfd, 0xff, 0xfe,
  0xff, 0xfe, 0xff, 0xfe, 0xff, 0xfe, 0xff, 0xfe, 0xff, 0xfe, 0xff, 0xfe,
  0xff, 0xff, 0xff, 0xfe, 0xff, 0xdb, 0xff, 0xfc, 0xff, 0xda, 0x00, 0x00,
  0x00, 0x00, 0xd5, 0xae, 0xd5, 0xae, 0xcd, 0x8e, 0x9c, 0x08, 0xac, 0x8a,
  0xd5, 0xaf, 0xee, 0xb4, 0xff, 0x36, 0xff, 0x58, 0xf7, 0x17, 0xff, 0xbb,
  0xff, 0xfc, 0xff, 0xfd, 0xff, 0xfd, 0xff, 0xfd, 0xff, 0xfd, 0xff, 0xfd,
  0xff, 0xfd, 0xff, 0xfd, 0xff, 0xfd, 0xff, 0xfd, 0xff, 0xfd, 0xff, 0xfd,
  0xff, 0xfd, 0xff, 0xfd, 0xff, 0xfd, 0xff, 0xfd, 0xff, 0xfd, 0xff, 0xfd,
  0xff, 0xfd, 0xff, 0xfc, 0xff, 0xfb, 0xff, 0xdb, 0xff, 0xb9, 0xff, 0xb9,
  0xff, 0x96, 0xff, 0x96, 0xff, 0x32, 0xfe, 0x4f, 0xed, 0x49, 0xdc, 0xc7,
  0xdc, 0x65, 0xdc, 0x65, 0xcb, 0xc3, 0xc3, 0x61, 0xbb, 0x01, 0xb2, 0xc0,
  0xb2, 0xa0, 0xaa, 0x40, 0x99, 0xe0, 0x91, 0xc0, 0x89, 0x80, 0x89, 0x80,
  0x79, 0x40, 0x81, 0xa1, 0x91, 0xe1, 0x68, 0xc0, 0x58, 0x20, 0x91, 0xc1,
  0xaa, 0x83, 0x91, 0xa0, 0x89, 0x80, 0x89, 0x60, 0x91, 0x80, 0x91, 0xc0,
  0x99, 0xe0, 0x9a, 0x21, 0xa2, 0x21, 0x9a, 0x21, 0x9a, 0x00, 0x9a, 0x00,
  0x91, 0xe0, 0x91, 0xe0, 0x91, 0xe0, 0x89, 0xe1, 0x89, 0xe1, 0x89, 0xe2,
  0x89, 0xe2, 0x89, 0xc2, 0x81, 0xc2, 0x81, 0xa2, 0x81, 0xa2, 0x81, 0x81,
  0x79, 0x61, 0x79, 0x81, 0x79, 0x81, 0x79, 0x61, 0x71, 0x61, 0x71, 0x61,
  0x69, 0x60, 0x69, 0x61, 0x69, 0x61, 0x69, 0x61, 0x69, 0x61, 0x69, 0x61,
  0x69, 0x81, 0x69, 0x81, 0x71, 0x81, 0x71, 0xa1, 0x71, 0x81, 0x71, 0x81,
  0x71, 0x80, 0x71, 0xa1, 0x79, 0xa1, 0x71, 0x81, 0x69, 0x20, 0x60, 0xe0,
  0x68, 0xc0, 0x9a, 0x44, 0xc3, 0x48, 0xd3, 0xea, 0xe4, 0x8d, 0xfd, 0x50,
  0xfe, 0x75, 0xff, 0x57, 0xff, 0x9a, 0xff, 0x9a, 0xff, 0xbb, 0xff, 0xbb,
  0xff, 0xfd, 0xff, 0xfe, 0xff, 0xfe, 0xff, 0xfe, 0xff, 0xdc, 0xff, 0xfc,
  0xff, 0x7a, 0xcb, 0xc9, 0x58, 0x20, 0x78, 0xe1, 0xb2, 0xe5, 0xbb, 0x07,
  0xcb, 0xa8, 0xdc, 0x2a, 0xc3, 0x88, 0xcb, 0xe9, 0xdc, 0x4a, 0xec, 0xcc,
  0xf5, 0x0d, 0xf4, 0xed, 0xdc, 0x4a, 0xc3, 0x87, 0xb2, 0xe5, 0xb2, 0xc4,
  0xb2, 0xc4, 0xb2, 0xc4, 0xb2, 0xe4, 0xb2, 0xc4, 0xb2, 0xc4, 0xb2, 0xc4,
  0xaa, 0xa3, 0xaa, 0x83, 0xb2, 0x83, 0xb2, 0xa4, 0xb2, 0xa4, 0xb2, 0xa4,
  0xba, 0xa4, 0xba, 0xc5, 0xba, 0xe5, 0xc2, 0xe5, 0xcb, 0x25, 0xcb, 0x46,
  0xd3, 0x66, 0xdb, 0x86, 0xdb, 0x86, 0xdb, 0xa6, 0xdb, 0xa6, 0xdb, 0xa6,
  0xdb, 0xa6, 0xdb, 0xa5, 0xdb, 0x85, 0xdb, 0x85, 0xdb, 0x64, 0xdb, 0x64,
  0xdb, 0x44, 0xdb, 0x24, 0xc2, 0x81, 0xd3, 0x24, 0xca, 0xe3, 0xa1, 0x80,
  0x91, 0x40, 0xca, 0xc3, 0xeb, 0xc5, 0xdb, 0x44, 0xeb, 0xc5, 0xf4, 0x26,
  0xfc, 0x26, 0xfc, 0x26, 0xf4, 0x05, 0xf4, 0x24, 0xf4, 0x25, 0xfc, 0x66,
  0xfc, 0x88, 0xf4, 0x69, 0xfd, 0x4d, 0xfe, 0xd4, 0xff, 0x76, 0xff, 0x98,
  0xff, 0x77, 0xff, 0xfa, 0xff, 0xfa, 0xff, 0xd9, 0xff, 0xd8, 0xff, 0xd7,
  0xff, 0xd7, 0xff, 0x73, 0xfe, 0xb0, 0xf6, 0x4d, 0xfe, 0xae, 0xfe, 0x4c,
  0xfe, 0x4c, 0xfe, 0xcd, 0xff, 0x2f, 0xff, 0x2e, 0xfe, 0xac, 0xfe, 0xab,
  0xfe, 0xeb, 0xff, 0x2f, 0xff, 0x70, 0xff, 0x75, 0xff, 0x97, 0xff, 0xba,
  0xff, 0xbc, 0xff, 0xbc, 0xff, 0xdc, 0xff, 0xdc, 0xff, 0xfd, 0xff, 0xfd,
  0xff, 0xfe, 0xff, 0xfe, 0xff, 0xfe, 0xff, 0xfe, 0xff, 0xfe, 0xff, 0xfe,
  0xff, 0xfe, 0xff, 0xfd, 0xff, 0xdb, 0xff, 0xdb, 0xff, 0xb9, 0x00, 0x00,
  0x00, 0x00, 0xd5, 0xae, 0xd5, 0xce, 0xcd, 0x6d, 0xac, 0x69, 0xac, 0x8a,
  0xd5, 0xcf, 0xee, 0xd4, 0xff, 0x35, 0xff, 0x38, 0xf7, 0x17, 0xff, 0xbb,
  0xff, 0xfc, 0xff, 0xfd, 0xff, 0xfd, 0xff, 0xfd, 0xff, 0xfd, 0xff, 0xfd,
  0xff, 0xfd, 0xff, 0xfd, 0xff, 0xfd, 0xff, 0xfd, 0xff, 0xfd, 0xff, 0xfd,
  0xff, 0xfd, 0xff, 0xfd, 0xff, 0xfd, 0xff, 0xfd, 0xff, 0xfd, 0xff, 0xfd,
  0xff, 0xfd, 0xff, 0xfc, 0xff, 0xfb, 0xff, 0xfb, 0xff, 0xb9, 0xff, 0xb9,
  0xff, 0x96, 0xff, 0x96, 0xff, 0x32, 0xfe, 0x4f, 0xed, 0x49, 0xd4, 0xa6,
  0xdc, 0x65, 0xd4, 0x04, 0xc3, 0x41, 0xb2, 0xe0, 0xb2, 0xa0, 0xb2, 0xa0,
  0xaa, 0x60, 0xa2, 0x20, 0x99, 0xe0, 0x91, 0xc0, 0x91, 0xe0, 0x91, 0xe0,
  0x81, 0x60, 0x79, 0x20, 0x89, 0xa0, 0x81, 0x61, 0x58, 0x20, 0x70, 0xe1,
  0xaa, 0x62, 0x91, 0xc0, 0x91, 0xc0, 0x91, 0x80, 0x91, 0xa0, 0x91, 0xc0,
  0x99, 0xe0, 0x9a, 0x20, 0xa2, 0x21, 0x9a, 0x21, 0x9a, 0x21, 0x9a, 0x01,
  0x9a, 0x00, 0x91, 0xe0, 0x91, 0xe0, 0x89, 0xe1, 0x89, 0xe1, 0x89, 0xe2,
  0x89, 0xe2, 0x89, 0xc2, 0x89, 0xc2, 0x81, 0xa2, 0x81, 0x82, 0x79, 0x61,
  0x79, 0x61, 0x79, 0x61, 0x79, 0x61, 0x71, 0x61, 0x71, 0x61, 0x71, 0x60,
  0x69, 0x60, 0x69, 0x61, 0x69, 0x61, 0x69, 0x61, 0x69, 0x81, 0x69, 0x81,
  0x69, 0x81, 0x71, 0xa1, 0x71, 0xa1, 0x71, 0xa1, 0x71, 0xa1, 0x71, 0xa1,
  0x79, 0xa1, 0x71, 0xa1, 0x71, 0x80, 0x69, 0x40, 0x60, 0xe0, 0x60, 0xe0,
  0x81, 0x61, 0xb3, 0x07, 0xcb, 0x89, 0xe4, 0x2b, 0xf4, 0xee, 0xfd, 0xb1,
  0xfe, 0x74, 0xfe, 0xd6, 0xff, 0x38, 0xff, 0x17, 0xff, 0x7a, 0xff, 0xdb,
  0xff, 0xdd, 0xff, 0xfe, 0xff, 0xfe, 0xff, 0xde, 0xff, 0xbc, 0xff, 0xbb,
  0xff, 0x9a, 0xfe, 0x13, 0xc3, 0x07, 0x81, 0x40, 0xa2, 0x43, 0xcb, 0x89,
  0xc3, 0x47, 0xb3, 0x26, 0xbb, 0x47, 0xc3, 0x87, 0xd4, 0x09, 0xdc, 0x6a,
  0xe4, 0xac, 0xec, 0xcc, 0xe4, 0x8b, 0xd4, 0x09, 0xc3, 0x67, 0xbb, 0x26,
  0xb2, 0xe5, 0xb2, 0xc4, 0xaa, 0x83, 0xaa, 0x83, 0xaa, 0xa4, 0xb2, 0xc4,
  0xb2, 0xc4, 0xb2, 0x83, 0xb2, 0x83, 0xb2, 0xa4, 0xb2, 0xa4, 0xba, 0xa4,
  0xba, 0xc4, 0xc2, 0xe5, 0xc2, 0xe5, 0xc3, 0x05, 0xcb, 0x25, 0xd3, 0x66,
  0xd3, 0x66, 0xdb, 0x86, 0xdb, 0xa6, 0xdb, 0xa6, 0xdb, 0xa6, 0xdb, 0x85,
  0xd3, 0x64, 0xd3, 0x44, 0xd3, 0x44, 0xdb, 0x64, 0xdb, 0x44, 0xd3, 0x44,
  0xd3, 0x24, 0xca, 0xc2, 0xc2, 0xa2, 0xd3, 0x03, 0xc2, 0x81, 0xa1, 0xa0,
  0xb2, 0x00, 0xdb, 0x44, 0xeb, 0xe6, 0xdb, 0x64, 0xe3, 0x84, 0xeb, 0xc5,
  0xf4, 0x05, 0xf4, 0x05, 0xf3, 0xe4, 0xeb, 0xe3, 0xf4, 0x05, 0xfc, 0x87,
  0xfc, 0xa8, 0xec, 0x08, 0xf4, 0xcb, 0xfe, 0x72, 0xff, 0x56, 0xff, 0x77,
  0xff, 0x36, 0xff, 0xda, 0xff, 0xfa, 0xff, 0xf9, 0xff, 0xb8, 0xff, 0x96,
  0xff, 0xf7, 0xff, 0xd4, 0xff, 0x32, 0xfe, 0xcf, 0xfe, 0xae, 0xfe, 0x4c,
  0xf6, 0x0b, 0xfe, 0x8c, 0xff, 0x2f, 0xff, 0x2e, 0xfe, 0xab, 0xfe, 0x8a,
  0xff, 0x0c, 0xff, 0x2f, 0xff, 0x50, 0xff, 0x75, 0xff, 0x97, 0xff, 0x9a,
  0xff, 0x9b, 0xff, 0xbb, 0xff, 0xbb, 0xff, 0xdc, 0xff, 0xfd, 0xff, 0xfd,
  0xff, 0xfe, 0xff, 0xfe, 0xff, 0xfe, 0xff, 0xfe, 0xff, 0xfe, 0xff, 0xfe,
  0xff, 0xfe, 0xff, 0xfd, 0xff, 0xbb, 0xff, 0xdb, 0xff, 0xb9, 0x00, 0x00,
  0x00, 0x00, 0xc5, 0x2b, 0xe6, 0x2f, 0xc5, 0x6c, 0xb4, 0xca, 0xac, 0x8b,
  0xde, 0x10, 0xf6, 0xd5, 0xf7, 0x16, 0xf7, 0x38, 0xf7, 0x17, 0xff, 0x9b,
  0xff, 0xfd, 0xff, 0xfd, 0xff, 0xfd, 0xff, 0xfd, 0xff, 0xfd, 0xff, 0xfd,
  0xff, 0xfd, 0xff, 0xfd, 0xff, 0xfd, 0xff, 0xfd, 0xff, 0xfd, 0xff, 0xfd,
  0xff, 0xfd, 0xff, 0xfd, 0xff, 0xfd, 0xff, 0xfd, 0xff, 0xfd, 0xff, 0xfe,
  0xff, 0xfd, 0xff, 0xfd, 0xff, 0xdc, 0xff, 0xdc, 0xff, 0xba, 0xff, 0xb9,
  0xff, 0x97, 0xff, 0x97, 0xff, 0x12, 0xfe, 0x4f, 0xed, 0x29, 0xdc, 0xa6,
  0xdc, 0x45, 0xd3, 0xe4, 0xc3, 0x21, 0xb2, 0xc0, 0xb2, 0x80, 0xb2, 0x80,
  0xaa, 0x60, 0xa2, 0x00, 0x99, 0xc0, 0x99, 0xa0, 0x91, 0xa0, 0x91, 0x80,
  0x89, 0x40, 0x81, 0x20, 0x89, 0x40, 0x91, 0xa0, 0x70, 0xa0, 0x60, 0x40,
  0x89, 0x60, 0x89, 0x80, 0x91, 0xa0, 0x91, 0xa0, 0x91, 0xa0, 0x91, 0xa0,
  0x91, 0xc0, 0x99, 0xe0, 0x9a, 0x01, 0x9a, 0x21, 0x9a, 0x21, 0x9a, 0x21,
  0x9a, 0x21, 0x9a, 0x01, 0x92, 0x01, 0x91, 0xe1, 0x91, 0xe1, 0x91, 0xe2,
  0x89, 0xe1, 0x89, 0xc2, 0x89, 0xc2, 0x81, 0xa1, 0x81, 0x81, 0x79, 0x60,
  0x79, 0x60, 0x79, 0x60, 0x79, 0x60, 0x71, 0x60, 0x71, 0x40, 0x71, 0x40,
  0x71, 0x60, 0x71, 0x61, 0x71, 0x81, 0x71, 0x81, 0x71, 0x81, 0x71, 0x81,
  0x71, 0x82, 0x71, 0xa2, 0x79, 0xa2, 0x79, 0xa2, 0x79, 0xa2, 0x79, 0xc2,
  0x79, 0xc1, 0x71, 0x80, 0x71, 0x20, 0x60, 0xc0, 0x60, 0xa0, 0x71, 0x20,
  0x9a, 0x23, 0xc3, 0x68, 0xcb, 0xc8, 0xe4, 0x8b, 0xfd, 0x90, 0xfe, 0x32,
  0xfe, 0x95, 0xfe, 0xb5, 0xfe, 0xf8, 0xff, 0x18, 0xff, 0xbc, 0xff, 0xfe,
  0xff, 0xff, 0xff, 0xff, 0xff, 0xff, 0xff, 0xff, 0xff, 0xfe, 0xff, 0xfd,
  0xff, 0xbb, 0xff, 0x58, 0xf6, 0x13, 0x9a, 0x24, 0x71, 0x00, 0xbb, 0x07,
  0xdc, 0x0b, 0xd3, 0xa9, 0xc3, 0x47, 0xbb, 0x26, 0xbb, 0x46, 0xbb, 0x66,
  0xc3, 0xc7, 0xcc, 0x08, 0xd4, 0x28, 0xd4, 0x08, 0xcb, 0xa7, 0xbb, 0x05,
  0xb2, 0xc4, 0xaa, 0x63, 0xa2, 0x42, 0xa2, 0x22, 0xaa, 0x63, 0xb2, 0xa4,
  0xb2, 0xc4, 0xb2, 0xa4, 0xb2, 0xa4, 0xb2, 0xa4, 0xba, 0xc4, 0xba, 0xc4,
  0xba, 0xc5, 0xc2, 0xe5, 0xc3, 0x05, 0xc3, 0x05, 0xc3, 0x05, 0xc3, 0x05,
  0xc3, 0x25, 0xcb, 0x25, 0xd3, 0x46, 0xd3, 0x86, 0xdb, 0x86, 0xd3, 0x86,
  0xd3, 0x66, 0xd3, 0x45, 0xcb, 0x24, 0xd3, 0x44, 0xd3, 0x44, 0xdb, 0x45,
  0xdb, 0x44, 0xca, 0xc2, 0xdb, 0x65, 0xc2, 0xa2, 0x99, 0x60, 0x99, 0x40,
  0xba, 0x60, 0xd3, 0x43, 0xe3, 0x84, 0xeb, 0xe6, 0xe3, 0xa4, 0xe3, 0xa4,
  0xeb, 0xe5, 0xf4, 0x05, 0xf4, 0x25, 0xf4, 0x45, 0xfc, 0x66, 0xfc, 0xe8,
  0xfc, 0xc9, 0xf4, 0xca, 0xfd, 0xae, 0xfe, 0x93, 0xff, 0x56, 0xff, 0xb8,
  0xff, 0x98, 0xff, 0xb9, 0xff, 0xfa, 0xff, 0xf9, 0xff, 0xb7, 0xff, 0x96,
  0xff, 0xb6, 0xff, 0xb4, 0xff, 0x73, 0xfe, 0xce, 0xfe, 0xad, 0xfe, 0x4c,
  0xf5, 0xeb, 0xfe, 0x6c, 0xff, 0x0e, 0xff, 0x0d, 0xfe, 0xab, 0xfe, 0x8a,
  0xfe, 0xeb, 0xff, 0x0f, 0xff, 0x50, 0xff, 0x55, 0xff, 0x77, 0xff, 0x99,
  0xff, 0x9b, 0xff, 0xbb, 0xff, 0xbb, 0xff, 0xdc, 0xff, 0xfc, 0xff, 0xfd,
  0xff, 0xfe, 0xff, 0xfe, 0xff, 0xfe, 0xff, 0xfe, 0xff, 0xfe, 0xff, 0xfe,
  0xff, 0xfe, 0xff, 0xfd, 0xff, 0xbb, 0xff, 0xbb, 0xff, 0x99, 0x00, 0x00,
  0x00, 0x00, 0xac, 0x88, 0xe6, 0x70, 0xc5, 0x2b, 0xbd, 0x0b, 0xb4, 0xcb,
  0xe6, 0x51, 0xff, 0x16, 0xf7, 0x16, 0xff, 0x38, 0xff, 0x58, 0xff, 0xbb,
  0xff, 0xfd, 0xff, 0xfd, 0xff, 0xfd, 0xff, 0xfd, 0xff, 0xfd, 0xff, 0xfd,
  0xff, 0xfd, 0xff, 0xfd, 0xff, 0xfd, 0xff, 0xfd, 0xff, 0xfd, 0xff, 0xfd,
  0xff, 0xfd, 0xff, 0xfd, 0xff, 0xfd, 0xff, 0xfd, 0xff, 0xfe, 0xff, 0xfe,
  0xff, 0xfd, 0xff, 0xfd, 0xff, 0xfc, 0xff, 0xfc, 0xff, 0xda, 0xff, 0xba,
  0xff, 0x97, 0xff, 0x96, 0xfe, 0xf2, 0xfe, 0x2e, 0xed, 0x29, 0xdc, 0xa6,
  0xdc, 0x45, 0xd3, 0xe3, 0xc3, 0x21, 0xb2, 0xc0, 0xb2, 0x80, 0xb2, 0x80,
  0xaa, 0x60, 0xa2, 0x00, 0x99, 0xc0, 0x99, 0xa0, 0x91, 0x60, 0x81, 0x20,
  0x81, 0x20, 0x89, 0x40, 0x89, 0x40, 0x89, 0x60, 0x81, 0x00, 0x60, 0x20,
  0x60, 0x40, 0x81, 0x40, 0x81, 0x40, 0x89, 0x60, 0x89, 0x80, 0x89, 0x80,
  0x89, 0x60, 0x89, 0xa0, 0x91, 0xc0, 0x91, 0xe0, 0x92, 0x00, 0x9a, 0x00,
  0x9a, 0x00, 0x92, 0x01, 0x92, 0x01, 0x91, 0xe1, 0x91, 0xe1, 0x89, 0xe1,
  0x89, 0xc1, 0x89, 0xc2, 0x89, 0xa1, 0x81, 0xa1, 0x81, 0x81, 0x79, 0x60,
  0x79, 0x60, 0x79, 0x60, 0x71, 0x40, 0x71, 0x40, 0x71, 0x40, 0x71, 0x40,
  0x69, 0x60, 0x71, 0x61, 0x71, 0x81, 0x71, 0x81, 0x71, 0x82, 0x71, 0x82,
  0x71, 0xa2, 0x79, 0xa2, 0x79, 0xa2, 0x79, 0xa2, 0x79, 0xa1, 0x79, 0x81,
  0x71, 0x60, 0x69, 0x00, 0x60, 0xa0, 0x60, 0xa0, 0x68, 0xe0, 0x81, 0xa1,
  0xb2, 0xc5, 0xcb, 0x89, 0xe4, 0x8b, 0xfd, 0x2d, 0xfd, 0xf1, 0xfe, 0x94,
  0xfe, 0xf6, 0xff, 0x37, 0xff, 0x59, 0xff, 0x9a, 0xff, 0xbc, 0xff, 0xfd,
  0xff, 0xff, 0xff, 0xff, 0xff, 0xff, 0xff, 0xff, 0xff, 0xff, 0xff, 0xfd,
  0xff, 0xfc, 0xff, 0x99, 0xfe, 0x34, 0xcb, 0xa9, 0x71, 0x20, 0x91, 0xa2,
  0xec, 0x8c, 0xfd, 0x2f, 0xc3, 0x67, 0xbb, 0x66, 0xbb, 0x26, 0xb3, 0x25,
  0xbb, 0x45, 0xc3, 0xa6, 0xc3, 0xc7, 0xd3, 0xe8, 0xcb, 0xc8, 0xc3, 0x26,
  0xbb, 0x05, 0xb2, 0xa4, 0xb2, 0xa3, 0xaa, 0x63, 0xb2, 0x83, 0xb2, 0xa4,
  0xba, 0xe5, 0xba, 0xe5, 0xba, 0xc4, 0xba, 0xc4, 0xba, 0xc5, 0xc2, 0xe5,
  0xc3, 0x05, 0xc3, 0x26, 0xcb, 0x26, 0xcb, 0x46, 0xcb, 0x67, 0xd3, 0x87,
  0xd3, 0x87, 0xd3, 0x87, 0xdb, 0xa7, 0xdb, 0xa7, 0xdb, 0xc7, 0xdb, 0xc7,
  0xdb, 0xa7, 0xd3, 0x66, 0xd3, 0x45, 0xd3, 0x24, 0xd3, 0x04, 0xcb, 0x04,
  0xca, 0xe3, 0xd3, 0x03, 0xd3, 0x03, 0xa1, 0xa0, 0x88, 0xe0, 0xa9, 0xc0,
  0xca, 0xe2, 0xca, 0xe2, 0xca, 0xe2, 0xeb, 0xe6, 0xeb, 0xe5, 0xeb, 0xe5,
  0xf4, 0x05, 0xfc, 0x26, 0xfc, 0x45, 0xfc, 0x65, 0xfc, 0xa7, 0xfc, 0xe8,
  0xfc, 0xc9, 0xfc, 0xea, 0xfd, 0xae, 0xfe, 0x92, 0xff, 0x56, 0xff, 0xb9,
  0xff, 0x98, 0xff, 0xb9, 0xff, 0xfa, 0xff, 0xf9, 0xff, 0x97, 0xff, 0x96,
  0xff, 0xb6, 0xff, 0xb4, 0xff, 0x93, 0xfe, 0xad, 0xfe, 0x6c, 0xfe, 0x0b,
  0xf5, 0xeb, 0xfe, 0x2b, 0xfe, 0xad, 0xfe, 0xed, 0xfe, 0xab, 0xfe, 0xab,
  0xfe, 0xeb, 0xff, 0x0f, 0xff, 0x30, 0xff, 0x35, 0xff, 0x57, 0xff, 0x79,
  0xff, 0x9b, 0xff, 0xbb, 0xff, 0xdc, 0xff, 0xdc, 0xff, 0xfc, 0xff, 0xfd,
  0xff, 0xfe, 0xff, 0xfe, 0xff, 0xfe, 0xff, 0xfe, 0xff, 0xfe, 0xff, 0xfe,
  0xff, 0xfe, 0xff, 0xfd, 0xff, 0xbb, 0xff, 0xbb, 0xff, 0x99, 0x00, 0x00,
  0x00, 0x00, 0xac, 0x68, 0xe6, 0x70, 0xbc, 0xeb, 0xc5, 0x6c, 0xbd, 0x0c,
  0xee, 0xb3, 0xff, 0x57, 0xf7, 0x16, 0xff, 0x58, 0xff, 0x9a, 0xff, 0xbb,
  0xff, 0xfd, 0xff, 0xfd, 0xff, 0xfd, 0xff, 0xfd, 0xff, 0xfd, 0xff, 0xfd,
  0xff, 0xfd, 0xff, 0xfd, 0xff, 0xfe, 0xff, 0xfe, 0xff, 0xfe, 0xff, 0xfe,
  0xff, 0xfe, 0xff, 0xfe, 0xff, 0xfe, 0xff, 0xfe, 0xff, 0xfe, 0xff, 0xfe,
  0xff, 0xfe, 0xff, 0xfd, 0xff, 0xfc, 0xff, 0xfc, 0xff, 0xda, 0xff, 0xda,
  0xff, 0xb7, 0xff, 0x96, 0xff, 0x12, 0xfe, 0x4e, 0xed, 0x49, 0xdc, 0xa6,
  0xdc, 0x65, 0xdc, 0x45, 0xd3, 0xa3, 0xc3, 0x21, 0xba, 0xc1, 0xb2, 0xa0,
  0xaa, 0x60, 0xa2, 0x00, 0x99, 0xc0, 0x91, 0x60, 0x89, 0x20, 0x89, 0x40,
  0x89, 0x40, 0x91, 0x40, 0x91, 0x40, 0x89, 0x40, 0x89, 0x40, 0x89, 0x20,
  0x81, 0x00, 0x81, 0x00, 0x78, 0xe0, 0x79, 0x00, 0x81, 0x20, 0x81, 0x20,
  0x81, 0x00, 0x81, 0x20, 0x81, 0x40, 0x89, 0x80, 0x91, 0xa0, 0x91, 0xc0,
  0x91, 0xe0, 0x91, 0xe0, 0x91, 0xe1, 0x91, 0xe1, 0x91, 0xe1, 0x89, 0xc1,
  0x89, 0xa1, 0x89, 0xa1, 0x81, 0xa1, 0x81, 0xa1, 0x81, 0x80, 0x79, 0x60,
  0x79, 0x60, 0x79, 0x81, 0x79, 0x81, 0x79, 0x60, 0x79, 0x60, 0x79, 0x60,
  0x79, 0x60, 0x79, 0x61, 0x79, 0x81, 0x79, 0x81, 0x79, 0x82, 0x79, 0xa1,
  0x79, 0xa1, 0x79, 0x81, 0x79, 0x81, 0x79, 0x81, 0x71, 0x60, 0x71, 0x40,
  0x60, 0xe0, 0x58, 0x80, 0x58, 0x60, 0x68, 0xc0, 0x81, 0x80, 0xa2, 0x84,
  0xc3, 0x47, 0xcb, 0xa8, 0xec, 0xed, 0xfd, 0xaf, 0xfe, 0x52, 0xfe, 0xd4,
  0xff, 0x38, 0xff, 0x79, 0xff, 0x9b, 0xff, 0xbb, 0xff, 0xbd, 0xff, 0xbd,
  0xff, 0xde, 0xff, 0xff, 0xff, 0xff, 0xff, 0xff, 0xff, 0xff, 0xff, 0xff,
  0xff, 0xfd, 0xff, 0xda, 0xff, 0x79, 0xf5, 0x91, 0xb2, 0xe6, 0x89, 0x60,
  0xaa, 0x44, 0xdb, 0xa9, 0xdb, 0xa9, 0xba, 0xe4, 0xba, 0xe5, 0xbb, 0x24,
  0xc3, 0x65, 0xc3, 0xa5, 0xc3, 0xc6, 0xcb, 0xe7, 0xcb, 0xc7, 0xc3, 0x26,
  0xbb, 0x05, 0xb2, 0xc4, 0xb2, 0xa3, 0xaa, 0x83, 0xb2, 0xa4, 0xbb, 0x05,
  0xcb, 0x67, 0xc3, 0x26, 0xba, 0xe5, 0xba, 0xe5, 0xba, 0xe5, 0xba, 0xe5,
  0xba, 0xe5, 0xba, 0xe5, 0xba, 0xc4, 0xc3, 0x05, 0xcb, 0x66, 0xcb, 0x66,
  0xcb, 0x66, 0xcb, 0x66, 0xd3, 0x46, 0xd3, 0x46, 0xd3, 0x46, 0xd3, 0x66,
  0xdb, 0x66, 0xdb, 0x66, 0xdb, 0x45, 0xd3, 0x25, 0xdb, 0x45, 0xe3, 0x86,
  0xeb, 0xa6, 0xca, 0xc3, 0x99, 0x80, 0x88, 0xe0, 0x99, 0x80, 0xca, 0xe2,
  0xdb, 0x64, 0xcb, 0x22, 0xca, 0xe2, 0xdb, 0x84, 0xeb, 0xe5, 0xf4, 0x26,
  0xfc, 0x46, 0xfc, 0x66, 0xfc, 0x66, 0xfc, 0x86, 0xfc, 0xc7, 0xfc, 0xe8,
  0xf4, 0xc8, 0xf4, 0xea, 0xfd, 0x8d, 0xfe, 0x71, 0xff, 0x55, 0xff, 0x98,
  0xff, 0x37, 0xff, 0x78, 0xff, 0xfa, 0xff, 0xf9, 0xff, 0x98, 0xff, 0x96,
  0xff, 0xb6, 0xff, 0xd4, 0xff, 0xd4, 0xfe, 0xce, 0xf6, 0x4c, 0xf5, 0xcb,
  0xf5, 0xec, 0xfd, 0xea, 0xfe, 0x2b, 0xfe, 0xcc, 0xfe, 0xcc, 0xfe, 0xab,
  0xfe, 0x8a, 0xfe, 0xce, 0xff, 0x0f, 0xff, 0x14, 0xff, 0x36, 0xff, 0x58,
  0xff, 0x59, 0xff, 0x7a, 0xff, 0xbc, 0xff, 0xdc, 0xff, 0xdb, 0xff, 0xdc,
  0xff, 0xfd, 0xff, 0xfd, 0xff, 0xfe, 0xff, 0xfe, 0xff, 0xfe, 0xff, 0xfe,
  0xff, 0xfe, 0xff, 0xfd, 0xff, 0xbb, 0xff, 0xba, 0xff, 0x98, 0x00, 0x00,
  0x00, 0x00, 0xb4, 0xca, 0xe6, 0x2f, 0xb4, 0xca, 0xcd, 0xad, 0xcd, 0xaf,
  0xf6, 0xb3, 0xff, 0x57, 0xff, 0x16, 0xf7, 0x38, 0xff, 0x9a, 0xff, 0xfc,
  0xff, 0xfd, 0xff, 0xfd, 0xff, 0xfe, 0xff, 0xfd, 0xff, 0xfd, 0xff, 0xfd,
  0xff, 0xfd, 0xff, 0xfd, 0xff, 0xfe, 0xff, 0xfe, 0xff, 0xfe, 0xff, 0xfe,
  0xff, 0xfe, 0xff, 0xfe, 0xff, 0xfe, 0xff, 0xfe, 0xff, 0xfe, 0xff, 0xfe,
  0xff, 0xfe, 0xff, 0xfe, 0xff, 0xfd, 0xff, 0xfd, 0xff, 0xfa, 0xff, 0xfa,
  0xff, 0xb7, 0xff, 0xb7, 0xff, 0x52, 0xfe, 0x6f, 0xf5, 0x69, 0xe4, 0xc7,
  0xe4, 0x86, 0xe4, 0x65, 0xd3, 0xc3, 0xc3, 0x41, 0xb2, 0xc0, 0xaa, 0x60,
  0xaa, 0x40, 0xa2, 0x20, 0x99, 0xe0, 0x91, 0x80, 0x91, 0x60, 0x91, 0x40,
  0x89, 0x20, 0x91, 0x40, 0x91, 0x40, 0x91, 0x40, 0x91, 0x60, 0x91, 0x60,
  0x91, 0x60, 0x81, 0x20, 0x78, 0xe0, 0x70, 0xc0, 0x70, 0xc0, 0x78, 0xe0,
  0x70, 0xe0, 0x70, 0xe0, 0x79, 0x00, 0x79, 0x00, 0x81, 0x40, 0x81, 0x60,
  0x81, 0x80, 0x89, 0x80, 0x89, 0xa0, 0x89, 0xa0, 0x89, 0xa0, 0x89, 0xa1,
  0x89, 0xa0, 0x81, 0x80, 0x81, 0x80, 0x81, 0x80, 0x81, 0x60, 0x81, 0x60,
  0x81, 0x81, 0x89, 0xc1, 0x89, 0xc1, 0x89, 0xc1, 0x89, 0xa1, 0x81, 0xa1,
  0x81, 0xa1, 0x81, 0xa1, 0x79, 0x81, 0x71, 0x60, 0x71, 0x61, 0x71, 0x60,
  0x71, 0x40, 0x69, 0x20, 0x69, 0x00, 0x60, 0xe0, 0x60, 0xc0, 0x58, 0x80,
  0x58, 0x80, 0x60, 0xc0, 0x79, 0x40, 0x89, 0xe2, 0xa2, 0x84, 0xbb, 0x26,
  0xcb, 0xa8, 0xec, 0x8b, 0xf5, 0x2d, 0xfd, 0xcf, 0xfe, 0x73, 0xfe, 0xf5,
  0xff, 0x58, 0xff, 0x99, 0xff, 0xbb, 0xff, 0xbb, 0xff, 0x9c, 0xff, 0x9d,
  0xff, 0xde, 0xff, 0xff, 0xff, 0xff, 0xff, 0xff, 0xff, 0xff, 0xff, 0xff,
  0xff, 0xfe, 0xff, 0xfb, 0xff, 0x99, 0xfe, 0xd6, 0xf5, 0xb1, 0xd3, 0x68,
  0x99, 0xc2, 0x99, 0x81, 0x99, 0xa1, 0xb2, 0x83, 0xb2, 0x83, 0xb3, 0x03,
  0xc3, 0x64, 0xbb, 0x85, 0xbb, 0x64, 0xb3, 0x24, 0xb3, 0x25, 0xd3, 0xc8,
  0xcb, 0x87, 0xbb, 0x05, 0xb2, 0xc4, 0xaa, 0x83, 0xb2, 0xa4, 0xba, 0xe5,
  0xbb, 0x05, 0xb2, 0xc4, 0xb2, 0xa4, 0xb2, 0xa4, 0xb2, 0xa4, 0xb2, 0xc4,
  0xb2, 0xc4, 0xb2, 0xc4, 0xb2, 0xa3, 0xb2, 0xa4, 0xba, 0xe5, 0xbb, 0x05,
  0xc3, 0x05, 0xc3, 0x25, 0xcb, 0x26, 0xcb, 0x46, 0xd3, 0x46, 0xdb, 0xa8,
  0xec, 0x09, 0xf4, 0x29, 0xf4, 0x29, 0xf4, 0x08, 0xeb, 0xa6, 0xd3, 0x03,
  0xb2, 0x01, 0x99, 0x20, 0x78, 0x80, 0x91, 0x20, 0xb2, 0x60, 0xd3, 0x23,
  0xdb, 0x84, 0xdb, 0x84, 0xd3, 0x43, 0xcb, 0x02, 0xeb, 0xc5, 0xf4, 0x47,
  0xfc, 0x66, 0xfc, 0x66, 0xfc, 0x66, 0xfc, 0x86, 0xfc, 0xc7, 0xfc, 0xc7,
  0xfc, 0xc8, 0xfd, 0x4b, 0xfd, 0xee, 0xfe, 0x92, 0xff, 0x14, 0xff, 0x77,
  0xff, 0x77, 0xff, 0xda, 0xff, 0xfa, 0xff, 0xf9, 0xff, 0x98, 0xff, 0x96,
  0xff, 0xb6, 0xff, 0xd4, 0xff, 0xd4, 0xff, 0x0f, 0xfe, 0x8d, 0xe5, 0x6a,
  0xf5, 0xec, 0xfe, 0x0b, 0xfd, 0xea, 0xfe, 0x6a, 0xfe, 0xcb, 0xfe, 0xcc,
  0xfe, 0x6a, 0xfe, 0xae, 0xfe, 0xf0, 0xff, 0x15, 0xff, 0x37, 0xff, 0x59,
  0xff, 0x3a, 0xff, 0x7a, 0xff, 0xbc, 0xff, 0xbb, 0xff, 0xbb, 0xff, 0xdc,
  0xff, 0xdd, 0xff, 0xfd, 0xff, 0xfe, 0xff, 0xfe, 0xff, 0xfe, 0xff, 0xfe,
  0xff, 0xfe, 0xff, 0xfd, 0xff, 0xdb, 0xff, 0xbb, 0xff, 0x78, 0x00, 0x00,
  0x00, 0x00, 0xcd, 0x6c, 0xd5, 0xce, 0xb4, 0xca, 0xd5, 0xce, 0xe6, 0x72,
  0xf6, 0xd3, 0xff, 0xb8, 0xff, 0x57, 0xee, 0xf8, 0xff, 0xdb, 0xff, 0xfe,
  0xff, 0xfe, 0xff, 0xfd, 0xff, 0xfd, 0xff, 0xfd, 0xff, 0xfd, 0xff, 0xfd,
  0xff, 0xfd, 0xff, 0xfe, 0xff, 0xff, 0xff, 0xff, 0xff, 0xff, 0xff, 0xff,
  0xff, 0xff, 0xff, 0xff, 0xff, 0xfe, 0xff, 0xfe, 0xff, 0xfe, 0xff, 0xfe,
  0xff, 0xfe, 0xff, 0xfe, 0xff, 0xfd, 0xff, 0xfd, 0xff, 0xfb, 0xff, 0xdb,
  0xff, 0xd9, 0xff, 0x77, 0xfe, 0xd1, 0xf6, 0x2f, 0xed, 0x6a, 0xe5, 0x08,
  0xdc, 0x86, 0xd4, 0x24, 0xc3, 0x82, 0xbb, 0x00, 0xb2, 0xa0, 0xaa, 0x60,
  0xaa, 0x20, 0xa2, 0x00, 0x99, 0xc0, 0x91, 0x80, 0x91, 0x60, 0x91, 0x40,
  0x91, 0x40, 0x91, 0x40, 0x91, 0x40, 0x91, 0x60, 0x91, 0x60, 0x91, 0x40,
  0x91, 0x40, 0x91, 0x60, 0x91, 0x40, 0x89, 0x40, 0x89, 0x20, 0x89, 0x20,
  0x81, 0x20, 0x78, 0xe0, 0x78, 0xa0, 0x78, 0xc0, 0x78, 0xc0, 0x78, 0xe0,
  0x78, 0xe0, 0x70, 0xe0, 0x78, 0xe0, 0x79, 0x00, 0x79, 0x20, 0x79, 0x40,
  0x79, 0x40, 0x71, 0x20, 0x71, 0x20, 0x71, 0x20, 0x69, 0x20, 0x71, 0x20,
  0x69, 0x20, 0x68, 0xe0, 0x60, 0xe0, 0x60, 0xe0, 0x60, 0xe0, 0x60, 0xe0,
  0x60, 0xc0, 0x60, 0xc0, 0x60, 0xa0, 0x60, 0xc0, 0x68, 0xe0, 0x68, 0xe0,
  0x68, 0xe0, 0x68, 0xe0, 0x68, 0xc0, 0x68, 0xc0, 0x68, 0xe0, 0x71, 0x00,
  0x81, 0x80, 0x89, 0xc1, 0x9a, 0x41, 0xaa, 0xc4, 0xbb, 0x46, 0xc3, 0x87,
  0xc3, 0xa7, 0xd4, 0x29, 0xfd, 0x8f, 0xfe, 0x52, 0xfe, 0xd5, 0xff, 0x37,
  0xff, 0x79, 0xff, 0x9a, 0xff, 0xbc, 0xff, 0xdd, 0xff, 0xfe, 0xff, 0xff,
  0xff, 0xff, 0xff, 0xff, 0xff, 0xff, 0xff, 0xff, 0xff, 0xfe, 0xff, 0xfe,
  0xff, 0xfd, 0xff, 0x9a, 0xff, 0x9a, 0xff, 0x78, 0xfe, 0x94, 0xf4, 0x6b,
  0xbb, 0x06, 0xc2, 0xa4, 0xba, 0x63, 0xb2, 0x20, 0xa1, 0xc0, 0x99, 0xa0,
  0x99, 0xa0, 0x99, 0xe0, 0xaa, 0x40, 0xb2, 0xa2, 0xc3, 0x44, 0xcb, 0xa6,
  0xcb, 0x86, 0xcb, 0x86, 0xcb, 0xa6, 0xd3, 0xe7, 0xe4, 0x29, 0xec, 0x8a,
  0xe4, 0x8a, 0xe4, 0x49, 0xdc, 0x28, 0xdc, 0x28, 0xdc, 0x29, 0xe4, 0x49,
  0xe4, 0x49, 0xe4, 0x49, 0xe4, 0x49, 0xe4, 0x09, 0xdb, 0xc8, 0xe3, 0xe9,
  0xec, 0x09, 0xec, 0x2a, 0xf4, 0x4a, 0xfc, 0x6a, 0xfc, 0x6a, 0xeb, 0xe8,
  0xd2, 0xe4, 0xca, 0xc3, 0xc2, 0x82, 0xb1, 0xe2, 0x99, 0x21, 0x88, 0xa0,
  0x88, 0xc0, 0x99, 0x60, 0xca, 0xe4, 0xd3, 0x45, 0xdb, 0x64, 0xdb, 0x85,
  0xdb, 0xa5, 0xdb, 0xa4, 0xdb, 0x64, 0xdb, 0x63, 0xe3, 0xc5, 0xf4, 0x46,
  0xfc, 0xa7, 0xfc, 0xc8, 0xfc, 0xe8, 0xfc, 0xe8, 0xfd, 0x29, 0xfc, 0xe8,
  0xfc, 0xe9, 0xfd, 0x2b, 0xfd, 0xad, 0xfe, 0xb2, 0xfe, 0xf3, 0xff, 0x16,
  0xff, 0x98, 0xff, 0xfa, 0xff, 0xfa, 0xff, 0xda, 0xff, 0xb8, 0xff, 0x97,
  0xff, 0x96, 0xff, 0xd5, 0xff, 0xd5, 0xff, 0x51, 0xfe, 0xcf, 0xf5, 0xec,
  0xed, 0xab, 0xfd, 0xeb, 0xfe, 0x0b, 0xfe, 0x4b, 0xfe, 0xcd, 0xfe, 0xec,
  0xfe, 0x8b, 0xfe, 0xac, 0xfe, 0xcc, 0xfe, 0xef, 0xff, 0x31, 0xff, 0x53,
  0xff, 0x55, 0xff, 0x77, 0xff, 0x99, 0xff, 0xdb, 0xff, 0xfc, 0xff, 0xfc,
  0xff, 0xfd, 0xff, 0xfe, 0xff, 0xfe, 0xff, 0xfe, 0xff, 0xfe, 0xff, 0xfe,
  0xff, 0xfd, 0xff, 0xff, 0xff, 0xdc, 0xff, 0x59, 0xf6, 0xf6, 0x00, 0x00,
  0x00, 0x00, 0xdd, 0xee, 0xcd, 0x8d, 0xbd, 0x0b, 0xd5, 0xce, 0xee, 0x92,
  0xf6, 0xd3, 0xff, 0xb8, 0xff, 0x36, 0xff, 0x7a, 0xff, 0xfc, 0xff, 0xfe,
  0xff, 0xfe, 0xff, 0xfd, 0xff, 0xfd, 0xff, 0xfd, 0xff, 0xfd, 0xff, 0xfd,
  0xff, 0xfd, 0xff, 0xfe, 0xff, 0xff, 0xff, 0xff, 0xff, 0xff, 0xff, 0xff,
  0xff, 0xff, 0xff, 0xff, 0xff, 0xfe, 0xff, 0xfe, 0xff, 0xfe, 0xff, 0xfe,
  0xff, 0xfe, 0xff, 0xfe, 0xff, 0xfd, 0xff, 0xfd, 0xff, 0xfc, 0xff, 0xbb,
  0xff, 0xf9, 0xff, 0x78, 0xfe, 0xb1, 0xf6, 0x2f, 0xed, 0x8a, 0xe5, 0x29,
  0xdc, 0xa6, 0xcc, 0x24, 0xc3, 0x62, 0xb2, 0xe0, 0xb2, 0x80, 0xaa, 0x60,
  0xaa, 0x40, 0xa2, 0x00, 0x99, 0xc0, 0x91, 0x80, 0x91, 0x40, 0x89, 0x40,
  0x91, 0x40, 0x91, 0x40, 0x91, 0x60, 0x91, 0x60, 0x91, 0x80, 0x91, 0x60,
  0x91, 0x60, 0x99, 0x80, 0x99, 0x80, 0x91, 0x80, 0x91, 0x80, 0x91, 0x60,
  0x91, 0x60, 0x89, 0x40, 0x89, 0x20, 0x89, 0x40, 0x89, 0x40, 0x81, 0x40,
  0x81, 0x40, 0x81, 0x40, 0x81, 0x40, 0x81, 0x40, 0x81, 0x40, 0x71, 0x20,
  0x71, 0x20, 0x71, 0x20, 0x69, 0x20, 0x69, 0x20, 0x69, 0x20, 0x69, 0x00,
  0x69, 0x00, 0x69, 0x00, 0x69, 0x00, 0x69, 0x20, 0x69, 0x20, 0x69, 0x20,
  0x69, 0x20, 0x69, 0x20, 0x69, 0x40, 0x71, 0x20, 0x70, 0xe0, 0x71, 0x20,
  0x71, 0x20, 0x79, 0x40, 0x79, 0x60, 0x81, 0x60, 0x81, 0x80, 0x89, 0xa1,
  0x9a, 0x42, 0x9a, 0x63, 0xa2, 0x83, 0xb2, 0xe5, 0xc3, 0x66, 0xcb, 0xa7,
  0xcb, 0xe8, 0xd4, 0x29, 0xfd, 0xf0, 0xfe, 0x73, 0xff, 0x16, 0xff, 0x57,
  0xff, 0x9a, 0xff, 0xba, 0xff, 0xbc, 0xff, 0xdd, 0xff, 0xfe, 0xff, 0xff,
  0xff, 0xff, 0xff, 0xff, 0xff, 0xff, 0xff, 0xff, 0xff, 0xfd, 0xff, 0xfc,
  0xff, 0xdc, 0xff, 0x9a, 0xff, 0xba, 0xff, 0xb9, 0xfe, 0xf6, 0xfd, 0x2e,
  0xdc, 0x09, 0xdb, 0x46, 0xdb, 0x66, 0xeb, 0xc7, 0xdb, 0x45, 0xca, 0xe3,
  0xba, 0x61, 0xa2, 0x00, 0x99, 0xc0, 0x91, 0xa0, 0x99, 0xc0, 0x9a, 0x00,
  0x91, 0xe0, 0x89, 0xa1, 0x91, 0xc1, 0x92, 0x02, 0xa2, 0x42, 0xa2, 0x63,
  0xa2, 0x63, 0xaa, 0xa3, 0xaa, 0xc2, 0xaa, 0xc2, 0xb2, 0xc3, 0xb2, 0xe3,
  0xb2, 0xe3, 0xbb, 0x04, 0xba, 0xe3, 0xbb, 0x04, 0xcb, 0x46, 0xc3, 0x05,
  0xc2, 0xc4, 0xba, 0x83, 0xb2, 0x42, 0xaa, 0x02, 0xa9, 0xc2, 0x99, 0x40,
  0x88, 0x80, 0x90, 0xe0, 0x99, 0x20, 0xa1, 0x20, 0xa1, 0x60, 0xb1, 0xc1,
  0xba, 0x63, 0xdb, 0x45, 0xe3, 0xe6, 0xe3, 0xc6, 0xe3, 0xc6, 0xeb, 0xe6,
  0xeb, 0xe6, 0xe3, 0xe5, 0xe3, 0xc5, 0xe3, 0xc5, 0xe3, 0xc4, 0xec, 0x06,
  0xfc, 0x87, 0xfc, 0xe8, 0xfc, 0xe8, 0xfd, 0x08, 0xfd, 0x4a, 0xfc, 0xe8,
  0xfc, 0xe9, 0xfd, 0x2b, 0xfd, 0xad, 0xfe, 0x91, 0xfe, 0xd3, 0xff, 0x16,
  0xff, 0x98, 0xff, 0xfa, 0xff, 0xfa, 0xff, 0xda, 0xff, 0xb9, 0xff, 0x97,
  0xff, 0x97, 0xff, 0xb5, 0xff, 0xd5, 0xff, 0x72, 0xff, 0x11, 0xfe, 0x2d,
  0xe5, 0x6a, 0xf5, 0xca, 0xfe, 0x0c, 0xfe, 0x0b, 0xfe, 0xad, 0xfe, 0xed,
  0xfe, 0xab, 0xfe, 0x8a, 0xfe, 0xaa, 0xfe, 0xcd, 0xfe, 0xee, 0xff, 0x11,
  0xff, 0x52, 0xff, 0x56, 0xff, 0x98, 0xff, 0xdb, 0xff, 0xfd, 0xff, 0xfd,
  0xff, 0xfd, 0xff, 0xfe, 0xff, 0xfe, 0xff, 0xfe, 0xff, 0xfe, 0xff, 0xfd,
  0xff, 0xfe, 0xff, 0xff, 0xff, 0xfc, 0xf7, 0x18, 0xee, 0xb5, 0x00, 0x00,
  0x00, 0x00, 0xc5, 0x2b, 0xcd, 0xad, 0xc5, 0x4c, 0xd5, 0xce, 0xe6, 0x51,
  0xfe, 0xf3, 0xff, 0xb8, 0xff, 0x77, 0xff, 0xdb, 0xff, 0xfc, 0xff, 0xfe,
  0xff, 0xfe, 0xff, 0xfd, 0xff, 0xfd, 0xff, 0xfd, 0xff, 0xfd, 0xff, 0xfd,
  0xff, 0xfd, 0xff, 0xfe, 0xff, 0xff, 0xff, 0xff, 0xff, 0xff, 0xff, 0xff,
  0xff, 0xff, 0xff, 0xff, 0xff, 0xfe, 0xff, 0xfe, 0xff, 0xfe, 0xff, 0xfe,
  0xff, 0xfe, 0xff, 0xfe, 0xff, 0xfe, 0xff, 0xfd, 0xff, 0xfc, 0xff, 0xdb,
  0xff, 0xf9, 0xff, 0x78, 0xfe, 0xd1, 0xee, 0x0f, 0xed, 0x6a, 0xe5, 0x29,
  0xe4, 0xc6, 0xd4, 0x44, 0xc3, 0x62, 0xb3, 0x00, 0xb2, 0x80, 0xaa, 0x60,
  0xaa, 0x40, 0xa2, 0x00, 0x99, 0xc0, 0x99, 0xa0, 0x91, 0x40, 0x89, 0x20,
  0x91, 0x20, 0x91, 0x40, 0x91, 0x60, 0x99, 0x80, 0x99, 0x80, 0x99, 0x80,
  0xa1, 0x80, 0xa1, 0xa0, 0xa1, 0xa0, 0x99, 0xa0, 0x99, 0xa0, 0x99, 0xa0,
  0x99, 0xa0, 0x99, 0xa0, 0x99, 0xa0, 0x99, 0xc0, 0x99, 0xc0, 0x99, 0xc0,
  0x99, 0xc0, 0x91, 0xc1, 0x91, 0xc1, 0x91, 0xc1, 0x91, 0xa1, 0x81, 0xa1,
  0x81, 0xa1, 0x81, 0xa1, 0x81, 0xa1, 0x81, 0xa0, 0x79, 0xa0, 0x79, 0x80,
  0x79, 0x80, 0x79, 0x80, 0x79, 0x80, 0x79, 0x80, 0x79, 0x80, 0x79, 0x80,
  0x79, 0x80, 0x79, 0x80, 0x79, 0x80, 0x79, 0x61, 0x81, 0x41, 0x81, 0x81,
  0x89, 0x81, 0x89, 0xa1, 0x91, 0xa1, 0x91, 0xc1, 0x91, 0xc0, 0x91, 0xe1,
  0xa2, 0x63, 0xa2, 0x63, 0xaa, 0x82, 0xb2, 0xe4, 0xc3, 0x66, 0xd3, 0xe8,
  0xd4, 0x49, 0xdc, 0xab, 0xfe, 0x12, 0xfe, 0xb4, 0xff, 0x17, 0xff, 0x58,
  0xff, 0x9a, 0xff, 0xbb, 0xff, 0xdd, 0xff, 0xfd, 0xff, 0xfe, 0xff, 0xff,
  0xff, 0xff, 0xff, 0xff, 0xff, 0xff, 0xff, 0xff, 0xff, 0xfe, 0xff, 0xfd,
  0xff, 0xdc, 0xff, 0xfc, 0xff, 0xdb, 0xff, 0xfa, 0xff, 0x99, 0xfe, 0x73,
  0xf4, 0xed, 0xdb, 0x86, 0xd3, 0x66, 0xf4, 0x28, 0xf4, 0x07, 0xeb, 0xe6,
  0xe3, 0x84, 0xd3, 0x23, 0xc2, 0xc1, 0xb2, 0x62, 0xb2, 0x41, 0xb2, 0xc3,
  0xaa, 0x62, 0x99, 0xe0, 0x91, 0x80, 0x89, 0x80, 0x89, 0x80, 0x89, 0x80,
  0x89, 0x80, 0x89, 0x60, 0x89, 0x60, 0x89, 0x60, 0x89, 0x60, 0x89, 0x60,
  0x91, 0x80, 0x91, 0xa0, 0x91, 0x80, 0x99, 0xa0, 0xa1, 0xc0, 0xa1, 0xc1,
  0xa9, 0xe1, 0xa9, 0xe1, 0xb2, 0x01, 0xba, 0x22, 0xc2, 0x42, 0xca, 0x84,
  0xd2, 0xa5, 0xdb, 0x06, 0xdb, 0x26, 0xdb, 0x26, 0xdb, 0x47, 0xe3, 0xa8,
  0xe3, 0xe9, 0xe3, 0xe9, 0xe3, 0xc7, 0xdb, 0xc7, 0xe3, 0xc6, 0xec, 0x06,
  0xec, 0x06, 0xec, 0x06, 0xeb, 0xe6, 0xe3, 0xe5, 0xe3, 0xa4, 0xe3, 0xe5,
  0xf4, 0x66, 0xfc, 0xc8, 0xfc, 0xe8, 0xfd, 0x29, 0xfd, 0x6a, 0xfd, 0x09,
  0xfd, 0x09, 0xfd, 0x4b, 0xfd, 0xce, 0xfe, 0x92, 0xfe, 0xf4, 0xff, 0x36,
  0xff, 0x98, 0xff, 0xfa, 0xff, 0xfa, 0xff, 0xfa, 0xff, 0xb9, 0xff, 0x97,
  0xff, 0x96, 0xff, 0xb5, 0xff, 0xd5, 0xff, 0x72, 0xff, 0x32, 0xfe, 0x4e,
  0xe5, 0xab, 0xf5, 0xaa, 0xf5, 0xcb, 0xfd, 0xea, 0xfe, 0x8d, 0xfe, 0xcc,
  0xfe, 0x8b, 0xfe, 0x8a, 0xfe, 0x8a, 0xfe, 0xac, 0xfe, 0xed, 0xff, 0x10,
  0xff, 0x51, 0xff, 0x55, 0xff, 0xb8, 0xff, 0xda, 0xff, 0xfd, 0xff, 0xfd,
  0xff, 0xfe, 0xff, 0xfe, 0xff, 0xfe, 0xff, 0xfe, 0xff, 0xfe, 0xff, 0xfd,
  0xff, 0xfe, 0xff, 0xff, 0xff, 0xfb, 0xf7, 0x38, 0xee, 0x95, 0x00, 0x00,
  0x00, 0x00, 0xa4, 0x48, 0xe6, 0x2f, 0xc5, 0x4c, 0xdd, 0xee, 0xde, 0x10,
  0xff, 0x14, 0xff, 0xb8, 0xff, 0x97, 0xff, 0xfc, 0xff, 0xfc, 0xff, 0xfe,
  0xff, 0xfe, 0xff, 0xfd, 0xff, 0xfd, 0xff, 0xfd, 0xff, 0xfd, 0xff, 0xfd,
  0xff, 0xfd, 0xff, 0xfe, 0xff, 0xff, 0xff, 0xff, 0xff, 0xff, 0xff, 0xff,
  0xff, 0xff, 0xff, 0xff, 0xff, 0xfe, 0xff, 0xfe, 0xff, 0xfe, 0xff, 0xfe,
  0xff, 0xfe, 0xff, 0xfe, 0xff, 0xfe, 0xff, 0xfe, 0xff, 0xfc, 0xff, 0xdb,
  0xff, 0xf9, 0xff, 0x77, 0xfe, 0xb1, 0xee, 0x0e, 0xed, 0x6a, 0xe5, 0x29,
  0xe4, 0xe7, 0xd4, 0x44, 0xc3, 0x62, 0xb3, 0x00, 0xb2, 0xa0, 0xaa, 0x60,
  0xaa, 0x20, 0xa2, 0x00, 0x99, 0xc0, 0x99, 0xa0, 0x91, 0x60, 0x91, 0x40,
  0x91, 0x40, 0x99, 0x60, 0x99, 0x60, 0x99, 0x80, 0xa1, 0xa0, 0xa1, 0xa0,
  0xa1, 0xc0, 0xa9, 0xc0, 0xa9, 0xc0, 0xa1, 0xc0, 0xa1, 0xc0, 0xa1, 0xc0,
  0xa1, 0xc0, 0x99, 0xa0, 0x99, 0x80, 0x99, 0xa0, 0x99, 0xa0, 0x99, 0xa0,
  0x99, 0xa0, 0x91, 0xc1, 0x91, 0xa0, 0x91, 0xa1, 0x91, 0xa1, 0x89, 0xe1,
  0x89, 0xc1, 0x81, 0xc1, 0x81, 0xc1, 0x81, 0xc1, 0x81, 0xc1, 0x81, 0xa0,
  0x81, 0xa0, 0x81, 0xc1, 0x81, 0xc1, 0x81, 0xc1, 0x81, 0xc1, 0x81, 0xa1,
  0x81, 0xa1, 0x81, 0xa1, 0x81, 0xa1, 0x81, 0x81, 0x81, 0x81, 0x89, 0x81,
  0x89, 0x81, 0x89, 0xa1, 0x91, 0xa1, 0x91, 0xa1, 0x91, 0xc1, 0x9a, 0x01,
  0xaa, 0x62, 0xaa, 0x62, 0xb2, 0xa2, 0xbb, 0x04, 0xcb, 0xa6, 0xd4, 0x08,
  0xdc, 0x8a, 0xe4, 0xec, 0xfe, 0x32, 0xfe, 0xd4, 0xff, 0x17, 0xff, 0x58,
  0xff, 0x9a, 0xff, 0xbb, 0xff, 0xdd, 0xff, 0xfe, 0xff, 0xff, 0xff, 0xff,
  0xff, 0xff, 0xff, 0xff, 0xff, 0xff, 0xff, 0xff, 0xff, 0xfe, 0xff, 0xfd,
  0xff, 0xfd, 0xff, 0xfd, 0xff, 0xfc, 0xff, 0xfa, 0xff, 0xda, 0xfe, 0xf5,
  0xfd, 0xaf, 0xec, 0x08, 0xdb, 0xa6, 0xf4, 0x07, 0xeb, 0xc6, 0xe3, 0xa5,
  0xe3, 0x64, 0xdb, 0x63, 0xdb, 0x43, 0xdb, 0x65, 0xe3, 0x86, 0xc3, 0x44,
  0xbb, 0x03, 0xb2, 0xc3, 0xb2, 0xa2, 0xb2, 0xa2, 0xba, 0xe3, 0xc3, 0x45,
  0xcb, 0x65, 0xc3, 0x25, 0xbb, 0x04, 0xbb, 0x04, 0xbb, 0x04, 0xc3, 0x04,
  0xcb, 0x25, 0xcb, 0x25, 0xcb, 0x45, 0xcb, 0x05, 0xc2, 0xa4, 0xc2, 0xa4,
  0xca, 0xc5, 0xd2, 0xe5, 0xdb, 0x05, 0xdb, 0x26, 0xf3, 0x86, 0xfc, 0x08,
  0xfc, 0x49, 0xfc, 0x09, 0xf3, 0xc8, 0xf3, 0xc9, 0xeb, 0xeb, 0xeb, 0xea,
  0xd3, 0x88, 0xc2, 0xe6, 0xe4, 0x08, 0xe4, 0x08, 0xec, 0x07, 0xec, 0x07,
  0xec, 0x06, 0xeb, 0xe6, 0xeb, 0xe5, 0xe3, 0xe5, 0xe3, 0xc5, 0xe3, 0xe5,
  0xec, 0x46, 0xfc, 0xa7, 0xfd, 0x09, 0xfd, 0x49, 0xfd, 0x8b, 0xfd, 0x4a,
  0xfd, 0x0a, 0xfd, 0x4b, 0xfd, 0xce, 0xfe, 0xb2, 0xfe, 0xd4, 0xff, 0x36,
  0xff, 0x98, 0xff, 0xd9, 0xff, 0xb9, 0xff, 0xda, 0xff, 0xfa, 0xff, 0xd7,
  0xff, 0x96, 0xff, 0x94, 0xff, 0xb5, 0xff, 0x52, 0xff, 0x52, 0xfe, 0x8f,
  0xf6, 0x0d, 0xed, 0x8a, 0xe5, 0x29, 0xfd, 0xea, 0xfe, 0xad, 0xfe, 0xac,
  0xfe, 0x8b, 0xfe, 0x8a, 0xfe, 0x8a, 0xfe, 0xcc, 0xfe, 0xec, 0xff, 0x2f,
  0xff, 0x50, 0xff, 0x54, 0xff, 0xb7, 0xff, 0xda, 0xff, 0xdd, 0xff, 0xdd,
  0xff, 0xfe, 0xff, 0xfe, 0xff, 0xfe, 0xff, 0xfe, 0xff, 0xfe, 0xff, 0xfd,
  0xff, 0xfd, 0xff, 0xfe, 0xff, 0xfb, 0xff, 0x38, 0xee, 0x95, 0x00, 0x00,
  0x00, 0x00, 0xac, 0x89, 0xee, 0x71, 0xcd, 0x6c, 0xde, 0x0f, 0xd5, 0xef,
  0xff, 0x34, 0xff, 0x56, 0xff, 0x77, 0xff, 0xfc, 0xff, 0xfc, 0xff, 0xfe,
  0xff, 0xfe, 0xff, 0xfd, 0xff, 0xfd, 0xff, 0xfd, 0xff, 0xfd, 0xff, 0xfd,
  0xff, 0xfd, 0xff, 0xfe, 0xff, 0xff, 0xff, 0xff, 0xff, 0xff, 0xff, 0xff,
  0xff, 0xff, 0xff, 0xff, 0xff, 0xfe, 0xff, 0xfe, 0xff, 0xfe, 0xff, 0xfe,
  0xff, 0xfe, 0xff, 0xfe, 0xff, 0xfe, 0xff, 0xfe, 0xff, 0xfc, 0xff, 0xdb,
  0xff, 0xf9, 0xff, 0x77, 0xfe, 0xb1, 0xee, 0x0e, 0xed, 0x69, 0xe5, 0x28,
  0xe4, 0xe7, 0xd4, 0x44, 0xc3, 0x62, 0xb3, 0x00, 0xb2, 0xa0, 0xaa, 0x60,
  0xaa, 0x20, 0xa1, 0xe0, 0x99, 0xc0, 0x99, 0xa0, 0x91, 0x60, 0x91, 0x60,
  0x99, 0x60, 0x99, 0x60, 0x99, 0x80, 0xa1, 0xa0, 0xa1, 0xa0, 0xa9, 0xc0,
  0xa9, 0xc0, 0xa9, 0xc0, 0xa9, 0xe0, 0xa9, 0xe0, 0xa9, 0xe0, 0xa1, 0xe0,
  0xa1, 0xe0, 0x99, 0xa0, 0x91, 0x80, 0x91, 0x80, 0x91, 0x80, 0x91, 0x80,
  0x91, 0x80, 0x91, 0x80, 0x91, 0x80, 0x89, 0x80, 0x91, 0xa0, 0x89, 0xc1,
  0x81, 0xa1, 0x81, 0xa1, 0x81, 0xa0, 0x81, 0xa0, 0x81, 0x80, 0x81, 0x80,
  0x79, 0x60, 0x79, 0x60, 0x79, 0x60, 0x79, 0x60, 0x79, 0x60, 0x79, 0x60,
  0x79, 0x60, 0x79, 0x60, 0x79, 0x60, 0x81, 0x81, 0x89, 0x81, 0x89, 0x81,
  0x89, 0x81, 0x89, 0x81, 0x89, 0x81, 0x89, 0xa1, 0x91, 0xc1, 0x9a, 0x22,
  0xaa, 0x62, 0xaa, 0x83, 0xb2, 0xc3, 0xc3, 0x45, 0xd3, 0xe8, 0xdc, 0x69,
  0xe4, 0xec, 0xed, 0x2d, 0xfe, 0x53, 0xfe, 0xd4, 0xff, 0x37, 0xff, 0x58,
  0xff, 0x9a, 0xff, 0xbb, 0xff, 0xbd, 0xff, 0xde, 0xff, 0xff, 0xff, 0xff,
  0xff, 0xff, 0xff, 0xff, 0xff, 0xff, 0xff, 0xff, 0xff, 0xfe, 0xff, 0xfe,
  0xff, 0xfe, 0xff, 0xfd, 0xff, 0xdc, 0xff, 0xdb, 0xff, 0xdb, 0xff, 0x57,
  0xfe, 0x53, 0xf4, 0xab, 0xdc, 0x29, 0xfc, 0xca, 0xf4, 0x28, 0xeb, 0xc6,
  0xdb, 0x64, 0xd3, 0x03, 0xd3, 0x02, 0xd3, 0x03, 0xd3, 0x04, 0xd3, 0x44,
  0xd3, 0x44, 0xcb, 0x25, 0xcb, 0x24, 0xcb, 0x24, 0xd3, 0x65, 0xdb, 0xa7,
  0xe3, 0xe7, 0xdb, 0xc7, 0xdb, 0xa7, 0xdb, 0xc7, 0xdb, 0xc7, 0xe3, 0xc7,
  0xe3, 0xe7, 0xe3, 0xc7, 0xe3, 0xe7, 0xeb, 0xe8, 0xe3, 0x87, 0xe3, 0x66,
  0xe3, 0x67, 0xe3, 0x66, 0xeb, 0x67, 0xeb, 0x87, 0xfb, 0xe9, 0xfc, 0x8b,
  0xfc, 0x2a, 0xeb, 0x88, 0xe3, 0x8a, 0xfc, 0x4d, 0xfd, 0x52, 0xfd, 0x72,
  0xec, 0xad, 0xd3, 0xca, 0xe4, 0x49, 0xe4, 0x28, 0xec, 0x07, 0xec, 0x07,
  0xec, 0x06, 0xeb, 0xe6, 0xec, 0x05, 0xec, 0x05, 0xe3, 0xe5, 0xe3, 0xe5,
  0xec, 0x26, 0xfc, 0xa8, 0xfd, 0x29, 0xfd, 0x6a, 0xfd, 0x8b, 0xfd, 0x4a,
  0xfd, 0x2a, 0xfd, 0x4b, 0xfd, 0xee, 0xfe, 0xb2, 0xfe, 0xd4, 0xff, 0x56,
  0xff, 0x77, 0xff, 0xb9, 0xff, 0x98, 0xff, 0xfa, 0xff, 0xfa, 0xff, 0xd8,
  0xff, 0x96, 0xff, 0x94, 0xff, 0xb4, 0xff, 0x52, 0xff, 0x52, 0xfe, 0xaf,
  0xfe, 0x8f, 0xfd, 0xeb, 0xe5, 0x49, 0xfd, 0xea, 0xfe, 0x8d, 0xfe, 0x6b,
  0xfe, 0x6b, 0xfe, 0x8a, 0xfe, 0x8a, 0xfe, 0xab, 0xfe, 0xec, 0xff, 0x0f,
  0xff, 0x50, 0xff, 0x74, 0xff, 0xb7, 0xff, 0xda, 0xff, 0xdc, 0xff, 0xfc,
  0xff, 0xfd, 0xff, 0xfe, 0xff, 0xfe, 0xff, 0xfe, 0xff, 0xfe, 0xff, 0xdd,
  0xff, 0xfd, 0xff, 0xfd, 0xff, 0xda, 0xff, 0x79, 0xee, 0x95, 0x00, 0x00,
  0x00, 0x00, 0xbc, 0xeb, 0xdd, 0xef, 0xc5, 0x2c, 0xe6, 0x2f, 0xd5, 0xf0,
  0xff, 0x55, 0xf7, 0x15, 0xff, 0x56, 0xff, 0xdb, 0xff, 0xfc, 0xff, 0xfe,
  0xff, 0xfe, 0xff, 0xfd, 0xff, 0xfd, 0xff, 0xfd, 0xff, 0xfd, 0xff, 0xfd,
  0xff, 0xfd, 0xff, 0xfe, 0xff, 0xff, 0xff, 0xff, 0xff, 0xff, 0xff, 0xff,
  0xff, 0xff, 0xff, 0xff, 0xff, 0xfe, 0xff, 0xfe, 0xff, 0xfe, 0xff, 0xfe,
  0xff, 0xfe, 0xff, 0xfe, 0xff, 0xfe, 0xff, 0xfe, 0xff, 0xfc, 0xff, 0xdb,
  0xff, 0xd9, 0xff, 0x77, 0xfe, 0xb1, 0xed, 0xee, 0xed, 0x69, 0xe5, 0x28,
  0xe4, 0xe6, 0xd4, 0x44, 0xc3, 0x82, 0xbb, 0x00, 0xb2, 0xa0, 0xb2, 0x60,
  0xaa, 0x20, 0xa1, 0xe0, 0x99, 0xa0, 0x99, 0x80, 0x99, 0x60, 0x99, 0x60,
  0x99, 0x60, 0x99, 0x80, 0xa1, 0x80, 0xa1, 0xa0, 0xa1, 0xc0, 0xa9, 0xe0,
  0xa9, 0xe0, 0xa9, 0xe0, 0xa9, 0xe0, 0xa9, 0xe0, 0xa9, 0xe0, 0xa9, 0xc0,
  0xa9, 0xc0, 0xa1, 0xc0, 0x99, 0xa0, 0x99, 0xa0, 0x99, 0xa0, 0x99, 0xa0,
  0x99, 0xa0, 0x91, 0xa0, 0x91, 0x80, 0x91, 0x80, 0x91, 0x80, 0x89, 0xa1,
  0x89, 0xa1, 0x81, 0xa1, 0x81, 0xa0, 0x81, 0xa0, 0x81, 0x80, 0x81, 0x80,
  0x79, 0x60, 0x79, 0x40, 0x79, 0x40, 0x79, 0x60, 0x79, 0x60, 0x79, 0x60,
  0x79, 0x60, 0x79, 0x60, 0x79, 0x60, 0x81, 0x61, 0x89, 0x61, 0x89, 0x81,
  0x89, 0x81, 0x89, 0x81, 0x89, 0x81, 0x91, 0xa1, 0x91, 0xe1, 0xa2, 0x42,
  0xaa, 0x83, 0xb2, 0xa3, 0xbb, 0x04, 0xcb, 0x86, 0xdc, 0x69, 0xec, 0xeb,
  0xed, 0x4d, 0xf5, 0x8e, 0xfe, 0x94, 0xfe, 0xf5, 0xff, 0x38, 0xff, 0x78,
  0xff, 0x9a, 0xff, 0xbb, 0xff, 0xbc, 0xff, 0xde, 0xff, 0xff, 0xff, 0xff,
  0xff, 0xff, 0xff, 0xff, 0xff, 0xff, 0xff, 0xff, 0xff, 0xff, 0xff, 0xff,
  0xff, 0xff, 0xff, 0xfe, 0xff, 0xdc, 0xff, 0xdb, 0xff, 0xfb, 0xff, 0xb9,
  0xfe, 0xd5, 0xfd, 0x6e, 0xec, 0xcb, 0xfc, 0xca, 0xf4, 0x89, 0xfc, 0x68,
  0xf4, 0x27, 0xeb, 0xa5, 0xdb, 0x23, 0xd2, 0xc2, 0xc2, 0x41, 0xca, 0xe3,
  0xd3, 0x24, 0xd3, 0x25, 0xdb, 0x45, 0xdb, 0x66, 0xe3, 0x86, 0xe3, 0xc7,
  0xec, 0x08, 0xe3, 0xa7, 0xdb, 0x86, 0xdb, 0x86, 0xdb, 0x86, 0xdb, 0x85,
  0xdb, 0x85, 0xdb, 0x85, 0xdb, 0x65, 0xdb, 0x65, 0xdb, 0x25, 0xdb, 0x25,
  0xe3, 0x46, 0xeb, 0x66, 0xfb, 0xc8, 0xfc, 0x29, 0xfc, 0x6b, 0xfc, 0x4b,
  0xeb, 0x89, 0xe3, 0x48, 0xec, 0x0c, 0xfd, 0x31, 0xfe, 0x97, 0xfe, 0xb8,
  0xfe, 0x13, 0xed, 0x0f, 0xec, 0x8a, 0xe4, 0x49, 0xe4, 0x06, 0xe4, 0x06,
  0xe3, 0xe6, 0xeb, 0xe6, 0xec, 0x06, 0xec, 0x26, 0xe3, 0xe5, 0xe3, 0xe5,
  0xec, 0x26, 0xfc, 0xa8, 0xfd, 0x4a, 0xfd, 0x8b, 0xfd, 0x8b, 0xfd, 0x6a,
  0xfd, 0x2b, 0xfd, 0x4c, 0xfd, 0xef, 0xfe, 0xb2, 0xfe, 0xd3, 0xff, 0x57,
  0xff, 0x77, 0xff, 0xb9, 0xff, 0x98, 0xff, 0xfa, 0xff, 0xfa, 0xff, 0xd7,
  0xff, 0x96, 0xff, 0x94, 0xff, 0xb4, 0xff, 0x52, 0xff, 0x52, 0xfe, 0xd0,
  0xfe, 0xd0, 0xfe, 0x6d, 0xf5, 0xcb, 0xfd, 0xca, 0xfe, 0x0b, 0xfe, 0x4b,
  0xfe, 0x6b, 0xfe, 0x8a, 0xfe, 0x8a, 0xfe, 0xab, 0xfe, 0xeb, 0xff, 0x0e,
  0xff, 0x4f, 0xff, 0x73, 0xff, 0x97, 0xff, 0xda, 0xff, 0xfc, 0xff, 0xfc,
  0xff, 0xfd, 0xff, 0xfe, 0xff, 0xfe, 0xff, 0xfe, 0xff, 0xfe, 0xff, 0xdd,
  0xff, 0xfd, 0xff, 0xfc, 0xff, 0xda, 0xff, 0xba, 0xe6, 0x74, 0x00, 0x00,
  0x00, 0x00, 0xac, 0x69, 0xc5, 0x2c, 0xbd, 0x0b, 0xee, 0x70, 0xde, 0x10,
  0xff, 0x96, 0xf6, 0xf5, 0xff, 0x36, 0xff, 0xba, 0xff, 0xfc, 0xff, 0xfe,
  0xff, 0xfe, 0xff, 0xfd, 0xff, 0xfd, 0xff, 0xfd, 0xff, 0xfd, 0xff, 0xfd,
  0xff, 0xfd, 0xff, 0xfe, 0xff, 0xff, 0xff, 0xff, 0xff, 0xff, 0xff, 0xff,
  0xff, 0xff, 0xff, 0xff, 0xff, 0xfe, 0xff, 0xfe, 0xff, 0xfe, 0xff, 0xfe,
  0xff, 0xfe, 0xff, 0xfe, 0xff, 0xfe, 0xff, 0xfe, 0xff, 0xfc, 0xff, 0xdb,
  0xff, 0xd9, 0xff, 0x77, 0xfe, 0xb1, 0xed, 0xee, 0xed, 0x69, 0xed, 0x48,
  0xe4, 0xe6, 0xd4, 0x44, 0xc3, 0x82, 0xbb, 0x20, 0xb2, 0xa0, 0xb2, 0x60,
  0xaa, 0x20, 0xa1, 0xe0, 0x99, 0xa0, 0x99, 0x80, 0x99, 0x60, 0x99, 0x60,
  0x99, 0x60, 0xa1, 0x80, 0xa1, 0xa0, 0xa1, 0xa0, 0xa9, 0xc0, 0xa9, 0xe0,
  0xa9, 0xe0, 0xa9, 0xe0, 0xa9, 0xe0, 0xa9, 0xe0, 0xa9, 0xe0, 0xa9, 0xe0,
  0xa9, 0xe0, 0xa1, 0xe0, 0xa1, 0xc0, 0xa1, 0xe0, 0xa1, 0xc0, 0x99, 0xc0,
  0x99, 0xa0, 0x99, 0xa1, 0x99, 0xa0, 0x91, 0xa1, 0x91, 0x80, 0x89, 0xa1,
  0x89, 0xa1, 0x81, 0xa1, 0x81, 0xa1, 0x81, 0xa0, 0x81, 0xa0, 0x81, 0x80,
  0x81, 0x80, 0x81, 0xa0, 0x81, 0xa0, 0x81, 0xa0, 0x81, 0xa1, 0x81, 0xa1,
  0x81, 0xa1, 0x81, 0xa1, 0x81, 0xa1, 0x81, 0x81, 0x89, 0x81, 0x89, 0xa1,
  0x89, 0xa1, 0x91, 0xc1, 0x91, 0xc1, 0x91, 0xe1, 0x9a, 0x01, 0xa2, 0x62,
  0xaa, 0xa3, 0xb2, 0xe4, 0xc3, 0x45, 0xd3, 0xe7, 0xe4, 0xab, 0xfd, 0x4d,
  0xf5, 0x8f, 0xfd, 0xf0, 0xfe, 0xd5, 0xff, 0x36, 0xff, 0x58, 0xff, 0x79,
  0xff, 0x9b, 0xff, 0xbc, 0xff, 0xbd, 0xff, 0xde, 0xff, 0xff, 0xff, 0xff,
  0xff, 0xff, 0xff, 0xff, 0xff, 0xff, 0xff, 0xff, 0xff, 0xff, 0xff, 0xff,
  0xff, 0xff, 0xff, 0xff, 0xff, 0xfe, 0xff, 0xfc, 0xff, 0xfc, 0xff, 0xda,
  0xff, 0x58, 0xfe, 0x52, 0xfd, 0x6f, 0xfc, 0xcb, 0xfc, 0xcb, 0xfc, 0xeb,
  0xfd, 0x0b, 0xfc, 0x89, 0xf3, 0xe7, 0xeb, 0x45, 0xd2, 0xa2, 0xca, 0xa2,
  0xd2, 0xc2, 0xd2, 0xe4, 0xdb, 0x24, 0xdb, 0x44, 0xe3, 0x65, 0xe3, 0x85,
  0xe3, 0xa6, 0xe3, 0xa6, 0xe3, 0x86, 0xe3, 0x85, 0xdb, 0x65, 0xdb, 0x44,
  0xdb, 0x44, 0xd3, 0x24, 0xd3, 0x24, 0xd3, 0x04, 0xd2, 0xe4, 0xdb, 0x04,
  0xe3, 0x45, 0xeb, 0x87, 0xf3, 0x87, 0xf3, 0xa8, 0xeb, 0xa9, 0xeb, 0x68,
  0xeb, 0xec, 0xf4, 0x6d, 0xfd, 0x73, 0xfe, 0x56, 0xff, 0x3a, 0xff, 0x3b,
  0xfe, 0xf7, 0xfd, 0xd3, 0xf4, 0xab, 0xec, 0x6a, 0xe4, 0x07, 0xe4, 0x06,
  0xeb, 0xe6, 0xeb, 0xe6, 0xf4, 0x26, 0xf4, 0x26, 0xeb, 0xe5, 0xeb, 0xe5,
  0xec, 0x26, 0xfc, 0x88, 0xfd, 0x2a, 0xfd, 0x8b, 0xfd, 0x8b, 0xfd, 0x6b,
  0xfd, 0x4b, 0xfd, 0x4c, 0xfd, 0xef, 0xfe, 0x92, 0xfe, 0xd3, 0xff, 0x36,
  0xff, 0x57, 0xff, 0xb9, 0xff, 0x99, 0xff, 0xfa, 0xff, 0xfa, 0xff, 0xd7,
  0xff, 0x96, 0xff, 0x94, 0xff, 0xb4, 0xff, 0x31, 0xff, 0x31, 0xfe, 0xd0,
  0xfe, 0xf0, 0xfe, 0x8e, 0xfd, 0xec, 0xfd, 0xa9, 0xfd, 0xaa, 0xfe, 0x2b,
  0xfe, 0x4b, 0xfe, 0x6b, 0xfe, 0x8a, 0xfe, 0xab, 0xfe, 0xcb, 0xff, 0x0e,
  0xff, 0x4f, 0xff, 0x53, 0xff, 0x96, 0xff, 0xd9, 0xff, 0xdc, 0xff, 0xfc,
  0xff, 0xfd, 0xff, 0xfe, 0xff, 0xfe, 0xff, 0xfe, 0xff, 0xfe, 0xff, 0xfd,
  0xff, 0xfd, 0xff, 0xfc, 0xff, 0xfa, 0xff, 0xdb, 0xe6, 0x95, 0x00, 0x00,
  0x00, 0x00, 0x9b, 0xe7, 0xac, 0x8a, 0xd5, 0xae, 0xf6, 0xd2, 0xde, 0x10,
  0xff, 0xf8, 0xf7, 0x16, 0xff, 0x56, 0xff, 0xba, 0xff, 0xfc, 0xff, 0xfe,
  0xff, 0xfe, 0xff, 0xfd, 0xff, 0xfd, 0xff, 0xfd, 0xff, 0xfd, 0xff, 0xfd,
  0xff, 0xfd, 0xff, 0xfe, 0xff, 0xff, 0xff, 0xff, 0xff, 0xff, 0xff, 0xff,
  0xff, 0xff, 0xff, 0xff, 0xff, 0xfe, 0xff, 0xfe, 0xff, 0xfe, 0xff, 0xfe,
  0xff, 0xfe, 0xff, 0xfe, 0xff, 0xfe, 0xff, 0xfe, 0xff, 0xfc, 0xff, 0xdb,
  0xff, 0xd9, 0xff, 0x77, 0xfe, 0x90, 0xed, 0xcd, 0xed, 0x69, 0xed, 0x68,
  0xec, 0xe6, 0xd4, 0x23, 0xc3, 0x82, 0xbb, 0x20, 0xba, 0xc0, 0xb2, 0x80,
  0xaa, 0x20, 0xa1, 0xe0, 0x99, 0x80, 0x99, 0x60, 0x99, 0x60, 0x99, 0x80,
  0x99, 0x80, 0xa1, 0x80, 0xa1, 0xa0, 0xa9, 0xc0, 0xa9, 0xc0, 0xb1, 0xe0,
  0xb1, 0xe0, 0xa9, 0xe0, 0xb1, 0xe0, 0xb1, 0xe0, 0xb1, 0xe0, 0xa9, 0xe0,
  0xa9, 0xe0, 0xa1, 0xe0, 0xa1, 0xc0, 0xa1, 0xe0, 0xa1, 0xe0, 0xa1, 0xc0,
  0x99, 0xc0, 0x99, 0xc1, 0x99, 0xa0, 0x99, 0xa1, 0x99, 0xa1, 0x89, 0xa1,
  0x89, 0xa1, 0x89, 0xa1, 0x89, 0xa1, 0x89, 0xa1, 0x81, 0xa0, 0x81, 0xa0,
  0x89, 0xa1, 0x89, 0xa1, 0x89, 0xa1, 0x81, 0xa1, 0x81, 0xa1, 0x81, 0xa1,
  0x81, 0x81, 0x81, 0xa1, 0x81, 0xa1, 0x81, 0xa1, 0x89, 0x81, 0x89, 0xa1,
  0x89, 0xa1, 0x91, 0xc2, 0x91, 0xe1, 0x92, 0x01, 0x9a, 0x21, 0xa2, 0x63,
  0xaa, 0xa3, 0xb2, 0xe4, 0xc3, 0x66, 0xdc, 0x29, 0xf5, 0x0c, 0xfd, 0x8e,
  0xfd, 0xf0, 0xfe, 0x31, 0xfe, 0xf5, 0xff, 0x56, 0xff, 0x79, 0xff, 0x79,
  0xff, 0x9b, 0xff, 0xbc, 0xff, 0xbd, 0xff, 0xfe, 0xff, 0xff, 0xff, 0xff,
  0xff, 0xff, 0xff, 0xff, 0xff, 0xff, 0xff, 0xff, 0xff, 0xff, 0xff, 0xff,
  0xff, 0xff, 0xff, 0xff, 0xff, 0xfe, 0xff, 0xfd, 0xff, 0xdc, 0xff, 0xdb,
  0xff, 0xba, 0xfe, 0xd5, 0xfd, 0xd1, 0xf4, 0xec, 0xf4, 0xcb, 0xfc, 0xeb,
  0xfd, 0x2c, 0xfd, 0x2c, 0xfc, 0xeb, 0xfc, 0xcb, 0xfc, 0x8a, 0xeb, 0x44,
  0xf3, 0x44, 0xf3, 0x65, 0xf3, 0x65, 0xeb, 0x44, 0xeb, 0x44, 0xe3, 0x24,
  0xeb, 0x45, 0xf3, 0xa6, 0xeb, 0x86, 0xe3, 0x65, 0xdb, 0x44, 0xdb, 0x24,
  0xdb, 0x03, 0xd2, 0xe3, 0xd3, 0x03, 0xdb, 0x24, 0xe3, 0x24, 0xeb, 0x65,
  0xf3, 0x86, 0xf3, 0xa7, 0xf3, 0x87, 0xeb, 0x67, 0xe3, 0x27, 0xeb, 0xaa,
  0xfc, 0xf1, 0xfd, 0xf4, 0xfe, 0xda, 0xff, 0x1a, 0xff, 0x7c, 0xff, 0x9d,
  0xff, 0xdb, 0xff, 0x18, 0xfc, 0xec, 0xec, 0x8a, 0xec, 0x27, 0xe3, 0xe6,
  0xeb, 0xe6, 0xf4, 0x06, 0xf4, 0x26, 0xfc, 0x47, 0xec, 0x06, 0xeb, 0xe6,
  0xec, 0x26, 0xf4, 0x67, 0xfd, 0x09, 0xfd, 0x4a, 0xfd, 0x8b, 0xfd, 0x6b,
  0xfd, 0x4b, 0xfd, 0x6c, 0xfd, 0xef, 0xfe, 0x72, 0xfe, 0xb3, 0xff, 0x15,
  0xff, 0x56, 0xff, 0x99, 0xff, 0xb9, 0xff, 0xfa, 0xff, 0xfa, 0xff, 0xd7,
  0xff, 0x96, 0xff, 0x94, 0xff, 0xb4, 0xff, 0x11, 0xff, 0x31, 0xfe, 0xb0,
  0xff, 0x11, 0xfe, 0xae, 0xf5, 0xcb, 0xf5, 0x48, 0xfd, 0xa9, 0xfe, 0x2b,
  0xfe, 0x4c, 0xfe, 0x6b, 0xfe, 0x8a, 0xfe, 0xab, 0xfe, 0xcb, 0xff, 0x0e,
  0xff, 0x2f, 0xff, 0x53, 0xff, 0x96, 0xff, 0xb9, 0xff, 0xdc, 0xff, 0xdc,
  0xff, 0xfd, 0xff, 0xfd, 0xff, 0xfe, 0xff, 0xfe, 0xff, 0xfe, 0xff, 0xfd,
  0xff, 0xfc, 0xff, 0x9a, 0xff, 0xda, 0xff, 0xfb, 0xe6, 0x94, 0x00, 0x00,
  0x00, 0x00, 0x9c, 0x08, 0xbc, 0xeb, 0xee, 0x71, 0xf6, 0xd2, 0xde, 0x10,
  0xf7, 0x55, 0xff, 0x77, 0xff, 0xb8, 0xff, 0xdb, 0xff, 0xfc, 0xff, 0xfe,
  0xff, 0xfe, 0xff, 0xfd, 0xff, 0xfd, 0xff, 0xfd, 0xff, 0xfd, 0xff, 0xfd,
  0xff, 0xfd, 0xff, 0xfe, 0xff, 0xff, 0xff, 0xff, 0xff, 0xff, 0xff, 0xff,
  0xff, 0xff, 0xff, 0xff, 0xff, 0xfe, 0xff, 0xfe, 0xff, 0xfe, 0xff, 0xfe,
  0xff, 0xfe, 0xff, 0xfe, 0xff, 0xfe, 0xff, 0xfe, 0xff, 0xfc, 0xff, 0xfc,
  0xff, 0xd9, 0xff, 0x98, 0xfe, 0xf1, 0xf6, 0x2e, 0xf5, 0x89, 0xed, 0x48,
  0xe4, 0xc5, 0xd4, 0x43, 0xcb, 0xc2, 0xc3, 0x40, 0xba, 0xc0, 0xb2, 0x80,
  0xb2, 0x60, 0xaa, 0x20, 0x99, 0xa0, 0x91, 0x40, 0x91, 0x40, 0x99, 0x80,
  0xa1, 0xa0, 0xa9, 0xc0, 0xa9, 0xc0, 0xa9, 0xe0, 0xb1, 0xe0, 0xb1, 0xe0,
  0xb1, 0xe0, 0xb2, 0x00, 0xb2, 0x00, 0xb2, 0x00, 0xb2, 0x00, 0xb2, 0x00,
  0xb2, 0x00, 0xaa, 0x00, 0xa9, 0xe0, 0xa1, 0xe0, 0xa1, 0xe0, 0xa1, 0xe1,
  0xa1, 0xc0, 0x99, 0xc1, 0x99, 0xa0, 0x99, 0xc1, 0x99, 0xa1, 0x91, 0xc1,
  0x89, 0xc1, 0x89, 0xc1, 0x89, 0xc1, 0x89, 0xa1, 0x89, 0xa1, 0x89, 0xa1,
  0x89, 0xa1, 0x89, 0xa1, 0x89, 0xa1, 0x89, 0xa1, 0x89, 0xa1, 0x81, 0xa1,
  0x81, 0xa1, 0x81, 0xa1, 0x81, 0xa1, 0x81, 0x81, 0x81, 0x81, 0x89, 0x81,
  0x89, 0xa1, 0x89, 0xa1, 0x91, 0xc1, 0x9a, 0x01, 0x9a, 0x21, 0xaa, 0x83,
  0xb2, 0xe4, 0xc3, 0x45, 0xcb, 0xa7, 0xe4, 0x49, 0xec, 0xec, 0xfd, 0x6e,
  0xfe, 0x11, 0xfe, 0x72, 0xff, 0x15, 0xff, 0x56, 0xff, 0x79, 0xff, 0x79,
  0xff, 0x9b, 0xff, 0xbc, 0xff, 0xbd, 0xff, 0xfe, 0xff, 0xff, 0xff, 0xff,
  0xff, 0xff, 0xff, 0xff, 0xff, 0xff, 0xff, 0xff, 0xff, 0xff, 0xff, 0xff,
  0xff, 0xff, 0xff, 0xff, 0xff, 0xff, 0xff, 0xfd, 0xff, 0xdd, 0xff, 0xfb,
  0xff, 0xdb, 0xff, 0x57, 0xfe, 0x33, 0xf4, 0xec, 0xe4, 0x6a, 0xf4, 0x49,
  0xfc, 0xaa, 0xfc, 0xeb, 0xfd, 0x0b, 0xfd, 0x0d, 0xfd, 0x0d, 0xfc, 0x8a,
  0xfc, 0xaa, 0xfc, 0xcb, 0xfc, 0xcb, 0xfc, 0xca, 0xfc, 0x89, 0xfc, 0x69,
  0xfc, 0xaa, 0xfc, 0x69, 0xfc, 0x48, 0xf4, 0x27, 0xf3, 0xe7, 0xf3, 0xe6,
  0xeb, 0xc6, 0xeb, 0xa6, 0xf3, 0xa5, 0xeb, 0xa6, 0xeb, 0x86, 0xeb, 0x66,
  0xf3, 0x86, 0xf3, 0xa7, 0xf3, 0xa8, 0xeb, 0xc9, 0xec, 0x0b, 0xfc, 0xcf,
  0xfd, 0xf5, 0xfe, 0xb8, 0xff, 0x5b, 0xff, 0x7c, 0xff, 0x9d, 0xff, 0xbd,
  0xff, 0xba, 0xfe, 0xf8, 0xfd, 0x4e, 0xfc, 0xcc, 0xf4, 0x69, 0xec, 0x28,
  0xec, 0x06, 0xeb, 0xe6, 0xf4, 0x06, 0xfc, 0x27, 0xf4, 0x47, 0xf4, 0x47,
  0xf4, 0x67, 0xf4, 0x67, 0xfc, 0xa8, 0xfd, 0x09, 0xfd, 0x6b, 0xfd, 0x8b,
  0xfd, 0x8c, 0xfd, 0xad, 0xfe, 0x0f, 0xfe, 0x92, 0xfe, 0xb3, 0xfe, 0xf5,
  0xff, 0x56, 0xff, 0x98, 0xff, 0xb9, 0xff, 0xfa, 0xff, 0xf9, 0xff, 0xb7,
  0xff, 0x96, 0xff, 0x93, 0xff, 0xd4, 0xff, 0x31, 0xff, 0x10, 0xfe, 0xaf,
  0xff, 0x11, 0xfe, 0xcf, 0xed, 0xab, 0xed, 0x28, 0xfd, 0xaa, 0xfe, 0x4c,
  0xfe, 0x6c, 0xfe, 0x6b, 0xfe, 0x8b, 0xfe, 0xab, 0xfe, 0xeb, 0xff, 0x0e,
  0xff, 0x4f, 0xff, 0x53, 0xff, 0x95, 0xff, 0xb8, 0xff, 0xdc, 0xff, 0xdc,
  0xff, 0xfd, 0xff, 0xfd, 0xff, 0xfe, 0xff, 0xfe, 0xff, 0xfe, 0xff, 0xfd,
  0xff, 0xfd, 0xff, 0xbb, 0xff, 0xda, 0xff, 0xfb, 0xe6, 0xd5, 0x00, 0x00,
  0x00, 0x00, 0x00, 0x00, 0xd5, 0xae, 0xee, 0x92, 0xee, 0x71, 0xd5, 0xf0,
  0xee, 0x72, 0xff, 0x98, 0xff, 0xd9, 0xff, 0xfc, 0xff, 0xfc, 0xff, 0xfe,
  0xff, 0xfe, 0xff, 0xfe, 0xff, 0xfd, 0xff, 0xfd, 0xff, 0xfd, 0xff, 0xfe,
  0xff, 0xfe, 0xff, 0xfe, 0xff, 0xff, 0xff, 0xff, 0xff, 0xff, 0xff, 0xff,
  0xff, 0xff, 0xff, 0xff, 0xff, 0xfe, 0xff, 0xfe, 0xff, 0xfe, 0xff, 0xfe,
  0xff, 0xfe, 0xff, 0xfe, 0xff, 0xfe, 0xff, 0xfe, 0xff, 0xfc, 0xff, 0xfd,
  0xff, 0xf9, 0xff, 0xb8, 0xff, 0x53, 0xfe, 0x70, 0xfd, 0xca, 0xed, 0x48,
  0xe4, 0xa5, 0xdc, 0x84, 0xd3, 0xe3, 0xc3, 0x40, 0xba, 0xa0, 0xb2, 0x80,
  0xba, 0x80, 0xb2, 0x40, 0xa1, 0xc0, 0x91, 0x20, 0x91, 0x40, 0xa1, 0x80,
  0xa1, 0xa0, 0xa9, 0xc0, 0xb1, 0xe0, 0xb1, 0xe0, 0xb2, 0x00, 0xb2, 0x00,
  0xb2, 0x00, 0xba, 0x20, 0xba, 0x20, 0xba, 0x20, 0xba, 0x20, 0xb2, 0x21,
  0xb2, 0x21, 0xb2, 0x21, 0xb2, 0x01, 0xaa, 0x01, 0xaa, 0x00, 0xa1, 0xe1,
  0xa1, 0xc0, 0x99, 0xc1, 0x99, 0xc0, 0x99, 0xc1, 0x99, 0xc1, 0x91, 0xc1,
  0x91, 0xc2, 0x89, 0xc1, 0x89, 0xc1, 0x89, 0xc1, 0x89, 0xc1, 0x89, 0xa1,
  0x81, 0xa1, 0x81, 0xa1, 0x81, 0xa1, 0x81, 0xa1, 0x81, 0xa1, 0x81, 0xa1,
  0x81, 0x81, 0x81, 0x81, 0x81, 0xa1, 0x81, 0x81, 0x81, 0x81, 0x81, 0x81,
  0x89, 0xa0, 0x89, 0xc1, 0x91, 0xe1, 0x9a, 0x01, 0x9a, 0x41, 0xaa, 0xa3,
  0xbb, 0x24, 0xcb, 0x86, 0xdc, 0x08, 0xe4, 0x6a, 0xec, 0xec, 0xfd, 0x6e,
  0xfe, 0x31, 0xfe, 0x93, 0xff, 0x15, 0xff, 0x36, 0xff, 0x78, 0xff, 0x99,
  0xff, 0xbb, 0xff, 0xbb, 0xff, 0xbd, 0xff, 0xfe, 0xff, 0xff, 0xff, 0xff,
  0xff, 0xff, 0xff, 0xff, 0xff, 0xff, 0xff, 0xff, 0xff, 0xff, 0xff, 0xff,
  0xff, 0xff, 0xff, 0xff, 0xff, 0xff, 0xff, 0xfe, 0xff, 0xfe, 0xff, 0xfc,
  0xff, 0xfc, 0xff, 0xb9, 0xff, 0x16, 0xfd, 0xcf, 0xec, 0xcc, 0xf4, 0x49,
  0xf4, 0x6a, 0xfc, 0x69, 0xfc, 0x49, 0xfc, 0x09, 0xfc, 0x09, 0xfc, 0xaa,
  0xfc, 0xcb, 0xfd, 0x0b, 0xfd, 0x0b, 0xfd, 0x0b, 0xfc, 0xeb, 0xfc, 0xea,
  0xfd, 0x0b, 0xfd, 0x2b, 0xfd, 0x2b, 0xfd, 0x0b, 0xfc, 0xea, 0xfc, 0xca,
  0xfc, 0xa9, 0xfc, 0x89, 0xfc, 0x88, 0xfc, 0x07, 0xeb, 0x65, 0xeb, 0x65,
  0xf3, 0x66, 0xeb, 0x87, 0xeb, 0xa8, 0xf4, 0x0a, 0xf4, 0xcf, 0xfd, 0xd3,
  0xfe, 0xf9, 0xff, 0x7b, 0xff, 0xbd, 0xff, 0xdd, 0xff, 0xfe, 0xff, 0xdd,
  0xff, 0x59, 0xfe, 0x75, 0xfd, 0xd0, 0xfd, 0x0d, 0xfc, 0xaa, 0xfc, 0x69,
  0xf4, 0x27, 0xf4, 0x06, 0xf3, 0xe5, 0xf4, 0x06, 0xfc, 0x47, 0xfc, 0x88,
  0xfc, 0x88, 0xfc, 0x88, 0xf4, 0xa8, 0xfd, 0x09, 0xfd, 0x8b, 0xfd, 0xcc,
  0xfd, 0xac, 0xfd, 0xad, 0xfe, 0x0f, 0xfe, 0x92, 0xfe, 0xb3, 0xff, 0x15,
  0xff, 0x57, 0xff, 0x98, 0xff, 0xb9, 0xff, 0xf9, 0xff, 0xf9, 0xff, 0xb6,
  0xff, 0x75, 0xff, 0x73, 0xff, 0xd4, 0xff, 0x51, 0xfe, 0xf0, 0xf6, 0x2d,
  0xfe, 0x6e, 0xfe, 0xaf, 0xf5, 0xcb, 0xf5, 0x69, 0xfd, 0xec, 0xfe, 0x4c,
  0xfe, 0x6c, 0xfe, 0x6b, 0xfe, 0x8b, 0xfe, 0xab, 0xfe, 0xec, 0xff, 0x0e,
  0xff, 0x2f, 0xff, 0x52, 0xff, 0x74, 0xff, 0xb8, 0xff, 0xdb, 0xff, 0xdb,
  0xff, 0xdc, 0xff, 0xfd, 0xff, 0xfe, 0xff, 0xfe, 0xff, 0xfe, 0xff, 0xfd,
  0xff, 0xfd, 0xff, 0xfd, 0xff, 0xd9, 0xff, 0xfa, 0x00, 0x00, 0x00, 0x00,
  0x00, 0x00, 0x00, 0x00, 0xdd, 0xd0, 0xee, 0x72, 0xee, 0x92, 0xd5, 0xd0,
  0xee, 0x93, 0xff, 0x98, 0xff, 0xd9, 0xff, 0xfc, 0xff, 0xfc, 0xff, 0xfe,
  0xff, 0xfe, 0xff, 0xfe, 0xff, 0xfd, 0xff, 0xfd, 0xff, 0xfd, 0xff, 0xfe,
  0xff, 0xfe, 0xff, 0xfe, 0xff, 0xff, 0xff, 0xff, 0xff, 0xff, 0xff, 0xff,
  0xff, 0xff, 0xff, 0xff, 0xff, 0xfe, 0xff, 0xfe, 0xff, 0xfe, 0xff, 0xfe,
  0xff, 0xfe, 0xff, 0xfe, 0xff, 0xfe, 0xff, 0xfe, 0xff, 0xfc, 0xff, 0xfd,
  0xff, 0xf9, 0xff, 0xb8, 0xff, 0x32, 0xfe, 0x6f, 0xfd, 0xca, 0xed, 0x68,
  0xe4, 0xc5, 0xdc, 0x84, 0xd3, 0xe2, 0xc3, 0x40, 0xba, 0xc0, 0xba, 0x80,
  0xba, 0x80, 0xb2, 0x40, 0xa1, 0xc0, 0x91, 0x40, 0x99, 0x40, 0xa1, 0x80,
  0xa9, 0xc0, 0xa9, 0xe0, 0xb2, 0x00, 0xb2, 0x00, 0xb2, 0x00, 0xb2, 0x00,
  0xba, 0x20, 0xba, 0x20, 0xba, 0x20, 0xba, 0x20, 0xba, 0x20, 0xb2, 0x41,
  0xb2, 0x21, 0xb2, 0x21, 0xb2, 0x21, 0xaa, 0x21, 0xaa, 0x01, 0xa2, 0x01,
  0xa1, 0xe1, 0xa1, 0xe1, 0x99, 0xc0, 0x99, 0xc1, 0x99, 0xc1, 0x91, 0xc1,
  0x91, 0xc1, 0x89, 0xc1, 0x89, 0xc1, 0x89, 0xc1, 0x89, 0xc1, 0x89, 0xc1,
  0x89, 0xa1, 0x81, 0xa1, 0x81, 0xa1, 0x81, 0xa1, 0x81, 0xa1, 0x81, 0xa1,
  0x81, 0x81, 0x81, 0x81, 0x81, 0xa1, 0x81, 0x81, 0x89, 0x81, 0x89, 0xa1,
  0x91, 0xc1, 0x91, 0xe2, 0x9a, 0x02, 0xa2, 0x22, 0xa2, 0x62, 0xb2, 0xc4,
  0xc3, 0x45, 0xd3, 0xc7, 0xe4, 0x49, 0xec, 0xcb, 0xf5, 0x4d, 0xfd, 0xd0,
  0xfe, 0x93, 0xfe, 0xb3, 0xff, 0x15, 0xff, 0x36, 0xff, 0x78, 0xff, 0x99,
  0xff, 0xbb, 0xff, 0xbb, 0xff, 0xbd, 0xff, 0xde, 0xff, 0xff, 0xff, 0xff,
  0xff, 0xff, 0xff, 0xff, 0xff, 0xff, 0xff, 0xff, 0xff, 0xff, 0xff, 0xff,
  0xff, 0xff, 0xff, 0xff, 0xff, 0xff, 0xff, 0xff, 0xff, 0xfe, 0xff, 0xfd,
  0xff, 0xfd, 0xff, 0xdb, 0xff, 0x99, 0xfe, 0x93, 0xfd, 0x4e, 0xfc, 0x69,
  0xf4, 0x49, 0xfc, 0x29, 0xfc, 0x08, 0xfb, 0xc8, 0xfb, 0xc8, 0xfc, 0x08,
  0xfc, 0x08, 0xfc, 0x28, 0xfc, 0x08, 0xfc, 0x08, 0xfc, 0x07, 0xfc, 0x07,
  0xfc, 0x27, 0xfc, 0xca, 0xfd, 0x0b, 0xfc, 0xea, 0xfc, 0xca, 0xfc, 0xca,
  0xfc, 0xca, 0xfc, 0xa9, 0xfc, 0xa9, 0xfc, 0x07, 0xeb, 0x66, 0xeb, 0x86,
  0xeb, 0xa7, 0xf3, 0xc8, 0xf4, 0x2b, 0xfc, 0xce, 0xfd, 0xd3, 0xfe, 0xb7,
  0xff, 0x5b, 0xff, 0xbc, 0xff, 0xfe, 0xff, 0xdd, 0xff, 0xdd, 0xff, 0xdd,
  0xff, 0x79, 0xfe, 0xb6, 0xfd, 0xf1, 0xfd, 0x0d, 0xfc, 0x8a, 0xfc, 0x69,
  0xfc, 0x48, 0xfc, 0x27, 0xf3, 0xe6, 0xfc, 0x26, 0xfc, 0x47, 0xfc, 0x47,
  0xfc, 0x67, 0xf4, 0x67, 0xfc, 0xc8, 0xfd, 0x29, 0xfd, 0xac, 0xfd, 0xcc,
  0xfd, 0xac, 0xfd, 0xee, 0xfe, 0x2f, 0xfe, 0x92, 0xfe, 0xb3, 0xfe, 0xf5,
  0xff, 0x56, 0xff, 0x99, 0xff, 0xb9, 0xff, 0xd9, 0xff, 0xd9, 0xff, 0xb6,
  0xff, 0x55, 0xff, 0x72, 0xff, 0x93, 0xff, 0x51, 0xff, 0x31, 0xf6, 0x2d,
  0xf5, 0xec, 0xfe, 0x6d, 0xfd, 0xeb, 0xfd, 0x8a, 0xfe, 0x2d, 0xfe, 0x4c,
  0xfe, 0x4c, 0xfe, 0x8b, 0xfe, 0x8b, 0xfe, 0xab, 0xfe, 0xcb, 0xff, 0x0e,
  0xff, 0x2e, 0xff, 0x32, 0xff, 0x74, 0xff, 0xb8, 0xff, 0xbb, 0xff, 0xdb,
  0xff, 0xdc, 0xff, 0xfd, 0xff, 0xfd, 0xff, 0xfd, 0xff, 0xfe, 0xff, 0xfd,
  0xff, 0xfd, 0xff, 0xfd, 0xff, 0xd9, 0xff, 0xb9, 0x00, 0x00, 0x00, 0x00,
  0x00, 0x00, 0x00, 0x00, 0xe6, 0x31, 0xee, 0x72, 0xee, 0x92, 0xd5, 0xaf,
  0xee, 0x72, 0xff, 0x98, 0xff, 0xf9, 0xff, 0xfc, 0xff, 0xfc, 0xff, 0xfe,
  0xff, 0xfe, 0xff, 0xfe, 0xff, 0xfd, 0xff, 0xfd, 0xff, 0xfd, 0xff, 0xfe,
  0xff, 0xfe, 0xff, 0xfe, 0xff, 0xff, 0xff, 0xff, 0xff, 0xff, 0xff, 0xff,
  0xff, 0xff, 0xff, 0xff, 0xff, 0xfe, 0xff, 0xfe, 0xff, 0xfe, 0xff, 0xfe,
  0xff, 0xfe, 0xff, 0xfe, 0xff, 0xfe, 0xff, 0xfe, 0xff, 0xfc, 0xff, 0xfd,
  0xff, 0xf9, 0xff, 0xb8, 0xff, 0x32, 0xfe, 0x6f, 0xfd, 0xea, 0xf5, 0x89,
  0xec, 0xc5, 0xe4, 0x84, 0xd3, 0xe2, 0xc3, 0x40, 0xba, 0xc0, 0xba, 0xa0,
  0xba, 0x80, 0xb2, 0x60, 0xa9, 0xe0, 0x91, 0x40, 0x99, 0x40, 0xa1, 0xa0,
  0xa9, 0xa0, 0xa9, 0xc0, 0xb2, 0x00, 0xb2, 0x00, 0xba, 0x00, 0xba, 0x20,
  0xba, 0x20, 0xba, 0x20, 0xba, 0x20, 0xba, 0x41, 0xba, 0x41, 0xba, 0x41,
  0xba, 0x41, 0xb2, 0x41, 0xb2, 0x21, 0xaa, 0x21, 0xaa, 0x01, 0xa2, 0x01,
  0xa1, 0xe1, 0xa1, 0xe1, 0xa1, 0xc0, 0x99, 0xc1, 0x99, 0xc1, 0x91, 0xc1,
  0x91, 0xc1, 0x89, 0xc1, 0x89, 0xc1, 0x89, 0xc1, 0x89, 0xc1, 0x89, 0xc1,
  0x89, 0xa1, 0x89, 0xa1, 0x81, 0xa1, 0x81, 0xa0, 0x81, 0xa0, 0x81, 0xa1,
  0x81, 0xa1, 0x81, 0xa1, 0x81, 0xa1, 0x81, 0x80, 0x89, 0x81, 0x89, 0xa1,
  0x91, 0xe1, 0x9a, 0x02, 0xa2, 0x42, 0xa2, 0x62, 0xaa, 0xa3, 0xb2, 0xe4,
  0xcb, 0x86, 0xdc, 0x08, 0xe4, 0xaa, 0xf5, 0x0c, 0xfd, 0x8e, 0xfe, 0x10,
  0xfe, 0xb3, 0xfe, 0xd4, 0xff, 0x15, 0xff, 0x36, 0xff, 0x78, 0xff, 0x99,
  0xff, 0x9b, 0xff, 0xbb, 0xff, 0xbc, 0xff, 0xdd, 0xff, 0xfe, 0xff, 0xff,
  0xff, 0xff, 0xff, 0xff, 0xff, 0xff, 0xff, 0xff, 0xff, 0xff, 0xff, 0xff,
  0xff, 0xff, 0xff, 0xff, 0xff, 0xff, 0xff, 0xff, 0xff, 0xff, 0xff, 0xfe,
  0xff, 0xfe, 0xff, 0xdc, 0xff, 0xbb, 0xfe, 0xb4, 0xfd, 0x6f, 0xfc, 0x49,
  0xf4, 0x08, 0xfb, 0xc8, 0xfb, 0xe8, 0xfb, 0xe9, 0xfb, 0xe8, 0xfc, 0x29,
  0xfc, 0x28, 0xfc, 0x28, 0xfc, 0x08, 0xfc, 0x07, 0xfc, 0x07, 0xf3, 0xe7,
  0xfc, 0x07, 0xfc, 0x27, 0xf4, 0x07, 0xf4, 0x07, 0xf4, 0x07, 0xf4, 0x27,
  0xfc, 0x27, 0xfc, 0x27, 0xfc, 0x07, 0xf3, 0xc6, 0xeb, 0x86, 0xeb, 0x87,
  0xf3, 0xc8, 0xfc, 0x6b, 0xfd, 0x30, 0xfd, 0xf3, 0xfe, 0xd8, 0xff, 0x5a,
  0xff, 0xbc, 0xff, 0xfd, 0xff, 0xfe, 0xff, 0xfd, 0xff, 0xdd, 0xff, 0xdd,
  0xff, 0x79, 0xfe, 0xb6, 0xfe, 0x73, 0xfd, 0x4e, 0xfc, 0xcb, 0xfc, 0x8a,
  0xfc, 0x68, 0xfc, 0x47, 0xf3, 0xe6, 0xfc, 0x47, 0xf4, 0x27, 0xf4, 0x06,
  0xfc, 0x67, 0xfc, 0x88, 0xfc, 0xe9, 0xfd, 0x09, 0xfd, 0x8b, 0xfd, 0xcc,
  0xfd, 0xac, 0xfe, 0x0e, 0xfe, 0x70, 0xfe, 0xb2, 0xfe, 0x92, 0xfe, 0x93,
  0xff, 0x15, 0xff, 0x98, 0xff, 0x98, 0xff, 0xd9, 0xff, 0xb8, 0xff, 0x96,
  0xff, 0x34, 0xff, 0x31, 0xff, 0x52, 0xff, 0x31, 0xff, 0x30, 0xfe, 0x8e,
  0xed, 0xeb, 0xfe, 0x4d, 0xfe, 0x0c, 0xf5, 0x6a, 0xfd, 0xec, 0xfe, 0x4d,
  0xfe, 0x6d, 0xfe, 0x8b, 0xfe, 0x8b, 0xfe, 0xab, 0xfe, 0xeb, 0xff, 0x0d,
  0xff, 0x2e, 0xff, 0x31, 0xff, 0x74, 0xff, 0xb8, 0xff, 0xba, 0xff, 0xbb,
  0xff, 0xdc, 0xff, 0xfc, 0xff, 0xfd, 0xff, 0xfd, 0xff, 0xfe, 0xff, 0xfd,
  0xff, 0xfd, 0xff, 0xfd, 0xff, 0xf9, 0xf7, 0x98, 0x00, 0x00, 0x00, 0x00,
  0x00, 0x00, 0x00, 0x00, 0xee, 0x93, 0xee, 0x93, 0xee, 0x93, 0xcd, 0xb0,
  0xe6, 0x52, 0xff, 0xb8, 0xff, 0xfa, 0xff, 0xfc, 0xff, 0xfc, 0xff, 0xfe,
  0xff, 0xfe, 0xff, 0xfe, 0xff, 0xfd, 0xff, 0xfd, 0xff, 0xfd, 0xff, 0xfe,
  0xff, 0xfe, 0xff, 0xfe, 0xff, 0xff, 0xff, 0xff, 0xff, 0xff, 0xff, 0xff,
  0xff, 0xff, 0xff, 0xff, 0xff, 0xfe, 0xff, 0xfe, 0xff, 0xfe, 0xff, 0xfe,
  0xff, 0xff, 0xff, 0xff, 0xff, 0xfe, 0xff, 0xfe, 0xff, 0xfd, 0xff, 0xfd,
  0xff, 0xf9, 0xff, 0xb8, 0xff, 0x32, 0xfe, 0x90, 0xfe, 0x0b, 0xf5, 0x89,
  0xe4, 0xc5, 0xe4, 0xa4, 0xdc, 0x02, 0xc3, 0x60, 0xba, 0xc0, 0xba, 0xa0,
  0xba, 0xa0, 0xba, 0x80, 0xaa, 0x00, 0x99, 0x60, 0x99, 0x60, 0xa1, 0x80,
  0xa1, 0xa0, 0xa9, 0xc0, 0xb1, 0xe0, 0xb2, 0x00, 0xba, 0x20, 0xba, 0x20,
  0xba, 0x20, 0xba, 0x20, 0xba, 0x40, 0xba, 0x41, 0xba, 0x41, 0xba, 0x41,
  0xba, 0x41, 0xb2, 0x41, 0xb2, 0x21, 0xaa, 0x21, 0xaa, 0x01, 0xa2, 0x01,
  0xa1, 0xe1, 0xa1, 0xe1, 0xa1, 0xc0, 0x99, 0xc1, 0x99, 0xc1, 0x91, 0xe1,
  0x91, 0xe1, 0x91, 0xe2, 0x89, 0xe2, 0x89, 0xc1, 0x89, 0xc1, 0x89, 0xc1,
  0x89, 0xc1, 0x89, 0xa1, 0x81, 0xa1, 0x81, 0xa1, 0x81, 0xa0, 0x81, 0xa1,
  0x81, 0xa1, 0x81, 0xa1, 0x81, 0xa1, 0x81, 0x60, 0x81, 0x60, 0x89, 0x80,
  0x91, 0xc1, 0x9a, 0x02, 0xa2, 0x42, 0xaa, 0x83, 0xb2, 0xa3, 0xbb, 0x05,
  0xcb, 0xa6, 0xe4, 0x49, 0xec, 0xcb, 0xfd, 0x2c, 0xfd, 0xaf, 0xfe, 0x11,
  0xfe, 0xb3, 0xfe, 0xd3, 0xff, 0x15, 0xff, 0x56, 0xff, 0x78, 0xff, 0x99,
  0xff, 0xbb, 0xff, 0xbb, 0xff, 0xdd, 0xff, 0xfe, 0xff, 0xfe, 0xff, 0xff,
  0xff, 0xff, 0xff, 0xff, 0xff, 0xff, 0xff, 0xff, 0xff, 0xff, 0xff, 0xff,
  0xff, 0xff, 0xff, 0xff, 0xff, 0xff, 0xff, 0xff, 0xff, 0xff, 0xff, 0xff,
  0xff, 0xde, 0xff, 0xdc, 0xff, 0xbb, 0xfe, 0xd5, 0xfd, 0x90, 0xf4, 0x29,
  0xeb, 0xe8, 0xfb, 0xc7, 0xfb, 0xc7, 0xfb, 0xe9, 0xfb, 0xe8, 0xfc, 0x08,
  0xfc, 0x08, 0xfc, 0x08, 0xfc, 0x08, 0xfb, 0xe7, 0xfb, 0xe7, 0xf3, 0xe7,
  0xf3, 0xe7, 0xe3, 0x85, 0xdb, 0x65, 0xdb, 0x85, 0xdb, 0x85, 0xe3, 0x85,
  0xe3, 0xa5, 0xeb, 0xa5, 0xeb, 0x85, 0xe3, 0x86, 0xeb, 0x87, 0xeb, 0xc8,
  0xf4, 0x6c, 0xfd, 0x70, 0xfe, 0x96, 0xff, 0x18, 0xff, 0x9b, 0xff, 0xbc,
  0xff, 0xdd, 0xff, 0xfd, 0xff, 0xfe, 0xff, 0xfd, 0xff, 0xfd, 0xff, 0xdc,
  0xff, 0x59, 0xfe, 0xd7, 0xfe, 0xf5, 0xfd, 0xd0, 0xfc, 0xec, 0xfc, 0xaa,
  0xfc, 0x89, 0xfc, 0x88, 0xfc, 0x27, 0xfc, 0x68, 0xf4, 0x06, 0xeb, 0xc5,
  0xf4, 0x47, 0xfc, 0xa9, 0xfd, 0x0a, 0xfd, 0x09, 0xfd, 0x6b, 0xfd, 0xac,
  0xfd, 0xcc, 0xfe, 0x0e, 0xfe, 0x90, 0xfe, 0xd2, 0xfe, 0x72, 0xfe, 0x72,
  0xfe, 0xf5, 0xff, 0x78, 0xff, 0x78, 0xff, 0xd9, 0xff, 0xd9, 0xff, 0x76,
  0xff, 0x14, 0xfe, 0xf1, 0xff, 0x32, 0xff, 0x51, 0xff, 0x10, 0xfe, 0x6d,
  0xed, 0xeb, 0xfd, 0xeb, 0xfe, 0x0c, 0xfd, 0xcc, 0xfd, 0xed, 0xfe, 0x4d,
  0xfe, 0x4d, 0xfe, 0x6b, 0xfe, 0x8b, 0xfe, 0xcb, 0xfe, 0xeb, 0xff, 0x0d,
  0xff, 0x2e, 0xff, 0x31, 0xff, 0x74, 0xff, 0xb7, 0xff, 0xba, 0xff, 0xdb,
  0xff, 0xdc, 0xff, 0xdc, 0xff, 0xfd, 0xff, 0xfd, 0xff, 0xfe, 0xff, 0xfd,
  0xff, 0xfd, 0xff, 0xfd, 0xff, 0xfa, 0xef, 0x77, 0x00, 0x00, 0x00, 0x00,
  0x00, 0x00, 0x00, 0x00, 0xf6, 0xd5, 0xf6, 0xb4, 0xee, 0x93, 0xcd, 0xb0,
  0xe6, 0x52, 0xff, 0xb8, 0xff, 0xfa, 0xff, 0xfb, 0xff, 0xfc, 0xff, 0xfe,
  0xff, 0xfe, 0xff, 0xfe, 0xff, 0xfd, 0xff, 0xfd, 0xff, 0xfd, 0xff, 0xfe,
  0xff, 0xfe, 0xff, 0xfe, 0xff, 0xff, 0xff, 0xff, 0xff, 0xff, 0xff, 0xff,
  0xff, 0xff, 0xff, 0xff, 0xff, 0xfe, 0xff, 0xfe, 0xff, 0xfe, 0xff, 0xfe,
  0xff, 0xff, 0xff, 0xff, 0xff, 0xfe, 0xff, 0xfe, 0xff, 0xfd, 0xff, 0xfd,
  0xff, 0xf9, 0xff, 0xb8, 0xff, 0x32, 0xfe, 0x90, 0xfe, 0x0b, 0xf5, 0xa9,
  0xe4, 0xc5, 0xe4, 0xa4, 0xdc, 0x03, 0xc3, 0x80, 0xc2, 0xe0, 0xba, 0xc0,
  0xc2, 0xc0, 0xba, 0xa0, 0xb2, 0x20, 0xa1, 0x80, 0x99, 0x60, 0xa1, 0x80,
  0xa1, 0xa0, 0xa9, 0xc0, 0xb1, 0xe0, 0xb2, 0x00, 0xba, 0x20, 0xba, 0x20,
  0xba, 0x40, 0xba, 0x20, 0xba, 0x40, 0xba, 0x41, 0xba, 0x41, 0xb2, 0x21,
  0xb2, 0x21, 0xb2, 0x41, 0xb2, 0x21, 0xaa, 0x01, 0xaa, 0x01, 0xa1, 0xe1,
  0xa1, 0xe1, 0xa1, 0xe1, 0x99, 0xc0, 0x99, 0xc1, 0x99, 0xa1, 0x91, 0xc1,
  0x91, 0xe1, 0x89, 0xe2, 0x89, 0xe1, 0x89, 0xe1, 0x89, 0xc1, 0x89, 0xc1,
  0x89, 0xc1, 0x89, 0xa1, 0x89, 0xa1, 0x81, 0xa1, 0x81, 0xa0, 0x81, 0xa1,
  0x81, 0xa1, 0x81, 0xa1, 0x81, 0xa1, 0x81, 0x60, 0x81, 0x40, 0x81, 0x40,
  0x89, 0x80, 0x91, 0xc1, 0xa2, 0x22, 0xaa, 0x83, 0xba, 0xe4, 0xcb, 0x45,
  0xdb, 0xe7, 0xec, 0x6a, 0xf5, 0x0c, 0xfd, 0x4d, 0xfd, 0x8f, 0xfd, 0xf0,
  0xfe, 0x92, 0xfe, 0xb3, 0xff, 0x15, 0xff, 0x56, 0xff, 0x98, 0xff, 0xb9,
  0xff, 0xbb, 0xff, 0xbb, 0xff, 0xfd, 0xff, 0xfd, 0xff, 0xfe, 0xff, 0xff,
  0xff, 0xff, 0xff, 0xff, 0xff, 0xff, 0xff, 0xff, 0xff, 0xff, 0xff, 0xff,
  0xff, 0xff, 0xff, 0xff, 0xff, 0xff, 0xff, 0xdf, 0xff, 0xdf, 0xff, 0xdf,
  0xff, 0xbf, 0xff, 0xbd, 0xff, 0xbc, 0xff, 0x37, 0xfd, 0xd2, 0xf4, 0x69,
  0xec, 0x08, 0xfb, 0x86, 0xfb, 0x45, 0xfb, 0x67, 0xfb, 0x67, 0xfb, 0xa7,
  0xfb, 0xa7, 0xfb, 0xa6, 0xf3, 0x86, 0xeb, 0x86, 0xeb, 0x65, 0xe3, 0x65,
  0xe3, 0x85, 0xdb, 0x44, 0xd3, 0x24, 0xd3, 0x44, 0xd3, 0x64, 0xdb, 0x64,
  0xdb, 0x85, 0xe3, 0x85, 0xeb, 0x85, 0xe3, 0x86, 0xe3, 0x88, 0xec, 0x2b,
  0xf5, 0x30, 0xfe, 0x55, 0xff, 0x7a, 0xff, 0xdc, 0xff, 0xfd, 0xff, 0xfd,
  0xff, 0xfd, 0xff, 0xfd, 0xff, 0xfd, 0xff, 0xfd, 0xff, 0xdc, 0xff, 0xdc,
  0xff, 0x59, 0xff, 0x38, 0xff, 0x15, 0xfe, 0x32, 0xfd, 0x2c, 0xfc, 0xcb,
  0xfc, 0xea, 0xfc, 0xea, 0xfc, 0x88, 0xfc, 0x68, 0xf4, 0x06, 0xeb, 0xc5,
  0xec, 0x06, 0xfc, 0xa8, 0xfd, 0x0a, 0xfd, 0x2b, 0xfd, 0x8b, 0xfd, 0xec,
  0xfd, 0xed, 0xfe, 0x2d, 0xfe, 0xb0, 0xfe, 0xd2, 0xfe, 0x92, 0xfe, 0x93,
  0xff, 0x15, 0xff, 0x98, 0xff, 0x78, 0xff, 0xd9, 0xff, 0xd9, 0xff, 0x76,
  0xff, 0x15, 0xfe, 0xf2, 0xff, 0x13, 0xff, 0x51, 0xff, 0x10, 0xfe, 0x2b,
  0xed, 0xc9, 0xed, 0x69, 0xfd, 0xeb, 0xfe, 0x6f, 0xfe, 0x2e, 0xfe, 0x2c,
  0xfe, 0x4d, 0xfe, 0x6b, 0xfe, 0x8a, 0xfe, 0xcb, 0xfe, 0xeb, 0xff, 0x0d,
  0xff, 0x2e, 0xff, 0x31, 0xff, 0x93, 0xff, 0xb7, 0xff, 0xba, 0xff, 0xba,
  0xff, 0xdb, 0xff, 0xdc, 0xff, 0xfd, 0xff, 0xfd, 0xff, 0xfd, 0xff, 0xfd,
  0xff, 0xfd, 0xff, 0xfc, 0xff, 0xfa, 0xef, 0x57, 0x00, 0x00, 0x00, 0x00,
  0x00, 0x00, 0x00, 0x00, 0xf6, 0xd5, 0xfe, 0xf5, 0xee, 0x73, 0xd5, 0xd1,
  0xee, 0x73, 0xff, 0xb9, 0xff, 0xfa, 0xff, 0xdb, 0xff, 0xfc, 0xff, 0xfe,
  0xff, 0xfe, 0xff, 0xfe, 0xff, 0xfd, 0xff, 0xfd, 0xff, 0xfd, 0xff, 0xfe,
  0xff, 0xfe, 0xff, 0xfe, 0xff, 0xff, 0xff, 0xff, 0xff, 0xff, 0xff, 0xff,
  0xff, 0xff, 0xff, 0xff, 0xff, 0xfe, 0xff, 0xfe, 0xff, 0xfe, 0xff, 0xfe,
  0xff, 0xff, 0xff, 0xff, 0xff, 0xfe, 0xff, 0xfe, 0xff, 0xfd, 0xff, 0xfd,
  0xff, 0xfa, 0xff, 0xb8, 0xff, 0x33, 0xfe, 0xb1, 0xfe, 0x2b, 0xf5, 0xa9,
  0xe4, 0xc5, 0xe4, 0xa4, 0xdc, 0x23, 0xcb, 0x80, 0xc2, 0xe0, 0xba, 0xc0,
  0xc2, 0xc0, 0xc2, 0xa0, 0xb2, 0x20, 0xa1, 0xa0, 0x99, 0x60, 0xa1, 0x80,
  0xa1, 0x80, 0xa9, 0xc0, 0xb1, 0xe0, 0xba, 0x00, 0xba, 0x20, 0xba, 0x40,
  0xba, 0x20, 0xba, 0x20, 0xba, 0x20, 0xba, 0x20, 0xba, 0x21, 0xb2, 0x21,
  0xb2, 0x21, 0xb2, 0x41, 0xb2, 0x41, 0xaa, 0x21, 0xaa, 0x01, 0xa2, 0x01,
  0xa2, 0x01, 0xa1, 0xe1, 0xa1, 0xe1, 0x99, 0xc1, 0x99, 0xa1, 0x91, 0xc1,
  0x89, 0xc1, 0x89, 0xc1, 0x89, 0xc1, 0x89, 0xc1, 0x89, 0xc1, 0x89, 0xa1,
  0x89, 0xa1, 0x81, 0xa1, 0x81, 0xa1, 0x81, 0xa1, 0x81, 0xa0, 0x81, 0xa1,
  0x81, 0xa1, 0x81, 0xa1, 0x81, 0xa1, 0x81, 0x60, 0x81, 0x40, 0x81, 0x40,
  0x89, 0x60, 0x91, 0xc1, 0xa2, 0x42, 0xb2, 0xa4, 0xc3, 0x25, 0xd3, 0x87,
  0xe4, 0x28, 0xf4, 0xcb, 0xfd, 0x2c, 0xfd, 0x6d, 0xfd, 0x8f, 0xfd, 0xcf,
  0xfe, 0x51, 0xfe, 0x92, 0xff, 0x15, 0xff, 0x56, 0xff, 0x98, 0xff, 0xb9,
  0xff, 0xbb, 0xff, 0xdb, 0xff, 0xfd, 0xff, 0xfd, 0xff, 0xfe, 0xff, 0xff,
  0xff, 0xff, 0xff, 0xff, 0xff, 0xff, 0xff, 0xff, 0xff, 0xff, 0xff, 0xff,
  0xff, 0xff, 0xff, 0xff, 0xff, 0xff, 0xff, 0xdf, 0xff, 0xdf, 0xff, 0xdf,
  0xff, 0xbf, 0xff, 0x9c, 0xff, 0xdd, 0xff, 0x99, 0xfe, 0x95, 0xfd, 0x2d,
  0xe4, 0x29, 0xf3, 0x45, 0xeb, 0x04, 0xf3, 0x05, 0xf2, 0xe5, 0xfb, 0x86,
  0xf3, 0x86, 0xf3, 0x86, 0xf3, 0x86, 0xeb, 0x86, 0xeb, 0x85, 0xe3, 0x85,
  0xeb, 0xa6, 0xe3, 0x85, 0xe3, 0x85, 0xe3, 0xa5, 0xe3, 0xa6, 0xe3, 0xa6,
  0xdb, 0x86, 0xdb, 0x86, 0xdb, 0x65, 0xdb, 0x66, 0xe3, 0xa9, 0xf4, 0x8d,
  0xfd, 0xd3, 0xfe, 0xb7, 0xff, 0x9b, 0xff, 0xbb, 0xff, 0xdc, 0xff, 0xdc,
  0xff, 0xfd, 0xff, 0xfd, 0xff, 0xfd, 0xff, 0xfd, 0xff, 0xdc, 0xff, 0xbc,
  0xff, 0x59, 0xff, 0x58, 0xff, 0x36, 0xfe, 0x93, 0xfd, 0x2c, 0xfc, 0xeb,
  0xfd, 0x0b, 0xfd, 0x2b, 0xfc, 0xea, 0xfc, 0x68, 0xf3, 0xe6, 0xeb, 0xc5,
  0xec, 0x06, 0xf4, 0x88, 0xfd, 0x0a, 0xfd, 0x4b, 0xfd, 0x8c, 0xfe, 0x0d,
  0xfe, 0x2e, 0xfe, 0x4e, 0xfe, 0xd1, 0xfe, 0xf2, 0xfe, 0xb2, 0xfe, 0x93,
  0xff, 0x15, 0xff, 0x78, 0xff, 0x98, 0xff, 0xd9, 0xff, 0xd9, 0xff, 0x76,
  0xff, 0x14, 0xfe, 0xf2, 0xff, 0x32, 0xff, 0x71, 0xfe, 0xef, 0xf6, 0x0a,
  0xed, 0xc9, 0xe5, 0x28, 0xfd, 0xeb, 0xfe, 0xb0, 0xfe, 0x2e, 0xfe, 0x0c,
  0xfe, 0x4d, 0xfe, 0x6b, 0xfe, 0x8a, 0xfe, 0xcb, 0xfe, 0xea, 0xff, 0x0d,
  0xff, 0x2e, 0xff, 0x31, 0xff, 0x73, 0xff, 0xb7, 0xff, 0xba, 0xff, 0xda,
  0xff, 0xdb, 0xff, 0xfc, 0xff, 0xfd, 0xff, 0xfd, 0xff, 0xfd, 0xff, 0xfd,
  0xff, 0xfc, 0xff, 0xfc, 0xff, 0xfa, 0xe7, 0x16, 0x00, 0x00, 0x00, 0x00,
  0x00, 0x00, 0x00, 0x00, 0xf6, 0xd5, 0xf6, 0xb5, 0xe6, 0x33, 0xde, 0x12,
  0xf6, 0xd5, 0xff, 0xb9, 0xff, 0xfa, 0xff, 0xfc, 0xff, 0xfd, 0xff, 0xfe,
  0xff, 0xfe, 0xff, 0xfd, 0xff, 0xfd, 0xff, 0xfd, 0xff, 0xfd, 0xff, 0xfd,
  0xff, 0xfd, 0xff, 0xfe, 0xff, 0xff, 0xff, 0xff, 0xff, 0xff, 0xff, 0xff,
  0xff, 0xff, 0xff, 0xff, 0xff, 0xfe, 0xff, 0xfe, 0xff, 0xfe, 0xff, 0xfe,
  0xff, 0xff, 0xff, 0xff, 0xff, 0xfe, 0xff, 0xfe, 0xff, 0xfd, 0xff, 0xfd,
  0xff, 0xfa, 0xff, 0xb9, 0xff, 0x53, 0xfe, 0xf1, 0xfe, 0x4c, 0xf5, 0xa9,
  0xe4, 0xe5, 0xe4, 0xc4, 0xdc, 0x23, 0xcb, 0x60, 0xc2, 0xe0, 0xba, 0xc0,
  0xc2, 0xc0, 0xc2, 0xa0, 0xb2, 0x20, 0xa1, 0xa0, 0x99, 0x60, 0xa1, 0x60,
  0xa1, 0x80, 0xa9, 0xc0, 0xb1, 0xe0, 0xba, 0x00, 0xba, 0x20, 0xba, 0x20,
  0xba, 0x20, 0xba, 0x40, 0xba, 0x40, 0xba, 0x41, 0xba, 0x41, 0xb2, 0x41,
  0xb2, 0x41, 0xb2, 0x42, 0xb2, 0x42, 0xaa, 0x41, 0xaa, 0x21, 0xaa, 0x21,
  0xa2, 0x01, 0xa2, 0x01, 0xa1, 0xe1, 0x99, 0xc1, 0x99, 0xc1, 0x91, 0xc1,
  0x89, 0xe2, 0x89, 0xe1, 0x89, 0xe1, 0x89, 0xc1, 0x89, 0xc1, 0x89, 0xc1,
  0x89, 0xa1, 0x81, 0xa1, 0x81, 0xa1, 0x81, 0xa1, 0x81, 0xa0, 0x81, 0xa1,
  0x81, 0xa1, 0x81, 0xa1, 0x81, 0xa1, 0x81, 0x60, 0x81, 0x40, 0x89, 0x60,
  0x91, 0x80, 0x99, 0xc1, 0xa2, 0x42, 0xba, 0xe4, 0xcb, 0x46, 0xdb, 0xa7,
  0xec, 0x69, 0xfc, 0xec, 0xfd, 0x4c, 0xfd, 0x6d, 0xfd, 0x8e, 0xfd, 0xcf,
  0xfe, 0x51, 0xfe, 0x92, 0xff, 0x15, 0xff, 0x55, 0xff, 0x98, 0xff, 0xb9,
  0xff, 0xbb, 0xff, 0xdb, 0xff, 0xfd, 0xff, 0xfd, 0xff, 0xfe, 0xff, 0xff,
  0xff, 0xff, 0xff, 0xff, 0xff, 0xff, 0xff, 0xff, 0xff, 0xff, 0xff, 0xff,
  0xff, 0xff, 0xff, 0xfe, 0xff, 0xff, 0xff, 0xdf, 0xff, 0xdf, 0xff, 0xdf,
  0xff, 0xdf, 0xff, 0xbd, 0xff, 0xfe, 0xff, 0xfb, 0xff, 0x79, 0xfe, 0x31,
  0xe4, 0xab, 0xeb, 0x45, 0xe3, 0x24, 0xf3, 0x05, 0xea, 0xe5, 0xeb, 0x04,
  0xeb, 0x04, 0xe3, 0x24, 0xeb, 0x45, 0xe3, 0x45, 0xeb, 0x65, 0xe3, 0x65,
  0xeb, 0xa6, 0xeb, 0xa6, 0xeb, 0xc6, 0xec, 0x07, 0xf4, 0x27, 0xec, 0x28,
  0xdb, 0xc7, 0xd3, 0xa7, 0xcb, 0x67, 0xc3, 0x88, 0xdc, 0x2b, 0xed, 0x30,
  0xf6, 0x96, 0xff, 0x59, 0xff, 0xdc, 0xff, 0xfc, 0xff, 0xbb, 0xff, 0xbb,
  0xff, 0xfd, 0xff, 0xfc, 0xff, 0xfc, 0xff, 0xfc, 0xff, 0xdb, 0xff, 0xba,
  0xff, 0x78, 0xff, 0x78, 0xff, 0x76, 0xfe, 0xd3, 0xfd, 0x4d, 0xfc, 0xeb,
  0xfd, 0x2b, 0xfd, 0x6c, 0xfd, 0x2b, 0xfc, 0xa8, 0xf4, 0x07, 0xeb, 0xe6,
  0xec, 0x27, 0xf4, 0x89, 0xfd, 0x0b, 0xfd, 0x4c, 0xfd, 0xad, 0xfe, 0x2e,
  0xfe, 0x6f, 0xfe, 0x6f, 0xfe, 0xf1, 0xff, 0x12, 0xfe, 0xb2, 0xfe, 0x72,
  0xfe, 0xf4, 0xff, 0x57, 0xff, 0x77, 0xff, 0xb9, 0xff, 0xb9, 0xff, 0x76,
  0xff, 0x14, 0xfe, 0xd1, 0xff, 0x11, 0xff, 0x50, 0xfe, 0xee, 0xfe, 0x2a,
  0xe5, 0x88, 0xe5, 0x08, 0xfd, 0xcb, 0xfe, 0x90, 0xfe, 0x70, 0xfe, 0x2d,
  0xfe, 0x2d, 0xfe, 0x6b, 0xfe, 0x8a, 0xfe, 0xca, 0xfe, 0xea, 0xff, 0x0d,
  0xff, 0x2e, 0xff, 0x30, 0xff, 0x72, 0xff, 0xb6, 0xff, 0xb9, 0xff, 0xba,
  0xff, 0xdb, 0xff, 0xfc, 0xff, 0xfd, 0xff, 0xfd, 0xff, 0xfd, 0xff, 0xfc,
  0xff, 0xfc, 0xff, 0xfc, 0xff, 0xfa, 0xe7, 0x15, 0x00, 0x00, 0x00, 0x00,
  0x00, 0x00, 0x00, 0x00, 0x00, 0x00, 0xee, 0x73, 0xde, 0x12, 0xe6, 0x32,
  0xfe, 0xf5, 0xff, 0xb9, 0xff, 0xfa, 0xff, 0xfc, 0xff, 0xfd, 0xff, 0xfe,
  0xff, 0xff, 0xff, 0xfe, 0xff, 0xfe, 0xff, 0xfe, 0xff, 0xfd, 0xff, 0xfe,
  0xff, 0xfe, 0xff, 0xfe, 0xff, 0xff, 0xff, 0xff, 0xff, 0xff, 0xff, 0xff,
  0xff, 0xff, 0xff, 0xff, 0xff, 0xfe, 0xff, 0xfe, 0xff, 0xfe, 0xff, 0xfe,
  0xff, 0xff, 0xff, 0xff, 0xff, 0xff, 0xff, 0xfe, 0xff, 0xfd, 0xff, 0xfd,
  0xff, 0xfa, 0xff, 0xb9, 0xff, 0x53, 0xfe, 0xf2, 0xfe, 0x4c, 0xf5, 0xa9,
  0xec, 0xe5, 0xe4, 0xc4, 0xe4, 0x23, 0xd3, 0x80, 0xc3, 0x00, 0xc2, 0xe0,
  0xc2, 0xc0, 0xba, 0x80, 0xb2, 0x00, 0xa1, 0x80, 0x99, 0x60, 0xa1, 0x80,
  0xa9, 0x80, 0xa9, 0xc0, 0xb1, 0xe0, 0xba, 0x00, 0xba, 0x20, 0xba, 0x20,
  0xba, 0x20, 0xba, 0x40, 0xba, 0x40, 0xba, 0x41, 0xba, 0x41, 0xba, 0x41,
  0xba, 0x41, 0xb2, 0x41, 0xb2, 0x41, 0xb2, 0x41, 0xaa, 0x21, 0xaa, 0x21,
  0xaa, 0x01, 0xa2, 0x01, 0xa2, 0x01, 0x99, 0xe1, 0x99, 0xc1, 0x91, 0xe1,
  0x91, 0xc2, 0x89, 0xc1, 0x89, 0xc1, 0x89, 0xc1, 0x89, 0xc1, 0x89, 0xc1,
  0x89, 0xa1, 0x89, 0xa1, 0x89, 0xa1, 0x81, 0x80, 0x81, 0x80, 0x81, 0x81,
  0x81, 0x81, 0x81, 0xa1, 0x81, 0x80, 0x81, 0x60, 0x81, 0x60, 0x81, 0x60,
  0x91, 0xa0, 0x9a, 0x02, 0xaa, 0x62, 0xba, 0xe5, 0xd3, 0xa7, 0xec, 0x49,
  0xf4, 0xaa, 0xfd, 0x4d, 0xfd, 0x8d, 0xfd, 0x8d, 0xfd, 0x8e, 0xfd, 0xaf,
  0xfe, 0x51, 0xfe, 0x92, 0xfe, 0xf4, 0xff, 0x34, 0xff, 0x77, 0xff, 0x98,
  0xff, 0xba, 0xff, 0xda, 0xff, 0xdc, 0xff, 0xfd, 0xff, 0xfd, 0xff, 0xfe,
  0xff, 0xff, 0xff, 0xff, 0xff, 0xff, 0xff, 0xff, 0xff, 0xff, 0xff, 0xff,
  0xff, 0xff, 0xff, 0xfe, 0xff, 0xff, 0xff, 0xdf, 0xff, 0xdf, 0xff, 0xdf,
  0xff, 0xdf, 0xff, 0xde, 0xff, 0xfe, 0xff, 0xfc, 0xff, 0xba, 0xff, 0x15,
  0xfd, 0xf0, 0xfc, 0x49, 0xeb, 0x86, 0xf3, 0x05, 0xf2, 0xe5, 0xe3, 0x04,
  0xe2, 0xe4, 0xe3, 0x04, 0xe3, 0x04, 0xdb, 0x04, 0xdb, 0x04, 0xdb, 0x04,
  0xdb, 0x45, 0xd3, 0x04, 0xd3, 0x04, 0xd3, 0x45, 0xdb, 0x65, 0xd3, 0x86,
  0xd3, 0x86, 0xd3, 0xa8, 0xd3, 0xe9, 0xcb, 0xa9, 0xd4, 0x0a, 0xf5, 0x51,
  0xf6, 0x96, 0xff, 0x39, 0xff, 0x9b, 0xff, 0xdb, 0xff, 0xbb, 0xff, 0xbb,
  0xff, 0xfc, 0xff, 0xfc, 0xff, 0xfc, 0xff, 0xfc, 0xff, 0xdb, 0xff, 0xbb,
  0xff, 0x78, 0xff, 0x98, 0xff, 0x77, 0xfe, 0xd4, 0xfd, 0x4d, 0xfd, 0x0c,
  0xfd, 0x4b, 0xfd, 0x8c, 0xfd, 0x6b, 0xfc, 0xa9, 0xf4, 0x27, 0xf4, 0x26,
  0xf4, 0x47, 0xf4, 0x88, 0xfc, 0xca, 0xfd, 0x2c, 0xfd, 0xad, 0xfe, 0x2f,
  0xfe, 0x6f, 0xfe, 0x6e, 0xfe, 0xd1, 0xff, 0x13, 0xfe, 0xd2, 0xfe, 0x72,
  0xfe, 0xb4, 0xff, 0x37, 0xff, 0x57, 0xff, 0xb9, 0xff, 0xb9, 0xff, 0x97,
  0xff, 0x35, 0xfe, 0xb0, 0xfe, 0xb0, 0xff, 0x0f, 0xfe, 0xee, 0xfe, 0x2b,
  0xe5, 0x67, 0xe5, 0x08, 0xfd, 0xaa, 0xfe, 0x4f, 0xfe, 0x90, 0xfe, 0x2d,
  0xfe, 0x4d, 0xfe, 0x6b, 0xfe, 0x6a, 0xfe, 0xaa, 0xfe, 0xea, 0xff, 0x0d,
  0xff, 0x2d, 0xff, 0x30, 0xff, 0x72, 0xff, 0xb6, 0xff, 0xb9, 0xff, 0xda,
  0xff, 0xdb, 0xff, 0xfc, 0xff, 0xfd, 0xff, 0xfd, 0xff, 0xfe, 0xff, 0xfd,
  0xff, 0xfc, 0xff, 0xfc, 0xff, 0xfa, 0x00, 0x00, 0x00, 0x00, 0x00, 0x00,
  0x00, 0x00, 0x00, 0x00, 0x00, 0x00, 0xee, 0x92, 0xde, 0x31, 0xde, 0x71,
  0xf7, 0x34, 0xff, 0xd8, 0xff, 0xf8, 0xff, 0xfc, 0xff, 0xfc, 0xff, 0xff,
  0xff, 0xff, 0xff, 0xff, 0xff, 0xff, 0xff, 0xff, 0xff, 0xff, 0xff, 0xff,
  0xff, 0xff, 0xff, 0xff, 0xff, 0xff, 0xff, 0xff, 0xff, 0xff, 0xff, 0xff,
  0xff, 0xff, 0xff, 0xff, 0xff, 0xff, 0xff, 0xff, 0xff, 0xff, 0xff, 0xff,
  0xff, 0xff, 0xff, 0xff, 0xff, 0xff, 0xff, 0xff, 0xff, 0xfe, 0xff, 0xfe,
  0xff, 0xfb, 0xff, 0xb9, 0xff, 0x54, 0xfe, 0xd2, 0xfe, 0x2c, 0xed, 0x89,
  0xec, 0xe5, 0xe4, 0xa4, 0xe4, 0x23, 0xdb, 0xa1, 0xd3, 0x41, 0xcb, 0x20,
  0xc2, 0xc0, 0xba, 0x60, 0xa9, 0xe0, 0xa1, 0xa0, 0xa1, 0x60, 0xa1, 0x60,
  0xa9, 0x80, 0xb1, 0xa0, 0xb1, 0xe0, 0xba, 0x00, 0xba, 0x20, 0xba, 0x20,
  0xba, 0x20, 0xc2, 0x60, 0xba, 0x40, 0xba, 0x41, 0xba, 0x41, 0xba, 0x41,
  0xba, 0x41, 0xb2, 0x41, 0xba, 0x61, 0xba, 0x62, 0xb2, 0x41, 0xb2, 0x41,
  0xaa, 0x41, 0xaa, 0x21, 0xaa, 0x21, 0xa2, 0x22, 0xa2, 0x01, 0x91, 0xc1,
  0x91, 0xc1, 0x91, 0xc1, 0x91, 0xc1, 0x91, 0xa1, 0x91, 0xa1, 0x91, 0xa1,
  0x89, 0x81, 0x89, 0x81, 0x89, 0x81, 0x89, 0x81, 0x89, 0x80, 0x89, 0x81,
  0x89, 0x81, 0x89, 0x81, 0x89, 0x60, 0x89, 0x80, 0x81, 0x60, 0x70, 0xe0,
  0x89, 0xa0, 0xb2, 0xe4, 0xc3, 0x25, 0xc3, 0x66, 0xe4, 0x69, 0xfd, 0x8d,
  0xfd, 0x6d, 0xfd, 0xce, 0xfd, 0xce, 0xfd, 0xae, 0xfd, 0x8d, 0xfd, 0x8d,
  0xfe, 0x0f, 0xfe, 0x91, 0xfe, 0x91, 0xfe, 0xd1, 0xff, 0x34, 0xff, 0x55,
  0xff, 0x77, 0xff, 0x98, 0xff, 0xba, 0xff, 0xdb, 0xff, 0xfc, 0xff, 0xfc,
  0xff, 0xfd, 0xff, 0xfe, 0xff, 0xfe, 0xff, 0xff, 0xff, 0xff, 0xff, 0xff,
  0xff, 0xff, 0xff, 0xfe, 0xff, 0xfe, 0xff, 0xff, 0xff, 0xdf, 0xff, 0xbf,
  0xff, 0xdf, 0xff, 0xff, 0xff, 0xdf, 0xff, 0xfe, 0xff, 0xdc, 0xff, 0xd9,
  0xff, 0xd9, 0xfe, 0x51, 0xec, 0x8a, 0xe2, 0xa3, 0xf2, 0xe4, 0xe2, 0xc4,
  0xe2, 0xc5, 0xda, 0xe5, 0xda, 0xe5, 0xdb, 0x05, 0xdb, 0x05, 0xdb, 0x25,
  0xd2, 0xe4, 0xd3, 0x05, 0xdb, 0x46, 0xd3, 0x46, 0xcb, 0x25, 0xbb, 0x05,
  0xb3, 0x06, 0xbb, 0x48, 0xc3, 0x8a, 0xb3, 0x69, 0xbb, 0xaa, 0xdd, 0x51,
  0xee, 0x96, 0xff, 0x39, 0xff, 0xbb, 0xff, 0xfd, 0xff, 0xfd, 0xff, 0xfd,
  0xff, 0xdb, 0xff, 0xdb, 0xff, 0xdb, 0xff, 0xdb, 0xff, 0xba, 0xff, 0xba,
  0xff, 0x78, 0xff, 0x98, 0xff, 0x97, 0xfe, 0xd4, 0xfd, 0x6e, 0xf5, 0x2d,
  0xfd, 0x6c, 0xfd, 0xad, 0xfd, 0x6c, 0xfc, 0xc8, 0xf4, 0x46, 0xf4, 0x46,
  0xf4, 0x67, 0xf4, 0x67, 0xf4, 0x88, 0xfc, 0xea, 0xfd, 0x4c, 0xfd, 0xce,
  0xfe, 0x2f, 0xfe, 0x8f, 0xfe, 0xd1, 0xff, 0x13, 0xfe, 0xd2, 0xf6, 0x72,
  0xfe, 0xd4, 0xff, 0x37, 0xff, 0x57, 0xff, 0xd9, 0xff, 0xd9, 0xff, 0xd7,
  0xff, 0x55, 0xfe, 0xf1, 0xfe, 0xf1, 0xff, 0x2f, 0xff, 0x0f, 0xfe, 0x4b,
  0xe5, 0x67, 0xe5, 0x08, 0xfd, 0xaa, 0xfe, 0x4f, 0xfe, 0x90, 0xfe, 0x2d,
  0xfe, 0x4d, 0xfe, 0x6b, 0xfe, 0x6a, 0xfe, 0xaa, 0xfe, 0xea, 0xff, 0x0d,
  0xff, 0x2d, 0xff, 0x30, 0xff, 0x72, 0xff, 0xb6, 0xff, 0xda, 0xff, 0xda,
  0xff, 0xfc, 0xff, 0xfc, 0xff, 0xfe, 0xff, 0xfe, 0xff, 0xff, 0xff, 0xfe,
  0xff, 0xdd, 0xff, 0xfd, 0xff, 0xfc, 0x00, 0x00, 0x00, 0x00, 0x00, 0x00,
  0x00, 0x00, 0x00, 0x00, 0x00, 0x00, 0xee, 0x93, 0xd5, 0xf0, 0xe6, 0x92,
  0xff, 0x56, 0xff, 0xb7, 0xff, 0xf8, 0xff, 0xfc, 0xff, 0xfd, 0xff, 0xff,
  0xff, 0xff, 0xff, 0xff, 0xff, 0xff, 0xff, 0xff, 0xff, 0xff, 0xff, 0xff,
  0xff, 0xff, 0xff, 0xff, 0xff, 0xff, 0xff, 0xff, 0xff, 0xff, 0xff, 0xff,
  0xff, 0xff, 0xff, 0xff, 0xff, 0xff, 0xff, 0xff, 0xff, 0xff, 0xff, 0xff,
  0xff, 0xff, 0xff, 0xff, 0xff, 0xff, 0xff, 0xff, 0xff, 0xfe, 0xff, 0xfe,
  0xff, 0xfb, 0xff, 0xba, 0xff, 0x54, 0xff, 0x13, 0xfe, 0x8d, 0xf5, 0xca,
  0xf5, 0x26, 0xe4, 0xa4, 0xe4, 0x23, 0xd3, 0xa1, 0xd3, 0x41, 0xcb, 0x20,
  0xc2, 0xe0, 0xba, 0x60, 0xa9, 0xe0, 0xa1, 0xa0, 0xa1, 0x60, 0xa1, 0x60,
  0xa9, 0x80, 0xb1, 0xa0, 0xb1, 0xe0, 0xba, 0x00, 0xba, 0x20, 0xba, 0x20,
  0xba, 0x20, 0xc2, 0x81, 0xc2, 0x40, 0xba, 0x41, 0xba, 0x61, 0xba, 0x61,
  0xba, 0x41, 0xba, 0x41, 0xba, 0x61, 0xba, 0x62, 0xb2, 0x61, 0xb2, 0x62,
  0xb2, 0x41, 0xaa, 0x41, 0xaa, 0x21, 0xa2, 0x22, 0xa2, 0x01, 0x91, 0xe1,
  0x91, 0xc1, 0x91, 0xc1, 0x91, 0xc1, 0x91, 0xc1, 0x91, 0xa1, 0x91, 0xa1,
  0x89, 0xa1, 0x89, 0x81, 0x89, 0x81, 0x89, 0x80, 0x89, 0x80, 0x89, 0x81,
  0x89, 0x81, 0x89, 0x81, 0x89, 0x80, 0x89, 0x80, 0x79, 0x20, 0x79, 0x00,
  0x99, 0xe1, 0xcb, 0x87, 0xe4, 0x49, 0xec, 0x6a, 0xfd, 0x0c, 0xfe, 0x10,
  0xfd, 0xcf, 0xfd, 0xef, 0xfd, 0xce, 0xfd, 0xae, 0xfd, 0x8d, 0xfd, 0x8d,
  0xfe, 0x0f, 0xfe, 0x71, 0xfe, 0x71, 0xfe, 0x91, 0xfe, 0xf3, 0xff, 0x14,
  0xff, 0x36, 0xff, 0x57, 0xff, 0x79, 0xff, 0x9a, 0xff, 0xdb, 0xff, 0xfc,
  0xff, 0xfd, 0xff, 0xfe, 0xff, 0xfe, 0xff, 0xff, 0xff, 0xff, 0xff, 0xff,
  0xff, 0xff, 0xff, 0xfd, 0xff, 0xfe, 0xff, 0xfe, 0xff, 0xdf, 0xff, 0xdf,
  0xff, 0xdf, 0xff, 0xff, 0xff, 0xff, 0xff, 0xfe, 0xff, 0xfd, 0xff, 0xd9,
  0xff, 0xfb, 0xff, 0x56, 0xfd, 0x6e, 0xea, 0xc4, 0xf3, 0x05, 0xe2, 0xc4,
  0xe2, 0xe5, 0xe3, 0x05, 0xe3, 0x05, 0xe3, 0x46, 0xe3, 0x46, 0xe3, 0x46,
  0xd2, 0xe4, 0xd2, 0xe4, 0xd3, 0x04, 0xcb, 0x05, 0xcb, 0x05, 0xbb, 0x06,
  0xbb, 0x47, 0xc3, 0xa9, 0xd4, 0x2c, 0xc3, 0xeb, 0xcc, 0x2c, 0xf5, 0xd3,
  0xf6, 0xd8, 0xff, 0x59, 0xff, 0x9b, 0xff, 0xdc, 0xff, 0xfc, 0xff, 0xfc,
  0xff, 0xdb, 0xff, 0xdb, 0xff, 0xdb, 0xff, 0xdb, 0xff, 0xba, 0xff, 0xba,
  0xff, 0x78, 0xff, 0x78, 0xff, 0x56, 0xfe, 0x93, 0xfd, 0x8e, 0xfd, 0x4d,
  0xfd, 0x8d, 0xfd, 0xce, 0xfd, 0x8c, 0xfc, 0xa8, 0xfc, 0x47, 0xfc, 0x67,
  0xfc, 0xa8, 0xfc, 0xa8, 0xfc, 0xea, 0xfd, 0x2b, 0xfd, 0x8d, 0xfd, 0xce,
  0xfe, 0x2f, 0xfe, 0xaf, 0xfe, 0xf1, 0xff, 0x33, 0xfe, 0xd2, 0xfe, 0x72,
  0xfe, 0xd4, 0xff, 0x57, 0xff, 0x57, 0xff, 0xd9, 0xff, 0xd8, 0xff, 0xb7,
  0xff, 0x55, 0xfe, 0xd0, 0xfe, 0xf1, 0xff, 0x50, 0xfe, 0xee, 0xfe, 0x4b,
  0xe5, 0x88, 0xed, 0x49, 0xed, 0x28, 0xfd, 0xcd, 0xfe, 0x91, 0xfe, 0x8e,
  0xfe, 0x6e, 0xfe, 0x6b, 0xfe, 0x6a, 0xfe, 0xaa, 0xfe, 0xea, 0xff, 0x0d,
  0xff, 0x2d, 0xff, 0x30, 0xff, 0x72, 0xff, 0xb6, 0xff, 0xd9, 0xff, 0xda,
  0xff, 0xdb, 0xff, 0xfc, 0xff, 0xfd, 0xff, 0xfe, 0xff, 0xff, 0xff, 0xfe,
  0xff, 0xfd, 0xff, 0xfd, 0xff, 0xfb, 0x00, 0x00, 0x00, 0x00, 0x00, 0x00,
  0x00, 0x00, 0x00, 0x00, 0x00, 0x00, 0xee, 0x93, 0xd5, 0xd0, 0xe6, 0x93,
  0xff, 0x76, 0xff, 0xb8, 0xff, 0xf9, 0xff, 0xfc, 0xff, 0xfd, 0xff, 0xff,
  0xff, 0xff, 0xff, 0xff, 0xff, 0xff, 0xff, 0xff, 0xff, 0xff, 0xff, 0xff,
  0xff, 0xff, 0xff, 0xff, 0xff, 0xff, 0xff, 0xff, 0xff, 0xff, 0xff, 0xff,
  0xff, 0xff, 0xff, 0xff, 0xff, 0xff, 0xff, 0xff, 0xff, 0xff, 0xff, 0xff,
  0xff, 0xff, 0xff, 0xff, 0xff, 0xff, 0xff, 0xff, 0xff, 0xfe, 0xff, 0xfe,
  0xff, 0xfc, 0xff, 0xdb, 0xff, 0x76, 0xff, 0x34, 0xfe, 0xaf, 0xf6, 0x0c,
  0xf5, 0x27, 0xe4, 0xa4, 0xe4, 0x43, 0xdb, 0xc1, 0xd3, 0x41, 0xcb, 0x20,
  0xc2, 0xe0, 0xba, 0x60, 0xb2, 0x00, 0xa9, 0xc0, 0xa1, 0x60, 0xa1, 0x60,
  0xa9, 0x80, 0xb1, 0xa0, 0xb1, 0xe0, 0xba, 0x00, 0xba, 0x20, 0xba, 0x20,
  0xba, 0x40, 0xc2, 0x81, 0xc2, 0x61, 0xc2, 0x61, 0xc2, 0x81, 0xc2, 0x81,
  0xc2, 0x61, 0xba, 0x61, 0xc2, 0x81, 0xba, 0x82, 0xba, 0x61, 0xba, 0x61,
  0xb2, 0x41, 0xb2, 0x62, 0xb2, 0x42, 0xaa, 0x42, 0xaa, 0x21, 0x99, 0xe1,
  0x91, 0xe1, 0x91, 0xe1, 0x91, 0xc1, 0x91, 0xc1, 0x91, 0xc1, 0x91, 0xc1,
  0x91, 0xa1, 0x89, 0xa1, 0x89, 0x81, 0x89, 0x81, 0x89, 0x81, 0x89, 0x81,
  0x89, 0x81, 0x89, 0x81, 0x89, 0x81, 0x81, 0x60, 0x81, 0x60, 0x89, 0xa0,
  0xbb, 0x05, 0xec, 0x8b, 0xf4, 0xcb, 0xe4, 0x8a, 0xfd, 0x2c, 0xfe, 0x10,
  0xfe, 0x0f, 0xfe, 0x0f, 0xfe, 0x0f, 0xfd, 0xce, 0xfd, 0x8d, 0xfd, 0x6d,
  0xfd, 0x8d, 0xfd, 0xce, 0xfd, 0xee, 0xfe, 0x0e, 0xfe, 0x71, 0xfe, 0xb2,
  0xfe, 0xd4, 0xfe, 0xf4, 0xff, 0x16, 0xff, 0x16, 0xff, 0x58, 0xff, 0x9a,
  0xff, 0xbb, 0xff, 0xdc, 0xff, 0xfd, 0xff, 0xfe, 0xff, 0xfe, 0xff, 0xff,
  0xff, 0xfe, 0xff, 0xfc, 0xff, 0xfd, 0xff, 0xfe, 0xff, 0xfe, 0xff, 0xdf,
  0xff, 0xff, 0xff, 0xff, 0xff, 0xff, 0xff, 0xff, 0xff, 0xff, 0xff, 0xfc,
  0xff, 0xfd, 0xff, 0xb9, 0xfe, 0x75, 0xfb, 0xc9, 0xeb, 0x47, 0xe2, 0xe5,
  0xe2, 0xe5, 0xe3, 0x05, 0xeb, 0x46, 0xf3, 0x87, 0xfb, 0xe9, 0xf4, 0x29,
  0xf4, 0x29, 0xec, 0x29, 0xec, 0x09, 0xdb, 0xc8, 0xd3, 0x87, 0xcb, 0x88,
  0xc3, 0xa9, 0xc4, 0x0b, 0xd4, 0xae, 0xd4, 0xcf, 0xdd, 0x30, 0xfe, 0x96,
  0xff, 0x59, 0xff, 0x9a, 0xff, 0x9b, 0xff, 0xdb, 0xff, 0xfc, 0xff, 0xfb,
  0xff, 0xda, 0xff, 0xdb, 0xff, 0xdb, 0xff, 0xdb, 0xff, 0xba, 0xff, 0x9a,
  0xff, 0x78, 0xff, 0x78, 0xff, 0x56, 0xfe, 0x93, 0xfd, 0x8e, 0xfd, 0x4e,
  0xfd, 0x8d, 0xfd, 0xee, 0xfd, 0x6b, 0xfc, 0xa7, 0xfc, 0x47, 0xfc, 0x87,
  0xfc, 0xc8, 0xfc, 0xc9, 0xfd, 0x0a, 0xfd, 0x4b, 0xfd, 0xad, 0xfd, 0xee,
  0xfe, 0x2f, 0xfe, 0xaf, 0xff, 0x12, 0xff, 0x74, 0xfe, 0xf2, 0xf6, 0x72,
  0xfe, 0xd4, 0xff, 0x57, 0xff, 0x77, 0xff, 0xf9, 0xff, 0xf9, 0xff, 0xb6,
  0xff, 0x54, 0xfe, 0xd0, 0xfe, 0xd0, 0xff, 0x2f, 0xff, 0x0e, 0xfe, 0x2b,
  0xed, 0xa9, 0xed, 0x49, 0xdc, 0xc7, 0xfd, 0x8d, 0xfe, 0x70, 0xfe, 0xb0,
  0xfe, 0xb0, 0xfe, 0x6c, 0xfe, 0x6b, 0xfe, 0xab, 0xfe, 0xca, 0xfe, 0xec,
  0xff, 0x0d, 0xff, 0x30, 0xff, 0x52, 0xff, 0xb5, 0xff, 0xd8, 0xff, 0xd9,
  0xff, 0xda, 0xff, 0xfb, 0xff, 0xfd, 0xff, 0xfe, 0xff, 0xff, 0xff, 0xfe,
  0xff, 0xfe, 0xff, 0xfd, 0xff, 0xfc, 0x00, 0x00, 0x00, 0x00, 0x00, 0x00,
  0x00, 0x00, 0x00, 0x00, 0x00, 0x00, 0xee, 0xd4, 0xde, 0x11, 0xde, 0x72,
  0xff, 0x56, 0xff, 0xb8, 0xff, 0xf9, 0xff, 0xfd, 0xff, 0xfd, 0xff, 0xff,
  0xff, 0xff, 0xff, 0xff, 0xff, 0xff, 0xff, 0xff, 0xff, 0xff, 0xff, 0xff,
  0xff, 0xff, 0xff, 0xff, 0xff, 0xff, 0xff, 0xff, 0xff, 0xff, 0xff, 0xff,
  0xff, 0xff, 0xff, 0xff, 0xff, 0xff, 0xff, 0xff, 0xff, 0xff, 0xff, 0xff,
  0xff, 0xff, 0xff, 0xff, 0xff, 0xff, 0xff, 0xff, 0xff, 0xfe, 0xff, 0xfe,
  0xff, 0xfc, 0xff, 0xdb, 0xff, 0x96, 0xff, 0x35, 0xfe, 0xaf, 0xf6, 0x0c,
  0xf5, 0x27, 0xe4, 0xa4, 0xec, 0x64, 0xdb, 0xc2, 0xcb, 0x40, 0xcb, 0x00,
  0xc2, 0xc0, 0xba, 0x80, 0xba, 0x40, 0xb2, 0x20, 0xa9, 0xc0, 0xa1, 0x80,
  0xa9, 0x80, 0xb1, 0xa0, 0xba, 0x00, 0xba, 0x20, 0xba, 0x20, 0xba, 0x40,
  0xc2, 0x60, 0xc2, 0x81, 0xca, 0x81, 0xc2, 0x81, 0xc2, 0x81, 0xc2, 0x81,
  0xc2, 0x81, 0xc2, 0x81, 0xc2, 0x82, 0xc2, 0xa2, 0xba, 0x82, 0xba, 0x82,
  0xba, 0x62, 0xb2, 0x62, 0xb2, 0x62, 0xb2, 0x62, 0xaa, 0x42, 0x9a, 0x01,
  0x9a, 0x01, 0x9a, 0x02, 0x9a, 0x02, 0x99, 0xe1, 0x91, 0xe1, 0x91, 0xc1,
  0x91, 0xc1, 0x91, 0xa1, 0x89, 0xa1, 0x89, 0x81, 0x89, 0x81, 0x89, 0x81,
  0x89, 0x81, 0x89, 0x81, 0x89, 0x60, 0x81, 0x40, 0x79, 0x20, 0x91, 0xc0,
  0xc3, 0x46, 0xec, 0x8b, 0xf4, 0xcb, 0xf4, 0xab, 0xfd, 0x4d, 0xfe, 0x10,
  0xfe, 0x10, 0xfe, 0x30, 0xfe, 0x30, 0xfd, 0xef, 0xfd, 0xce, 0xfd, 0xae,
  0xfd, 0x8d, 0xfd, 0x8d, 0xfd, 0x8d, 0xfd, 0xcd, 0xfe, 0x30, 0xfe, 0x50,
  0xfe, 0x72, 0xfe, 0x93, 0xfe, 0xd5, 0xfe, 0xd6, 0xff, 0x38, 0xff, 0x79,
  0xff, 0x9a, 0xff, 0xdb, 0xff, 0xdd, 0xff, 0xdd, 0xff, 0xfe, 0xff, 0xff,
  0xff, 0xfe, 0xff, 0xfc, 0xff, 0xfd, 0xff, 0xfe, 0xff, 0xfe, 0xff, 0xdf,
  0xff, 0xdf, 0xff, 0xff, 0xff, 0xff, 0xf7, 0xfe, 0xf7, 0xfe, 0xff, 0xfc,
  0xff, 0xfc, 0xff, 0x58, 0xfe, 0xf6, 0xfc, 0x4b, 0xe3, 0x06, 0xe2, 0xe5,
  0xea, 0xe5, 0xeb, 0x26, 0xf3, 0x67, 0xfb, 0xe9, 0xfc, 0x6b, 0xfd, 0x0d,
  0xfd, 0x8e, 0xfd, 0x8f, 0xfd, 0x6e, 0xfd, 0x2e, 0xfc, 0xed, 0xec, 0xed,
  0xe5, 0x0e, 0xe5, 0x0f, 0xed, 0x71, 0xed, 0xb2, 0xf6, 0x14, 0xff, 0x39,
  0xff, 0xdb, 0xff, 0xdb, 0xff, 0xbb, 0xff, 0xdb, 0xff, 0xfc, 0xff, 0xfb,
  0xff, 0xdb, 0xff, 0xdb, 0xff, 0xdb, 0xff, 0xdb, 0xff, 0xba, 0xff, 0x9a,
  0xff, 0x78, 0xff, 0x58, 0xff, 0x57, 0xfe, 0xb4, 0xfd, 0x6e, 0xfd, 0x2d,
  0xfd, 0xad, 0xfe, 0x0f, 0xfd, 0x8c, 0xfc, 0x87, 0xfc, 0x46, 0xfc, 0x87,
  0xfc, 0xe9, 0xfd, 0x0a, 0xfd, 0x2a, 0xfd, 0x6b, 0xfd, 0xce, 0xfe, 0x0f,
  0xfe, 0x2f, 0xfe, 0x8f, 0xff, 0x12, 0xff, 0x53, 0xfe, 0xb1, 0xee, 0x31,
  0xf6, 0xb3, 0xff, 0x36, 0xff, 0x77, 0xff, 0xf9, 0xff, 0xfa, 0xff, 0xf8,
  0xff, 0xb6, 0xff, 0x11, 0xfe, 0xf0, 0xff, 0x0e, 0xff, 0x0e, 0xfe, 0x0a,
  0xed, 0x88, 0xed, 0x49, 0xdc, 0xa7, 0xf5, 0x4b, 0xfe, 0x30, 0xfe, 0xb0,
  0xfe, 0xb0, 0xfe, 0x8c, 0xfe, 0x6b, 0xfe, 0xab, 0xfe, 0xca, 0xfe, 0xec,
  0xff, 0x0d, 0xff, 0x10, 0xff, 0x52, 0xff, 0x95, 0xff, 0xb7, 0xff, 0xb8,
  0xff, 0xda, 0xff, 0xdb, 0xff, 0xdd, 0xff, 0xfd, 0xff, 0xff, 0xff, 0xfe,
  0xff, 0xfe, 0xff, 0xfe, 0xff, 0xfc, 0x00, 0x00, 0x00, 0x00, 0x00, 0x00,
  0x00, 0x00, 0x00, 0x00, 0x00, 0x00, 0x00, 0x00, 0xde, 0x52, 0xde, 0x73,
  0xff, 0x56, 0xff, 0xd9, 0xff, 0xfa, 0xff, 0xfd, 0xff, 0xfd, 0xff, 0xff,
  0xff, 0xff, 0xff, 0xff, 0xff, 0xff, 0xff, 0xff, 0xff, 0xff, 0xff, 0xff,
  0xff, 0xff, 0xff, 0xff, 0xff, 0xff, 0xff, 0xff, 0xff, 0xff, 0xff, 0xff,
  0xff, 0xff, 0xff, 0xff, 0xff, 0xff, 0xff, 0xff, 0xff, 0xff, 0xff, 0xff,
  0xff, 0xff, 0xff, 0xff, 0xff, 0xff, 0xff, 0xff, 0xff, 0xff, 0xff, 0xff,
  0xff, 0xfc, 0xff, 0xdb, 0xff, 0x96, 0xff, 0x55, 0xfe, 0xcf, 0xf6, 0x0c,
  0xf5, 0x27, 0xe4, 0xc5, 0xec, 0x64, 0xdb, 0xe2, 0xcb, 0x41, 0xcb, 0x00,
  0xc2, 0xe0, 0xba, 0xa0, 0xba, 0x40, 0xb2, 0x20, 0xa9, 0xc0, 0xa1, 0x80,
  0xa9, 0x80, 0xb1, 0xa0, 0xba, 0x00, 0xba, 0x20, 0xc2, 0x20, 0xc2, 0x40,
  0xc2, 0x60, 0xca, 0x81, 0xca, 0x81, 0xca, 0x81, 0xca, 0x81, 0xca, 0x81,
  0xc2, 0x81, 0xc2, 0x81, 0xc2, 0xa1, 0xc2, 0xa2, 0xc2, 0xa2, 0xba, 0x82,
  0xba, 0x82, 0xba, 0x82, 0xb2, 0x62, 0xb2, 0x62, 0xaa, 0x42, 0xa2, 0x01,
  0x9a, 0x01, 0x9a, 0x22, 0x9a, 0x22, 0x9a, 0x02, 0x9a, 0x01, 0x99, 0xe1,
  0x91, 0xe1, 0x91, 0xc1, 0x91, 0xa1, 0x89, 0x81, 0x89, 0x81, 0x89, 0x81,
  0x89, 0x81, 0x89, 0x81, 0x89, 0x60, 0x81, 0x60, 0x81, 0x80, 0x9a, 0x22,
  0xc3, 0x87, 0xe4, 0x8b, 0xec, 0xcb, 0xf4, 0xec, 0xfd, 0x4d, 0xfd, 0xcf,
  0xfe, 0x10, 0xfe, 0x51, 0xfe, 0x71, 0xfe, 0x71, 0xfe, 0x50, 0xfe, 0x0f,
  0xfd, 0x8c, 0xfd, 0x0b, 0xf4, 0xa9, 0xfc, 0xe9, 0xfd, 0x4c, 0xfd, 0x6c,
  0xfd, 0x4d, 0xfd, 0xcf, 0xfe, 0x12, 0xfe, 0x52, 0xfe, 0xb5, 0xfe, 0xf6,
  0xff, 0x38, 0xff, 0x79, 0xff, 0x9a, 0xff, 0xbc, 0xff, 0xdd, 0xff, 0xde,
  0xff, 0xfc, 0xff, 0xfb, 0xff, 0xfc, 0xff, 0xfc, 0xff, 0xfd, 0xff, 0xfe,
  0xff, 0xfe, 0xff, 0xff, 0xff, 0xff, 0xf7, 0xfe, 0xf7, 0xdd, 0xff, 0xfc,
  0xff, 0xdc, 0xff, 0x39, 0xff, 0x18, 0xfc, 0x2a, 0xd2, 0xe5, 0xe2, 0xa4,
  0xea, 0xc5, 0xeb, 0x06, 0xfb, 0x47, 0xfb, 0xe9, 0xfc, 0x8b, 0xfd, 0x8f,
  0xfd, 0xd0, 0xfe, 0x11, 0xfe, 0x52, 0xfe, 0x73, 0xfe, 0x73, 0xfe, 0x74,
  0xfe, 0x94, 0xfe, 0x95, 0xfe, 0xb6, 0xfe, 0x95, 0xfe, 0xf8, 0xff, 0xba,
  0xff, 0xfc, 0xff, 0xdb, 0xff, 0xdb, 0xff, 0xdb, 0xff, 0xdb, 0xff, 0xba,
  0xff, 0xda, 0xff, 0xda, 0xff, 0xba, 0xff, 0xba, 0xff, 0x9a, 0xff, 0x79,
  0xff, 0x58, 0xff, 0x78, 0xff, 0x77, 0xfe, 0xb4, 0xf5, 0x6e, 0xf5, 0x4d,
  0xfd, 0xce, 0xfe, 0x50, 0xfd, 0xac, 0xfc, 0xa7, 0xf4, 0x46, 0xfc, 0xa7,
  0xfd, 0x2a, 0xfd, 0x2a, 0xfd, 0x4a, 0xfd, 0x8b, 0xfd, 0xee, 0xfe, 0x30,
  0xfe, 0x70, 0xfe, 0x8f, 0xfe, 0x70, 0xfe, 0x0f, 0xed, 0xae, 0xee, 0x31,
  0xfe, 0xf5, 0xff, 0x77, 0xff, 0x77, 0xff, 0xb8, 0xff, 0xd8, 0xff, 0xb6,
  0xff, 0x75, 0xff, 0x11, 0xfe, 0xd0, 0xfe, 0xcd, 0xff, 0x2f, 0xfe, 0x0a,
  0xdd, 0x27, 0xed, 0x29, 0xe4, 0xe8, 0xec, 0xea, 0xfe, 0x0f, 0xfe, 0x91,
  0xfe, 0xb2, 0xfe, 0xae, 0xfe, 0x8d, 0xfe, 0xac, 0xfe, 0xab, 0xfe, 0xcc,
  0xfe, 0xed, 0xfe, 0xef, 0xff, 0x52, 0xff, 0x95, 0xff, 0xb7, 0xff, 0xb8,
  0xff, 0xba, 0xff, 0xdb, 0xff, 0xdd, 0xff, 0xfe, 0xff, 0xff, 0xff, 0xff,
  0xff, 0xfe, 0xff, 0xfe, 0x00, 0x00, 0x00, 0x00, 0x00, 0x00, 0x00, 0x00,
  0x00, 0x00, 0x00, 0x00, 0x00, 0x00, 0x00, 0x00, 0xe6, 0x73, 0xe6, 0xb3,
  0xff, 0x76, 0xff, 0xfa, 0xff, 0xfa, 0xff, 0xfc, 0xff, 0xfd, 0xff, 0xff,
  0xff, 0xff, 0xff, 0xff, 0xff, 0xff, 0xff, 0xff, 0xff, 0xff, 0xff, 0xff,
  0xff, 0xff, 0xff, 0xff, 0xff, 0xff, 0xff, 0xff, 0xff, 0xff, 0xff, 0xff,
  0xff, 0xff, 0xff, 0xff, 0xff, 0xff, 0xff, 0xff, 0xff, 0xff, 0xff, 0xff,
  0xff, 0xff, 0xff, 0xff, 0xff, 0xff, 0xff, 0xff, 0xff, 0xff, 0xff, 0xff,
  0xff, 0xfc, 0xff, 0xdb, 0xff, 0x96, 0xff, 0x55, 0xfe, 0xaf, 0xf6, 0x0c,
  0xf5, 0x27, 0xec, 0xc5, 0xec, 0x84, 0xdb, 0xe2, 0xd3, 0x41, 0xcb, 0x20,
  0xca, 0xe0, 0xc2, 0xc0, 0xba, 0x60, 0xb2, 0x20, 0xa9, 0xe0, 0xa9, 0xa0,
  0xa9, 0xa0, 0xb1, 0xc0, 0xba, 0x00, 0xc2, 0x20, 0xc2, 0x40, 0xc2, 0x40,
  0xc2, 0x60, 0xca, 0x81, 0xca, 0xa1, 0xca, 0xa1, 0xca, 0xa2, 0xca, 0xa2,
  0xca, 0xa1, 0xc2, 0xa2, 0xc2, 0xa2, 0xc2, 0xa2, 0xc2, 0xa2, 0xba, 0x82,
  0xba, 0x82, 0xba, 0x82, 0xba, 0x82, 0xb2, 0x82, 0xb2, 0x82, 0xa2, 0x21,
  0x9a, 0x01, 0x9a, 0x22, 0x9a, 0x22, 0x9a, 0x02, 0x9a, 0x01, 0x99, 0xe1,
  0x91, 0xe1, 0x91, 0xc1, 0x91, 0xa1, 0x89, 0xa1, 0x89, 0xa1, 0x89, 0x81,
  0x89, 0x81, 0x89, 0x81, 0x89, 0x81, 0x81, 0x40, 0x81, 0x60, 0xa2, 0x83,
  0xd3, 0xe8, 0xec, 0xcc, 0xf4, 0xec, 0xfd, 0x4d, 0xfd, 0xae, 0xfd, 0xf0,
  0xfe, 0x51, 0xfe, 0x72, 0xfe, 0x92, 0xfe, 0xb2, 0xfe, 0xb2, 0xfe, 0x50,
  0xfd, 0x6c, 0xf4, 0xc9, 0xec, 0x47, 0xec, 0x67, 0xf4, 0xca, 0xf4, 0xca,
  0xec, 0xab, 0xfd, 0x4e, 0xfd, 0xb0, 0xfd, 0xf1, 0xfe, 0x53, 0xfe, 0xb5,
  0xff, 0x17, 0xff, 0x59, 0xff, 0x9a, 0xff, 0xbc, 0xff, 0xdc, 0xff, 0x9d,
  0xff, 0xbb, 0xff, 0xfb, 0xff, 0xfc, 0xff, 0xfc, 0xff, 0xfc, 0xff, 0xfe,
  0xff, 0xfe, 0xff, 0xff, 0xff, 0xff, 0xf7, 0xbd, 0xff, 0xfe, 0xff, 0xfd,
  0xff, 0x9b, 0xff, 0x39, 0xff, 0x18, 0xfc, 0x2a, 0xd2, 0xe5, 0xe2, 0x84,
  0xe2, 0x84, 0xe2, 0xc5, 0xf3, 0x26, 0xf3, 0xa8, 0xfc, 0x2a, 0xfc, 0xed,
  0xfd, 0x8f, 0xfe, 0x32, 0xfe, 0x93, 0xfe, 0xb4, 0xfe, 0x94, 0xfe, 0x94,
  0xfe, 0x95, 0xfe, 0xd6, 0xfe, 0xd6, 0xfe, 0xf7, 0xff, 0x79, 0xff, 0xdb,
  0xff, 0xfc, 0xff, 0xfb, 0xff, 0xfb, 0xff, 0xdb, 0xff, 0xda, 0xff, 0xba,
  0xff, 0xda, 0xff, 0xda, 0xff, 0xba, 0xff, 0xba, 0xff, 0x9a, 0xff, 0x79,
  0xff, 0x58, 0xff, 0x58, 0xff, 0x57, 0xfe, 0x94, 0xf5, 0x6e, 0xfd, 0x6e,
  0xfe, 0x2f, 0xfe, 0x2f, 0xfd, 0x6b, 0xfc, 0xc8, 0xfc, 0x87, 0xfc, 0xc8,
  0xfd, 0x09, 0xfd, 0x2a, 0xfd, 0x4a, 0xfd, 0x6b, 0xfd, 0x8c, 0xfd, 0xef,
  0xfe, 0x70, 0xfe, 0xb0, 0xfe, 0x90, 0xfe, 0x2f, 0xed, 0xef, 0xee, 0x31,
  0xfe, 0xf4, 0xff, 0x77, 0xff, 0x77, 0xff, 0xb8, 0xff, 0xd8, 0xff, 0xb6,
  0xff, 0x75, 0xff, 0x11, 0xfe, 0xd0, 0xfe, 0xcd, 0xff, 0x4f, 0xfd, 0xea,
  0xdd, 0x06, 0xed, 0x09, 0xf5, 0x49, 0xe4, 0xea, 0xfd, 0xcf, 0xfe, 0x70,
  0xfe, 0xb1, 0xfe, 0xcf, 0xfe, 0xae, 0xfe, 0xac, 0xfe, 0xcb, 0xfe, 0xcc,
  0xfe, 0xcc, 0xfe, 0xef, 0xff, 0x32, 0xff, 0x95, 0xff, 0xb7, 0xff, 0xb8,
  0xff, 0xba, 0xff, 0xdb, 0xff, 0xdd, 0xff, 0xfe, 0xff, 0xff, 0xff, 0xff,
  0xff, 0xfe, 0xff, 0xfe, 0x00, 0x00, 0x00, 0x00, 0x00, 0x00, 0x00, 0x00,
  0x00, 0x00, 0x00, 0x00, 0x00, 0x00, 0x00, 0x00, 0xee, 0xb4, 0xe6, 0xd4,
  0xff, 0x77, 0xff, 0xfa, 0xff, 0xfb, 0xff, 0xfd, 0xff, 0xfd, 0xff, 0xff,
  0xff, 0xff, 0xff, 0xff, 0xff, 0xff, 0xff, 0xff, 0xff, 0xff, 0xff, 0xff,
  0xff, 0xff, 0xff, 0xff, 0xff, 0xff, 0xff, 0xff, 0xff, 0xff, 0xff, 0xff,
  0xff, 0xff, 0xff, 0xff, 0xff, 0xff, 0xff, 0xff, 0xff, 0xff, 0xff, 0xff,
  0xff, 0xff, 0xff, 0xff, 0xff, 0xff, 0xff, 0xff, 0xff, 0xff, 0xff, 0xff,
  0xff, 0xfc, 0xff, 0xdb, 0xff, 0x96, 0xff, 0x55, 0xfe, 0xaf, 0xf5, 0xec,
  0xf5, 0x27, 0xec, 0xe5, 0xf4, 0x85, 0xe4, 0x02, 0xd3, 0x61, 0xcb, 0x20,
  0xcb, 0x00, 0xc2, 0xc0, 0xba, 0x60, 0xba, 0x40, 0xa9, 0xe0, 0xa9, 0xa0,
  0xa9, 0x80, 0xb1, 0xa0, 0xb9, 0xe0, 0xc2, 0x20, 0xc2, 0x40, 0xc2, 0x40,
  0xc2, 0x60, 0xca, 0x80, 0xca, 0xa1, 0xca, 0xa1, 0xca, 0xc1, 0xca, 0xc2,
  0xca, 0xa1, 0xc2, 0xa1, 0xc2, 0xa1, 0xc2, 0xa2, 0xc2, 0x82, 0xba, 0x82,
  0xba, 0x82, 0xba, 0x82, 0xba, 0x82, 0xb2, 0x82, 0xba, 0xa3, 0xa2, 0x42,
  0xa2, 0x22, 0xa2, 0x22, 0x9a, 0x21, 0x9a, 0x01, 0x9a, 0x01, 0x9a, 0x01,
  0x99, 0xe1, 0x91, 0xc1, 0x91, 0xc1, 0x91, 0xa1, 0x89, 0xa1, 0x89, 0x81,
  0x89, 0x81, 0x89, 0x81, 0x89, 0x81, 0x81, 0x40, 0x81, 0x40, 0xaa, 0xa4,
  0xdc, 0x29, 0xfd, 0x0d, 0xfd, 0x6e, 0xfd, 0xcf, 0xfd, 0xf0, 0xfd, 0xf0,
  0xfe, 0x51, 0xfe, 0x92, 0xfe, 0xd3, 0xfe, 0xf3, 0xff, 0x14, 0xfe, 0x91,
  0xfd, 0x4c, 0xf4, 0x88, 0xec, 0x05, 0xec, 0x05, 0xec, 0x07, 0xec, 0x07,
  0xe3, 0xe7, 0xfc, 0x8a, 0xfd, 0x0d, 0xfd, 0x2e, 0xfd, 0xb0, 0xfe, 0x32,
  0xfe, 0xb4, 0xfe, 0xf6, 0xff, 0x58, 0xff, 0x79, 0xff, 0x99, 0xff, 0x5a,
  0xff, 0x78, 0xff, 0xf6, 0xff, 0xf7, 0xff, 0xd8, 0xff, 0xd9, 0xff, 0xfa,
  0xff, 0xfb, 0xff, 0xdb, 0xff, 0x9a, 0xff, 0x9b, 0xff, 0xfd, 0xff, 0xdb,
  0xff, 0x5a, 0xff, 0x59, 0xfe, 0xd7, 0xfc, 0x4a, 0xda, 0xe5, 0xda, 0x42,
  0xe2, 0x43, 0xe2, 0xa4, 0xf3, 0x05, 0xf3, 0xa8, 0xfc, 0x2a, 0xfc, 0xcd,
  0xfd, 0x6f, 0xfe, 0x12, 0xfe, 0x53, 0xfe, 0x94, 0xfe, 0xb5, 0xfe, 0xd5,
  0xfe, 0xd6, 0xfe, 0xf6, 0xff, 0x17, 0xff, 0x38, 0xff, 0x9a, 0xff, 0xba,
  0xff, 0xda, 0xff, 0xda, 0xff, 0xda, 0xff, 0xda, 0xff, 0xba, 0xff, 0xba,
  0xff, 0x9a, 0xff, 0x9a, 0xff, 0x9a, 0xff, 0x9a, 0xff, 0x9a, 0xff, 0x79,
  0xff, 0x57, 0xff, 0x58, 0xff, 0x57, 0xfe, 0xb4, 0xf5, 0x6e, 0xfd, 0x8e,
  0xfe, 0x50, 0xfe, 0x4f, 0xfd, 0x6b, 0xfc, 0xe8, 0xfc, 0xc8, 0xfd, 0x09,
  0xfd, 0x29, 0xfd, 0x2a, 0xfd, 0x6b, 0xfd, 0x8c, 0xfd, 0xad, 0xfe, 0x0f,
  0xfe, 0xb1, 0xfe, 0xd1, 0xfe, 0x90, 0xfe, 0x4f, 0xed, 0xef, 0xf6, 0x52,
  0xfe, 0xd4, 0xff, 0x57, 0xff, 0x77, 0xff, 0xb8, 0xff, 0xd8, 0xff, 0xb6,
  0xff, 0x74, 0xff, 0x10, 0xfe, 0xcf, 0xfe, 0xad, 0xff, 0x2f, 0xfe, 0x0a,
  0xdd, 0x06, 0xe4, 0xe8, 0xf5, 0x6a, 0xf5, 0x4c, 0xfd, 0xce, 0xfe, 0x50,
  0xfe, 0xb2, 0xfe, 0xf0, 0xfe, 0xcf, 0xfe, 0xad, 0xfe, 0xcc, 0xfe, 0xcd,
  0xfe, 0xcd, 0xfe, 0xcf, 0xff, 0x32, 0xff, 0x75, 0xff, 0xb7, 0xff, 0xb8,
  0xff, 0xba, 0xff, 0xdb, 0xff, 0xdd, 0xff, 0xfe, 0xff, 0xff, 0xff, 0xff,
  0xff, 0xff, 0xff, 0xff, 0x00, 0x00, 0x00, 0x00, 0x00, 0x00, 0x00, 0x00,
  0x00, 0x00, 0x00, 0x00, 0x00, 0x00, 0x00, 0x00, 0xf6, 0xf5, 0xe6, 0xd4,
  0xff, 0x77, 0xff, 0xfa, 0xff, 0xfb, 0xff, 0xfe, 0xff, 0xfd, 0xff, 0xff,
  0xff, 0xff, 0xff, 0xff, 0xff, 0xff, 0xff, 0xff, 0xff, 0xff, 0xff, 0xff,
  0xff, 0xff, 0xff, 0xff, 0xff, 0xff, 0xff, 0xff, 0xff, 0xff, 0xff, 0xff,
  0xff, 0xff, 0xff, 0xff, 0xff, 0xff, 0xff, 0xff, 0xff, 0xff, 0xff, 0xff,
  0xff, 0xff, 0xff, 0xff, 0xff, 0xff, 0xff, 0xff, 0xff, 0xff, 0xff, 0xff,
  0xff, 0xfc, 0xff, 0xdb, 0xff, 0x96, 0xff, 0x55, 0xfe, 0xaf, 0xf5, 0xeb,
  0xf5, 0x47, 0xed, 0x06, 0xf4, 0xa5, 0xe4, 0x03, 0xd3, 0x81, 0xd3, 0x41,
  0xcb, 0x21, 0xc2, 0xe0, 0xba, 0x80, 0xba, 0x40, 0xb1, 0xe0, 0xa9, 0xa0,
  0xa9, 0x80, 0xa9, 0xa0, 0xb1, 0xe0, 0xba, 0x20, 0xc2, 0x60, 0xc2, 0x60,
  0xc2, 0x60, 0xc2, 0x80, 0xca, 0xa1, 0xca, 0xc2, 0xca, 0xc2, 0xca, 0xc2,
  0xca, 0xc2, 0xca, 0xc2, 0xc2, 0xa1, 0xc2, 0xa2, 0xc2, 0xa2, 0xba, 0xa2,
  0xba, 0x82, 0xba, 0x82, 0xba, 0x82, 0xb2, 0x82, 0xba, 0xa3, 0xaa, 0x83,
  0xaa, 0x63, 0xa2, 0x62, 0xa2, 0x42, 0xa2, 0x22, 0x9a, 0x22, 0x9a, 0x01,
  0x99, 0xe1, 0x91, 0xe1, 0x91, 0xc1, 0x91, 0xa1, 0x91, 0xa1, 0x89, 0xa1,
  0x89, 0x81, 0x89, 0x81, 0x89, 0x81, 0x81, 0x40, 0x81, 0x60, 0xb2, 0xc5,
  0xdc, 0x2a, 0xf5, 0x0d, 0xfd, 0x8f, 0xfd, 0xd0, 0xfd, 0xcf, 0xfd, 0xcf,
  0xfe, 0x10, 0xfe, 0x51, 0xfe, 0x92, 0xfe, 0xd3, 0xff, 0x13, 0xfe, 0x92,
  0xfd, 0x6c, 0xf4, 0x88, 0xec, 0x26, 0xe3, 0xc4, 0xdb, 0xa5, 0xdb, 0x85,
  0xd3, 0x66, 0xdb, 0xc7, 0xe4, 0x29, 0xe4, 0x4a, 0xf5, 0x0e, 0xfd, 0xd0,
  0xfe, 0x33, 0xfe, 0x95, 0xfe, 0xf6, 0xff, 0x38, 0xff, 0x38, 0xff, 0x19,
  0xff, 0x37, 0xff, 0x94, 0xff, 0x96, 0xff, 0xb7, 0xff, 0xb8, 0xff, 0xda,
  0xff, 0xba, 0xff, 0x9a, 0xff, 0x59, 0xff, 0x9b, 0xff, 0xbb, 0xff, 0x5a,
  0xff, 0x9a, 0xff, 0xba, 0xfe, 0x95, 0xf3, 0xc9, 0xeb, 0x87, 0xd2, 0x02,
  0xda, 0x02, 0xe2, 0x83, 0xea, 0xe5, 0xeb, 0x67, 0xf3, 0xe9, 0xf4, 0x8b,
  0xfd, 0x0d, 0xfd, 0xb0, 0xfd, 0xd1, 0xfe, 0x33, 0xfe, 0x74, 0xfe, 0xb5,
  0xfe, 0xd6, 0xfe, 0xf6, 0xfe, 0xf7, 0xff, 0x38, 0xff, 0x9a, 0xff, 0x9a,
  0xff, 0xba, 0xff, 0xba, 0xff, 0xdb, 0xff, 0xdb, 0xff, 0xda, 0xff, 0xba,
  0xff, 0x99, 0xff, 0x99, 0xff, 0x99, 0xff, 0x99, 0xff, 0x79, 0xff, 0x59,
  0xff, 0x37, 0xff, 0x58, 0xff, 0x77, 0xfe, 0xb4, 0xf5, 0x6e, 0xfd, 0x8f,
  0xfe, 0x50, 0xfe, 0x50, 0xfd, 0x6b, 0xfc, 0xe8, 0xfc, 0xe8, 0xfd, 0x29,
  0xfd, 0x4a, 0xfd, 0x4a, 0xfd, 0x8c, 0xfd, 0x8c, 0xfd, 0xad, 0xfe, 0x0f,
  0xfe, 0x90, 0xfe, 0xb0, 0xfe, 0x70, 0xfe, 0x50, 0xfe, 0x50, 0xfe, 0x93,
  0xfe, 0xf5, 0xff, 0x57, 0xff, 0x77, 0xff, 0xb8, 0xff, 0xb8, 0xff, 0x96,
  0xff, 0x54, 0xff, 0x10, 0xfe, 0xcf, 0xfe, 0xad, 0xff, 0x0e, 0xfe, 0x2a,
  0xe5, 0x26, 0xe4, 0xe8, 0xfd, 0xab, 0xfd, 0x8d, 0xfd, 0xce, 0xfe, 0x2f,
  0xfe, 0x91, 0xfe, 0xf0, 0xfe, 0xd0, 0xfe, 0xcd, 0xfe, 0xcc, 0xfe, 0xcd,
  0xfe, 0xcd, 0xfe, 0xef, 0xff, 0x11, 0xff, 0x75, 0xff, 0x97, 0xff, 0xb8,
  0xff, 0xba, 0xff, 0xdb, 0xff, 0xdd, 0xff, 0xfe, 0xff, 0xff, 0xff, 0xff,
  0xff, 0xff, 0xff, 0xff, 0x00, 0x00, 0x00, 0x00, 0x00, 0x00, 0x00, 0x00,
  0x00, 0x00, 0x00, 0x00, 0x00, 0x00, 0x00, 0x00, 0x00, 0x00, 0xe6, 0xd5,
  0xf7, 0x57, 0xff, 0xb9, 0xff, 0xfb, 0xff, 0xfe, 0xff, 0xfd, 0xff, 0xfe,
  0xff, 0xff, 0xff, 0xff, 0xff, 0xff, 0xff, 0xff, 0xff, 0xff, 0xff, 0xff,
  0xff, 0xff, 0xff, 0xff, 0xff, 0xff, 0xff, 0xff, 0xff, 0xff, 0xff, 0xff,
  0xff, 0xff, 0xff, 0xff, 0xff, 0xff, 0xff, 0xff, 0xff, 0xff, 0xff, 0xff,
  0xff, 0xff, 0xff, 0xff, 0xff, 0xff, 0xff, 0xff, 0xff, 0xff, 0xff, 0xff,
  0xff, 0xfc, 0xff, 0xdb, 0xff, 0x96, 0xff, 0x55, 0xfe, 0xaf, 0xf5, 0xeb,
  0xfd, 0x47, 0xf5, 0x26, 0xf4, 0x85, 0xe3, 0xe2, 0xd3, 0x61, 0xcb, 0x41,
  0xcb, 0x01, 0xc2, 0xc0, 0xba, 0x60, 0xba, 0x40, 0xb2, 0x00, 0xa9, 0xa0,
  0xa1, 0x80, 0xa9, 0xa0, 0xb1, 0xe0, 0xc2, 0x20, 0xc2, 0x60, 0xc2, 0x60,
  0xc2, 0x60, 0xca, 0xa0, 0xca, 0xa1, 0xca, 0xa1, 0xca, 0xa1, 0xca, 0xc1,
  0xca, 0xc1, 0xca, 0xc2, 0xca, 0xc2, 0xc2, 0xc2, 0xc2, 0xc2, 0xc2, 0xc2,
  0xc2, 0xa2, 0xba, 0xa2, 0xba, 0xa2, 0xba, 0xa3, 0xba, 0xc3, 0xb2, 0xc3,
  0xb2, 0xc3, 0xaa, 0x83, 0xa2, 0x62, 0xa2, 0x42, 0x9a, 0x22, 0x9a, 0x01,
  0x9a, 0x02, 0x91, 0xe1, 0x91, 0xa0, 0x89, 0xa0, 0x89, 0x81, 0x89, 0x81,
  0x89, 0x81, 0x89, 0x60, 0x89, 0x60, 0x79, 0x20, 0x79, 0x20, 0xa2, 0x63,
  0xdc, 0x09, 0xfd, 0x0d, 0xfd, 0x4e, 0xfd, 0x2d, 0xfc, 0xcc, 0xfc, 0xcc,
  0xfd, 0x6e, 0xfd, 0x8e, 0xfd, 0xcf, 0xfe, 0x30, 0xfe, 0x71, 0xfe, 0x51,
  0xfd, 0xcd, 0xfd, 0x4b, 0xfc, 0xa9, 0xec, 0x06, 0xe3, 0xa5, 0xdb, 0x65,
  0xd3, 0x45, 0xd3, 0x45, 0xd3, 0x66, 0xd3, 0x86, 0xdb, 0xe8, 0xec, 0xab,
  0xfd, 0x4e, 0xfd, 0xd0, 0xfe, 0x52, 0xfe, 0xb3, 0xfe, 0xb4, 0xfe, 0xb4,
  0xfe, 0x91, 0xfe, 0x6d, 0xfe, 0x6f, 0xfe, 0x70, 0xfe, 0x70, 0xfe, 0x72,
  0xfe, 0x72, 0xfe, 0x74, 0xfe, 0x74, 0xfe, 0x96, 0xfe, 0x96, 0xfe, 0xd6,
  0xfe, 0xd6, 0xfe, 0x12, 0xf4, 0xac, 0xeb, 0x86, 0xd3, 0x04, 0xda, 0x42,
  0xda, 0x63, 0xea, 0x84, 0xf2, 0xc4, 0xeb, 0x05, 0xf3, 0x46, 0xeb, 0xa8,
  0xf4, 0x29, 0xf4, 0xcd, 0xfd, 0x0e, 0xfd, 0x90, 0xfe, 0x12, 0xfe, 0x74,
  0xfe, 0x95, 0xfe, 0xd5, 0xfe, 0xf6, 0xff, 0x17, 0xff, 0x38, 0xff, 0x58,
  0xff, 0x78, 0xff, 0x79, 0xff, 0x99, 0xff, 0x99, 0xff, 0x79, 0xff, 0x79,
  0xff, 0xba, 0xff, 0x99, 0xff, 0x99, 0xff, 0x99, 0xff, 0x99, 0xff, 0x78,
  0xff, 0x77, 0xff, 0x98, 0xff, 0x55, 0xfe, 0x51, 0xf5, 0x6d, 0xfd, 0xce,
  0xfe, 0xd1, 0xfe, 0xb1, 0xfd, 0xac, 0xec, 0xa8, 0xf5, 0x0a, 0xf5, 0x09,
  0xf5, 0x4b, 0xfd, 0xee, 0xfd, 0xcd, 0xfd, 0xad, 0xfe, 0x50, 0xfe, 0x71,
  0xfe, 0xb1, 0xfe, 0xd0, 0xfe, 0x70, 0xfe, 0x2f, 0xf6, 0x30, 0xfe, 0xb3,
  0xff, 0x35, 0xff, 0x97, 0xff, 0xb7, 0xff, 0x76, 0xff, 0x97, 0xff, 0x74,
  0xff, 0x33, 0xfe, 0xcf, 0xfe, 0x8e, 0xfe, 0x6c, 0xfe, 0xcd, 0xfe, 0x2b,
  0xed, 0x27, 0xe4, 0xe8, 0xfd, 0xab, 0xfd, 0xce, 0xfd, 0xee, 0xfe, 0x0f,
  0xfe, 0x91, 0xff, 0x11, 0xfe, 0xf1, 0xfe, 0xce, 0xfe, 0xcd, 0xfe, 0xce,
  0xfe, 0xcd, 0xfe, 0xd0, 0xfe, 0xf1, 0xff, 0x55, 0xff, 0xb8, 0xff, 0xb9,
  0xff, 0xdb, 0xff, 0xdc, 0xff, 0xfe, 0xff, 0xfe, 0xff, 0xff, 0xff, 0xff,
  0xff, 0xff, 0x00, 0x00, 0x00, 0x00, 0x00, 0x00, 0x00, 0x00, 0x00, 0x00,
  0x00, 0x00, 0x00, 0x00, 0x00, 0x00, 0x00, 0x00, 0x00, 0x00, 0xe6, 0xf5,
  0xff, 0x77, 0xf7, 0x99, 0xff, 0xfa, 0xff, 0xfe, 0xff, 0xfd, 0xff, 0xff,
  0xff, 0xff, 0xff, 0xff, 0xff, 0xff, 0xff, 0xff, 0xff, 0xff, 0xff, 0xff,
  0xff, 0xff, 0xff, 0xff, 0xff, 0xff, 0xff, 0xff, 0xff, 0xff, 0xff, 0xff,
  0xff, 0xff, 0xff, 0xff, 0xff, 0xff, 0xff, 0xff, 0xff, 0xff, 0xff, 0xff,
  0xff, 0xff, 0xff, 0xff, 0xff, 0xff, 0xff, 0xff, 0xff, 0xff, 0xff, 0xff,
  0xff, 0xfc, 0xff, 0xfc, 0xff, 0xd7, 0xff, 0x76, 0xfe, 0xcf, 0xf6, 0x0c,
  0xfd, 0x88, 0xf5, 0x26, 0xf4, 0xa5, 0xe4, 0x02, 0xd3, 0x81, 0xd3, 0x41,
  0xcb, 0x21, 0xc2, 0xe0, 0xba, 0x80, 0xba, 0x40, 0xb2, 0x00, 0xa9, 0xa0,
  0xa1, 0x60, 0xa9, 0x80, 0xb1, 0xe0, 0xba, 0x20, 0xc2, 0x60, 0xca, 0x60,
  0xc2, 0x60, 0xca, 0xa1, 0xca, 0xa0, 0xca, 0x81, 0xca, 0xa1, 0xca, 0xc1,
  0xca, 0xc1, 0xca, 0xe2, 0xca, 0xe2, 0xca, 0xe2, 0xca, 0xe2, 0xc2, 0xe2,
  0xc2, 0xe2, 0xc2, 0xc3, 0xc2, 0xc3, 0xba, 0xc3, 0xba, 0xc3, 0xb2, 0xc4,
  0xb2, 0xc3, 0xaa, 0x83, 0xa2, 0x62, 0xa2, 0x42, 0x9a, 0x21, 0x9a, 0x01,
  0x9a, 0x02, 0x91, 0xe1, 0x91, 0xa1, 0x89, 0xa1, 0x89, 0x81, 0x89, 0x81,
  0x89, 0x81, 0x89, 0x81, 0x89, 0x80, 0x81, 0x40, 0x79, 0x20, 0x89, 0x80,
  0xaa, 0xa3, 0xd3, 0xc8, 0xe4, 0x49, 0xdb, 0xe8, 0xcb, 0x45, 0xaa, 0x62,
  0xaa, 0xa3, 0xc3, 0x45, 0xec, 0xaa, 0xfd, 0xf0, 0xfe, 0xd2, 0xfe, 0x91,
  0xfd, 0xee, 0xfd, 0x6c, 0xfc, 0xea, 0xfc, 0x88, 0xf4, 0x27, 0xeb, 0xe7,
  0xe3, 0xc7, 0xdb, 0x86, 0xd3, 0x86, 0xd3, 0x46, 0xd3, 0xa7, 0xe4, 0x4a,
  0xf5, 0x0d, 0xfd, 0x8f, 0xfd, 0xf0, 0xfe, 0x32, 0xfe, 0x31, 0xfe, 0x32,
  0xfd, 0xce, 0xf5, 0x69, 0xed, 0x4a, 0xed, 0x0b, 0xed, 0x2b, 0xf5, 0x8e,
  0xfd, 0xf0, 0xfe, 0x54, 0xfe, 0x94, 0xfe, 0x54, 0xfe, 0x54, 0xfe, 0x54,
  0xfd, 0xf2, 0xfd, 0x0e, 0xec, 0x4b, 0xe3, 0x66, 0xd2, 0xc3, 0xe2, 0x83,
  0xe2, 0x84, 0xea, 0xa4, 0xea, 0xa4, 0xea, 0xe5, 0xeb, 0x26, 0xe3, 0x87,
  0xeb, 0xe8, 0xec, 0x6b, 0xf4, 0xed, 0xf5, 0x6f, 0xfd, 0xf1, 0xfe, 0x33,
  0xfe, 0x74, 0xfe, 0xb5, 0xff, 0x16, 0xff, 0x17, 0xff, 0x17, 0xff, 0x38,
  0xff, 0x58, 0xff, 0x78, 0xff, 0x78, 0xff, 0x58, 0xff, 0x58, 0xff, 0x58,
  0xff, 0x99, 0xff, 0x99, 0xff, 0x99, 0xff, 0x99, 0xff, 0x99, 0xff, 0x78,
  0xff, 0x77, 0xff, 0x98, 0xfe, 0xf4, 0xf6, 0x10, 0xfd, 0x8d, 0xfe, 0x0f,
  0xfe, 0xd2, 0xfe, 0xb1, 0xfd, 0xcd, 0xf4, 0xe9, 0xf5, 0x0a, 0xf5, 0x09,
  0xfd, 0x8c, 0xfe, 0x4f, 0xfe, 0x0e, 0xfd, 0xce, 0xfe, 0x70, 0xfe, 0x71,
  0xfe, 0x90, 0xfe, 0xb0, 0xfe, 0x4f, 0xfe, 0x2f, 0xfe, 0x71, 0xfe, 0xf4,
  0xff, 0x14, 0xff, 0x77, 0xff, 0xb7, 0xff, 0x76, 0xff, 0x96, 0xff, 0x74,
  0xff, 0x33, 0xfe, 0xcf, 0xfe, 0x8e, 0xfe, 0x4b, 0xfe, 0xad, 0xfe, 0x2b,
  0xed, 0x67, 0xed, 0x09, 0xfd, 0xab, 0xfd, 0xee, 0xfe, 0x0f, 0xfe, 0x0f,
  0xfe, 0x71, 0xff, 0x11, 0xfe, 0xf1, 0xfe, 0xce, 0xfe, 0xcd, 0xfe, 0xce,
  0xfe, 0xcd, 0xfe, 0xd0, 0xfe, 0xf1, 0xff, 0x55, 0xff, 0x98, 0xff, 0xb9,
  0xff, 0xdb, 0xff, 0xdc, 0xff, 0xfe, 0xff, 0xfe, 0xff, 0xff, 0xff, 0xff,
  0xff, 0xff, 0x00, 0x00, 0x00, 0x00, 0x00, 0x00, 0x00, 0x00, 0x00, 0x00,
  0x00, 0x00, 0x00, 0x00, 0x00, 0x00, 0x00, 0x00, 0x00, 0x00, 0xef, 0x16,
  0xf7, 0x77, 0xf7, 0x99, 0xff, 0xfa, 0xff, 0xfe, 0xff, 0xfe, 0xff, 0xff,
  0xff, 0xff, 0xff, 0xff, 0xff, 0xff, 0xff, 0xff, 0xff, 0xff, 0xff, 0xff,
  0xff, 0xff, 0xff, 0xff, 0xff, 0xff, 0xff, 0xff, 0xff, 0xff, 0xff, 0xff,
  0xff, 0xff, 0xff, 0xff, 0xff, 0xff, 0xff, 0xff, 0xff, 0xff, 0xff, 0xff,
  0xff, 0xff, 0xff, 0xff, 0xff, 0xff, 0xff, 0xff, 0xff, 0xff, 0xff, 0xff,
  0xff, 0xfd, 0xff, 0xfc, 0xff, 0xf7, 0xff, 0x96, 0xfe, 0xef, 0xfe, 0x2d,
  0xfd, 0x88, 0xf5, 0x26, 0xf4, 0xc5, 0xe4, 0x22, 0xd3, 0xa1, 0xcb, 0x60,
  0xcb, 0x40, 0xc2, 0xe0, 0xba, 0xa0, 0xba, 0x60, 0xb2, 0x00, 0xa9, 0xa0,
  0xa1, 0x60, 0xa9, 0x80, 0xb1, 0xe0, 0xc2, 0x20, 0xca, 0x60, 0xc2, 0x60,
  0xc2, 0x60, 0xca, 0xc1, 0xca, 0xa1, 0xca, 0xa0, 0xca, 0xa1, 0xca, 0xc1,
  0xca, 0xc1, 0xca, 0xe2, 0xca, 0xe2, 0xca, 0xe2, 0xca, 0xe2, 0xc2, 0xe2,
  0xc2, 0xe2, 0xc2, 0xe3, 0xc2, 0xc3, 0xba, 0xc3, 0xba, 0xe3, 0xb2, 0xc3,
  0xb2, 0xa3, 0xaa, 0x82, 0xa2, 0x62, 0xa2, 0x21, 0x9a, 0x21, 0x9a, 0x01,
  0x9a, 0x01, 0x91, 0xe1, 0x91, 0xc1, 0x91, 0xa0, 0x89, 0x80, 0x89, 0x81,
  0x89, 0x81, 0x89, 0x80, 0x89, 0x81, 0x81, 0x60, 0x79, 0x00, 0x81, 0x60,
  0x9a, 0x21, 0xbb, 0x25, 0xd3, 0x86, 0xcb, 0x25, 0xba, 0x82, 0x99, 0xc0,
  0xa1, 0xa0, 0xaa, 0x00, 0xcb, 0x04, 0xec, 0x49, 0xfd, 0x4c, 0xfd, 0xef,
  0xfd, 0xef, 0xfd, 0x8d, 0xfd, 0x0b, 0xfc, 0xca, 0xfc, 0x69, 0xf4, 0x49,
  0xf4, 0x49, 0xf4, 0x08, 0xeb, 0xe8, 0xe3, 0xa7, 0xdb, 0xa6, 0xe4, 0x08,
  0xfc, 0xcb, 0xfd, 0x6d, 0xfe, 0x10, 0xfe, 0x71, 0xfe, 0x30, 0xfd, 0xae,
  0xf4, 0x27, 0xca, 0xe0, 0xca, 0xe1, 0xca, 0xc1, 0xd3, 0x03, 0xdb, 0x66,
  0xeb, 0xe8, 0xfc, 0x8c, 0xfd, 0x4f, 0xfe, 0x54, 0xfe, 0x34, 0xfe, 0x53,
  0xfe, 0x12, 0xfd, 0x8f, 0xf4, 0xed, 0xec, 0x28, 0xd3, 0x85, 0xda, 0xe5,
  0xda, 0xe5, 0xea, 0xc4, 0xea, 0xc4, 0xea, 0xc4, 0xf2, 0xe4, 0xeb, 0x25,
  0xfb, 0xc7, 0xfc, 0x6a, 0xfc, 0xcc, 0xfd, 0x4e, 0xfd, 0xd1, 0xfe, 0x32,
  0xfe, 0x73, 0xfe, 0xb5, 0xfe, 0xf6, 0xff, 0x16, 0xff, 0x16, 0xff, 0x16,
  0xff, 0x36, 0xff, 0x37, 0xff, 0x37, 0xff, 0x37, 0xff, 0x37, 0xff, 0x37,
  0xff, 0x78, 0xff, 0x78, 0xff, 0x78, 0xff, 0x78, 0xff, 0x77, 0xff, 0x57,
  0xff, 0x56, 0xff, 0x56, 0xfe, 0xb2, 0xf5, 0xce, 0xfd, 0xad, 0xfe, 0x4f,
  0xfe, 0xf2, 0xfe, 0xb1, 0xfe, 0x0e, 0xf5, 0x4b, 0xed, 0x2b, 0xed, 0x4c,
  0xfe, 0x0f, 0xfe, 0x91, 0xfe, 0x30, 0xfe, 0x0f, 0xfe, 0xb2, 0xfe, 0xd3,
  0xfe, 0x91, 0xfe, 0x6f, 0xfe, 0x2e, 0xf6, 0x2e, 0xfe, 0xb0, 0xff, 0x13,
  0xff, 0x13, 0xff, 0x55, 0xff, 0x96, 0xff, 0x76, 0xff, 0x96, 0xff, 0x74,
  0xff, 0x33, 0xfe, 0xcf, 0xfe, 0x6e, 0xfe, 0x4b, 0xfe, 0x8d, 0xfe, 0x0b,
  0xf5, 0xa9, 0xed, 0x49, 0xfd, 0xab, 0xfe, 0x2e, 0xfe, 0x4f, 0xfe, 0x0e,
  0xfe, 0x70, 0xff, 0x31, 0xff, 0x11, 0xfe, 0xcf, 0xfe, 0xce, 0xfe, 0xcf,
  0xfe, 0xce, 0xfe, 0xd0, 0xfe, 0xf1, 0xff, 0x55, 0xff, 0x77, 0xff, 0x99,
  0xff, 0xdb, 0xff, 0xdc, 0xff, 0xfe, 0xff, 0xfe, 0xff, 0xff, 0xff, 0xff,
  0xff, 0xff, 0x00, 0x00, 0x00, 0x00, 0x00, 0x00, 0x00, 0x00, 0x00, 0x00,
  0x00, 0x00, 0x00, 0x00, 0x00, 0x00, 0x00, 0x00, 0x00, 0x00, 0x00, 0x00,
  0xf7, 0x77, 0xf7, 0xb9, 0xff, 0xfa, 0xff, 0xfd, 0xff, 0xfe, 0xff, 0xff,
  0xff, 0xff, 0xff, 0xff, 0xff, 0xff, 0xff, 0xff, 0xff, 0xff, 0xff, 0xff,
  0xff, 0xff, 0xff, 0xff, 0xff, 0xff, 0xff, 0xff, 0xff, 0xff, 0xff, 0xff,
  0xff, 0xff, 0xff, 0xff, 0xff, 0xff, 0xff, 0xff, 0xff, 0xff, 0xff, 0xff,
  0xff, 0xff, 0xff, 0xff, 0xff, 0xff, 0xff, 0xff, 0xff, 0xff, 0xff, 0xff,
  0xff, 0xfd, 0xff, 0xfc, 0xff, 0xf8, 0xff, 0x96, 0xfe, 0xef, 0xfe, 0x4d,
  0xfd, 0xa9, 0xf5, 0x26, 0xfd, 0x06, 0xec, 0x83, 0xdb, 0xe2, 0xd3, 0x81,
  0xcb, 0x20, 0xc2, 0xe0, 0xc2, 0xa0, 0xc2, 0xa0, 0xba, 0x40, 0xb1, 0xc0,
  0xa9, 0xa0, 0xb1, 0xa0, 0xb1, 0xe0, 0xba, 0x00, 0xba, 0x20, 0xc2, 0x40,
  0xca, 0xa0, 0xca, 0xc1, 0xca, 0xc1, 0xca, 0xc1, 0xca, 0xc1, 0xca, 0xc1,
  0xca, 0xc1, 0xca, 0xe2, 0xca, 0xe2, 0xca, 0xe3, 0xca, 0xe2, 0xca, 0xe3,
  0xc2, 0xe2, 0xc2, 0xe3, 0xc2, 0xe3, 0xba, 0xe3, 0xba, 0xe3, 0xb2, 0xc3,
  0xb2, 0xa3, 0xaa, 0x82, 0xa2, 0x62, 0xa2, 0x42, 0xa2, 0x21, 0x9a, 0x01,
  0x9a, 0x01, 0x9a, 0x01, 0x91, 0xc1, 0x91, 0xa1, 0x89, 0xa1, 0x89, 0x80,
  0x89, 0x81, 0x89, 0x60, 0x89, 0x80, 0x81, 0x40, 0x71, 0x00, 0x79, 0x20,
  0x89, 0x60, 0x9a, 0x01, 0xb2, 0x62, 0xb2, 0x82, 0xb2, 0x41, 0xa1, 0xc0,
  0x99, 0x80, 0xa1, 0xe0, 0xba, 0xa2, 0xdb, 0xa6, 0xf4, 0x89, 0xfd, 0x2c,
  0xfd, 0xce, 0xfd, 0x8d, 0xfc, 0xca, 0xfc, 0xca, 0xfc, 0xaa, 0xfc, 0x8a,
  0xfc, 0xaa, 0xfc, 0xaa, 0xfc, 0x8a, 0xfc, 0x6a, 0xec, 0x29, 0xf4, 0x6a,
  0xf4, 0xcb, 0xfd, 0x0b, 0xfd, 0x0c, 0xf4, 0xeb, 0xec, 0x69, 0xdb, 0xc7,
  0xd3, 0x43, 0xca, 0xa0, 0xc2, 0x80, 0xca, 0xa0, 0xd3, 0x02, 0xdb, 0x45,
  0xeb, 0xe8, 0xfc, 0xee, 0xfd, 0xf2, 0xfe, 0x34, 0xfe, 0xb5, 0xff, 0x16,
  0xff, 0x16, 0xfe, 0xb3, 0xfd, 0xf0, 0xfd, 0x0b, 0xe4, 0x27, 0xe3, 0x05,
  0xda, 0xc4, 0xea, 0xa4, 0xea, 0xa4, 0xea, 0xa3, 0xea, 0x83, 0xe3, 0x05,
  0xfb, 0xc8, 0xfc, 0x6b, 0xfc, 0xec, 0xfd, 0x4f, 0xfd, 0xd1, 0xfe, 0x32,
  0xfe, 0x73, 0xfe, 0xb5, 0xfe, 0xf6, 0xff, 0x16, 0xff, 0x16, 0xff, 0x16,
  0xff, 0x16, 0xff, 0x16, 0xff, 0x16, 0xff, 0x16, 0xff, 0x16, 0xff, 0x16,
  0xff, 0x57, 0xff, 0x57, 0xff, 0x57, 0xff, 0x57, 0xff, 0x57, 0xff, 0x57,
  0xff, 0x56, 0xff, 0x15, 0xfe, 0xb1, 0xf5, 0xce, 0xfd, 0xcd, 0xfe, 0x70,
  0xfe, 0xd1, 0xfe, 0x70, 0xfd, 0xcd, 0xf5, 0x6c, 0xf5, 0x6c, 0xfd, 0xad,
  0xfe, 0x30, 0xfe, 0x50, 0xfe, 0x0f, 0xfe, 0x30, 0xfe, 0xd2, 0xfe, 0xf4,
  0xff, 0x13, 0xfe, 0xf0, 0xfe, 0x4e, 0xf6, 0x2e, 0xf6, 0x4f, 0xf6, 0x91,
  0xfe, 0xb2, 0xff, 0x35, 0xff, 0x76, 0xff, 0x55, 0xff, 0x95, 0xff, 0x74,
  0xff, 0x53, 0xfe, 0xf0, 0xfe, 0x8e, 0xfe, 0x6c, 0xfe, 0x8d, 0xfe, 0x0b,
  0xfd, 0xc9, 0xf5, 0x4a, 0xfd, 0xab, 0xfe, 0x2e, 0xfe, 0x2e, 0xfe, 0x0e,
  0xfe, 0x70, 0xff, 0x11, 0xff, 0x11, 0xfe, 0xef, 0xfe, 0xce, 0xfe, 0xcf,
  0xfe, 0xce, 0xfe, 0xd0, 0xfe, 0xf1, 0xff, 0x34, 0xff, 0x77, 0xff, 0x99,
  0xff, 0xdb, 0xff, 0xfc, 0xff, 0xfe, 0xff, 0xff, 0xff, 0xff, 0xff, 0xff,
  0x00, 0x00, 0x00, 0x00, 0x00, 0x00, 0x00, 0x00, 0x00, 0x00, 0x00, 0x00,
  0x00, 0x00, 0x00, 0x00, 0x00, 0x00, 0x00, 0x00, 0x00, 0x00, 0x00, 0x00,
  0xf7, 0x57, 0xf7, 0x99, 0xff, 0xfb, 0xff, 0xfd, 0xff, 0xfd, 0xff, 0xff,
  0xff, 0xff, 0xff, 0xff, 0xff, 0xff, 0xff, 0xff, 0xff, 0xff, 0xff, 0xff,
  0xff, 0xff, 0xff, 0xff, 0xff, 0xff, 0xff, 0xff, 0xff, 0xff, 0xff, 0xff,
  0xff, 0xff, 0xff, 0xff, 0xff, 0xff, 0xff, 0xff, 0xff, 0xff, 0xff, 0xff,
  0xff, 0xff, 0xff, 0xff, 0xff, 0xff, 0xff, 0xff, 0xff, 0xff, 0xff, 0xff,
  0xff, 0xfc, 0xff, 0xfc, 0xff, 0xf8, 0xff, 0x96, 0xfe, 0xef, 0xfe, 0x6d,
  0xfd, 0xc9, 0xf5, 0x67, 0xf5, 0x25, 0xec, 0xa3, 0xdc, 0x02, 0xcb, 0xa0,
  0xcb, 0x40, 0xc3, 0x00, 0xba, 0xa0, 0xc2, 0xa0, 0xba, 0x60, 0xb1, 0xe0,
  0xa9, 0xa0, 0xb1, 0xa0, 0xb1, 0xc0, 0xba, 0x00, 0xba, 0x00, 0xc2, 0x40,
  0xca, 0xa0, 0xca, 0xc1, 0xca, 0xc1, 0xca, 0xc1, 0xca, 0xc1, 0xca, 0xc1,
  0xca, 0xe1, 0xca, 0xe2, 0xcb, 0x02, 0xcb, 0x02, 0xcb, 0x02, 0xcb, 0x03,
  0xca, 0xe3, 0xc3, 0x03, 0xc3, 0x03, 0xc2, 0xe3, 0xba, 0xe3, 0xb2, 0xe3,
  0xb2, 0xc3, 0xaa, 0xa2, 0xaa, 0x82, 0xa2, 0x62, 0xa2, 0x42, 0x9a, 0x21,
  0x9a, 0x21, 0x9a, 0x01, 0x91, 0xe1, 0x91, 0xc0, 0x89, 0xa0, 0x89, 0x80,
  0x89, 0x80, 0x81, 0x60, 0x81, 0x60, 0x81, 0x40, 0x79, 0x20, 0x89, 0xa0,
  0x91, 0xc0, 0x91, 0xc0, 0x99, 0xc0, 0x99, 0xa0, 0x99, 0x80, 0x99, 0x80,
  0xa1, 0x80, 0xa1, 0x80, 0xaa, 0x01, 0xc2, 0xe4, 0xdb, 0xa7, 0xec, 0x29,
  0xfc, 0xcb, 0xfd, 0x0c, 0xfc, 0xca, 0xfc, 0xca, 0xfc, 0xcb, 0xfc, 0xcb,
  0xfc, 0xeb, 0xfc, 0xec, 0xfc, 0xec, 0xfc, 0xcb, 0xfc, 0xab, 0xfc, 0xaa,
  0xf4, 0x6a, 0xec, 0x28, 0xdb, 0xa6, 0xd3, 0x45, 0xd3, 0x04, 0xd2, 0xe4,
  0xca, 0xc4, 0xd2, 0x63, 0xca, 0x83, 0xca, 0x84, 0xd2, 0xc5, 0xca, 0xe6,
  0xd3, 0x48, 0xec, 0x6d, 0xfd, 0x92, 0xfe, 0x55, 0xff, 0x39, 0xff, 0x9b,
  0xff, 0xbb, 0xff, 0xbb, 0xff, 0x59, 0xfe, 0x94, 0xf5, 0x50, 0xe4, 0x2b,
  0xcb, 0x67, 0xd2, 0xa4, 0xd2, 0xa4, 0xda, 0x83, 0xda, 0x63, 0xe2, 0xe4,
  0xfb, 0x87, 0xfc, 0x4a, 0xfc, 0xab, 0xfd, 0x2e, 0xfd, 0xb0, 0xfe, 0x12,
  0xfe, 0x73, 0xfe, 0xb5, 0xfe, 0xf6, 0xff, 0x16, 0xff, 0x15, 0xff, 0x16,
  0xff, 0x16, 0xff, 0x16, 0xff, 0x16, 0xff, 0x16, 0xff, 0x16, 0xff, 0x16,
  0xff, 0x57, 0xff, 0x56, 0xff, 0x56, 0xff, 0x57, 0xff, 0x56, 0xff, 0x56,
  0xff, 0x55, 0xff, 0x14, 0xfe, 0xb2, 0xfd, 0xef, 0xfe, 0x0f, 0xfe, 0xb1,
  0xfe, 0xd2, 0xfe, 0x2f, 0xf5, 0xad, 0xf5, 0xad, 0xfd, 0xee, 0xfe, 0x0f,
  0xfe, 0x0f, 0xf6, 0x0e, 0xf6, 0x2e, 0xfe, 0x70, 0xfe, 0xb1, 0xfe, 0xf2,
  0xfe, 0xf1, 0xfe, 0x8f, 0xfe, 0x4d, 0xf6, 0x2c, 0xf6, 0x2d, 0xfe, 0xb0,
  0xff, 0x53, 0xff, 0x76, 0xff, 0xb6, 0xff, 0xd7, 0xff, 0xb6, 0xff, 0x53,
  0xff, 0x12, 0xfe, 0xaf, 0xfe, 0xd0, 0xfe, 0x4d, 0xfe, 0x8e, 0xfe, 0x0b,
  0xf5, 0xeb, 0xed, 0x49, 0xfd, 0xab, 0xfe, 0x0d, 0xfd, 0xec, 0xfe, 0x6e,
  0xfe, 0x6e, 0xfe, 0xaf, 0xff, 0x11, 0xff, 0x10, 0xfe, 0xef, 0xfe, 0xf0,
  0xff, 0x10, 0xff, 0x11, 0xff, 0x12, 0xff, 0x14, 0xff, 0x57, 0xff, 0x78,
  0xff, 0xbb, 0xff, 0xdc, 0xff, 0xff, 0xff, 0xff, 0xff, 0xff, 0xff, 0xff,
  0x00, 0x00, 0x00, 0x00, 0x00, 0x00, 0x00, 0x00, 0x00, 0x00, 0x00, 0x00,
  0x00, 0x00, 0x00, 0x00, 0x00, 0x00, 0x00, 0x00, 0x00, 0x00, 0x00, 0x00,
  0xf7, 0x37, 0xff, 0x99, 0xff, 0xfb, 0xff, 0xfd, 0xff, 0xfd, 0xff, 0xff,
  0xff, 0xff, 0xff, 0xff, 0xff, 0xff, 0xff, 0xff, 0xff, 0xff, 0xff, 0xff,
  0xff, 0xff, 0xff, 0xff, 0xff, 0xff, 0xff, 0xff, 0xff, 0xff, 0xff, 0xff,
  0xff, 0xff, 0xff, 0xff, 0xff, 0xff, 0xff, 0xff, 0xff, 0xff, 0xff, 0xff,
  0xff, 0xff, 0xff, 0xff, 0xff, 0xff, 0xff, 0xff, 0xff, 0xff, 0xff, 0xff,
  0xff, 0xfc, 0xff, 0xfc, 0xff, 0xf8, 0xff, 0x96, 0xfe, 0xf0, 0xfe, 0x6d,
  0xfd, 0xe9, 0xfd, 0x87, 0xf5, 0x05, 0xe4, 0x83, 0xdc, 0x01, 0xcb, 0xa0,
  0xcb, 0x40, 0xc3, 0x20, 0xc2, 0xc0, 0xc2, 0xc0, 0xc2, 0xa0, 0xba, 0x40,
  0xba, 0x00, 0xb1, 0xe0, 0xb9, 0xe0, 0xc2, 0x20, 0xc2, 0x20, 0xca, 0x60,
  0xca, 0xa0, 0xca, 0xc1, 0xca, 0xc1, 0xca, 0xc1, 0xca, 0xc1, 0xca, 0xc1,
  0xca, 0xe1, 0xca, 0xe2, 0xcb, 0x02, 0xcb, 0x02, 0xcb, 0x02, 0xcb, 0x03,
  0xca, 0xe3, 0xc3, 0x03, 0xc3, 0x03, 0xc2, 0xe3, 0xc2, 0xe3, 0xb2, 0xe3,
  0xb2, 0xc3, 0xaa, 0xa2, 0xaa, 0x82, 0xa2, 0x62, 0xa2, 0x41, 0x9a, 0x21,
  0x9a, 0x01, 0x9a, 0x01, 0x91, 0xe1, 0x91, 0xc0, 0x89, 0xa0, 0x89, 0x80,
  0x89, 0x80, 0x89, 0x60, 0x81, 0x40, 0x81, 0x20, 0x79, 0x20, 0x89, 0x80,
  0x89, 0xa0, 0x91, 0xa0, 0x91, 0x60, 0x91, 0x60, 0x99, 0x60, 0xa1, 0xa0,
  0xa9, 0xc0, 0xa9, 0xc0, 0xaa, 0x00, 0xba, 0x82, 0xcb, 0x25, 0xdb, 0xa6,
  0xe4, 0x08, 0xec, 0x69, 0xe4, 0x28, 0xf4, 0x89, 0xfc, 0xcb, 0xfd, 0x0c,
  0xfd, 0x2d, 0xfd, 0x4d, 0xfd, 0x4d, 0xfd, 0x2d, 0xfc, 0xab, 0xf4, 0x29,
  0xdb, 0xc7, 0xcb, 0x45, 0xba, 0xa2, 0xc3, 0x04, 0xca, 0xc3, 0xba, 0x41,
  0xca, 0xa3, 0xda, 0xa5, 0xd2, 0xa5, 0xd2, 0xa5, 0xd2, 0xc5, 0xd3, 0x07,
  0xe3, 0xaa, 0xfd, 0x50, 0xfe, 0x75, 0xfe, 0x55, 0xff, 0x18, 0xff, 0x7b,
  0xff, 0x7b, 0xff, 0xbb, 0xff, 0xdc, 0xff, 0x99, 0xfe, 0x95, 0xfd, 0x2e,
  0xe4, 0x2a, 0xdb, 0x06, 0xd2, 0x84, 0xda, 0x63, 0xda, 0x42, 0xd2, 0x42,
  0xea, 0xc4, 0xeb, 0x87, 0xfc, 0x29, 0xfc, 0xec, 0xfd, 0x4e, 0xfd, 0xd1,
  0xfe, 0x33, 0xfe, 0x94, 0xfe, 0xd5, 0xff, 0x16, 0xff, 0x15, 0xff, 0x15,
  0xff, 0x15, 0xff, 0x15, 0xff, 0x15, 0xff, 0x15, 0xff, 0x15, 0xff, 0x16,
  0xff, 0x57, 0xff, 0x56, 0xff, 0x56, 0xff, 0x56, 0xff, 0x56, 0xff, 0x56,
  0xff, 0x55, 0xff, 0x34, 0xfe, 0x0f, 0xfe, 0x0f, 0xfe, 0x50, 0xfe, 0x91,
  0xfe, 0x70, 0xfe, 0x0f, 0xfd, 0xce, 0xf5, 0x8d, 0xfd, 0xce, 0xfe, 0x70,
  0xfe, 0x70, 0xf5, 0xed, 0xf6, 0x0e, 0xfe, 0xd1, 0xff, 0x12, 0xff, 0x33,
  0xfe, 0xd0, 0xf6, 0x0d, 0xed, 0xec, 0xed, 0xeb, 0xf6, 0x2d, 0xfe, 0xb0,
  0xff, 0x53, 0xff, 0x55, 0xff, 0xb6, 0xff, 0xd7, 0xff, 0x96, 0xff, 0x53,
  0xff, 0x12, 0xfe, 0xaf, 0xfe, 0xd0, 0xfe, 0x2c, 0xfe, 0xae, 0xfe, 0x0b,
  0xf5, 0xcb, 0xed, 0x49, 0xf5, 0xaa, 0xfd, 0xec, 0xfd, 0xab, 0xfe, 0x8f,
  0xfe, 0x4e, 0xfe, 0x6e, 0xfe, 0xf0, 0xff, 0x31, 0xfe, 0xef, 0xfe, 0xf0,
  0xff, 0x10, 0xff, 0x32, 0xff, 0x12, 0xff, 0x14, 0xff, 0x57, 0xff, 0x78,
  0xff, 0xba, 0xff, 0xdc, 0xff, 0xff, 0xff, 0xff, 0xff, 0xff, 0xff, 0xff,
  0x00, 0x00, 0x00, 0x00, 0x00, 0x00, 0x00, 0x00, 0x00, 0x00, 0x00, 0x00,
  0x00, 0x00, 0x00, 0x00, 0x00, 0x00, 0x00, 0x00, 0x00, 0x00, 0x00, 0x00,
  0x00, 0x00, 0xff, 0x9b, 0xff, 0xfc, 0xff, 0xfe, 0xff, 0xfe, 0xff, 0xff,
  0xff, 0xff, 0xff, 0xff, 0xff, 0xff, 0xff, 0xff, 0xff, 0xff, 0xff, 0xff,
  0xff, 0xff, 0xff, 0xff, 0xff, 0xff, 0xff, 0xff, 0xff, 0xff, 0xff, 0xff,
  0xff, 0xff, 0xff, 0xff, 0xff, 0xff, 0xff, 0xff, 0xff, 0xff, 0xff, 0xff,
  0xff, 0xff, 0xff, 0xff, 0xff, 0xff, 0xff, 0xff, 0xff, 0xff, 0xff, 0xff,
  0xff, 0xfc, 0xff, 0xfc, 0xff, 0xf8, 0xff, 0x96, 0xff, 0x10, 0xfe, 0x8e,
  0xfe, 0x09, 0xfd, 0xa7, 0xf5, 0x25, 0xe4, 0xa3, 0xdc, 0x01, 0xcb, 0xa0,
  0xcb, 0x60, 0xc3, 0x20, 0xc2, 0xe0, 0xca, 0xe0, 0xca, 0xc0, 0xc2, 0x60,
  0xba, 0x20, 0xb9, 0xe0, 0xba, 0x00, 0xc2, 0x20, 0xc2, 0x40, 0xca, 0x60,
  0xd2, 0xc1, 0xca, 0xc0, 0xca, 0xa1, 0xca, 0xc1, 0xca, 0xc1, 0xca, 0xc1,
  0xca, 0xe1, 0xca, 0xe2, 0xd3, 0x02, 0xcb, 0x02, 0xcb, 0x02, 0xcb, 0x03,
  0xcb, 0x03, 0xc3, 0x03, 0xc3, 0x03, 0xc2, 0xe3, 0xc2, 0xe3, 0xba, 0xe3,
  0xb2, 0xa3, 0xaa, 0x82, 0xaa, 0x82, 0xaa, 0x62, 0xa2, 0x41, 0x9a, 0x01,
  0x9a, 0x01, 0x9a, 0x01, 0x99, 0xe1, 0x91, 0xa0, 0x89, 0xa0, 0x89, 0x80,
  0x89, 0x60, 0x89, 0x60, 0x81, 0x40, 0x81, 0x60, 0x91, 0xe2, 0x91, 0xe1,
  0x91, 0xe0, 0x99, 0xc0, 0x99, 0x80, 0x99, 0x80, 0xa1, 0xa0, 0xa9, 0xe0,
  0xa9, 0xc0, 0xa1, 0xc0, 0xa9, 0xe1, 0xba, 0x62, 0xcb, 0x25, 0xd3, 0x86,
  0xdb, 0xe7, 0xe4, 0x28, 0xdb, 0xc7, 0xe4, 0x28, 0xf4, 0x8a, 0xfc, 0xec,
  0xfd, 0x0d, 0xfd, 0x2d, 0xfd, 0x2d, 0xfd, 0x0d, 0xf4, 0x29, 0xdb, 0x66,
  0xca, 0xe4, 0xba, 0xa3, 0xb2, 0x62, 0xc2, 0xa3, 0xca, 0xc5, 0xc2, 0x84,
  0xc2, 0x85, 0xca, 0xa6, 0xd2, 0xe7, 0xd2, 0xe7, 0xca, 0xe8, 0xcb, 0x49,
  0xdb, 0xcb, 0xf5, 0x11, 0xfe, 0x15, 0xfe, 0xb8, 0xff, 0x19, 0xff, 0x9c,
  0xff, 0xbd, 0xff, 0xfe, 0xff, 0xfe, 0xff, 0xfd, 0xff, 0xbb, 0xfe, 0xd6,
  0xfd, 0xf2, 0xec, 0x4b, 0xcb, 0x68, 0xca, 0xa5, 0xca, 0x84, 0xd2, 0x63,
  0xe2, 0xa4, 0xeb, 0x46, 0xfb, 0xe8, 0xfc, 0xab, 0xfd, 0x2d, 0xfd, 0xb0,
  0xfe, 0x32, 0xfe, 0x94, 0xfe, 0xf5, 0xfe, 0xf6, 0xfe, 0xf6, 0xfe, 0xf6,
  0xff, 0x16, 0xff, 0x17, 0xff, 0x37, 0xff, 0x37, 0xff, 0x57, 0xff, 0x78,
  0xff, 0x78, 0xff, 0x37, 0xff, 0x17, 0xff, 0x57, 0xff, 0x78, 0xff, 0x57,
  0xfe, 0xf5, 0xfe, 0x93, 0xfd, 0xf0, 0xfe, 0x31, 0xfe, 0x72, 0xfe, 0x92,
  0xfe, 0x51, 0xfe, 0x0f, 0xfd, 0xee, 0xf5, 0xce, 0xfe, 0x0e, 0xfe, 0x70,
  0xfe, 0x2e, 0xf5, 0xed, 0xfe, 0x6f, 0xff, 0x11, 0xfe, 0xd0, 0xff, 0x31,
  0xfe, 0xd0, 0xf5, 0xcc, 0xed, 0xcc, 0xed, 0xeb, 0xf6, 0x0c, 0xfe, 0xb0,
  0xff, 0x32, 0xff, 0x54, 0xff, 0x95, 0xff, 0xb6, 0xff, 0x95, 0xff, 0x33,
  0xfe, 0xf2, 0xfe, 0x8f, 0xfe, 0xd0, 0xfe, 0x0c, 0xfe, 0xcf, 0xf5, 0xcb,
  0xf5, 0xcb, 0xed, 0x6a, 0xfd, 0xcb, 0xfe, 0x0c, 0xfd, 0xec, 0xfe, 0xaf,
  0xfe, 0xaf, 0xfe, 0xaf, 0xfe, 0xf0, 0xff, 0x31, 0xff, 0x11, 0xff, 0x11,
  0xff, 0x32, 0xff, 0x53, 0xff, 0x33, 0xff, 0x35, 0xff, 0x57, 0xff, 0x58,
  0xff, 0x9a, 0xff, 0xbc, 0xff, 0xff, 0xff, 0xff, 0xff, 0xff, 0x00, 0x00,
  0x00, 0x00, 0x00, 0x00, 0x00, 0x00, 0x00, 0x00, 0x00, 0x00, 0x00, 0x00,
  0x00, 0x00, 0x00, 0x00, 0x00, 0x00, 0x00, 0x00, 0x00, 0x00, 0x00, 0x00,
  0x00, 0x00, 0xff, 0x9b, 0xff, 0xfd, 0xff, 0xfe, 0xff, 0xfe, 0xff, 0xff,
  0xff, 0xff, 0xff, 0xff, 0xff, 0xff, 0xff, 0xff, 0xff, 0xff, 0xff, 0xff,
  0xff, 0xff, 0xff, 0xff, 0xff, 0xff, 0xff, 0xff, 0xff, 0xff, 0xff, 0xff,
  0xff, 0xff, 0xff, 0xff, 0xff, 0xff, 0xff, 0xff, 0xff, 0xff, 0xff, 0xff,
  0xff, 0xff, 0xff, 0xff, 0xff, 0xff, 0xff, 0xff, 0xff, 0xff, 0xff, 0xff,
  0xff, 0xfd, 0xff, 0xfc, 0xff, 0xf8, 0xff, 0x96, 0xff, 0x10, 0xfe, 0x8e,
  0xfe, 0x2a, 0xfd, 0xa7, 0xfd, 0x66, 0xec, 0xe4, 0xe4, 0x42, 0xd3, 0xe1,
  0xcb, 0x60, 0xc3, 0x20, 0xc2, 0xe0, 0xc2, 0xe0, 0xca, 0xc0, 0xc2, 0x80,
  0xba, 0x20, 0xba, 0x00, 0xba, 0x00, 0xc2, 0x20, 0xc2, 0x40, 0xca, 0x60,
  0xd2, 0xc1, 0xca, 0xc1, 0xca, 0xc1, 0xca, 0xc1, 0xca, 0xc1, 0xca, 0xc1,
  0xca, 0xe1, 0xca, 0xe2, 0xd3, 0x02, 0xcb, 0x23, 0xcb, 0x23, 0xcb, 0x03,
  0xcb, 0x03, 0xc3, 0x03, 0xc3, 0x03, 0xc2, 0xe3, 0xc2, 0xe3, 0xba, 0xe4,
  0xb2, 0xc3, 0xb2, 0xa3, 0xaa, 0x82, 0xaa, 0x62, 0xa2, 0x21, 0x9a, 0x01,
  0x9a, 0x01, 0x99, 0xe1, 0x91, 0xc0, 0x91, 0xa0, 0x89, 0xa0, 0x89, 0x80,
  0x89, 0x60, 0x81, 0x60, 0x79, 0x40, 0x89, 0x81, 0x9a, 0x23, 0x9a, 0x02,
  0x99, 0xe1, 0x99, 0xc1, 0x99, 0xa0, 0xa1, 0xe0, 0xa9, 0xe1, 0xb2, 0x21,
  0xaa, 0x01, 0xa9, 0xe1, 0xaa, 0x01, 0xb2, 0x42, 0xba, 0xc4, 0xcb, 0x25,
  0xd3, 0xa6, 0xd3, 0x86, 0xc3, 0x04, 0xc3, 0x04, 0xcb, 0x45, 0xd3, 0x66,
  0xdb, 0xa6, 0xdb, 0xa7, 0xe3, 0xc8, 0xe3, 0xc7, 0xd3, 0x45, 0xba, 0x83,
  0xb2, 0x21, 0xaa, 0x21, 0xb2, 0x21, 0xb2, 0x42, 0xc2, 0xa4, 0xc2, 0xc5,
  0xba, 0x64, 0xc2, 0x45, 0xca, 0xa6, 0xd2, 0xa7, 0xd2, 0xe8, 0xdb, 0x8a,
  0xf4, 0x6e, 0xfd, 0xf4, 0xff, 0x19, 0xff, 0x7b, 0xff, 0x9b, 0xff, 0xdd,
  0xff, 0xdd, 0xff, 0xfe, 0xff, 0xfe, 0xff, 0xfd, 0xff, 0xfd, 0xff, 0xfa,
  0xff, 0x37, 0xfd, 0xb1, 0xe4, 0x6c, 0xdb, 0x26, 0xd2, 0xa5, 0xda, 0x84,
  0xe2, 0xa4, 0xe3, 0x25, 0xf3, 0xa7, 0xfc, 0x8b, 0xfd, 0x0d, 0xfd, 0xaf,
  0xfe, 0x52, 0xfe, 0xb4, 0xfe, 0xf6, 0xfe, 0xf6, 0xfe, 0xd6, 0xfe, 0xf6,
  0xff, 0x17, 0xff, 0x17, 0xff, 0x37, 0xff, 0x37, 0xff, 0x58, 0xff, 0x78,
  0xff, 0x78, 0xff, 0x17, 0xff, 0x17, 0xff, 0x37, 0xff, 0x58, 0xff, 0x37,
  0xfe, 0xd5, 0xfe, 0x53, 0xfd, 0xf0, 0xfe, 0x51, 0xfe, 0x92, 0xfe, 0x92,
  0xfe, 0x50, 0xfd, 0xef, 0xfd, 0xee, 0xfe, 0x0e, 0xfe, 0x2e, 0xfe, 0x0e,
  0xed, 0xcc, 0xf6, 0x0d, 0xff, 0x31, 0xff, 0x51, 0xfe, 0x6e, 0xfe, 0xef,
  0xfe, 0xcf, 0xf5, 0xed, 0xf6, 0x0c, 0xf6, 0x2c, 0xfe, 0x6d, 0xfe, 0xd0,
  0xff, 0x52, 0xff, 0x34, 0xff, 0x95, 0xff, 0xd7, 0xff, 0xb6, 0xff, 0x53,
  0xff, 0x12, 0xfe, 0x8f, 0xfe, 0xd0, 0xfe, 0x0d, 0xf5, 0xcb, 0xed, 0x8a,
  0xf5, 0xcb, 0xf5, 0xab, 0xfe, 0x0c, 0xfe, 0x4d, 0xfe, 0x2d, 0xfe, 0x6e,
  0xfe, 0xf0, 0xff, 0x11, 0xfe, 0xf0, 0xfe, 0xf0, 0xff, 0x11, 0xff, 0x32,
  0xff, 0x53, 0xff, 0x53, 0xff, 0x54, 0xff, 0x56, 0xff, 0x37, 0xff, 0x58,
  0xff, 0x7a, 0xff, 0xbc, 0xff, 0xff, 0xff, 0xff, 0xff, 0xff, 0x00, 0x00,
  0x00, 0x00, 0x00, 0x00, 0x00, 0x00, 0x00, 0x00, 0x00, 0x00, 0x00, 0x00,
  0x00, 0x00, 0x00, 0x00, 0x00, 0x00, 0x00, 0x00, 0x00, 0x00, 0x00, 0x00,
  0x00, 0x00, 0xff, 0xbd, 0xff, 0xfe, 0xff, 0xff, 0xff, 0xff, 0xff, 0xff,
  0xff, 0xff, 0xff, 0xff, 0xff, 0xff, 0xff, 0xff, 0xff, 0xff, 0xff, 0xff,
  0xff, 0xff, 0xff, 0xff, 0xff, 0xff, 0xff, 0xff, 0xff, 0xff, 0xff, 0xff,
  0xff, 0xff, 0xff, 0xff, 0xff, 0xff, 0xff, 0xff, 0xff, 0xff, 0xff, 0xff,
  0xff, 0xff, 0xff, 0xff, 0xff, 0xff, 0xff, 0xff, 0xff, 0xff, 0xff, 0xff,
  0xff, 0xfd, 0xff, 0xfc, 0xff, 0xf8, 0xff, 0x97, 0xff, 0x11, 0xf6, 0x8f,
  0xfe, 0x29, 0xf5, 0xc7, 0xfd, 0x66, 0xf5, 0x04, 0xe4, 0x63, 0xdb, 0xe1,
  0xd3, 0x80, 0xcb, 0x40, 0xcb, 0x00, 0xc2, 0xe0, 0xca, 0xe0, 0xc2, 0x80,
  0xba, 0x20, 0xba, 0x00, 0xba, 0x00, 0xc2, 0x20, 0xc2, 0x40, 0xca, 0x80,
  0xd2, 0xc1, 0xca, 0xc1, 0xca, 0xc1, 0xd2, 0xc1, 0xd2, 0xe2, 0xd2, 0xe2,
  0xd3, 0x02, 0xd3, 0x02, 0xd3, 0x23, 0xcb, 0x02, 0xcb, 0x02, 0xcb, 0x03,
  0xcb, 0x03, 0xc3, 0x03, 0xc3, 0x03, 0xc2, 0xe3, 0xc2, 0xe3, 0xba, 0xe4,
  0xba, 0xa3, 0xb2, 0x83, 0xb2, 0x63, 0xa2, 0x22, 0x99, 0xe1, 0x99, 0xe1,
  0x99, 0xe1, 0x91, 0xa0, 0x91, 0x80, 0x91, 0xa0, 0x89, 0x80, 0x91, 0xa1,
  0x91, 0xa1, 0x89, 0x80, 0x91, 0xc1, 0x99, 0xe2, 0x9a, 0x02, 0x9a, 0x02,
  0x9a, 0x01, 0x99, 0xe1, 0xa1, 0xe1, 0xa2, 0x01, 0xaa, 0x21, 0xb2, 0x22,
  0xb2, 0x42, 0xb2, 0x42, 0xb2, 0x62, 0xba, 0x83, 0xc2, 0xc4, 0xcb, 0x05,
  0xc2, 0xe4, 0xba, 0xa3, 0xb1, 0xe1, 0xa9, 0xc0, 0xb1, 0xe1, 0xb1, 0xe1,
  0xba, 0x02, 0xc2, 0x43, 0xc2, 0x22, 0xc2, 0x23, 0xb1, 0xa1, 0xa9, 0x60,
  0xa9, 0x80, 0xa9, 0xa1, 0xb2, 0x03, 0xc2, 0x65, 0xba, 0x65, 0xba, 0x86,
  0xba, 0xa7, 0xb2, 0xe8, 0xc3, 0x4a, 0xc3, 0xac, 0xd4, 0x2e, 0xe5, 0x12,
  0xfe, 0x36, 0xff, 0x5b, 0xff, 0xfe, 0xff, 0xff, 0xff, 0xff, 0xff, 0xff,
  0xff, 0xff, 0xf7, 0xfe, 0xf7, 0xfe, 0xff, 0xfd, 0xff, 0xfd, 0xff, 0xfe,
  0xff, 0xfd, 0xff, 0x59, 0xfe, 0x75, 0xfd, 0x0f, 0xd3, 0xea, 0xcb, 0x06,
  0xca, 0xa5, 0xd2, 0xe5, 0xeb, 0x66, 0xf4, 0x29, 0xfc, 0xcb, 0xfd, 0x8e,
  0xfd, 0xef, 0xfe, 0x51, 0xfe, 0xd4, 0xfe, 0xf4, 0xfe, 0xf5, 0xfe, 0xf5,
  0xfe, 0xf6, 0xff, 0x17, 0xff, 0x38, 0xff, 0x38, 0xff, 0x39, 0xff, 0x39,
  0xff, 0x39, 0xfe, 0xf8, 0xfe, 0xf7, 0xfe, 0xf7, 0xff, 0x16, 0xfe, 0xf6,
  0xfe, 0xd4, 0xfe, 0xb4, 0xfe, 0x53, 0xfe, 0x74, 0xfe, 0xd4, 0xfe, 0xd4,
  0xfe, 0x72, 0xfe, 0x10, 0xfd, 0xf0, 0xfe, 0x51, 0xfe, 0x91, 0xfe, 0x50,
  0xf5, 0xce, 0xfd, 0xee, 0xfe, 0xb1, 0xfe, 0xf2, 0xfe, 0x90, 0xfe, 0x90,
  0xfe, 0x6f, 0xfd, 0xed, 0xf5, 0xec, 0xf5, 0xeb, 0xf6, 0x0d, 0xf6, 0x8f,
  0xfe, 0xf1, 0xff, 0x33, 0xff, 0xb5, 0xff, 0xd6, 0xff, 0xb5, 0xff, 0x33,
  0xfe, 0xf2, 0xfe, 0x8f, 0xfe, 0xd0, 0xfe, 0x0d, 0xf5, 0x8b, 0xf5, 0x8a,
  0xfd, 0xcb, 0xfd, 0xec, 0xfe, 0x2d, 0xfe, 0x4d, 0xfe, 0x4d, 0xfe, 0xaf,
  0xff, 0x10, 0xff, 0x11, 0xfe, 0xf0, 0xff, 0x11, 0xff, 0x31, 0xff, 0x53,
  0xff, 0x54, 0xff, 0x54, 0xff, 0x55, 0xff, 0x75, 0xff, 0x55, 0xff, 0x56,
  0xff, 0x78, 0xff, 0xb9, 0xff, 0xdc, 0xff, 0xfc, 0xff, 0xfe, 0x00, 0x00,
  0x00, 0x00, 0x00, 0x00, 0x00, 0x00, 0x00, 0x00, 0x00, 0x00, 0x00, 0x00,
  0x00, 0x00, 0x00, 0x00, 0x00, 0x00, 0x00, 0x00, 0x00, 0x00, 0x00, 0x00,
  0x00, 0x00, 0x00, 0x00, 0xff, 0xff, 0xff, 0xff, 0xff, 0xff, 0xff, 0xff,
  0xff, 0xff, 0xff, 0xff, 0xff, 0xff, 0xff, 0xff, 0xff, 0xff, 0xff, 0xff,
  0xff, 0xff, 0xff, 0xff, 0xff, 0xff, 0xff, 0xff, 0xff, 0xff, 0xff, 0xff,
  0xff, 0xff, 0xff, 0xff, 0xff, 0xff, 0xff, 0xff, 0xff, 0xff, 0xff, 0xff,
  0xff, 0xff, 0xff, 0xff, 0xff, 0xff, 0xff, 0xff, 0xff, 0xff, 0xff, 0xff,
  0xff, 0xfd, 0xff, 0xfc, 0xff, 0xf8, 0xff, 0x97, 0xff, 0x11, 0xf6, 0xaf,
  0xfe, 0x49, 0xfe, 0x07, 0xfd, 0x66, 0xf5, 0x04, 0xe4, 0x63, 0xdc, 0x01,
  0xd3, 0xc1, 0xd3, 0x81, 0xd3, 0x41, 0xcb, 0x21, 0xd3, 0x00, 0xc2, 0xa0,
  0xba, 0x20, 0xb1, 0xe0, 0xb9, 0xe0, 0xc2, 0x20, 0xca, 0x60, 0xca, 0xa0,
  0xd2, 0xc1, 0xd2, 0xe1, 0xd2, 0xe1, 0xd2, 0xe2, 0xd2, 0xe2, 0xd3, 0x02,
  0xd3, 0x02, 0xd3, 0x23, 0xd3, 0x23, 0xcb, 0x03, 0xcb, 0x03, 0xcb, 0x03,
  0xcb, 0x03, 0xc3, 0x03, 0xc3, 0x03, 0xc2, 0xe3, 0xc2, 0xe4, 0xc2, 0xc4,
  0xba, 0xa3, 0xb2, 0x63, 0xb2, 0x63, 0xa2, 0x02, 0xa2, 0x01, 0x9a, 0x01,
  0x99, 0xe1, 0x91, 0xa0, 0x91, 0x80, 0x91, 0xa0, 0x91, 0x80, 0x91, 0xc1,
  0x99, 0xe2, 0x99, 0xe2, 0x99, 0xe2, 0x99, 0xe2, 0x9a, 0x02, 0x9a, 0x02,
  0x9a, 0x22, 0xa2, 0x02, 0xa1, 0xe1, 0xa1, 0xe1, 0xaa, 0x01, 0xb2, 0x22,
  0xb2, 0x42, 0xba, 0x63, 0xba, 0x83, 0xba, 0xa3, 0xba, 0xc4, 0xc2, 0xe4,
  0xba, 0xa3, 0xaa, 0x42, 0xba, 0x02, 0xb9, 0xc1, 0xb1, 0xa0, 0xb1, 0x80,
  0xb1, 0x81, 0xb9, 0xc1, 0xb9, 0xa1, 0xb9, 0xa1, 0xb1, 0x60, 0xb1, 0x60,
  0xb1, 0xa1, 0xb9, 0xc2, 0xba, 0x03, 0xba, 0x04, 0xba, 0x45, 0xca, 0xc8,
  0xd3, 0x4a, 0xd4, 0x2d, 0xec, 0xf1, 0xf5, 0x94, 0xf6, 0x57, 0xfe, 0xfa,
  0xff, 0x9c, 0xff, 0xfe, 0xff, 0xde, 0xff, 0xdf, 0xff, 0xde, 0xf7, 0xff,
  0xf7, 0xff, 0xf7, 0xfe, 0xf7, 0xff, 0xff, 0xfd, 0xff, 0xfd, 0xff, 0xfd,
  0xff, 0xfe, 0xff, 0xdb, 0xff, 0x99, 0xfe, 0x75, 0xf5, 0x50, 0xeb, 0xea,
  0xd3, 0x26, 0xda, 0xe5, 0xeb, 0x26, 0xfc, 0x08, 0xfc, 0xeb, 0xfd, 0x8e,
  0xfd, 0xef, 0xfe, 0x30, 0xfe, 0x72, 0xfe, 0xb3, 0xfe, 0xf5, 0xfe, 0xf5,
  0xfe, 0xf6, 0xff, 0x16, 0xff, 0x18, 0xff, 0x38, 0xff, 0x39, 0xff, 0x39,
  0xff, 0x39, 0xfe, 0xf8, 0xfe, 0xd7, 0xfe, 0xd6, 0xfe, 0xd5, 0xfe, 0xd5,
  0xfe, 0xb4, 0xfe, 0x73, 0xfe, 0x95, 0xfe, 0x75, 0xfe, 0xf5, 0xfe, 0xf5,
  0xfe, 0x73, 0xfd, 0xf0, 0xfd, 0xd0, 0xfe, 0x72, 0xfe, 0x92, 0xfe, 0x30,
  0xfd, 0xce, 0xfd, 0xef, 0xfe, 0x91, 0xff, 0x12, 0xfe, 0xf2, 0xfe, 0x90,
  0xfe, 0x4f, 0xfe, 0x0e, 0xfe, 0x0d, 0xf6, 0x0c, 0xf6, 0x2d, 0xf6, 0x6f,
  0xfe, 0xd0, 0xf7, 0x13, 0xff, 0xb5, 0xff, 0xb6, 0xff, 0x95, 0xff, 0x12,
  0xfe, 0xf1, 0xfe, 0x6f, 0xfe, 0xd1, 0xfe, 0x0d, 0xfd, 0xcc, 0xf5, 0x8a,
  0xfd, 0xcb, 0xfe, 0x0c, 0xfe, 0x2d, 0xfe, 0x4d, 0xfe, 0x4d, 0xfe, 0x8f,
  0xff, 0x10, 0xff, 0x11, 0xff, 0x11, 0xff, 0x11, 0xff, 0x31, 0xff, 0x53,
  0xff, 0x54, 0xff, 0x55, 0xff, 0x76, 0xff, 0x75, 0xff, 0x74, 0xff, 0x56,
  0xff, 0x77, 0xff, 0xb9, 0xff, 0xfb, 0xff, 0xfc, 0x00, 0x00, 0x00, 0x00,
  0x00, 0x00, 0x00, 0x00, 0x00, 0x00, 0x00, 0x00, 0x00, 0x00, 0x00, 0x00,
  0x00, 0x00, 0x00, 0x00, 0x00, 0x00, 0x00, 0x00, 0x00, 0x00, 0x00, 0x00,
  0x00, 0x00, 0x00, 0x00, 0xff, 0xff, 0xff, 0xff, 0xff, 0xff, 0xff, 0xff,
  0xff, 0xff, 0xff, 0xff, 0xff, 0xff, 0xff, 0xff, 0xff, 0xff, 0xff, 0xff,
  0xff, 0xff, 0xff, 0xff, 0xff, 0xff, 0xff, 0xff, 0xff, 0xff, 0xff, 0xff,
  0xff, 0xff, 0xff, 0xff, 0xff, 0xff, 0xff, 0xff, 0xff, 0xff, 0xff, 0xff,
  0xff, 0xff, 0xff, 0xff, 0xff, 0xff, 0xff, 0xff, 0xff, 0xff, 0xff, 0xff,
  0xff, 0xfd, 0xff, 0xfd, 0xff, 0xf9, 0xff, 0x98, 0xff, 0x31, 0xf6, 0xb0,
  0xfe, 0x4a, 0xfe, 0x08, 0xfd, 0x87, 0xf5, 0x25, 0xec, 0x83, 0xe4, 0x22,
  0xdb, 0xc1, 0xd3, 0xa1, 0xd3, 0x61, 0xd3, 0x41, 0xd3, 0x01, 0xca, 0xa0,
  0xba, 0x20, 0xb1, 0xe0, 0xb9, 0xe0, 0xc2, 0x20, 0xca, 0x60, 0xca, 0xa0,
  0xd2, 0xc1, 0xd2, 0xe2, 0xd2, 0xe1, 0xd2, 0xe1, 0xd3, 0x02, 0xd3, 0x02,
  0xd3, 0x02, 0xd3, 0x23, 0xd3, 0x43, 0xcb, 0x23, 0xcb, 0x23, 0xcb, 0x23,
  0xcb, 0x03, 0xcb, 0x03, 0xc3, 0x03, 0xc2, 0xe3, 0xc2, 0xe3, 0xc2, 0xe4,
  0xba, 0xa3, 0xb2, 0x63, 0xb2, 0x62, 0xaa, 0x22, 0xa2, 0x01, 0xa2, 0x01,
  0x99, 0xe1, 0x91, 0xa0, 0x91, 0xa0, 0x91, 0xa1, 0x91, 0xc1, 0x99, 0xe2,
  0x9a, 0x02, 0x99, 0xe1, 0x99, 0xe2, 0x99, 0xe2, 0x9a, 0x02, 0xa2, 0x02,
  0xa2, 0x22, 0xa2, 0x02, 0xa1, 0xe1, 0xa1, 0xc1, 0xaa, 0x01, 0xaa, 0x22,
  0xb2, 0x63, 0xba, 0x63, 0xba, 0x84, 0xba, 0xa4, 0xba, 0xa4, 0xba, 0xa4,
  0xba, 0x83, 0xb2, 0x22, 0xb1, 0xe2, 0xa9, 0xc1, 0xa9, 0xc1, 0xa9, 0xa1,
  0xb1, 0xa1, 0xb1, 0xa1, 0xb9, 0xe2, 0xb1, 0xa2, 0xa9, 0xa1, 0xb1, 0xc2,
  0xa9, 0xc2, 0xb1, 0xe2, 0xaa, 0x24, 0xaa, 0x45, 0xc3, 0x4a, 0xdc, 0x8f,
  0xed, 0x11, 0xf6, 0x15, 0xfe, 0xb8, 0xff, 0x3a, 0xff, 0x9c, 0xff, 0xde,
  0xff, 0xfe, 0xff, 0xff, 0xff, 0xfe, 0xff, 0xfe, 0xff, 0xde, 0xf7, 0xff,
  0xf7, 0xff, 0xf7, 0xff, 0xff, 0xff, 0xff, 0xfe, 0xff, 0xfe, 0xff, 0xfd,
  0xff, 0xfd, 0xff, 0xdc, 0xff, 0xfc, 0xff, 0x7a, 0xfe, 0xb6, 0xfd, 0x71,
  0xe4, 0x6d, 0xdb, 0xc9, 0xe3, 0xc8, 0xf4, 0x6a, 0xfd, 0x0b, 0xfd, 0xae,
  0xfe, 0x0f, 0xfe, 0x10, 0xfe, 0x51, 0xfe, 0x92, 0xfe, 0xd4, 0xfe, 0xd4,
  0xfe, 0xd5, 0xfe, 0xf6, 0xfe, 0xf7, 0xff, 0x17, 0xff, 0x18, 0xff, 0x18,
  0xff, 0x79, 0xff, 0x18, 0xfe, 0xb6, 0xfe, 0xb6, 0xfe, 0xb4, 0xfe, 0x94,
  0xfe, 0x52, 0xf5, 0xf0, 0xfe, 0x53, 0xfe, 0xb5, 0xfe, 0xf5, 0xfe, 0xd5,
  0xfe, 0x93, 0xfe, 0x93, 0xfe, 0xb3, 0xfe, 0xd3, 0xfe, 0x71, 0xfe, 0x51,
  0xfe, 0x91, 0xfe, 0xb2, 0xfe, 0xb1, 0xfe, 0x70, 0xfe, 0x2f, 0xfe, 0x2f,
  0xfe, 0x2e, 0xfe, 0x2e, 0xfe, 0x0d, 0xf6, 0x2c, 0xf6, 0x4d, 0xfe, 0x8f,
  0xfe, 0xb0, 0xf7, 0x13, 0xff, 0x94, 0xff, 0xb4, 0xff, 0x74, 0xff, 0x11,
  0xfe, 0xd0, 0xfe, 0x6f, 0xfe, 0xf1, 0xfe, 0x0d, 0xfd, 0xed, 0xf5, 0xaa,
  0xfd, 0xcb, 0xfe, 0x0c, 0xfe, 0x4d, 0xfe, 0x4d, 0xfe, 0x4d, 0xfe, 0x8e,
  0xfe, 0xf0, 0xff, 0x31, 0xff, 0x11, 0xff, 0x32, 0xff, 0x52, 0xff, 0x54,
  0xff, 0x75, 0xff, 0x76, 0xff, 0x77, 0xff, 0x76, 0xff, 0x76, 0xff, 0x77,
  0xff, 0x79, 0xff, 0xba, 0xff, 0xfc, 0xff, 0xfc, 0x00, 0x00, 0x00, 0x00,
  0x00, 0x00, 0x00, 0x00, 0x00, 0x00, 0x00, 0x00, 0x00, 0x00, 0x00, 0x00,
  0x00, 0x00, 0x00, 0x00, 0x00, 0x00, 0x00, 0x00, 0x00, 0x00, 0x00, 0x00,
  0x00, 0x00, 0x00, 0x00, 0xff, 0xff, 0xff, 0xff, 0xff, 0xff, 0xff, 0xff,
  0xff, 0xff, 0xff, 0xff, 0xff, 0xff, 0xff, 0xff, 0xff, 0xff, 0xff, 0xff,
  0xff, 0xff, 0xff, 0xff, 0xff, 0xff, 0xff, 0xff, 0xff, 0xff, 0xff, 0xff,
  0xff, 0xff, 0xff, 0xff, 0xff, 0xff, 0xff, 0xff, 0xff, 0xff, 0xff, 0xff,
  0xff, 0xff, 0xff, 0xff, 0xff, 0xff, 0xff, 0xff, 0xff, 0xff, 0xff, 0xff,
  0xff, 0xfd, 0xff, 0xfd, 0xff, 0xf9, 0xff, 0xb8, 0xff, 0x52, 0xfe, 0xf0,
  0xfe, 0x6a, 0xfe, 0x28, 0xfd, 0xa7, 0xf5, 0x45, 0xec, 0xa4, 0xe4, 0x42,
  0xdb, 0xe2, 0xdb, 0xc1, 0xd3, 0x81, 0xd3, 0x41, 0xd3, 0x00, 0xc2, 0xa0,
  0xba, 0x20, 0xb1, 0xe0, 0xb1, 0xe0, 0xc2, 0x00, 0xc2, 0x40, 0xca, 0xa0,
  0xd2, 0xe1, 0xd2, 0xe2, 0xd2, 0xe2, 0xd3, 0x02, 0xd3, 0x02, 0xd3, 0x22,
  0xd3, 0x22, 0xd3, 0x23, 0xd3, 0x43, 0xcb, 0x23, 0xcb, 0x23, 0xcb, 0x23,
  0xcb, 0x23, 0xcb, 0x23, 0xcb, 0x03, 0xcb, 0x03, 0xc3, 0x03, 0xc2, 0xe4,
  0xba, 0xa3, 0xb2, 0x63, 0xb2, 0x62, 0xaa, 0x22, 0x99, 0xc0, 0x99, 0xe1,
  0x99, 0xe1, 0x99, 0xc0, 0x91, 0xa1, 0x99, 0xe1, 0x9a, 0x02, 0xa2, 0x23,
  0x9a, 0x02, 0x91, 0xa1, 0x99, 0xe2, 0x9a, 0x02, 0xa2, 0x02, 0xa2, 0x23,
  0xaa, 0x42, 0xa2, 0x22, 0xa1, 0xe1, 0xa1, 0xe1, 0xaa, 0x01, 0xaa, 0x22,
  0xb2, 0x63, 0xba, 0x63, 0xba, 0x84, 0xba, 0x84, 0xba, 0xa4, 0xba, 0x84,
  0xb2, 0x22, 0xa9, 0xc1, 0xa1, 0xa1, 0xa1, 0xa1, 0xa9, 0xa1, 0xa9, 0xc1,
  0xb1, 0xc2, 0xa9, 0xa2, 0xb1, 0xc2, 0xa9, 0xa2, 0xb1, 0xc2, 0xa9, 0xc2,
  0xa1, 0xa2, 0xa9, 0xc2, 0xb2, 0x86, 0xd3, 0xcc, 0xf5, 0x52, 0xf6, 0x56,
  0xfe, 0x98, 0xff, 0x3a, 0xff, 0x7b, 0xff, 0x9c, 0xff, 0xbd, 0xff, 0xde,
  0xff, 0xff, 0xff, 0xff, 0xff, 0xff, 0xff, 0xff, 0xff, 0xff, 0xf7, 0xff,
  0xff, 0xff, 0xff, 0xff, 0xff, 0xff, 0xff, 0xfe, 0xff, 0xfe, 0xff, 0xdd,
  0xff, 0xdd, 0xff, 0xfc, 0xff, 0xfd, 0xff, 0xfc, 0xff, 0x7a, 0xfe, 0x95,
  0xfd, 0xb2, 0xf4, 0xcd, 0xf4, 0x6b, 0xf4, 0x8b, 0xfc, 0xeb, 0xfd, 0x8d,
  0xfd, 0xee, 0xfe, 0x10, 0xfe, 0x30, 0xfe, 0x72, 0xfe, 0xd4, 0xfe, 0xd4,
  0xfe, 0xd5, 0xfe, 0xf5, 0xfe, 0xf7, 0xfe, 0xf7, 0xfe, 0xf8, 0xff, 0x18,
  0xff, 0x59, 0xff, 0x18, 0xfe, 0xd6, 0xfe, 0xb6, 0xfe, 0x94, 0xfe, 0x73,
  0xfe, 0x31, 0xf5, 0xf0, 0xfe, 0x33, 0xfe, 0xd5, 0xfe, 0xf5, 0xfe, 0xd4,
  0xfe, 0xb3, 0xfe, 0xd4, 0xff, 0x14, 0xfe, 0xf4, 0xfe, 0x71, 0xfe, 0x71,
  0xff, 0x13, 0xff, 0x13, 0xfe, 0x70, 0xfe, 0x0e, 0xfe, 0x2f, 0xfe, 0x2f,
  0xfe, 0x2e, 0xfe, 0x0d, 0xf5, 0xec, 0xf5, 0xeb, 0xf6, 0x2d, 0xfe, 0x8f,
  0xfe, 0xd1, 0xff, 0x33, 0xff, 0x74, 0xff, 0x94, 0xff, 0x73, 0xff, 0x11,
  0xfe, 0xd0, 0xfe, 0x6e, 0xfe, 0xf1, 0xfe, 0x0d, 0xfe, 0x2d, 0xfd, 0xcb,
  0xfd, 0xec, 0xfe, 0x0c, 0xfe, 0x4d, 0xfe, 0x4d, 0xfe, 0x4d, 0xfe, 0x8e,
  0xfe, 0xcf, 0xff, 0x11, 0xff, 0x31, 0xff, 0x32, 0xff, 0x52, 0xff, 0x54,
  0xff, 0x75, 0xff, 0x96, 0xff, 0x97, 0xff, 0x77, 0xff, 0x96, 0xff, 0xb8,
  0xff, 0x99, 0xff, 0xba, 0xff, 0xfc, 0xff, 0xfc, 0x00, 0x00, 0x00, 0x00,
  0x00, 0x00, 0x00, 0x00, 0x00, 0x00, 0x00, 0x00, 0x00, 0x00, 0x00, 0x00,
  0x00, 0x00, 0x00, 0x00, 0x00, 0x00, 0x00, 0x00, 0x00, 0x00, 0x00, 0x00,
  0x00, 0x00, 0x00, 0x00, 0x00, 0x00, 0xff, 0xff, 0xff, 0xff, 0xff, 0xff,
  0xff, 0xff, 0xff, 0xff, 0xff, 0xff, 0xff, 0xff, 0xff, 0xff, 0xff, 0xff,
  0xff, 0xff, 0xff, 0xff, 0xff, 0xff, 0xff, 0xff, 0xff, 0xff, 0xff, 0xff,
  0xff, 0xff, 0xff, 0xff, 0xff, 0xff, 0xff, 0xff, 0xff, 0xff, 0xff, 0xff,
  0xff, 0xff, 0xff, 0xff, 0xff, 0xff, 0xff, 0xff, 0xff, 0xff, 0xff, 0xff,
  0xff, 0xfd, 0xff, 0xfd, 0xff, 0xf9, 0xff, 0xd9, 0xff, 0x93, 0xff, 0x11,
  0xfe, 0x8b, 0xf6, 0x28, 0xfd, 0xc7, 0xf5, 0x46, 0xec, 0xa4, 0xe4, 0x42,
  0xdc, 0x02, 0xdb, 0xc1, 0xdb, 0x81, 0xd3, 0x41, 0xcb, 0x00, 0xc2, 0xa0,
  0xba, 0x40, 0xba, 0x00, 0xb1, 0xe0, 0xba, 0x00, 0xc2, 0x20, 0xca, 0x80,
  0xd2, 0xe1, 0xd2, 0xe1, 0xd3, 0x01, 0xd3, 0x02, 0xd3, 0x02, 0xd3, 0x22,
  0xd3, 0x22, 0xd3, 0x42, 0xd3, 0x42, 0xd3, 0x22, 0xd3, 0x22, 0xcb, 0x22,
  0xcb, 0x22, 0xcb, 0x22, 0xcb, 0x22, 0xcb, 0x23, 0xcb, 0x23, 0xc2, 0xe3,
  0xba, 0xa3, 0xb2, 0x62, 0xb2, 0x62, 0xa2, 0x01, 0x99, 0xc0, 0x99, 0xc0,
  0x99, 0xc1, 0x99, 0xa0, 0x99, 0xc1, 0x9a, 0x02, 0xa2, 0x22, 0xaa, 0x43,
  0xa2, 0x02, 0x99, 0xc1, 0xa2, 0x02, 0xa2, 0x02, 0xa2, 0x22, 0xaa, 0x43,
  0xaa, 0x43, 0xaa, 0x43, 0xa2, 0x02, 0xaa, 0x02, 0xaa, 0x22, 0xb2, 0x42,
  0xba, 0x83, 0xba, 0x83, 0xba, 0x84, 0xb2, 0x64, 0xb2, 0x63, 0xb2, 0x63,
  0xb2, 0x02, 0xa1, 0x80, 0xa1, 0x60, 0xa1, 0x60, 0xa9, 0x61, 0xa9, 0x81,
  0xb1, 0x82, 0xb1, 0x82, 0xb1, 0x82, 0xb1, 0x82, 0xa9, 0x82, 0xa1, 0x81,
  0xa1, 0xc2, 0xba, 0x86, 0xdb, 0xeb, 0xf5, 0xd3, 0xff, 0x19, 0xff, 0x5a,
  0xff, 0x9b, 0xff, 0xbb, 0xff, 0xbc, 0xff, 0xbc, 0xff, 0xdd, 0xff, 0xfe,
  0xff, 0xfe, 0xff, 0xfe, 0xff, 0xfe, 0xff, 0xff, 0xff, 0xff, 0xff, 0xff,
  0xff, 0xff, 0xff, 0xff, 0xff, 0xff, 0xff, 0xfe, 0xff, 0xfe, 0xff, 0xbd,
  0xff, 0xdd, 0xff, 0xfd, 0xff, 0xfd, 0xff, 0xfd, 0xff, 0xdc, 0xff, 0x7a,
  0xfe, 0xf7, 0xfd, 0xd2, 0xf5, 0x2f, 0xf5, 0x0d, 0xfd, 0x0c, 0xfd, 0x6d,
  0xfd, 0xce, 0xfe, 0x30, 0xfe, 0x30, 0xfe, 0x72, 0xfe, 0xd3, 0xfe, 0xd3,
  0xfe, 0xd4, 0xfe, 0xf5, 0xfe, 0xf6, 0xff, 0x17, 0xff, 0x17, 0xff, 0x17,
  0xff, 0x38, 0xff, 0x38, 0xff, 0x17, 0xfe, 0xd5, 0xfe, 0x93, 0xfe, 0x32,
  0xfe, 0x31, 0xfe, 0x31, 0xfe, 0x73, 0xfe, 0xd5, 0xff, 0x15, 0xfe, 0xf4,
  0xfe, 0xd3, 0xfe, 0xd3, 0xfe, 0xf4, 0xfe, 0xf4, 0xfe, 0x71, 0xfe, 0x92,
  0xff, 0x13, 0xfe, 0xf3, 0xfe, 0x50, 0xfe, 0x0f, 0xfe, 0x50, 0xfe, 0x50,
  0xfe, 0x0e, 0xf5, 0xec, 0xf5, 0xcc, 0xed, 0xcb, 0xf6, 0x0d, 0xfe, 0xb0,
  0xff, 0x11, 0xff, 0x53, 0xff, 0x73, 0xff, 0x93, 0xff, 0x72, 0xff, 0x0f,
  0xfe, 0xaf, 0xfe, 0x4e, 0xff, 0x11, 0xfe, 0x0d, 0xfe, 0x6f, 0xfe, 0x2c,
  0xfe, 0x2c, 0xfe, 0x2c, 0xfe, 0x4d, 0xfe, 0x6d, 0xfe, 0x8d, 0xfe, 0x8e,
  0xfe, 0xcf, 0xff, 0x11, 0xff, 0x31, 0xff, 0x33, 0xff, 0x74, 0xff, 0x75,
  0xff, 0x76, 0xff, 0x97, 0xff, 0x98, 0xff, 0x98, 0xff, 0x97, 0xff, 0xb9,
  0xff, 0xba, 0xff, 0xdb, 0xff, 0xfc, 0x00, 0x00, 0x00, 0x00, 0x00, 0x00,
  0x00, 0x00, 0x00, 0x00, 0x00, 0x00, 0x00, 0x00, 0x00, 0x00, 0x00, 0x00,
  0x00, 0x00, 0x00, 0x00, 0x00, 0x00, 0x00, 0x00, 0x00, 0x00, 0x00, 0x00,
  0x00, 0x00, 0x00, 0x00, 0x00, 0x00, 0xff, 0xff, 0xff, 0xff, 0xff, 0xff,
  0xff, 0xff, 0xff, 0xff, 0xff, 0xff, 0xff, 0xff, 0xff, 0xff, 0xff, 0xff,
  0xff, 0xff, 0xff, 0xff, 0xff, 0xff, 0xff, 0xff, 0xff, 0xff, 0xff, 0xff,
  0xff, 0xff, 0xff, 0xff, 0xff, 0xff, 0xff, 0xff, 0xff, 0xff, 0xff, 0xff,
  0xff, 0xff, 0xff, 0xff, 0xff, 0xff, 0xff, 0xff, 0xff, 0xff, 0xff, 0xff,
  0xff, 0xfd, 0xff, 0xfd, 0xff, 0xf9, 0xff, 0xd9, 0xff, 0xb3, 0xff, 0x32,
  0xfe, 0xab, 0xf6, 0x49, 0xfd, 0xc8, 0xfd, 0x66, 0xf4, 0xc4, 0xe4, 0x62,
  0xe4, 0x02, 0xdb, 0xe1, 0xdb, 0xa2, 0xd3, 0x21, 0xca, 0xe0, 0xca, 0xa0,
  0xc2, 0x60, 0xba, 0x20, 0xb9, 0xe0, 0xb9, 0xe0, 0xc2, 0x20, 0xca, 0x60,
  0xd2, 0xe1, 0xd2, 0xe1, 0xd3, 0x01, 0xd3, 0x02, 0xdb, 0x02, 0xd3, 0x22,
  0xd3, 0x42, 0xd3, 0x42, 0xdb, 0x42, 0xd3, 0x22, 0xd3, 0x22, 0xcb, 0x22,
  0xcb, 0x22, 0xcb, 0x22, 0xd3, 0x22, 0xcb, 0x23, 0xcb, 0x23, 0xc2, 0xe3,
  0xba, 0xa3, 0xb2, 0x82, 0xb2, 0x62, 0xa2, 0x01, 0x99, 0xc0, 0x99, 0xc0,
  0x99, 0xc0, 0x91, 0xa0, 0x99, 0xc1, 0xa2, 0x02, 0xa2, 0x43, 0xaa, 0x63,
  0xa2, 0x22, 0x99, 0xe1, 0xa2, 0x02, 0xaa, 0x43, 0xaa, 0x23, 0xaa, 0x43,
  0xb2, 0x63, 0xb2, 0x63, 0xb2, 0x43, 0xb2, 0x43, 0xb2, 0x22, 0xb2, 0x42,
  0xba, 0x83, 0xba, 0x83, 0xba, 0x84, 0xb2, 0x63, 0xb2, 0x43, 0xb2, 0x43,
  0xa9, 0xc2, 0xa1, 0x60, 0xa1, 0x40, 0xa1, 0x40, 0xa9, 0x61, 0xb1, 0x81,
  0xb1, 0xa2, 0xb1, 0xa2, 0xa9, 0x62, 0xa9, 0x62, 0xa1, 0x61, 0xa1, 0x82,
  0xb2, 0x44, 0xd3, 0x89, 0xfd, 0x30, 0xfe, 0xd7, 0xff, 0x7a, 0xff, 0xbb,
  0xff, 0xdc, 0xff, 0xbb, 0xff, 0xdc, 0xff, 0xdd, 0xff, 0xfd, 0xff, 0xfe,
  0xff, 0xfe, 0xff, 0xfe, 0xff, 0xfe, 0xff, 0xff, 0xff, 0xff, 0xff, 0xff,
  0xff, 0xff, 0xff, 0xff, 0xff, 0xff, 0xff, 0xfe, 0xff, 0xfe, 0xff, 0xdd,
  0xff, 0xfd, 0xff, 0xfd, 0xff, 0xfe, 0xff, 0xfd, 0xff, 0xfd, 0xff, 0xdb,
  0xff, 0x9a, 0xfe, 0xb5, 0xfd, 0xf2, 0xfd, 0x8f, 0xfd, 0x6d, 0xfd, 0x6d,
  0xfd, 0xce, 0xfe, 0x30, 0xfe, 0x31, 0xfe, 0x92, 0xfe, 0xf3, 0xfe, 0xf3,
  0xfe, 0xf4, 0xfe, 0xf5, 0xfe, 0xf6, 0xff, 0x16, 0xff, 0x17, 0xff, 0x17,
  0xff, 0x38, 0xff, 0x37, 0xff, 0x16, 0xfe, 0xb5, 0xfe, 0x52, 0xfe, 0x31,
  0xfe, 0x51, 0xfe, 0x71, 0xfe, 0x93, 0xfe, 0xd4, 0xfe, 0xf4, 0xfe, 0xf4,
  0xfe, 0xd3, 0xfe, 0xd4, 0xfe, 0xf3, 0xfe, 0xf3, 0xfe, 0x92, 0xfe, 0xb2,
  0xfe, 0xf3, 0xfe, 0xb2, 0xfe, 0x30, 0xfe, 0x0f, 0xfe, 0x2f, 0xfe, 0x4f,
  0xfe, 0x0e, 0xfd, 0xec, 0xf5, 0xec, 0xf5, 0xec, 0xfe, 0x4e, 0xfe, 0xd1,
  0xff, 0x32, 0xff, 0x53, 0xff, 0x73, 0xff, 0x92, 0xff, 0x51, 0xfe, 0xce,
  0xfe, 0x8e, 0xfe, 0x4e, 0xff, 0x11, 0xfe, 0x2e, 0xfe, 0x8f, 0xfe, 0x6d,
  0xfe, 0x4c, 0xfe, 0x6d, 0xfe, 0x6d, 0xfe, 0x8d, 0xfe, 0x8e, 0xfe, 0x8e,
  0xfe, 0xcf, 0xff, 0x11, 0xff, 0x11, 0xff, 0x33, 0xff, 0x94, 0xff, 0x96,
  0xff, 0x77, 0xff, 0x98, 0xff, 0xb9, 0xff, 0x98, 0xff, 0x97, 0xff, 0xb9,
  0xff, 0xdb, 0xff, 0xdb, 0xff, 0xfd, 0x00, 0x00, 0x00, 0x00, 0x00, 0x00,
  0x00, 0x00, 0x00, 0x00, 0x00, 0x00, 0x00, 0x00, 0x00, 0x00, 0x00, 0x00,
  0x00, 0x00, 0x00, 0x00, 0x00, 0x00, 0x00, 0x00, 0x00, 0x00, 0x00, 0x00,
  0x00, 0x00, 0x00, 0x00, 0x00, 0x00, 0x00, 0x00, 0xff, 0xff, 0xff, 0xff,
  0xff, 0xff, 0xff, 0xff, 0xff, 0xff, 0xff, 0xff, 0xff, 0xff, 0xff, 0xff,
  0xff, 0xff, 0xff, 0xff, 0xff, 0xff, 0xff, 0xff, 0xff, 0xff, 0xff, 0xff,
  0xff, 0xff, 0xff, 0xff, 0xff, 0xff, 0xff, 0xff, 0xff, 0xff, 0xff, 0xff,
  0xff, 0xff, 0xff, 0xff, 0xff, 0xff, 0xff, 0xff, 0xff, 0xff, 0xff, 0xff,
  0xff, 0xfd, 0xff, 0xfd, 0xff, 0xfa, 0xff, 0xd9, 0xff, 0xb3, 0xff, 0x52,
  0xfe, 0xac, 0xfe, 0x6a, 0xfe, 0x09, 0xfd, 0xa7, 0xf5, 0x05, 0xec, 0x83,
  0xe4, 0x22, 0xdb, 0xe2, 0xdb, 0xc2, 0xd3, 0x20, 0xcb, 0x00, 0xca, 0xe0,
  0xc2, 0x80, 0xc2, 0x40, 0xba, 0x00, 0xba, 0x00, 0xc2, 0x20, 0xca, 0x80,
  0xd2, 0xe1, 0xd2, 0xe1, 0xd3, 0x01, 0xd3, 0x02, 0xdb, 0x22, 0xdb, 0x42,
  0xdb, 0x42, 0xdb, 0x42, 0xdb, 0x63, 0xd3, 0x42, 0xd3, 0x42, 0xd3, 0x42,
  0xd3, 0x42, 0xd3, 0x42, 0xd3, 0x42, 0xd3, 0x43, 0xcb, 0x23, 0xc2, 0xe3,
  0xc2, 0xc3, 0xba, 0xa3, 0xb2, 0x82, 0xaa, 0x21, 0xa2, 0x01, 0xa1, 0xe1,
  0x99, 0xe1, 0x99, 0xe1, 0x99, 0xe1, 0xa2, 0x22, 0xaa, 0x63, 0xaa, 0x63,
  0xa2, 0x22, 0x99, 0xe1, 0xaa, 0x22, 0xb2, 0x63, 0xaa, 0x63, 0xb2, 0x63,
  0xb2, 0x63, 0xb2, 0x84, 0xb2, 0x83, 0xb2, 0x83, 0xb2, 0x63, 0xb2, 0x63,
  0xba, 0x84, 0xba, 0x84, 0xba, 0x84, 0xb2, 0x63, 0xb2, 0x23, 0xb2, 0x23,
  0xa9, 0xc2, 0xa1, 0x60, 0xb1, 0x81, 0xb9, 0xa2, 0xb9, 0xc2, 0xc1, 0xe3,
  0xc1, 0xe4, 0xc1, 0xe3, 0xb9, 0xa3, 0xa9, 0x62, 0xa9, 0x82, 0xba, 0x04,
  0xcb, 0x08, 0xec, 0x2c, 0xfd, 0xb2, 0xfe, 0xf7, 0xff, 0x9a, 0xff, 0xdb,
  0xff, 0xdb, 0xff, 0xdb, 0xff, 0xfc, 0xff, 0xfc, 0xff, 0xfd, 0xff, 0xfe,
  0xff, 0xfe, 0xff, 0xfe, 0xff, 0xfe, 0xff, 0xfe, 0xff, 0xfe, 0xff, 0xfe,
  0xff, 0xfe, 0xff, 0xfe, 0xff, 0xfe, 0xff, 0xfe, 0xff, 0xfe, 0xff, 0xfe,
  0xff, 0xfe, 0xff, 0xfe, 0xff, 0xfe, 0xff, 0xfd, 0xff, 0xfd, 0xff, 0xdc,
  0xff, 0xbb, 0xff, 0x58, 0xfe, 0xb5, 0xfe, 0x32, 0xfd, 0xd0, 0xfd, 0xcf,
  0xfd, 0xef, 0xfe, 0x31, 0xfe, 0x51, 0xfe, 0xb2, 0xff, 0x34, 0xff, 0x14,
  0xff, 0x14, 0xff, 0x15, 0xff, 0x16, 0xff, 0x16, 0xfe, 0xf7, 0xff, 0x17,
  0xff, 0x78, 0xff, 0x37, 0xfe, 0xd5, 0xfe, 0x53, 0xfe, 0x31, 0xfe, 0x31,
  0xfe, 0x92, 0xfe, 0xd3, 0xfe, 0xf4, 0xfe, 0xf5, 0xfe, 0xd4, 0xfe, 0xf4,
  0xff, 0x35, 0xff, 0x14, 0xfe, 0xd3, 0xfe, 0xf3, 0xfe, 0xd3, 0xfe, 0xd3,
  0xfe, 0xd2, 0xfe, 0x71, 0xfd, 0xee, 0xfd, 0xce, 0xfd, 0xee, 0xfd, 0xee,
  0xfe, 0x0d, 0xf5, 0xec, 0xf5, 0xcb, 0xfe, 0x2d, 0xfe, 0x8f, 0xfe, 0xb0,
  0xff, 0x11, 0xff, 0x73, 0xff, 0x72, 0xff, 0x71, 0xff, 0x30, 0xfe, 0xce,
  0xfe, 0x8d, 0xfe, 0x4e, 0xfe, 0xd0, 0xfe, 0x2e, 0xfe, 0x4e, 0xfe, 0x6d,
  0xfe, 0x4c, 0xfe, 0x8d, 0xfe, 0x8d, 0xfe, 0x8d, 0xfe, 0x8d, 0xfe, 0xaf,
  0xfe, 0xef, 0xff, 0x11, 0xff, 0x11, 0xff, 0x54, 0xff, 0x95, 0xff, 0x97,
  0xff, 0x97, 0xff, 0x98, 0xff, 0xb9, 0xff, 0xb9, 0xff, 0xb8, 0xff, 0xb9,
  0xff, 0xdb, 0xff, 0xdc, 0x00, 0x00, 0x00, 0x00, 0x00, 0x00, 0x00, 0x00,
  0x00, 0x00, 0x00, 0x00, 0x00, 0x00, 0x00, 0x00, 0x00, 0x00, 0x00, 0x00,
  0x00, 0x00, 0x00, 0x00, 0x00, 0x00, 0x00, 0x00, 0x00, 0x00, 0x00, 0x00,
  0x00, 0x00, 0x00, 0x00, 0x00, 0x00, 0x00, 0x00, 0xff, 0xff, 0xff, 0xff,
  0xff, 0xff, 0xff, 0xff, 0xff, 0xff, 0xff, 0xff, 0xff, 0xff, 0xff, 0xff,
  0xff, 0xff, 0xff, 0xff, 0xff, 0xff, 0xff, 0xff, 0xff, 0xff, 0xff, 0xff,
  0xff, 0xff, 0xff, 0xff, 0xff, 0xff, 0xff, 0xff, 0xff, 0xff, 0xff, 0xff,
  0xff, 0xff, 0xff, 0xff, 0xff, 0xff, 0xff, 0xff, 0xff, 0xff, 0xff, 0xff,
  0xff, 0xfd, 0xff, 0xfd, 0xff, 0xfa, 0xff, 0xf9, 0xff, 0xb4, 0xff, 0x52,
  0xfe, 0xcc, 0xfe, 0x8a, 0xfe, 0x4a, 0xfd, 0xc8, 0xfd, 0x26, 0xf4, 0xa4,
  0xec, 0x43, 0xe4, 0x02, 0xe3, 0xc2, 0xd3, 0x20, 0xcb, 0x00, 0xd3, 0x00,
  0xca, 0x80, 0xc2, 0x40, 0xba, 0x00, 0xc2, 0x00, 0xc2, 0x20, 0xca, 0x80,
  0xd2, 0xc0, 0xd2, 0xe1, 0xdb, 0x01, 0xd3, 0x01, 0xdb, 0x22, 0xdb, 0x42,
  0xdb, 0x42, 0xdb, 0x63, 0xdb, 0x63, 0xdb, 0x42, 0xdb, 0x42, 0xd3, 0x42,
  0xd3, 0x62, 0xd3, 0x62, 0xd3, 0x62, 0xd3, 0x64, 0xcb, 0x23, 0xc2, 0xe3,
  0xc2, 0xe3, 0xba, 0xc3, 0xba, 0xa3, 0xaa, 0x42, 0xaa, 0x42, 0xaa, 0x22,
  0xa2, 0x21, 0xa2, 0x01, 0xa2, 0x22, 0xa2, 0x43, 0xaa, 0x83, 0xaa, 0x83,
  0xa2, 0x02, 0x99, 0xe1, 0xaa, 0x43, 0xb2, 0x83, 0xb2, 0x84, 0xb2, 0x84,
  0xb2, 0x84, 0xba, 0x84, 0xba, 0xa4, 0xba, 0xa4, 0xba, 0x83, 0xba, 0xa3,
  0xc2, 0xa4, 0xba, 0xa4, 0xba, 0x84, 0xb2, 0x43, 0xb2, 0x03, 0xb2, 0x03,
  0xb1, 0xe2, 0xa9, 0xc2, 0xb9, 0x82, 0xc1, 0xc2, 0xc9, 0xc3, 0xc9, 0xe3,
  0xc9, 0xc4, 0xc9, 0xc3, 0xc9, 0xe5, 0xc1, 0xc4, 0xd2, 0xa7, 0xeb, 0x6a,
  0xeb, 0xec, 0xf4, 0x6d, 0xfd, 0x71, 0xfe, 0x96, 0xff, 0x38, 0xff, 0x7a,
  0xff, 0xba, 0xff, 0xfb, 0xff, 0xfc, 0xff, 0xfd, 0xff, 0xfd, 0xff, 0xfd,
  0xff, 0xfe, 0xff, 0xfe, 0xff, 0xfe, 0xff, 0xfe, 0xff, 0xfe, 0xff, 0xfe,
  0xff, 0xfe, 0xff, 0xfe, 0xff, 0xfe, 0xff, 0xfd, 0xff, 0xfd, 0xff, 0xfe,
  0xff, 0xfe, 0xff, 0xfe, 0xff, 0xfe, 0xff, 0xdd, 0xff, 0xdd, 0xff, 0x9b,
  0xff, 0x9b, 0xff, 0x99, 0xff, 0x58, 0xfe, 0xd5, 0xfe, 0x52, 0xfe, 0x10,
  0xfe, 0x10, 0xfe, 0x31, 0xfe, 0x31, 0xfe, 0xb2, 0xff, 0x34, 0xff, 0x14,
  0xff, 0x14, 0xff, 0x14, 0xff, 0x15, 0xff, 0x15, 0xfe, 0xf6, 0xff, 0x16,
  0xff, 0x78, 0xff, 0x37, 0xfe, 0xd5, 0xfe, 0x53, 0xfe, 0x30, 0xfe, 0x31,
  0xfe, 0xb2, 0xfe, 0xf3, 0xff, 0x35, 0xff, 0x15, 0xfe, 0xf4, 0xff, 0x35,
  0xff, 0x76, 0xff, 0x14, 0xfe, 0xb2, 0xff, 0x14, 0xff, 0x14, 0xfe, 0xf3,
  0xfe, 0x92, 0xfe, 0x0f, 0xf5, 0x6d, 0xf5, 0x6c, 0xfd, 0xce, 0xfd, 0xce,
  0xfe, 0x0d, 0xf6, 0x0c, 0xed, 0x8b, 0xfe, 0x2d, 0xfe, 0x8f, 0xfe, 0xb0,
  0xff, 0x11, 0xff, 0x73, 0xff, 0x72, 0xff, 0x71, 0xff, 0x0f, 0xfe, 0xcd,
  0xfe, 0xad, 0xfe, 0x6e, 0xfe, 0xaf, 0xfe, 0x0d, 0xfe, 0x4e, 0xfe, 0x4c,
  0xfe, 0x4c, 0xfe, 0x8d, 0xfe, 0xad, 0xfe, 0xae, 0xfe, 0xae, 0xfe, 0xef,
  0xff, 0x10, 0xff, 0x11, 0xff, 0x32, 0xff, 0x54, 0xff, 0x75, 0xff, 0x97,
  0xff, 0x98, 0xff, 0x98, 0xff, 0x99, 0xff, 0xb9, 0xff, 0xb9, 0xff, 0xba,
  0xff, 0xdb, 0xff, 0xfc, 0x00, 0x00, 0x00, 0x00, 0x00, 0x00, 0x00, 0x00,
  0x00, 0x00, 0x00, 0x00, 0x00, 0x00, 0x00, 0x00, 0x00, 0x00, 0x00, 0x00,
  0x00, 0x00, 0x00, 0x00, 0x00, 0x00, 0x00, 0x00, 0x00, 0x00, 0x00, 0x00,
  0x00, 0x00, 0x00, 0x00, 0x00, 0x00, 0x00, 0x00, 0xff, 0xff, 0xff, 0xff,
  0xff, 0xff, 0xff, 0xff, 0xff, 0xff, 0xff, 0xff, 0xff, 0xff, 0xff, 0xff,
  0xff, 0xff, 0xff, 0xff, 0xff, 0xff, 0xff, 0xff, 0xff, 0xff, 0xff, 0xff,
  0xff, 0xff, 0xff, 0xff, 0xff, 0xff, 0xff, 0xff, 0xff, 0xff, 0xff, 0xff,
  0xff, 0xff, 0xff, 0xff, 0xff, 0xff, 0xff, 0xff, 0xff, 0xff, 0xff, 0xff,
  0xff, 0xfd, 0xff, 0xfd, 0xff, 0xfa, 0xff, 0xf9, 0xff, 0xb4, 0xff, 0x53,
  0xfe, 0xcc, 0xfe, 0x8b, 0xfe, 0x4a, 0xfd, 0xe8, 0xfd, 0x26, 0xf4, 0xc4,
  0xec, 0x63, 0xe4, 0x22, 0xe3, 0xe2, 0xd3, 0x61, 0xd3, 0x00, 0xd3, 0x00,
  0xca, 0xa0, 0xc2, 0x60, 0xba, 0x20, 0xc2, 0x00, 0xc2, 0x20, 0xca, 0x60,
  0xd2, 0xc0, 0xd2, 0xc1, 0xd2, 0xe1, 0xd3, 0x01, 0xd3, 0x02, 0xd3, 0x22,
  0xdb, 0x42, 0xdb, 0x42, 0xdb, 0x63, 0xdb, 0x63, 0xdb, 0x63, 0xdb, 0x62,
  0xd3, 0x62, 0xd3, 0x42, 0xd3, 0x42, 0xd3, 0x43, 0xcb, 0x02, 0xc2, 0xe3,
  0xc2, 0xe3, 0xba, 0xc3, 0xba, 0xa3, 0xb2, 0x82, 0xb2, 0x62, 0xaa, 0x42,
  0xaa, 0x42, 0xa2, 0x22, 0xaa, 0x42, 0xaa, 0x83, 0xb2, 0xa4, 0xb2, 0xa4,
  0xa2, 0x22, 0xa2, 0x22, 0xaa, 0x63, 0xaa, 0x63, 0xb2, 0xa4, 0xba, 0xa4,
  0xba, 0xa4, 0xba, 0xc4, 0xc2, 0xc4, 0xc2, 0xc4, 0xc2, 0xc4, 0xc2, 0xc4,
  0xca, 0xe5, 0xc2, 0xa4, 0xba, 0x84, 0xba, 0x43, 0xb2, 0x02, 0xb2, 0x02,
  0xb1, 0xe2, 0xa9, 0xa1, 0xb9, 0xe2, 0xc1, 0xe3, 0xba, 0x03, 0xb9, 0xe3,
  0xb1, 0xc2, 0xa9, 0xa2, 0xb2, 0x04, 0xd2, 0xe8, 0xeb, 0xec, 0xfc, 0x6e,
  0xf4, 0x8e, 0xfc, 0xae, 0xfd, 0x50, 0xfe, 0x54, 0xfe, 0xd6, 0xff, 0x38,
  0xff, 0xba, 0xff, 0xfb, 0xff, 0xfc, 0xff, 0xfd, 0xff, 0xfd, 0xff, 0xfe,
  0xff, 0xfe, 0xff, 0xfe, 0xff, 0xfe, 0xff, 0xfe, 0xff, 0xfe, 0xff, 0xfe,
  0xff, 0xfe, 0xff, 0xfe, 0xff, 0xfe, 0xff, 0xfe, 0xff, 0xfd, 0xff, 0xfe,
  0xff, 0xfe, 0xff, 0xfe, 0xff, 0xfe, 0xff, 0xdd, 0xff, 0xdd, 0xff, 0xbc,
  0xff, 0xbb, 0xff, 0xba, 0xff, 0xba, 0xff, 0x57, 0xfe, 0xd4, 0xfe, 0x73,
  0xfe, 0x52, 0xfe, 0x72, 0xfe, 0x72, 0xfe, 0xb4, 0xff, 0x35, 0xff, 0x15,
  0xff, 0x16, 0xff, 0x16, 0xfe, 0xf7, 0xfe, 0xf7, 0xfe, 0xf8, 0xfe, 0xf8,
  0xff, 0x18, 0xff, 0x18, 0xfe, 0xf6, 0xfe, 0x54, 0xfd, 0xf1, 0xf5, 0xf1,
  0xfe, 0x51, 0xfe, 0xd3, 0xfe, 0xd4, 0xfe, 0xd4, 0xff, 0x35, 0xff, 0x76,
  0xff, 0x55, 0xfe, 0xb3, 0xfe, 0x72, 0xff, 0x14, 0xff, 0x54, 0xff, 0x14,
  0xfe, 0x91, 0xfd, 0xae, 0xec, 0xeb, 0xec, 0xeb, 0xfd, 0x6c, 0xfd, 0x4c,
  0xfd, 0xed, 0xf6, 0x0c, 0xed, 0x6a, 0xf6, 0x0d, 0xfe, 0x8f, 0xfe, 0xb0,
  0xff, 0x32, 0xff, 0x73, 0xff, 0x93, 0xff, 0x70, 0xff, 0x0f, 0xfe, 0xad,
  0xfe, 0xad, 0xfe, 0x6e, 0xfe, 0x8f, 0xfe, 0x0d, 0xfe, 0x6f, 0xfe, 0x2b,
  0xfe, 0x2b, 0xfe, 0x6d, 0xfe, 0xad, 0xfe, 0xae, 0xfe, 0xce, 0xfe, 0xf0,
  0xff, 0x10, 0xff, 0x32, 0xff, 0x52, 0xff, 0x54, 0xff, 0x75, 0xff, 0x97,
  0xff, 0x98, 0xff, 0x98, 0xff, 0x99, 0xff, 0x99, 0xff, 0x99, 0xff, 0xba,
  0xff, 0xbb, 0xff, 0xdc, 0x00, 0x00, 0x00, 0x00, 0x00, 0x00, 0x00, 0x00,
  0x00, 0x00, 0x00, 0x00, 0x00, 0x00, 0x00, 0x00, 0x00, 0x00, 0x00, 0x00,
  0x00, 0x00, 0x00, 0x00, 0x00, 0x00, 0x00, 0x00, 0x00, 0x00, 0x00, 0x00,
  0x00, 0x00, 0x00, 0x00, 0x00, 0x00, 0x00, 0x00, 0x00, 0x00, 0xff, 0xff,
  0xff, 0xff, 0xff, 0xff, 0xff, 0xff, 0xff, 0xff, 0xff, 0xff, 0xff, 0xff,
  0xff, 0xff, 0xff, 0xff, 0xff, 0xff, 0xff, 0xff, 0xff, 0xff, 0xff, 0xff,
  0xff, 0xff, 0xff, 0xff, 0xff, 0xff, 0xff, 0xff, 0xff, 0xff, 0xff, 0xff,
  0xff, 0xff, 0xff, 0xff, 0xff, 0xff, 0xff, 0xff, 0xff, 0xff, 0xff, 0xff,
  0xff, 0xfd, 0xff, 0xfd, 0xff, 0xfa, 0xff, 0xf9, 0xff, 0xb4, 0xff, 0x53,
  0xfe, 0xed, 0xfe, 0x8b, 0xfe, 0x29, 0xfd, 0xc8, 0xfd, 0x25, 0xec, 0xc4,
  0xec, 0x63, 0xe4, 0x23, 0xe4, 0x03, 0xdb, 0x81, 0xd3, 0x41, 0xd3, 0x21,
  0xd2, 0xe0, 0xca, 0xa0, 0xc2, 0x60, 0xc2, 0x20, 0xc2, 0x20, 0xc2, 0x60,
  0xd2, 0xa0, 0xca, 0xc0, 0xd2, 0xc1, 0xd2, 0xe1, 0xd3, 0x01, 0xd3, 0x01,
  0xd3, 0x22, 0xd3, 0x42, 0xdb, 0x42, 0xdb, 0x83, 0xdb, 0x83, 0xdb, 0x62,
  0xd3, 0x42, 0xd3, 0x22, 0xd3, 0x21, 0xcb, 0x02, 0xc2, 0xc1, 0xc3, 0x03,
  0xc3, 0x03, 0xba, 0xc3, 0xba, 0xa3, 0xb2, 0x82, 0xb2, 0x83, 0xaa, 0x62,
  0xaa, 0x42, 0xaa, 0x42, 0xaa, 0x63, 0xb2, 0xa4, 0xb2, 0xc4, 0xb2, 0xa4,
  0xaa, 0x42, 0xa2, 0x42, 0xaa, 0x83, 0xb2, 0x83, 0xba, 0xa4, 0xba, 0xc4,
  0xc2, 0xe5, 0xc3, 0x05, 0xcb, 0x05, 0xcb, 0x05, 0xc2, 0xe5, 0xc2, 0xe5,
  0xcb, 0x06, 0xca, 0xe5, 0xc2, 0xa4, 0xba, 0x43, 0xb2, 0x02, 0xb1, 0xe2,
  0xb1, 0xe2, 0xa9, 0xa1, 0xc2, 0x23, 0xc2, 0x03, 0xb1, 0xe2, 0xa9, 0xc2,
  0xa9, 0xe3, 0xb2, 0x65, 0xd3, 0x8a, 0xed, 0x50, 0xf5, 0x92, 0xfd, 0x72,
  0xfd, 0xd2, 0xfe, 0x13, 0xfe, 0xd5, 0xff, 0x37, 0xff, 0x37, 0xff, 0x79,
  0xff, 0xfb, 0xff, 0xfc, 0xff, 0xfd, 0xff, 0xfd, 0xff, 0xfd, 0xff, 0xfe,
  0xff, 0xfe, 0xff, 0xfe, 0xff, 0xfe, 0xff, 0xfe, 0xff, 0xfe, 0xff, 0xfe,
  0xff, 0xfe, 0xff, 0xfe, 0xff, 0xfe, 0xff, 0xfe, 0xff, 0xfe, 0xff, 0xfe,
  0xff, 0xfe, 0xff, 0xde, 0xff, 0xde, 0xff, 0xde, 0xff, 0xde, 0xff, 0xfd,
  0xff, 0xfd, 0xff, 0xdb, 0xff, 0xbb, 0xff, 0x99, 0xff, 0x37, 0xfe, 0xf5,
  0xfe, 0xd4, 0xfe, 0xd4, 0xfe, 0xb3, 0xfe, 0xf5, 0xff, 0x37, 0xff, 0x17,
  0xff, 0x18, 0xfe, 0xf8, 0xfe, 0xf9, 0xfe, 0xf9, 0xfe, 0xf9, 0xfe, 0xf9,
  0xfe, 0xd8, 0xfe, 0xd8, 0xfe, 0xb6, 0xfe, 0x34, 0xfd, 0xd1, 0xfd, 0xd1,
  0xfe, 0x31, 0xfe, 0xb3, 0xfe, 0xb3, 0xfe, 0xb4, 0xff, 0x15, 0xff, 0x56,
  0xff, 0x14, 0xfe, 0xb3, 0xfe, 0x92, 0xfe, 0xf3, 0xff, 0x14, 0xff, 0x14,
  0xfe, 0xf3, 0xfe, 0x92, 0xfe, 0x50, 0xfe, 0x91, 0xfe, 0xd2, 0xfe, 0x92,
  0xfe, 0x6f, 0xfe, 0x0b, 0xed, 0x8a, 0xf6, 0x0c, 0xfe, 0x6f, 0xfe, 0xb1,
  0xff, 0x32, 0xff, 0x73, 0xff, 0x52, 0xff, 0x50, 0xff, 0x0f, 0xfe, 0xac,
  0xfe, 0xad, 0xfe, 0x4f, 0xfe, 0x6f, 0xfd, 0xed, 0xfe, 0x4e, 0xfe, 0x2b,
  0xfe, 0x2b, 0xfe, 0x6c, 0xfe, 0x8d, 0xfe, 0xae, 0xfe, 0xae, 0xfe, 0xf0,
  0xfe, 0xf0, 0xff, 0x32, 0xff, 0x53, 0xff, 0x55, 0xff, 0x76, 0xff, 0x97,
  0xff, 0x98, 0xff, 0x99, 0xff, 0x99, 0xff, 0x99, 0xff, 0x99, 0xff, 0x9a,
  0xff, 0xbb, 0x00, 0x00, 0x00, 0x00, 0x00, 0x00, 0x00, 0x00, 0x00, 0x00,
  0x00, 0x00, 0x00, 0x00, 0x00, 0x00, 0x00, 0x00, 0x00, 0x00, 0x00, 0x00,
  0x00, 0x00, 0x00, 0x00, 0x00, 0x00, 0x00, 0x00, 0x00, 0x00, 0x00, 0x00,
  0x00, 0x00, 0x00, 0x00, 0x00, 0x00, 0x00, 0x00, 0x00, 0x00, 0xff, 0xff,
  0xff, 0xff, 0xff, 0xff, 0xff, 0xff, 0xff, 0xff, 0xff, 0xff, 0xff, 0xff,
  0xff, 0xff, 0xff, 0xff, 0xff, 0xff, 0xff, 0xff, 0xff, 0xff, 0xff, 0xff,
  0xff, 0xff, 0xff, 0xff, 0xff, 0xff, 0xff, 0xff, 0xff, 0xff, 0xff, 0xff,
  0xff, 0xff, 0xff, 0xff, 0xff, 0xff, 0xff, 0xff, 0xff, 0xff, 0xff, 0xff,
  0xff, 0xfd, 0xff, 0xfd, 0xff, 0xfa, 0xff, 0xda, 0xff, 0xb5, 0xff, 0x53,
  0xfe, 0xed, 0xfe, 0x8b, 0xfe, 0x29, 0xfd, 0xc7, 0xfd, 0x25, 0xec, 0xc3,
  0xec, 0x63, 0xe4, 0x22, 0xe4, 0x02, 0xdb, 0x81, 0xdb, 0x41, 0xdb, 0x41,
  0xdb, 0x20, 0xd2, 0xc0, 0xca, 0x80, 0xc2, 0x40, 0xc2, 0x20, 0xc2, 0x60,
  0xca, 0xa0, 0xd2, 0xc0, 0xd2, 0xc1, 0xd2, 0xe1, 0xd3, 0x01, 0xd3, 0x22,
  0xdb, 0x22, 0xdb, 0x42, 0xdb, 0x42, 0xdb, 0x83, 0xdb, 0x83, 0xdb, 0x63,
  0xdb, 0x62, 0xd3, 0x42, 0xd3, 0x22, 0xcb, 0x23, 0xc2, 0xe2, 0xc3, 0x03,
  0xc3, 0x03, 0xba, 0xe3, 0xba, 0xa2, 0xb2, 0x82, 0xb2, 0xa3, 0xb2, 0x82,
  0xaa, 0x62, 0xaa, 0x62, 0xaa, 0x83, 0xb2, 0xa3, 0xb2, 0xc4, 0xb2, 0xa3,
  0xaa, 0x62, 0xa2, 0x22, 0xaa, 0x63, 0xb2, 0xc4, 0xb2, 0xc4, 0xba, 0xe5,
  0xc3, 0x05, 0xcb, 0x26, 0xcb, 0x25, 0xcb, 0x25, 0xc2, 0xe4, 0xc2, 0xc4,
  0xca, 0xe5, 0xca, 0xe5, 0xc2, 0xa4, 0xba, 0x43, 0xb1, 0xe2, 0xb1, 0xc2,
  0xb1, 0xe2, 0xb1, 0xc2, 0xb2, 0x43, 0xaa, 0x22, 0xaa, 0x43, 0xc3, 0x06,
  0xd4, 0x0a, 0xec, 0xee, 0xfe, 0x12, 0xff, 0x37, 0xff, 0x17, 0xfe, 0xd6,
  0xfe, 0xd6, 0xff, 0x16, 0xff, 0x78, 0xff, 0x98, 0xff, 0x99, 0xff, 0xda,
  0xff, 0xfb, 0xff, 0xfd, 0xff, 0xfd, 0xff, 0xfd, 0xff, 0xfd, 0xff, 0xfd,
  0xff, 0xfd, 0xff, 0xfd, 0xff, 0xfe, 0xff, 0xfe, 0xff, 0xfd, 0xff, 0xfe,
  0xff, 0xfe, 0xff, 0xfe, 0xff, 0xfe, 0xff, 0xfe, 0xff, 0xfe, 0xff, 0xfe,
  0xff, 0xfe, 0xff, 0xfe, 0xff, 0xfe, 0xff, 0xfd, 0xff, 0xfe, 0xff, 0xfd,
  0xff, 0xdc, 0xff, 0xdb, 0xff, 0xdb, 0xff, 0x99, 0xff, 0x78, 0xff, 0x57,
  0xff, 0x56, 0xff, 0x36, 0xff, 0x15, 0xff, 0x16, 0xff, 0x17, 0xff, 0x17,
  0xff, 0x17, 0xff, 0x18, 0xff, 0x18, 0xff, 0x18, 0xff, 0x39, 0xff, 0x19,
  0xfe, 0xf7, 0xfe, 0xb6, 0xfe, 0x54, 0xfd, 0xd2, 0xfe, 0x12, 0xfe, 0x32,
  0xfe, 0x92, 0xfe, 0xb3, 0xff, 0x15, 0xff, 0x36, 0xff, 0x56, 0xff, 0x35,
  0xfe, 0xd4, 0xfe, 0xf4, 0xff, 0x14, 0xff, 0x34, 0xfe, 0xd2, 0xfe, 0x50,
  0xfe, 0x0f, 0xf5, 0xee, 0xed, 0xcd, 0xf6, 0x4f, 0xfe, 0xf1, 0xff, 0x12,
  0xfe, 0xaf, 0xfe, 0x0b, 0xed, 0xaa, 0xf6, 0x0d, 0xfe, 0x6e, 0xfe, 0x90,
  0xff, 0x32, 0xff, 0x52, 0xff, 0x52, 0xff, 0x4f, 0xfe, 0xee, 0xfe, 0xac,
  0xfe, 0xad, 0xfe, 0x6e, 0xfe, 0x6e, 0xfd, 0xec, 0xfe, 0x2d, 0xfe, 0x4c,
  0xfe, 0x4b, 0xfe, 0x8d, 0xfe, 0xad, 0xfe, 0xae, 0xfe, 0xcf, 0xfe, 0xf0,
  0xff, 0x10, 0xff, 0x32, 0xff, 0x53, 0xff, 0x75, 0xff, 0x96, 0xff, 0x97,
  0xff, 0x98, 0xff, 0x99, 0xff, 0x99, 0xff, 0x99, 0xff, 0x99, 0xff, 0xba,
  0xff, 0xbb, 0x00, 0x00, 0x00, 0x00, 0x00, 0x00, 0x00, 0x00, 0x00, 0x00,
  0x00, 0x00, 0x00, 0x00, 0x00, 0x00, 0x00, 0x00, 0x00, 0x00, 0x00, 0x00,
  0x00, 0x00, 0x00, 0x00, 0x00, 0x00, 0x00, 0x00, 0x00, 0x00, 0x00, 0x00,
  0x00, 0x00, 0x00, 0x00, 0x00, 0x00, 0x00, 0x00, 0x00, 0x00, 0x00, 0x00,
  0xff, 0xff, 0xff, 0xff, 0xff, 0xff, 0xff, 0xff, 0xff, 0xff, 0xff, 0xff,
  0xff, 0xff, 0xff, 0xff, 0xff, 0xff, 0xff, 0xff, 0xff, 0xff, 0xff, 0xff,
  0xff, 0xff, 0xff, 0xff, 0xff, 0xff, 0xff, 0xff, 0xff, 0xff, 0xff, 0xff,
  0xff, 0xff, 0xff, 0xff, 0xff, 0xff, 0xff, 0xff, 0xff, 0xff, 0xff, 0xff,
  0xff, 0xfd, 0xff, 0xfd, 0xff, 0xfb, 0xff, 0xda, 0xff, 0xb5, 0xff, 0x74,
  0xfe, 0xee, 0xfe, 0x8c, 0xfe, 0x49, 0xfd, 0xe8, 0xfd, 0x45, 0xf4, 0xe3,
  0xec, 0x83, 0xe4, 0x42, 0xe4, 0x02, 0xdb, 0xa1, 0xdb, 0x61, 0xdb, 0x61,
  0xdb, 0x21, 0xd2, 0xe0, 0xca, 0x80, 0xca, 0x40, 0xc2, 0x20, 0xc2, 0x60,
  0xca, 0xa0, 0xca, 0xa0, 0xd2, 0xc1, 0xd2, 0xe1, 0xd3, 0x01, 0xd3, 0x22,
  0xdb, 0x42, 0xdb, 0x42, 0xdb, 0x63, 0xdb, 0x83, 0xdb, 0x83, 0xdb, 0x83,
  0xdb, 0x62, 0xd3, 0x42, 0xd3, 0x22, 0xcb, 0x22, 0xc2, 0xe2, 0xcb, 0x03,
  0xc3, 0x03, 0xc2, 0xe3, 0xba, 0xa2, 0xb2, 0xa2, 0xba, 0xa2, 0xb2, 0x82,
  0xaa, 0x62, 0xaa, 0x82, 0xb2, 0x82, 0xb2, 0xc3, 0xb2, 0xe4, 0xb2, 0xa3,
  0xa2, 0x42, 0x9a, 0x21, 0xaa, 0xa3, 0xbb, 0x05, 0xba, 0xe5, 0xc3, 0x05,
  0xc3, 0x46, 0xcb, 0x66, 0xd3, 0x66, 0xcb, 0x45, 0xc2, 0xc4, 0xba, 0xa3,
  0xca, 0xe5, 0xca, 0xc5, 0xca, 0x84, 0xc2, 0x23, 0xb1, 0xc2, 0xb1, 0xa2,
  0xa9, 0xc1, 0xb1, 0xc1, 0xaa, 0xc3, 0xc3, 0x66, 0xd4, 0xcb, 0xee, 0x10,
  0xfe, 0xd3, 0xfe, 0xf4, 0xff, 0x56, 0xff, 0x77, 0xff, 0x56, 0xff, 0x36,
  0xff, 0x15, 0xfe, 0xf4, 0xfe, 0xd4, 0xfe, 0xf5, 0xff, 0x98, 0xff, 0xfa,
  0xff, 0xfb, 0xff, 0xfd, 0xff, 0xfd, 0xff, 0xfd, 0xff, 0xfd, 0xff, 0xfd,
  0xff, 0xfd, 0xff, 0xfd, 0xff, 0xfd, 0xff, 0xfd, 0xff, 0xfd, 0xff, 0xfe,
  0xff, 0xfd, 0xff, 0xfd, 0xff, 0xfe, 0xff, 0xfe, 0xff, 0xfe, 0xff, 0xfe,
  0xff, 0xfe, 0xff, 0xfe, 0xff, 0xfe, 0xff, 0xfe, 0xff, 0xfe, 0xff, 0xfd,
  0xff, 0xfd, 0xff, 0xfc, 0xff, 0xfc, 0xff, 0xdb, 0xff, 0xba, 0xff, 0x99,
  0xff, 0x77, 0xff, 0x57, 0xff, 0x56, 0xff, 0x37, 0xfe, 0xf7, 0xff, 0x17,
  0xfe, 0xf8, 0xfe, 0xf8, 0xff, 0x18, 0xff, 0x18, 0xff, 0x18, 0xff, 0x18,
  0xfe, 0xd7, 0xfe, 0x75, 0xfd, 0xf3, 0xfd, 0xd2, 0xfe, 0x33, 0xfe, 0x74,
  0xfe, 0xd4, 0xfe, 0xd4, 0xff, 0x37, 0xff, 0x78, 0xff, 0x76, 0xfe, 0xf4,
  0xfe, 0xb3, 0xff, 0x35, 0xff, 0x96, 0xff, 0x55, 0xfe, 0x91, 0xfd, 0xae,
  0xfd, 0x2b, 0xe4, 0xa8, 0xdc, 0x46, 0xec, 0xc8, 0xfd, 0xab, 0xfe, 0x2c,
  0xfe, 0x4c, 0xfe, 0x2b, 0xf5, 0xca, 0xfe, 0x0d, 0xfe, 0x4e, 0xfe, 0x90,
  0xff, 0x52, 0xff, 0x72, 0xff, 0x71, 0xff, 0x6f, 0xff, 0x0e, 0xfe, 0xcc,
  0xfe, 0xcd, 0xfe, 0x8f, 0xfe, 0x4e, 0xfd, 0xec, 0xfe, 0x0d, 0xfe, 0x4b,
  0xfe, 0x4c, 0xfe, 0xad, 0xfe, 0xce, 0xfe, 0xce, 0xfe, 0xcf, 0xfe, 0xf0,
  0xff, 0x10, 0xff, 0x33, 0xff, 0x73, 0xff, 0x75, 0xff, 0x96, 0xff, 0x97,
  0xff, 0xb8, 0xff, 0xb9, 0xff, 0xba, 0xff, 0x99, 0xff, 0x99, 0xff, 0xba,
  0x00, 0x00, 0x00, 0x00, 0x00, 0x00, 0x00, 0x00, 0x00, 0x00, 0x00, 0x00,
  0x00, 0x00, 0x00, 0x00, 0x00, 0x00, 0x00, 0x00, 0x00, 0x00, 0x00, 0x00,
  0x00, 0x00, 0x00, 0x00, 0x00, 0x00, 0x00, 0x00, 0x00, 0x00, 0x00, 0x00,
  0x00, 0x00, 0x00, 0x00, 0x00, 0x00, 0x00, 0x00, 0x00, 0x00, 0x00, 0x00,
  0xff, 0xff, 0xff, 0xff, 0xff, 0xff, 0xff, 0xff, 0xff, 0xff, 0xff, 0xff,
  0xff, 0xff, 0xff, 0xff, 0xff, 0xff, 0xff, 0xff, 0xff, 0xff, 0xff, 0xff,
  0xff, 0xff, 0xff, 0xff, 0xff, 0xff, 0xff, 0xff, 0xff, 0xff, 0xff, 0xff,
  0xff, 0xff, 0xff, 0xff, 0xff, 0xff, 0xff, 0xff, 0xff, 0xff, 0xff, 0xff,
  0xff, 0xfd, 0xff, 0xfd, 0xff, 0xfb, 0xff, 0xfa, 0xff, 0xb6, 0xff, 0x95,
  0xff, 0x0f, 0xfe, 0xad, 0xfe, 0x4a, 0xfe, 0x08, 0xfd, 0x66, 0xf5, 0x04,
  0xec, 0x83, 0xec, 0x42, 0xe4, 0x02, 0xe3, 0xc1, 0xe3, 0xa1, 0xe3, 0x81,
  0xdb, 0x41, 0xdb, 0x00, 0xd2, 0xc0, 0xca, 0x60, 0xc2, 0x40, 0xca, 0x60,
  0xca, 0xa0, 0xca, 0xa0, 0xca, 0xc0, 0xca, 0xc1, 0xd2, 0xe1, 0xd3, 0x22,
  0xdb, 0x42, 0xdb, 0x42, 0xdb, 0x63, 0xdb, 0x83, 0xdb, 0x83, 0xdb, 0x83,
  0xdb, 0x62, 0xd3, 0x42, 0xd3, 0x22, 0xcb, 0x22, 0xc2, 0xe1, 0xc3, 0x03,
  0xc3, 0x02, 0xba, 0xc2, 0xba, 0xa2, 0xba, 0xa2, 0xba, 0xa2, 0xb2, 0xa2,
  0xb2, 0xa2, 0xb2, 0xa2, 0xb2, 0xa3, 0xb2, 0xa3, 0xb2, 0xc3, 0xb2, 0xc3,
  0xb2, 0xc4, 0xb2, 0xe4, 0xbb, 0x25, 0xc3, 0x46, 0xc3, 0x25, 0xc3, 0x46,
  0xcb, 0x86, 0xd3, 0x87, 0xd3, 0x86, 0xcb, 0x45, 0xc2, 0xe4, 0xc2, 0xa4,
  0xca, 0xc5, 0xca, 0xc4, 0xca, 0x64, 0xba, 0x23, 0xb1, 0xc2, 0xb1, 0xa1,
  0xb1, 0xc1, 0xc2, 0x43, 0xdc, 0x29, 0xfd, 0xf0, 0xff, 0x76, 0xff, 0xf8,
  0xff, 0xb8, 0xff, 0xb8, 0xff, 0xfa, 0xff, 0xd9, 0xff, 0x57, 0xff, 0x17,
  0xfe, 0xf6, 0xfe, 0x94, 0xfe, 0x13, 0xfd, 0xf2, 0xfe, 0x95, 0xfe, 0xd7,
  0xfe, 0xd7, 0xff, 0x5a, 0xff, 0x9b, 0xff, 0xdd, 0xff, 0xdd, 0xff, 0xfd,
  0xff, 0xfd, 0xff, 0xfd, 0xff, 0xfd, 0xff, 0xfd, 0xff, 0xfd, 0xff, 0xfd,
  0xff, 0xfd, 0xff, 0xfd, 0xff, 0xfd, 0xff, 0xfe, 0xff, 0xfe, 0xff, 0xfd,
  0xff, 0xfd, 0xff, 0xfd, 0xff, 0xfd, 0xff, 0xfd, 0xff, 0xfd, 0xff, 0xfd,
  0xff, 0xfd, 0xff, 0xfc, 0xff, 0xfc, 0xff, 0xdb, 0xff, 0xba, 0xff, 0xb9,
  0xff, 0x98, 0xff, 0x77, 0xff, 0x77, 0xff, 0x37, 0xfe, 0xf6, 0xfe, 0xf6,
  0xfe, 0xf6, 0xfe, 0xf7, 0xfe, 0xf7, 0xff, 0x17, 0xfe, 0xd6, 0xfe, 0xd6,
  0xfe, 0xb5, 0xfe, 0x54, 0xfe, 0x12, 0xfe, 0x12, 0xfe, 0x73, 0xfe, 0xb4,
  0xff, 0x15, 0xff, 0x35, 0xff, 0x77, 0xff, 0x77, 0xff, 0x14, 0xfe, 0xb3,
  0xfe, 0xd4, 0xff, 0x35, 0xff, 0x55, 0xff, 0x14, 0xfe, 0x51, 0xfe, 0x0f,
  0xfd, 0xcd, 0xfd, 0x4b, 0xf5, 0x2a, 0xf5, 0x4a, 0xf5, 0xab, 0xfd, 0xcb,
  0xfe, 0x2c, 0xfe, 0x2b, 0xf5, 0xeb, 0xfe, 0x0d, 0xfe, 0x2e, 0xfe, 0x90,
  0xff, 0x73, 0xff, 0x92, 0xff, 0x71, 0xff, 0x6f, 0xff, 0x0e, 0xfe, 0xed,
  0xfe, 0xcd, 0xfe, 0x8f, 0xfe, 0x4e, 0xfe, 0x2d, 0xfd, 0xec, 0xfe, 0x4b,
  0xfe, 0x6c, 0xfe, 0xae, 0xfe, 0xef, 0xfe, 0xcf, 0xfe, 0xef, 0xfe, 0xf1,
  0xff, 0x11, 0xff, 0x53, 0xff, 0x74, 0xff, 0x76, 0xff, 0x96, 0xff, 0x98,
  0xff, 0xb8, 0xff, 0xb9, 0xff, 0xba, 0xff, 0x99, 0xff, 0x99, 0xff, 0xba,
  0x00, 0x00, 0x00, 0x00, 0x00, 0x00, 0x00, 0x00, 0x00, 0x00, 0x00, 0x00,
  0x00, 0x00, 0x00, 0x00, 0x00, 0x00, 0x00, 0x00, 0x00, 0x00, 0x00, 0x00,
  0x00, 0x00, 0x00, 0x00, 0x00, 0x00, 0x00, 0x00, 0x00, 0x00, 0x00, 0x00,
  0x00, 0x00, 0x00, 0x00, 0x00, 0x00, 0x00, 0x00, 0x00, 0x00, 0x00, 0x00,
  0x00, 0x00, 0xff, 0xff, 0xff, 0xff, 0xff, 0xff, 0xff, 0xff, 0xff, 0xff,
  0xff, 0xff, 0xff, 0xff, 0xff, 0xff, 0xff, 0xff, 0xff, 0xff, 0xff, 0xff,
  0xff, 0xff, 0xff, 0xff, 0xff, 0xff, 0xff, 0xff, 0xff, 0xff, 0xff, 0xff,
  0xff, 0xff, 0xff, 0xff, 0xff, 0xff, 0xff, 0xff, 0xff, 0xff, 0xff, 0xff,
  0xff, 0xfd, 0xff, 0xfd, 0xff, 0xfb, 0xff, 0xfb, 0xff, 0xd7, 0xff, 0x96,
  0xff, 0x30, 0xfe, 0xcd, 0xfe, 0x6b, 0xfe, 0x09, 0xfd, 0x86, 0xfd, 0x24,
  0xf4, 0xa3, 0xec, 0x62, 0xec, 0x22, 0xe3, 0xe2, 0xe3, 0xc1, 0xe3, 0xa1,
  0xdb, 0x61, 0xdb, 0x20, 0xd2, 0xe0, 0xca, 0x80, 0xc2, 0x60, 0xca, 0x80,
  0xca, 0x80, 0xca, 0x80, 0xca, 0xa0, 0xca, 0xc0, 0xd2, 0xe1, 0xd3, 0x22,
  0xdb, 0x42, 0xdb, 0x42, 0xdb, 0x63, 0xe3, 0x83, 0xdb, 0x83, 0xdb, 0x83,
  0xdb, 0x62, 0xd3, 0x42, 0xd3, 0x22, 0xcb, 0x22, 0xc2, 0xe1, 0xc3, 0x02,
  0xc2, 0xe2, 0xba, 0xc2, 0xba, 0xc2, 0xba, 0xe2, 0xba, 0xe2, 0xbb, 0x03,
  0xbb, 0x23, 0xba, 0xe3, 0xb2, 0xc2, 0xaa, 0x82, 0xaa, 0xa2, 0xbb, 0x04,
  0xcb, 0xa6, 0xd3, 0xc7, 0xcb, 0xc7, 0xcb, 0xa7, 0xc3, 0x86, 0xcb, 0x87,
  0xcb, 0xa7, 0xcb, 0xa7, 0xd3, 0x86, 0xcb, 0x65, 0xcb, 0x25, 0xc3, 0x04,
  0xca, 0xe5, 0xc2, 0xa4, 0xc2, 0x63, 0xba, 0x02, 0xb9, 0xc2, 0xb9, 0x81,
  0xba, 0x63, 0xe3, 0x88, 0xfd, 0xcf, 0xff, 0x14, 0xff, 0x76, 0xff, 0x77,
  0xff, 0x97, 0xff, 0x97, 0xff, 0x98, 0xff, 0x58, 0xfe, 0xb5, 0xfe, 0x54,
  0xfd, 0xd2, 0xf5, 0x30, 0xf4, 0x8e, 0xfc, 0x4d, 0xfc, 0xd0, 0xfd, 0x12,
  0xfd, 0x12, 0xfd, 0x95, 0xfe, 0x37, 0xfe, 0xf9, 0xff, 0x3a, 0xff, 0x9a,
  0xff, 0x9b, 0xff, 0xdb, 0xff, 0xfc, 0xff, 0xfc, 0xff, 0xfc, 0xff, 0xfc,
  0xff, 0xfc, 0xff, 0xfd, 0xff, 0xfd, 0xff, 0xfd, 0xff, 0xfd, 0xff, 0xfc,
  0xff, 0xfc, 0xff, 0xdc, 0xff, 0xdc, 0xff, 0xdc, 0xff, 0xdc, 0xff, 0xfc,
  0xff, 0xfc, 0xff, 0xfc, 0xff, 0xfc, 0xff, 0xfb, 0xff, 0xdb, 0xff, 0xba,
  0xff, 0x99, 0xff, 0x99, 0xff, 0x99, 0xff, 0x57, 0xfe, 0xf5, 0xff, 0x15,
  0xfe, 0xf5, 0xfe, 0xf5, 0xfe, 0xf6, 0xff, 0x15, 0xfe, 0xf4, 0xfe, 0xb3,
  0xfe, 0x52, 0xfe, 0x11, 0xfe, 0x11, 0xfe, 0x52, 0xfe, 0xb3, 0xfe, 0xf4,
  0xff, 0x34, 0xff, 0x35, 0xff, 0xb8, 0xff, 0x57, 0xfe, 0xf4, 0xfe, 0xd4,
  0xfe, 0xf4, 0xfe, 0xf4, 0xfe, 0xb3, 0xfe, 0x92, 0xfe, 0x91, 0xfe, 0x2f,
  0xf5, 0x6b, 0xec, 0xc9, 0xed, 0x09, 0xed, 0x29, 0xf5, 0x49, 0xf5, 0x89,
  0xfe, 0x0b, 0xfe, 0x2c, 0xfd, 0xec, 0xfe, 0x2d, 0xfe, 0x0d, 0xfe, 0x6f,
  0xff, 0x72, 0xff, 0x72, 0xff, 0x71, 0xff, 0x6f, 0xff, 0x0e, 0xfe, 0xcd,
  0xfe, 0xee, 0xfe, 0xaf, 0xfe, 0x4e, 0xfe, 0x2d, 0xfd, 0xec, 0xfe, 0x4c,
  0xfe, 0x8d, 0xfe, 0xcf, 0xfe, 0xef, 0xfe, 0xf0, 0xfe, 0xf0, 0xff, 0x11,
  0xff, 0x11, 0xff, 0x53, 0xff, 0x74, 0xff, 0x76, 0xff, 0x96, 0xff, 0x98,
  0xff, 0xb9, 0xff, 0xb9, 0xff, 0xba, 0xff, 0x9a, 0xff, 0x99, 0x00, 0x00,
  0x00, 0x00, 0x00, 0x00, 0x00, 0x00, 0x00, 0x00, 0x00, 0x00, 0x00, 0x00,
  0x00, 0x00, 0x00, 0x00, 0x00, 0x00, 0x00, 0x00, 0x00, 0x00, 0x00, 0x00,
  0x00, 0x00, 0x00, 0x00, 0x00, 0x00, 0x00, 0x00, 0x00, 0x00, 0x00, 0x00,
  0x00, 0x00, 0x00, 0x00, 0x00, 0x00, 0x00, 0x00, 0x00, 0x00, 0x00, 0x00,
  0x00, 0x00, 0xff, 0xff, 0xff, 0xff, 0xff, 0xff, 0xff, 0xff, 0xff, 0xff,
  0xff, 0xff, 0xff, 0xff, 0xff, 0xff, 0xff, 0xff, 0xff, 0xff, 0xff, 0xff,
  0xff, 0xff, 0xff, 0xff, 0xff, 0xff, 0xff, 0xff, 0xff, 0xff, 0xff, 0xff,
  0xff, 0xff, 0xff, 0xff, 0xff, 0xff, 0xff, 0xff, 0xff, 0xff, 0xff, 0xff,
  0xff, 0xfd, 0xff, 0xfd, 0xff, 0xfb, 0xff, 0xfb, 0xff, 0xd7, 0xff, 0x96,
  0xff, 0x30, 0xfe, 0xce, 0xfe, 0x8b, 0xfe, 0x4a, 0xfd, 0xa7, 0xfd, 0x45,
  0xf4, 0xc4, 0xec, 0x83, 0xec, 0x42, 0xe4, 0x02, 0xe3, 0xc1, 0xdb, 0x81,
  0xdb, 0x61, 0xdb, 0x20, 0xd2, 0xe0, 0xca, 0x80, 0xc2, 0x60, 0xca, 0x60,
  0xca, 0x80, 0xca, 0x80, 0xca, 0xa0, 0xca, 0xc0, 0xd2, 0xe1, 0xd3, 0x21,
  0xdb, 0x22, 0xdb, 0x42, 0xdb, 0x62, 0xdb, 0x83, 0xdb, 0x83, 0xdb, 0x83,
  0xd3, 0x62, 0xd3, 0x42, 0xd3, 0x42, 0xcb, 0x22, 0xc2, 0xe1, 0xc3, 0x02,
  0xc2, 0xe2, 0xba, 0xc2, 0xba, 0xc2, 0xbb, 0x03, 0xbb, 0x03, 0xc3, 0x24,
  0xc3, 0x24, 0xbb, 0x03, 0xb2, 0xe3, 0xb2, 0xc2, 0xba, 0xe3, 0xcb, 0x65,
  0xd3, 0xc7, 0xdb, 0xe8, 0xdc, 0x08, 0xdc, 0x08, 0xd3, 0xc7, 0xd3, 0xc7,
  0xd3, 0xc7, 0xd3, 0xa7, 0xd3, 0xa7, 0xd3, 0x66, 0xd3, 0x46, 0xd3, 0x45,
  0xdb, 0x06, 0xca, 0xc4, 0xca, 0x44, 0xc2, 0x23, 0xc1, 0xc3, 0xc1, 0xa2,
  0xca, 0x85, 0xf3, 0xca, 0xfc, 0x8c, 0xfc, 0xac, 0xfc, 0xcd, 0xfd, 0x0f,
  0xfd, 0x50, 0xfd, 0x50, 0xfd, 0x0f, 0xfd, 0x10, 0xfc, 0x8e, 0xfb, 0xec,
  0xf3, 0x8a, 0xeb, 0x29, 0xeb, 0x09, 0xf3, 0x4a, 0xfb, 0xac, 0xfb, 0xcd,
  0xf3, 0xcd, 0xf4, 0x4f, 0xfc, 0xd1, 0xfd, 0x94, 0xfe, 0x36, 0xff, 0x19,
  0xff, 0x7a, 0xff, 0xdb, 0xff, 0xdb, 0xff, 0xfb, 0xff, 0xfb, 0xff, 0xfb,
  0xff, 0xfb, 0xff, 0xfb, 0xff, 0xfb, 0xff, 0xfc, 0xff, 0xfc, 0xff, 0xbb,
  0xff, 0xbb, 0xff, 0xbb, 0xff, 0xbb, 0xff, 0xbb, 0xff, 0xdb, 0xff, 0xdb,
  0xff, 0xfc, 0xff, 0xfc, 0xff, 0xfc, 0xff, 0xfc, 0xff, 0xfb, 0xff, 0xfb,
  0xff, 0xda, 0xff, 0x99, 0xff, 0xb9, 0xff, 0x98, 0xff, 0x57, 0xff, 0x36,
  0xff, 0x16, 0xff, 0x16, 0xff, 0x17, 0xff, 0x16, 0xff, 0x16, 0xfe, 0xb4,
  0xfd, 0xf1, 0xfd, 0xd1, 0xfe, 0x32, 0xfe, 0x93, 0xfe, 0xb3, 0xfe, 0xd4,
  0xff, 0x13, 0xfe, 0xf3, 0xff, 0x56, 0xff, 0x36, 0xfe, 0xd3, 0xfe, 0xf4,
  0xff, 0x14, 0xfe, 0xb3, 0xfe, 0x51, 0xfe, 0x72, 0xfe, 0x30, 0xfd, 0x4c,
  0xec, 0xa9, 0xe4, 0x67, 0xec, 0xc8, 0xf5, 0x29, 0xfd, 0x6a, 0xfd, 0xab,
  0xfe, 0x2c, 0xfe, 0x4c, 0xfe, 0x2c, 0xfe, 0x4d, 0xfe, 0x4e, 0xfe, 0x90,
  0xff, 0x52, 0xff, 0x72, 0xff, 0x51, 0xff, 0x4f, 0xfe, 0xee, 0xfe, 0xad,
  0xfe, 0xad, 0xfe, 0x6e, 0xfe, 0x2d, 0xfe, 0x2d, 0xfe, 0x2d, 0xfe, 0x6c,
  0xfe, 0xad, 0xfe, 0xef, 0xff, 0x10, 0xff, 0x10, 0xff, 0x10, 0xff, 0x12,
  0xff, 0x12, 0xff, 0x54, 0xff, 0x74, 0xff, 0x76, 0xff, 0x97, 0xff, 0x98,
  0xff, 0xb9, 0xff, 0xba, 0xff, 0xba, 0xff, 0xba, 0xff, 0xba, 0x00, 0x00,
  0x00, 0x00, 0x00, 0x00, 0x00, 0x00, 0x00, 0x00, 0x00, 0x00, 0x00, 0x00,
  0x00, 0x00, 0x00, 0x00, 0x00, 0x00, 0x00, 0x00, 0x00, 0x00, 0x00, 0x00,
  0x00, 0x00, 0x00, 0x00, 0x00, 0x00, 0x00, 0x00, 0x00, 0x00, 0x00, 0x00,
  0x00, 0x00, 0x00, 0x00, 0x00, 0x00, 0x00, 0x00, 0x00, 0x00, 0x00, 0x00,
  0x00, 0x00, 0x00, 0x00, 0xff, 0xff, 0xff, 0xff, 0xff, 0xff, 0xff, 0xff,
  0xff, 0xff, 0xff, 0xff, 0xff, 0xff, 0xff, 0xff, 0xff, 0xff, 0xff, 0xff,
  0xff, 0xff, 0xff, 0xff, 0xff, 0xff, 0xff, 0xff, 0xff, 0xff, 0xff, 0xff,
  0xff, 0xff, 0xff, 0xff, 0xff, 0xff, 0xff, 0xff, 0xff, 0xff, 0xff, 0xff,
  0xff, 0xfd, 0xff, 0xfd, 0xff, 0xfb, 0xff, 0xfb, 0xff, 0xd7, 0xff, 0xb6,
  0xff, 0x30, 0xfe, 0xee, 0xfe, 0xac, 0xfe, 0x6b, 0xfd, 0xe8, 0xfd, 0x86,
  0xf5, 0x04, 0xec, 0xa3, 0xec, 0x62, 0xe4, 0x02, 0xdb, 0xc1, 0xdb, 0xa1,
  0xdb, 0x60, 0xd3, 0x40, 0xd2, 0xe0, 0xca, 0xa0, 0xc2, 0x40, 0xc2, 0x40,
  0xca, 0x80, 0xca, 0x80, 0xca, 0x80, 0xca, 0xc0, 0xd2, 0xc1, 0xd3, 0x01,
  0xd3, 0x22, 0xdb, 0x42, 0xdb, 0x62, 0xdb, 0x83, 0xdb, 0x83, 0xdb, 0x83,
  0xd3, 0x62, 0xd3, 0x62, 0xcb, 0x41, 0xcb, 0x42, 0xc3, 0x01, 0xc3, 0x02,
  0xc3, 0x02, 0xba, 0xe2, 0xbb, 0x02, 0xc3, 0x23, 0xc3, 0x23, 0xc3, 0x24,
  0xbb, 0x24, 0xbb, 0x03, 0xba, 0xe3, 0xba, 0xc3, 0xc3, 0x24, 0xd3, 0xa6,
  0xe4, 0x08, 0xec, 0x69, 0xe4, 0x49, 0xdc, 0x28, 0xd4, 0x08, 0xd3, 0xe7,
  0xd3, 0xc7, 0xd3, 0xc7, 0xdb, 0xc7, 0xdb, 0xa7, 0xdb, 0x87, 0xdb, 0x87,
  0xe3, 0x47, 0xda, 0xe6, 0xd2, 0x85, 0xd2, 0x44, 0xda, 0x04, 0xd1, 0xc3,
  0xca, 0x24, 0xe2, 0xc7, 0xf2, 0x47, 0xfa, 0x47, 0xfa, 0x47, 0xf2, 0x47,
  0xf2, 0x68, 0xfa, 0x89, 0xfa, 0xca, 0xfa, 0xea, 0xfa, 0x88, 0xfa, 0x27,
  0xfa, 0x07, 0xfa, 0x07, 0xfa, 0x28, 0xfa, 0x49, 0xfa, 0xab, 0xfa, 0x8b,
  0xfa, 0x6a, 0xfb, 0x0c, 0xfb, 0x8d, 0xf4, 0x2f, 0xfc, 0xf2, 0xfe, 0x56,
  0xff, 0x59, 0xff, 0xfb, 0xff, 0xfa, 0xff, 0xd9, 0xff, 0xf9, 0xff, 0xfa,
  0xff, 0xfa, 0xff, 0xf9, 0xff, 0xf9, 0xff, 0xd9, 0xff, 0xd9, 0xff, 0x99,
  0xff, 0x99, 0xff, 0x78, 0xff, 0x78, 0xff, 0x78, 0xff, 0x98, 0xff, 0xb9,
  0xff, 0xda, 0xff, 0xfb, 0xff, 0xfb, 0xff, 0xfc, 0xff, 0xfb, 0xff, 0xfb,
  0xff, 0xdb, 0xff, 0xba, 0xff, 0xba, 0xff, 0xb9, 0xff, 0x98, 0xff, 0x78,
  0xff, 0x58, 0xff, 0x58, 0xff, 0x38, 0xff, 0x38, 0xff, 0x17, 0xfe, 0x95,
  0xfd, 0xf2, 0xf5, 0xf2, 0xfe, 0x73, 0xfe, 0xb4, 0xfe, 0xd4, 0xfe, 0xf4,
  0xff, 0x13, 0xfe, 0xf2, 0xff, 0x55, 0xff, 0x55, 0xfe, 0xd2, 0xfe, 0xd2,
  0xfe, 0xd2, 0xfe, 0x71, 0xfe, 0x10, 0xfe, 0x10, 0xfd, 0x8d, 0xfc, 0xeb,
  0xf4, 0x89, 0xec, 0x48, 0xec, 0x68, 0xf4, 0xc9, 0xfd, 0x2a, 0xfd, 0x2b,
  0xfd, 0xcb, 0xfe, 0x6c, 0xfe, 0x4d, 0xf6, 0x6e, 0xfe, 0xaf, 0xfe, 0xf2,
  0xff, 0x32, 0xff, 0x53, 0xff, 0x73, 0xff, 0x10, 0xfe, 0xcf, 0xfe, 0x6c,
  0xfe, 0x2b, 0xfd, 0xeb, 0xfe, 0x0b, 0xfe, 0x2c, 0xfe, 0x6d, 0xfe, 0x6d,
  0xfe, 0xae, 0xfe, 0xf0, 0xfe, 0xf0, 0xff, 0x11, 0xff, 0x12, 0xff, 0x33,
  0xff, 0x33, 0xff, 0x55, 0xff, 0x75, 0xff, 0x97, 0xff, 0xb7, 0xff, 0xb9,
  0xff, 0xb9, 0xff, 0xba, 0xff, 0xba, 0xff, 0xba, 0x00, 0x00, 0x00, 0x00,
  0x00, 0x00, 0x00, 0x00, 0x00, 0x00, 0x00, 0x00, 0x00, 0x00, 0x00, 0x00,
  0x00, 0x00, 0x00, 0x00, 0x00, 0x00, 0x00, 0x00, 0x00, 0x00, 0x00, 0x00,
  0x00, 0x00, 0x00, 0x00, 0x00, 0x00, 0x00, 0x00, 0x00, 0x00, 0x00, 0x00,
  0x00, 0x00, 0x00, 0x00, 0x00, 0x00, 0x00, 0x00, 0x00, 0x00, 0x00, 0x00,
  0x00, 0x00, 0x00, 0x00, 0xff, 0xff, 0xff, 0xff, 0xff, 0xff, 0xff, 0xff,
  0xff, 0xff, 0xff, 0xff, 0xff, 0xff, 0xff, 0xff, 0xff, 0xff, 0xff, 0xff,
  0xff, 0xff, 0xff, 0xff, 0xff, 0xff, 0xff, 0xff, 0xff, 0xff, 0xff, 0xff,
  0xff, 0xff, 0xff, 0xff, 0xff, 0xff, 0xff, 0xff, 0xff, 0xff, 0xff, 0xff,
  0xff, 0xfe, 0xff, 0xfe, 0xff, 0xfc, 0xff, 0xfc, 0xff, 0xd8, 0xff, 0xb7,
  0xff, 0x72, 0xff, 0x10, 0xfe, 0xcd, 0xfe, 0x6b, 0xfe, 0x08, 0xfd, 0x86,
  0xfd, 0x04, 0xec, 0xa3, 0xec, 0x63, 0xe4, 0x22, 0xe3, 0xe1, 0xdb, 0xa1,
  0xdb, 0x80, 0xdb, 0x40, 0xd3, 0x00, 0xca, 0xa0, 0xc2, 0x60, 0xc2, 0x40,
  0xca, 0x80, 0xca, 0x60, 0xca, 0x80, 0xca, 0xa0, 0xd2, 0xc0, 0xd3, 0x01,
  0xd3, 0x01, 0xd3, 0x41, 0xdb, 0x62, 0xdb, 0x83, 0xdb, 0x83, 0xdb, 0x82,
  0xd3, 0x62, 0xd3, 0x62, 0xd3, 0x62, 0xcb, 0x42, 0xc3, 0x01, 0xcb, 0x23,
  0xcb, 0x43, 0xc3, 0x23, 0xc3, 0x23, 0xc3, 0x43, 0xc3, 0x23, 0xbb, 0x03,
  0xba, 0xe3, 0xba, 0xe3, 0xba, 0xe2, 0xba, 0xc3, 0xc3, 0x04, 0xd3, 0x86,
  0xdb, 0xe8, 0xec, 0x49, 0xe4, 0x49, 0xe4, 0x28, 0xe4, 0x28, 0xdc, 0x08,
  0xdb, 0xc7, 0xdb, 0xc7, 0xe3, 0xa7, 0xe3, 0xa7, 0xe3, 0x67, 0xdb, 0x26,
  0xe3, 0x06, 0xda, 0xe6, 0xda, 0x65, 0xda, 0x65, 0xe2, 0x46, 0xe2, 0x25,
  0xd2, 0x45, 0xc9, 0xe4, 0xda, 0x05, 0xda, 0x05, 0xd9, 0xc4, 0xd1, 0xa4,
  0xd9, 0x84, 0xd9, 0xa4, 0xe1, 0xe5, 0xe9, 0xe5, 0xe1, 0xc5, 0xe1, 0xa4,
  0xe9, 0xc5, 0xe9, 0xc5, 0xe9, 0xc5, 0xf1, 0xc6, 0xf1, 0xe7, 0xf1, 0xc7,
  0xe9, 0xa6, 0xea, 0x28, 0xf2, 0x89, 0xea, 0xca, 0xf3, 0x2b, 0xf4, 0x2e,
  0xfd, 0x72, 0xfe, 0x96, 0xfe, 0xb6, 0xff, 0x57, 0xff, 0x78, 0xff, 0xd9,
  0xff, 0xda, 0xff, 0xd9, 0xff, 0xd9, 0xff, 0xb8, 0xff, 0xb9, 0xff, 0x98,
  0xff, 0xb9, 0xff, 0x78, 0xff, 0x57, 0xff, 0x57, 0xff, 0x57, 0xff, 0x57,
  0xff, 0x78, 0xff, 0xba, 0xff, 0xda, 0xff, 0xdb, 0xff, 0xdb, 0xff, 0xba,
  0xff, 0xba, 0xff, 0xba, 0xff, 0xba, 0xff, 0xb9, 0xff, 0xb9, 0xff, 0x98,
  0xff, 0x78, 0xff, 0x58, 0xff, 0x37, 0xff, 0x17, 0xfe, 0xf5, 0xfe, 0x94,
  0xfe, 0x12, 0xfe, 0x12, 0xfe, 0xb4, 0xfe, 0xf5, 0xff, 0x15, 0xff, 0x15,
  0xff, 0x34, 0xff, 0x13, 0xfe, 0xf3, 0xff, 0x14, 0xff, 0x34, 0xfe, 0xf3,
  0xfe, 0x91, 0xfe, 0x50, 0xfe, 0x0f, 0xfd, 0xad, 0xfd, 0x4b, 0xfc, 0xea,
  0xf4, 0xa9, 0xf4, 0xa8, 0xfd, 0x09, 0xfd, 0x8b, 0xfd, 0xec, 0xfe, 0x0d,
  0xfe, 0x2c, 0xfe, 0x4c, 0xfe, 0x4d, 0xfe, 0x8f, 0xfe, 0xd0, 0xff, 0x13,
  0xff, 0x53, 0xff, 0x73, 0xff, 0x52, 0xff, 0x0f, 0xfe, 0xae, 0xfe, 0x8c,
  0xfe, 0x4b, 0xfe, 0x2c, 0xfe, 0x2c, 0xfe, 0x2d, 0xfe, 0x6d, 0xfe, 0x8e,
  0xfe, 0xcf, 0xfe, 0xf0, 0xff, 0x11, 0xff, 0x32, 0xff, 0x32, 0xff, 0x34,
  0xff, 0x54, 0xff, 0x76, 0xff, 0x96, 0xff, 0xb8, 0xff, 0xd8, 0xff, 0xd9,
  0xff, 0xda, 0xff, 0xba, 0xff, 0xba, 0xff, 0xba, 0x00, 0x00, 0x00, 0x00,
  0x00, 0x00, 0x00, 0x00, 0x00, 0x00, 0x00, 0x00, 0x00, 0x00, 0x00, 0x00,
  0x00, 0x00, 0x00, 0x00, 0x00, 0x00, 0x00, 0x00, 0x00, 0x00, 0x00, 0x00,
  0x00, 0x00, 0x00, 0x00, 0x00, 0x00, 0x00, 0x00, 0x00, 0x00, 0x00, 0x00,
  0x00, 0x00, 0x00, 0x00, 0x00, 0x00, 0x00, 0x00, 0x00, 0x00, 0x00, 0x00,
  0x00, 0x00, 0x00, 0x00, 0x00, 0x00, 0xff, 0xff, 0xff, 0xff, 0xff, 0xff,
  0xff, 0xff, 0xff, 0xff, 0xff, 0xff, 0xff, 0xff, 0xff, 0xff, 0xff, 0xff,
  0xff, 0xff, 0xff, 0xff, 0xff, 0xff, 0xff, 0xff, 0xff, 0xff, 0xff, 0xff,
  0xff, 0xff, 0xff, 0xff, 0xff, 0xff, 0xff, 0xff, 0xff, 0xff, 0xff, 0xff,
  0xff, 0xff, 0xff, 0xff, 0xff, 0xfe, 0xff, 0xfe, 0xff, 0xfa, 0xff, 0xba,
  0xff, 0x95, 0xff, 0x53, 0xfe, 0xcd, 0xfe, 0x6b, 0xfd, 0xe8, 0xfd, 0x86,
  0xf5, 0x04, 0xec, 0xa3, 0xe4, 0x42, 0xe4, 0x21, 0xe3, 0xe1, 0xdb, 0xc1,
  0xdb, 0x80, 0xd3, 0x40, 0xd3, 0x00, 0xca, 0xa0, 0xc2, 0x60, 0xc2, 0x40,
  0xc2, 0x60, 0xca, 0x60, 0xca, 0x80, 0xca, 0xa0, 0xd2, 0xc0, 0xd3, 0x00,
  0xd3, 0x00, 0xd3, 0x41, 0xdb, 0x62, 0xdb, 0x82, 0xdb, 0x82, 0xdb, 0x82,
  0xd3, 0x82, 0xd3, 0x62, 0xd3, 0x62, 0xcb, 0x62, 0xc3, 0x21, 0xcb, 0x63,
  0xcb, 0x43, 0xcb, 0x43, 0xcb, 0x43, 0xcb, 0x43, 0xcb, 0x23, 0xc3, 0x03,
  0xc3, 0x03, 0xc3, 0x03, 0xc3, 0x03, 0xc2, 0xe3, 0xc3, 0x04, 0xcb, 0x45,
  0xdb, 0xc7, 0xec, 0x28, 0xf4, 0x49, 0xf4, 0x49, 0xf4, 0x29, 0xf4, 0x09,
  0xf3, 0xc8, 0xeb, 0xa8, 0xf3, 0x68, 0xf3, 0x47, 0xea, 0xe7, 0xda, 0x24,
  0xda, 0x25, 0xda, 0x25, 0xe1, 0xe5, 0xe1, 0xe5, 0xe9, 0xe5, 0xe9, 0xe6,
  0xea, 0x06, 0xd9, 0x84, 0xda, 0x05, 0xe2, 0x05, 0xda, 0x04, 0xd1, 0xe4,
  0xd1, 0xc4, 0xd1, 0xc4, 0xc9, 0x62, 0xb8, 0xe0, 0xc9, 0x42, 0xd9, 0xe4,
  0xe1, 0xe5, 0xd9, 0xc4, 0xd9, 0xa4, 0xd1, 0xa3, 0xd1, 0x83, 0xc9, 0x83,
  0xe1, 0x23, 0xf8, 0xa4, 0xf8, 0xe4, 0xf9, 0x05, 0xf9, 0x04, 0xf1, 0x65,
  0xfa, 0x48, 0xf3, 0x4a, 0xfc, 0x2e, 0xfd, 0xf2, 0xfe, 0x54, 0xff, 0x15,
  0xff, 0x56, 0xff, 0x75, 0xff, 0x34, 0xff, 0x35, 0xff, 0x55, 0xff, 0x76,
  0xff, 0x97, 0xff, 0x77, 0xff, 0x36, 0xff, 0x15, 0xfe, 0xf5, 0xfe, 0xd5,
  0xfe, 0xf5, 0xff, 0x58, 0xff, 0x99, 0xff, 0x9a, 0xff, 0x9a, 0xff, 0x79,
  0xff, 0x79, 0xff, 0x79, 0xff, 0x59, 0xff, 0x9a, 0xff, 0xdb, 0xff, 0xba,
  0xff, 0x99, 0xff, 0x78, 0xff, 0x36, 0xff, 0x15, 0xfe, 0xd3, 0xfe, 0x92,
  0xfe, 0x72, 0xfe, 0x72, 0xfe, 0xd4, 0xff, 0x15, 0xff, 0x35, 0xff, 0x35,
  0xff, 0x35, 0xff, 0x35, 0xfe, 0x50, 0xfe, 0xd2, 0xff, 0x33, 0xfe, 0xf2,
  0xfe, 0x90, 0xfe, 0xb1, 0xfe, 0x90, 0xfe, 0x4e, 0xf5, 0x09, 0xec, 0xc7,
  0xfd, 0x49, 0xfd, 0x69, 0xfd, 0xa9, 0xfd, 0xea, 0xfe, 0x0a, 0xfe, 0x4b,
  0xfe, 0x6c, 0xf6, 0x6b, 0xfe, 0x8d, 0xfe, 0xb1, 0xff, 0x12, 0xff, 0x35,
  0xff, 0x75, 0xff, 0x73, 0xff, 0x11, 0xfe, 0xed, 0xfe, 0xac, 0xfe, 0xaa,
  0xfe, 0x8b, 0xfe, 0x2d, 0xfe, 0x2d, 0xfe, 0x2e, 0xfe, 0x4e, 0xfe, 0xcf,
  0xff, 0x10, 0xff, 0x32, 0xff, 0x53, 0xff, 0x54, 0xff, 0x54, 0xff, 0x75,
  0xff, 0x76, 0xff, 0x97, 0xff, 0x98, 0xff, 0xb9, 0xff, 0xd9, 0xff, 0xda,
  0xff, 0xdb, 0xff, 0xbb, 0xff, 0xdb, 0x00, 0x00, 0x00, 0x00, 0x00, 0x00,
  0x00, 0x00, 0x00, 0x00, 0x00, 0x00, 0x00, 0x00, 0x00, 0x00, 0x00, 0x00,
  0x00, 0x00, 0x00, 0x00, 0x00, 0x00, 0x00, 0x00, 0x00, 0x00, 0x00, 0x00,
  0x00, 0x00, 0x00, 0x00, 0x00, 0x00, 0x00, 0x00, 0x00, 0x00, 0x00, 0x00,
  0x00, 0x00, 0x00, 0x00, 0x00, 0x00, 0x00, 0x00, 0x00, 0x00, 0x00, 0x00,
  0x00, 0x00, 0x00, 0x00, 0x00, 0x00, 0xff, 0xff, 0xff, 0xff, 0xff, 0xff,
  0xff, 0xff, 0xff, 0xff, 0xff, 0xff, 0xff, 0xff, 0xff, 0xff, 0xff, 0xff,
  0xff, 0xff, 0xff, 0xff, 0xff, 0xff, 0xff, 0xff, 0xff, 0xff, 0xff, 0xff,
  0xff, 0xff, 0xff, 0xff, 0xff, 0xff, 0xff, 0xff, 0xff, 0xff, 0xff, 0xff,
  0xff, 0xff, 0xff, 0xff, 0xff, 0xfd, 0xff, 0xfd, 0xff, 0xfa, 0xff, 0xda,
  0xff, 0xb5, 0xff, 0x53, 0xfe, 0xcd, 0xfe, 0x6b, 0xfe, 0x08, 0xfd, 0x86,
  0xf5, 0x04, 0xec, 0xa3, 0xe4, 0x62, 0xe4, 0x22, 0xe4, 0x01, 0xdb, 0xc1,
  0xdb, 0x80, 0xdb, 0x60, 0xd3, 0x20, 0xca, 0xc0, 0xc2, 0x80, 0xc2, 0x40,
  0xc2, 0x60, 0xca, 0x60, 0xca, 0x80, 0xca, 0xa0, 0xd2, 0xc0, 0xd3, 0x00,
  0xd3, 0x01, 0xd3, 0x41, 0xdb, 0x62, 0xdb, 0x82, 0xdb, 0x82, 0xdb, 0x82,
  0xd3, 0x82, 0xd3, 0x62, 0xd3, 0x62, 0xcb, 0x62, 0xcb, 0x22, 0xcb, 0x22,
  0xc3, 0x22, 0xc3, 0x22, 0xc3, 0x22, 0xc3, 0x23, 0xc3, 0x23, 0xcb, 0x44,
  0xd3, 0x65, 0xcb, 0x65, 0xcb, 0x44, 0xcb, 0x24, 0xcb, 0x45, 0xdb, 0xa6,
  0xe4, 0x08, 0xf4, 0x6a, 0xfc, 0x8a, 0xfc, 0x6a, 0xfc, 0x6a, 0xf4, 0x2a,
  0xf3, 0xe9, 0xeb, 0xa8, 0xeb, 0x47, 0xe3, 0x06, 0xda, 0x65, 0xd2, 0x24,
  0xca, 0x04, 0xc9, 0xe3, 0xc9, 0xa3, 0xc9, 0x83, 0xc9, 0x63, 0xc9, 0x63,
  0xc9, 0x63, 0xda, 0x05, 0xd1, 0xc4, 0xda, 0x25, 0xd2, 0x05, 0xc9, 0xe4,
  0xd1, 0xe4, 0xd1, 0xe4, 0xc9, 0x83, 0xb9, 0x21, 0xc1, 0x21, 0xd1, 0x83,
  0xd1, 0xc4, 0xd1, 0xa3, 0xd1, 0x83, 0xc9, 0x63, 0xc9, 0x63, 0xc1, 0x62,
  0xd0, 0xe2, 0xe8, 0xa3, 0xf1, 0x24, 0xf1, 0x04, 0xe0, 0xe3, 0xd1, 0x03,
  0xd9, 0x64, 0xd2, 0x46, 0xf3, 0x4a, 0xec, 0xce, 0xfd, 0x71, 0xfe, 0x73,
  0xfe, 0xd5, 0xff, 0x55, 0xff, 0x55, 0xff, 0x76, 0xff, 0x76, 0xff, 0x55,
  0xff, 0x35, 0xfe, 0xf5, 0xfe, 0xb3, 0xfe, 0x72, 0xfe, 0x52, 0xfe, 0x73,
  0xfe, 0x94, 0xff, 0x16, 0xff, 0x78, 0xff, 0x79, 0xff, 0x79, 0xff, 0x59,
  0xff, 0x79, 0xff, 0x79, 0xff, 0x59, 0xff, 0x9a, 0xff, 0xda, 0xff, 0xba,
  0xff, 0x98, 0xff, 0x78, 0xff, 0x36, 0xfe, 0xf5, 0xfe, 0xb3, 0xfe, 0x72,
  0xfe, 0x52, 0xfe, 0x93, 0xfe, 0xf5, 0xff, 0x36, 0xff, 0x36, 0xff, 0x36,
  0xff, 0x35, 0xff, 0x35, 0xfe, 0x70, 0xfe, 0xf2, 0xff, 0x13, 0xfe, 0x91,
  0xfe, 0x2f, 0xfe, 0x90, 0xfe, 0x0d, 0xfd, 0xac, 0xec, 0xc8, 0xec, 0xa7,
  0xf5, 0x28, 0xfd, 0x69, 0xfd, 0xaa, 0xfe, 0x0b, 0xfe, 0x0b, 0xfe, 0x2b,
  0xfe, 0x6c, 0xf6, 0x6b, 0xfe, 0x8d, 0xfe, 0xb1, 0xff, 0x12, 0xff, 0x55,
  0xff, 0x74, 0xff, 0x52, 0xff, 0x10, 0xfe, 0xed, 0xfe, 0xac, 0xfe, 0x6a,
  0xfe, 0x29, 0xfe, 0x0c, 0xfe, 0x2d, 0xfe, 0x4e, 0xfe, 0x6f, 0xfe, 0xf0,
  0xff, 0x10, 0xff, 0x32, 0xff, 0x53, 0xff, 0x54, 0xff, 0x54, 0xff, 0x75,
  0xff, 0x76, 0xff, 0x97, 0xff, 0x98, 0xff, 0xb9, 0xff, 0xda, 0xff, 0xda,
  0xff, 0xdb, 0xff, 0xdb, 0xff, 0xdb, 0x00, 0x00, 0x00, 0x00, 0x00, 0x00,
  0x00, 0x00, 0x00, 0x00, 0x00, 0x00, 0x00, 0x00, 0x00, 0x00, 0x00, 0x00,
  0x00, 0x00, 0x00, 0x00, 0x00, 0x00, 0x00, 0x00, 0x00, 0x00, 0x00, 0x00,
  0x00, 0x00, 0x00, 0x00, 0x00, 0x00, 0x00, 0x00, 0x00, 0x00, 0x00, 0x00,
  0x00, 0x00, 0x00, 0x00, 0x00, 0x00, 0x00, 0x00, 0x00, 0x00, 0x00, 0x00,
  0x00, 0x00, 0x00, 0x00, 0x00, 0x00, 0x00, 0x00, 0xff, 0xff, 0xff, 0xff,
  0xff, 0xff, 0xff, 0xff, 0xff, 0xff, 0xff, 0xff, 0xff, 0xff, 0xff, 0xff,
  0xff, 0xff, 0xff, 0xff, 0xff, 0xff, 0xff, 0xff, 0xff, 0xff, 0xff, 0xff,
  0xff, 0xff, 0xff, 0xff, 0xff, 0xff, 0xff, 0xff, 0xff, 0xff, 0xff, 0xff,
  0xff, 0xff, 0xff, 0xff, 0xff, 0xfd, 0xff, 0xfd, 0xff, 0xfa, 0xff, 0xda,
  0xff, 0xb5, 0xff, 0x54, 0xfe, 0xee, 0xfe, 0x8c, 0xfe, 0x29, 0xfd, 0xa7,
  0xfd, 0x25, 0xec, 0xc3, 0xec, 0x83, 0xe4, 0x42, 0xe4, 0x22, 0xe3, 0xe1,
  0xdb, 0xa1, 0xdb, 0x80, 0xdb, 0x40, 0xd2, 0xe0, 0xca, 0x80, 0xca, 0x60,
  0xca, 0x60, 0xca, 0x60, 0xca, 0x80, 0xca, 0xa0, 0xd2, 0xc0, 0xd3, 0x00,
  0xd3, 0x01, 0xd3, 0x41, 0xdb, 0x62, 0xdb, 0x82, 0xdb, 0x82, 0xdb, 0x82,
  0xd3, 0x82, 0xd3, 0x62, 0xd3, 0x62, 0xcb, 0x62, 0xcb, 0x21, 0xcb, 0x42,
  0xc3, 0x22, 0xc3, 0x22, 0xc3, 0x22, 0xc3, 0x23, 0xcb, 0x23, 0xcb, 0x44,
  0xd3, 0x85, 0xd3, 0x65, 0xcb, 0x44, 0xcb, 0x24, 0xcb, 0x24, 0xdb, 0x86,
  0xeb, 0xe8, 0xfc, 0x4a, 0xfc, 0x6b, 0xfc, 0x6b, 0xfc, 0x4b, 0xfc, 0x2a,
  0xf3, 0xc9, 0xeb, 0x68, 0xda, 0xe6, 0xca, 0x65, 0xc2, 0x04, 0xc2, 0x03,
  0xb1, 0xc2, 0xa9, 0x82, 0xa1, 0x61, 0xa1, 0x21, 0x99, 0x41, 0x99, 0x41,
  0x91, 0x40, 0xb2, 0x44, 0xa9, 0xc3, 0xb2, 0x03, 0xb2, 0x03, 0xa9, 0xe2,
  0xb1, 0xe2, 0xb1, 0xe2, 0xa9, 0xa1, 0xa1, 0x20, 0xa9, 0x20, 0xb1, 0x61,
  0xb9, 0xa2, 0xb9, 0xa2, 0xb9, 0x82, 0xc1, 0x82, 0xb9, 0xa2, 0xb1, 0xc2,
  0xc1, 0x22, 0xd8, 0xa2, 0xe1, 0x23, 0xd9, 0x44, 0xd9, 0x44, 0xd1, 0x64,
  0xc9, 0x43, 0xd1, 0x84, 0xe2, 0x06, 0xfb, 0x09, 0xfb, 0xac, 0xfc, 0xaf,
  0xfd, 0x51, 0xfe, 0x93, 0xfe, 0xb3, 0xff, 0x94, 0xff, 0xd5, 0xff, 0x34,
  0xff, 0x14, 0xff, 0x13, 0xfe, 0x91, 0xfe, 0x30, 0xfe, 0x0f, 0xf6, 0x30,
  0xfe, 0x71, 0xff, 0x15, 0xff, 0x57, 0xff, 0x78, 0xff, 0x78, 0xff, 0x79,
  0xff, 0x59, 0xff, 0x59, 0xff, 0x59, 0xff, 0x9a, 0xff, 0xbb, 0xff, 0xba,
  0xff, 0x98, 0xff, 0x57, 0xff, 0x36, 0xfe, 0xd4, 0xfe, 0x73, 0xfe, 0x52,
  0xfe, 0x53, 0xfe, 0xb4, 0xff, 0x16, 0xff, 0x37, 0xff, 0x37, 0xff, 0x57,
  0xff, 0x76, 0xff, 0x56, 0xfe, 0x90, 0xfe, 0xb1, 0xfe, 0xb0, 0xfe, 0x4f,
  0xfd, 0xed, 0xfd, 0xcd, 0xfd, 0x6b, 0xfd, 0x4b, 0xec, 0x87, 0xec, 0x46,
  0xf4, 0xc7, 0xfd, 0x69, 0xfd, 0xaa, 0xfd, 0xaa, 0xfd, 0xea, 0xfe, 0x4a,
  0xfe, 0x4b, 0xf6, 0x6b, 0xfe, 0x8d, 0xfe, 0xd1, 0xff, 0x33, 0xff, 0x55,
  0xff, 0x74, 0xff, 0x31, 0xfe, 0xef, 0xfe, 0xeb, 0xfe, 0x8a, 0xfe, 0x49,
  0xfe, 0x29, 0xfe, 0x0d, 0xfe, 0x4d, 0xfe, 0x6e, 0xfe, 0x8f, 0xfe, 0xf1,
  0xff, 0x11, 0xff, 0x53, 0xff, 0x53, 0xff, 0x55, 0xff, 0x55, 0xff, 0x56,
  0xff, 0x77, 0xff, 0x98, 0xff, 0xb8, 0xff, 0xb9, 0xff, 0xba, 0xff, 0xba,
  0xff, 0xbb, 0xff, 0xbb, 0x00, 0x00, 0x00, 0x00, 0x00, 0x00, 0x00, 0x00,
  0x00, 0x00, 0x00, 0x00, 0x00, 0x00, 0x00, 0x00, 0x00, 0x00, 0x00, 0x00,
  0x00, 0x00, 0x00, 0x00, 0x00, 0x00, 0x00, 0x00, 0x00, 0x00, 0x00, 0x00,
  0x00, 0x00, 0x00, 0x00, 0x00, 0x00, 0x00, 0x00, 0x00, 0x00, 0x00, 0x00,
  0x00, 0x00, 0x00, 0x00, 0x00, 0x00, 0x00, 0x00, 0x00, 0x00, 0x00, 0x00,
  0x00, 0x00, 0x00, 0x00, 0x00, 0x00, 0x00, 0x00, 0xff, 0xff, 0xff, 0xff,
  0xff, 0xff, 0xff, 0xff, 0xff, 0xff, 0xff, 0xff, 0xff, 0xff, 0xff, 0xff,
  0xff, 0xff, 0xff, 0xff, 0xff, 0xff, 0xff, 0xff, 0xff, 0xff, 0xff, 0xff,
  0xff, 0xff, 0xff, 0xff, 0xff, 0xff, 0xff, 0xff, 0xff, 0xff, 0xff, 0xff,
  0xff, 0xff, 0xff, 0xff, 0xff, 0xfd, 0xff, 0xfd, 0xff, 0xfa, 0xff, 0xda,
  0xff, 0xb5, 0xff, 0x54, 0xfe, 0xef, 0xfe, 0xad, 0xfe, 0x29, 0xfd, 0xa7,
  0xfd, 0x45, 0xf4, 0xc3, 0xec, 0x83, 0xe4, 0x42, 0xe4, 0x22, 0xe4, 0x02,
  0xe3, 0xc1, 0xdb, 0x80, 0xdb, 0x60, 0xd2, 0xe0, 0xca, 0xa0, 0xca, 0x60,
  0xca, 0x60, 0xca, 0x60, 0xca, 0x80, 0xca, 0xa0, 0xd2, 0xc0, 0xd3, 0x00,
  0xd3, 0x01, 0xd3, 0x41, 0xdb, 0x62, 0xdb, 0x82, 0xdb, 0x82, 0xdb, 0x82,
  0xd3, 0x82, 0xd3, 0x62, 0xd3, 0x62, 0xcb, 0x62, 0xc3, 0x21, 0xcb, 0x22,
  0xcb, 0x22, 0xc3, 0x22, 0xc3, 0x22, 0xc3, 0x23, 0xcb, 0x23, 0xcb, 0x44,
  0xd3, 0x64, 0xcb, 0x44, 0xcb, 0x44, 0xcb, 0x24, 0xcb, 0x25, 0xdb, 0x86,
  0xec, 0x08, 0xfc, 0x6a, 0xfc, 0x8b, 0xfc, 0x4b, 0xf4, 0x0a, 0xeb, 0xa8,
  0xe3, 0x47, 0xd2, 0xc6, 0xca, 0x64, 0xb9, 0xe2, 0xb1, 0x82, 0xa9, 0x61,
  0x99, 0x00, 0x90, 0xe0, 0x90, 0xc0, 0x88, 0xc0, 0x88, 0xe0, 0x91, 0x00,
  0x91, 0x20, 0x99, 0x81, 0xa1, 0x61, 0xa1, 0x61, 0xa1, 0x81, 0xa1, 0x81,
  0xa1, 0x81, 0xa9, 0xa2, 0xa1, 0x61, 0x99, 0x00, 0xa1, 0x00, 0xa9, 0x20,
  0xb1, 0x61, 0xb1, 0x82, 0xb9, 0x82, 0xc1, 0xa2, 0xc1, 0xc3, 0xb9, 0xe3,
  0xb9, 0x42, 0xc0, 0x81, 0xc8, 0xe2, 0xc0, 0xe2, 0xc0, 0xe1, 0xc9, 0x43,
  0xc9, 0x42, 0xc9, 0x63, 0xd1, 0xa4, 0xea, 0xa8, 0xfb, 0x4a, 0xfc, 0x2d,
  0xfc, 0xcf, 0xfd, 0xf1, 0xfe, 0x11, 0xfe, 0xb2, 0xff, 0x54, 0xff, 0x35,
  0xff, 0x35, 0xff, 0x34, 0xfe, 0xd2, 0xfe, 0x71, 0xfe, 0x50, 0xfe, 0x51,
  0xfe, 0x92, 0xff, 0x15, 0xff, 0x56, 0xff, 0x78, 0xff, 0x78, 0xff, 0x78,
  0xff, 0x58, 0xff, 0x59, 0xff, 0x59, 0xff, 0x79, 0xff, 0x9a, 0xff, 0x99,
  0xff, 0x78, 0xff, 0x57, 0xff, 0x15, 0xfe, 0xb4, 0xfe, 0x52, 0xfe, 0x32,
  0xfe, 0x53, 0xfe, 0xf5, 0xff, 0x16, 0xfe, 0xf6, 0xff, 0x16, 0xff, 0x57,
  0xff, 0x97, 0xff, 0x96, 0xfe, 0x90, 0xfe, 0x90, 0xfe, 0x70, 0xfe, 0x0e,
  0xfd, 0x8c, 0xfd, 0x2a, 0xfc, 0xe9, 0xfd, 0x09, 0xec, 0x66, 0xec, 0x66,
  0xfd, 0x08, 0xfd, 0x8a, 0xfd, 0xaa, 0xfd, 0x89, 0xfd, 0xca, 0xfe, 0x4b,
  0xf6, 0x2b, 0xf6, 0x6a, 0xfe, 0x8d, 0xfe, 0xd1, 0xff, 0x33, 0xff, 0x76,
  0xff, 0x74, 0xff, 0x31, 0xfe, 0xcf, 0xfe, 0xcb, 0xfe, 0x6a, 0xfe, 0x28,
  0xfe, 0x29, 0xfe, 0x0d, 0xfe, 0x4d, 0xfe, 0x6f, 0xfe, 0x8f, 0xff, 0x11,
  0xff, 0x32, 0xff, 0x53, 0xff, 0x53, 0xff, 0x55, 0xff, 0x55, 0xff, 0x76,
  0xff, 0x77, 0xff, 0x98, 0xff, 0xb8, 0xff, 0xb9, 0xff, 0xba, 0xff, 0xdb,
  0xff, 0xdb, 0xff, 0xbb, 0x00, 0x00, 0x00, 0x00, 0x00, 0x00, 0x00, 0x00,
  0x00, 0x00, 0x00, 0x00, 0x00, 0x00, 0x00, 0x00, 0x00, 0x00, 0x00, 0x00,
  0x00, 0x00, 0x00, 0x00, 0x00, 0x00, 0x00, 0x00, 0x00, 0x00, 0x00, 0x00,
  0x00, 0x00, 0x00, 0x00, 0x00, 0x00, 0x00, 0x00, 0x00, 0x00, 0x00, 0x00,
  0x00, 0x00, 0x00, 0x00, 0x00, 0x00, 0x00, 0x00, 0x00, 0x00, 0x00, 0x00,
  0x00, 0x00, 0x00, 0x00, 0x00, 0x00, 0x00, 0x00, 0x00, 0x00, 0xff, 0xff,
  0xff, 0xff, 0xff, 0xff, 0xff, 0xff, 0xff, 0xff, 0xff, 0xff, 0xff, 0xff,
  0xff, 0xff, 0xff, 0xff, 0xff, 0xff, 0xff, 0xff, 0xff, 0xff, 0xff, 0xff,
  0xff, 0xff, 0xff, 0xff, 0xff, 0xff, 0xff, 0xff, 0xff, 0xff, 0xff, 0xff,
  0xff, 0xff, 0xff, 0xff, 0xff, 0xfd, 0xff, 0xfd, 0xff, 0xfb, 0xff, 0xda,
  0xff, 0xb6, 0xff, 0x74, 0xff, 0x0f, 0xfe, 0xad, 0xfe, 0x2a, 0xfd, 0xc7,
  0xfd, 0x66, 0xf5, 0x04, 0xec, 0x83, 0xe4, 0x42, 0xe4, 0x42, 0xe4, 0x02,
  0xe3, 0xe1, 0xdb, 0xa0, 0xdb, 0x80, 0xd3, 0x20, 0xca, 0xc0, 0xca, 0x60,
  0xc2, 0x60, 0xca, 0x60, 0xca, 0x80, 0xca, 0xa0, 0xd2, 0xc0, 0xd3, 0x00,
  0xd3, 0x01, 0xd3, 0x41, 0xdb, 0x62, 0xdb, 0x82, 0xdb, 0x82, 0xdb, 0x82,
  0xd3, 0x82, 0xd3, 0x62, 0xd3, 0x62, 0xcb, 0x62, 0xc3, 0x21, 0xcb, 0x22,
  0xcb, 0x22, 0xc3, 0x22, 0xc3, 0x22, 0xc3, 0x23, 0xc3, 0x23, 0xcb, 0x23,
  0xcb, 0x23, 0xc3, 0x03, 0xc3, 0x03, 0xcb, 0x24, 0xd3, 0x45, 0xe3, 0xa7,
  0xec, 0x09, 0xfc, 0x4b, 0xfc, 0x2b, 0xfb, 0xca, 0xe3, 0x68, 0xdb, 0x07,
  0xd2, 0xa6, 0xc2, 0x45, 0xb9, 0xe3, 0xa9, 0x82, 0x91, 0x21, 0x80, 0xa0,
  0x70, 0x80, 0x70, 0x60, 0x68, 0xa0, 0x68, 0xe0, 0x69, 0x20, 0x71, 0x60,
  0x79, 0xa0, 0x71, 0x60, 0x81, 0x80, 0x89, 0x80, 0x89, 0x81, 0x91, 0xa1,
  0x99, 0xe2, 0x9a, 0x02, 0x91, 0xa1, 0x89, 0x40, 0x89, 0x40, 0x91, 0x40,
  0x99, 0x81, 0xa9, 0xc2, 0xa9, 0xe2, 0xa9, 0xe2, 0xaa, 0x03, 0xaa, 0x23,
  0x99, 0xe2, 0x89, 0xa1, 0x91, 0xe2, 0x89, 0x81, 0x89, 0x40, 0xa9, 0xc2,
  0xb1, 0xc2, 0xc1, 0x62, 0xd1, 0xc4, 0xf2, 0x26, 0xf2, 0x47, 0xfa, 0xa8,
  0xfb, 0x6b, 0xfc, 0x6c, 0xfc, 0x8d, 0xfd, 0x2d, 0xfe, 0x52, 0xfe, 0x52,
  0xfe, 0xb3, 0xfe, 0xd3, 0xfe, 0x71, 0xfe, 0x50, 0xfe, 0x50, 0xfe, 0x91,
  0xfe, 0xb2, 0xfe, 0xd3, 0xfe, 0xd3, 0xfe, 0xd4, 0xff, 0x15, 0xff, 0x37,
  0xff, 0x17, 0xfe, 0xf7, 0xff, 0x18, 0xff, 0x38, 0xff, 0x18, 0xff, 0x17,
  0xff, 0x16, 0xfe, 0xf6, 0xfe, 0xb4, 0xfe, 0x73, 0xfe, 0x53, 0xfe, 0x53,
  0xfe, 0x74, 0xfe, 0xf6, 0xfe, 0xf7, 0xfe, 0xd6, 0xfe, 0xf7, 0xff, 0x38,
  0xff, 0x77, 0xff, 0x57, 0xfe, 0x70, 0xfe, 0x6f, 0xfe, 0x4e, 0xfd, 0xcd,
  0xfd, 0x2a, 0xfd, 0x09, 0xfc, 0xe8, 0xfd, 0x09, 0xec, 0x66, 0xf4, 0x66,
  0xfd, 0x07, 0xfd, 0x89, 0xfd, 0xc9, 0xfd, 0xa8, 0xfe, 0x09, 0xfe, 0x4b,
  0xf6, 0x2a, 0xee, 0x4a, 0xfe, 0x8d, 0xfe, 0xf1, 0xff, 0x53, 0xff, 0x75,
  0xff, 0x74, 0xff, 0x30, 0xfe, 0xee, 0xfe, 0xca, 0xfe, 0x69, 0xfe, 0x48,
  0xfe, 0x29, 0xfe, 0x2e, 0xfe, 0x6e, 0xfe, 0x8f, 0xfe, 0xb0, 0xff, 0x32,
  0xff, 0x53, 0xff, 0x54, 0xff, 0x55, 0xff, 0x56, 0xff, 0x76, 0xff, 0x77,
  0xff, 0x78, 0xff, 0x99, 0xff, 0x99, 0xff, 0xba, 0xff, 0xba, 0xff, 0xdb,
  0xff, 0xdb, 0x00, 0x00, 0x00, 0x00, 0x00, 0x00, 0x00, 0x00, 0x00, 0x00,
  0x00, 0x00, 0x00, 0x00, 0x00, 0x00, 0x00, 0x00, 0x00, 0x00, 0x00, 0x00,
  0x00, 0x00, 0x00, 0x00, 0x00, 0x00, 0x00, 0x00, 0x00, 0x00, 0x00, 0x00,
  0x00, 0x00, 0x00, 0x00, 0x00, 0x00, 0x00, 0x00, 0x00, 0x00, 0x00, 0x00,
  0x00, 0x00, 0x00, 0x00, 0x00, 0x00, 0x00, 0x00, 0x00, 0x00, 0x00, 0x00,
  0x00, 0x00, 0x00, 0x00, 0x00, 0x00, 0x00, 0x00, 0x00, 0x00, 0x00, 0x00,
  0xff, 0xff, 0xff, 0xff, 0xff, 0xff, 0xff, 0xff, 0xff, 0xff, 0xff, 0xff,
  0xff, 0xff, 0xff, 0xff, 0xff, 0xff, 0xff, 0xff, 0xff, 0xff, 0xff, 0xff,
  0xff, 0xff, 0xff, 0xff, 0xff, 0xff, 0xff, 0xff, 0xff, 0xff, 0xff, 0xff,
  0xff, 0xff, 0xff, 0xff, 0xff, 0xfd, 0xff, 0xfd, 0xff, 0xfa, 0xff, 0xda,
  0xff, 0xb6, 0xff, 0x75, 0xff, 0x10, 0xfe, 0xce, 0xfe, 0x4a, 0xfd, 0xe8,
  0xfd, 0x86, 0xfd, 0x24, 0xf4, 0xc3, 0xe4, 0x62, 0xec, 0x42, 0xec, 0x22,
  0xe4, 0x01, 0xe3, 0xc1, 0xdb, 0x80, 0xdb, 0x40, 0xd2, 0xe0, 0xca, 0x80,
  0xc2, 0x60, 0xca, 0x60, 0xca, 0x80, 0xca, 0xa0, 0xd2, 0xc0, 0xd3, 0x00,
  0xd3, 0x01, 0xd3, 0x41, 0xdb, 0x62, 0xdb, 0x82, 0xdb, 0x82, 0xdb, 0x82,
  0xd3, 0x82, 0xd3, 0x62, 0xd3, 0x62, 0xcb, 0x62, 0xc3, 0x21, 0xcb, 0x22,
  0xcb, 0x22, 0xc3, 0x22, 0xc3, 0x22, 0xc3, 0x03, 0xc3, 0x03, 0xc3, 0x03,
  0xcb, 0x23, 0xcb, 0x24, 0xcb, 0x24, 0xcb, 0x25, 0xd3, 0x66, 0xe3, 0x87,
  0xe3, 0xc8, 0xf3, 0xc9, 0xfb, 0xa9, 0xeb, 0x48, 0xdb, 0x06, 0xd2, 0xa5,
  0xca, 0x44, 0xb9, 0xe3, 0xa9, 0x82, 0x99, 0x20, 0x88, 0xc0, 0x70, 0x00,
  0x68, 0x20, 0x68, 0x20, 0x60, 0x60, 0x68, 0xa0, 0x69, 0x00, 0x71, 0x40,
  0x79, 0x80, 0x71, 0x40, 0x81, 0x40, 0x81, 0x40, 0x81, 0x40, 0x91, 0xa1,
  0x99, 0xe2, 0x99, 0xc2, 0x89, 0x60, 0x81, 0x00, 0x91, 0x40, 0x99, 0x81,
  0xa1, 0xa1, 0xa1, 0xa2, 0xa1, 0xc2, 0xa1, 0xc2, 0xa1, 0xc2, 0xaa, 0x03,
  0x99, 0xc2, 0x89, 0x81, 0x99, 0xc2, 0x91, 0x61, 0x89, 0x00, 0x99, 0x00,
  0xa1, 0x00, 0xb9, 0x01, 0xe2, 0x66, 0xf2, 0x47, 0xe1, 0xc5, 0xd9, 0xa4,
  0xf2, 0x87, 0xeb, 0x48, 0xfc, 0x0b, 0xfc, 0xac, 0xfd, 0xf0, 0xfd, 0xaf,
  0xfe, 0x11, 0xfe, 0x31, 0xfd, 0xcf, 0xfd, 0xce, 0xfe, 0x0f, 0xfe, 0x71,
  0xfe, 0xb2, 0xfe, 0xd3, 0xfe, 0xd3, 0xfe, 0xd4, 0xfe, 0xf5, 0xff, 0x16,
  0xff, 0x17, 0xfe, 0xf7, 0xfe, 0xf8, 0xff, 0x38, 0xff, 0x17, 0xff, 0x17,
  0xfe, 0xf6, 0xfe, 0xf5, 0xfe, 0xb4, 0xfe, 0x73, 0xfe, 0x32, 0xfe, 0x53,
  0xfe, 0xb5, 0xff, 0x17, 0xff, 0x18, 0xfe, 0xd6, 0xfe, 0xf7, 0xff, 0x17,
  0xff, 0x36, 0xff, 0x36, 0xfe, 0x2e, 0xfe, 0x2e, 0xfe, 0x0e, 0xfd, 0x8c,
  0xfd, 0x09, 0xfc, 0xc8, 0xfc, 0xc8, 0xfd, 0x09, 0xf4, 0x86, 0xf4, 0x86,
  0xfd, 0x28, 0xfd, 0xa9, 0xfd, 0xe9, 0xfd, 0xa8, 0xfe, 0x0a, 0xfe, 0x4b,
  0xf6, 0x0a, 0xf6, 0x6b, 0xfe, 0xae, 0xff, 0x11, 0xff, 0x53, 0xff, 0x75,
  0xff, 0x53, 0xff, 0x10, 0xfe, 0xef, 0xfe, 0xea, 0xfe, 0x8a, 0xfe, 0x69,
  0xfe, 0x6a, 0xfe, 0x6f, 0xfe, 0x8f, 0xfe, 0xb0, 0xfe, 0xd1, 0xff, 0x73,
  0xff, 0x73, 0xff, 0x75, 0xff, 0x75, 0xff, 0x76, 0xff, 0x97, 0xff, 0x98,
  0xff, 0x98, 0xff, 0x99, 0xff, 0xb9, 0xff, 0xba, 0xff, 0xda, 0xff, 0xdb,
  0x00, 0x00, 0x00, 0x00, 0x00, 0x00, 0x00, 0x00, 0x00, 0x00, 0x00, 0x00,
  0x00, 0x00, 0x00, 0x00, 0x00, 0x00, 0x00, 0x00, 0x00, 0x00, 0x00, 0x00,
  0x00, 0x00, 0x00, 0x00, 0x00, 0x00, 0x00, 0x00, 0x00, 0x00, 0x00, 0x00,
  0x00, 0x00, 0x00, 0x00, 0x00, 0x00, 0x00, 0x00, 0x00, 0x00, 0x00, 0x00,
  0x00, 0x00, 0x00, 0x00, 0x00, 0x00, 0x00, 0x00, 0x00, 0x00, 0x00, 0x00,
  0x00, 0x00, 0x00, 0x00, 0x00, 0x00, 0x00, 0x00, 0x00, 0x00, 0x00, 0x00,
  0xff, 0xff, 0xff, 0xff, 0xff, 0xff, 0xff, 0xff, 0xff, 0xff, 0xff, 0xff,
  0xff, 0xff, 0xff, 0xff, 0xff, 0xff, 0xff, 0xff, 0xff, 0xff, 0xff, 0xff,
  0xff, 0xff, 0xff, 0xff, 0xff, 0xff, 0xff, 0xff, 0xff, 0xff, 0xff, 0xff,
  0xff, 0xff, 0xff, 0xff, 0xff, 0xfd, 0xff, 0xfd, 0xff, 0xfb, 0xff, 0xdb,
  0xff, 0xb7, 0xff, 0x75, 0xff, 0x31, 0xfe, 0xcf, 0xfe, 0x6b, 0xfe, 0x08,
  0xfd, 0xa7, 0xfd, 0x45, 0xf4, 0xc4, 0xec, 0x82, 0xec, 0x62, 0xec, 0x42,
  0xe4, 0x01, 0xdb, 0xe1, 0xdb, 0xa0, 0xdb, 0x60, 0xd3, 0x00, 0xca, 0x80,
  0xc2, 0x60, 0xca, 0x60, 0xca, 0x80, 0xca, 0xa0, 0xd2, 0xc0, 0xd3, 0x00,
  0xd3, 0x01, 0xd3, 0x41, 0xdb, 0x62, 0xdb, 0x82, 0xdb, 0x82, 0xdb, 0x82,
  0xd3, 0x82, 0xd3, 0x62, 0xd3, 0x62, 0xcb, 0x62, 0xc3, 0x21, 0xcb, 0x22,
  0xcb, 0x02, 0xc3, 0x02, 0xc3, 0x02, 0xc2, 0xe2, 0xc2, 0xe2, 0xc2, 0xc2,
  0xcb, 0x03, 0xd3, 0x65, 0xdb, 0x86, 0xdb, 0x87, 0xe3, 0xa7, 0xe3, 0x88,
  0xe3, 0x68, 0xe3, 0x27, 0xe2, 0xc7, 0xe2, 0xe7, 0xd2, 0xa6, 0xc2, 0x05,
  0xb1, 0xa3, 0xa1, 0x01, 0x88, 0xa0, 0x78, 0x40, 0x68, 0x20, 0x70, 0x60,
  0x60, 0x60, 0x60, 0x40, 0x58, 0x80, 0x58, 0xa0, 0x58, 0xc0, 0x61, 0x00,
  0x69, 0x00, 0x71, 0x20, 0x79, 0x40, 0x79, 0x80, 0x81, 0x60, 0x89, 0x81,
  0x89, 0xa1, 0x81, 0x80, 0x79, 0x00, 0x70, 0xc0, 0x79, 0x20, 0x89, 0x81,
  0x89, 0x81, 0x89, 0x81, 0x91, 0xa1, 0x91, 0xc2, 0x99, 0xe2, 0xa2, 0x23,
  0x89, 0xa2, 0x69, 0x20, 0x81, 0x81, 0x99, 0xa2, 0x99, 0x62, 0xa0, 0x80,
  0xa8, 0xc0, 0xb0, 0xa0, 0xb8, 0xe1, 0xc9, 0x84, 0xd1, 0xc5, 0xda, 0x26,
  0xea, 0xa8, 0xe2, 0x26, 0xf2, 0x88, 0xfa, 0xc7, 0xfc, 0x6e, 0xfc, 0xce,
  0xfd, 0x50, 0xfd, 0x2e, 0xfc, 0x6b, 0xfc, 0x4a, 0xfc, 0xab, 0xfd, 0x6d,
  0xfd, 0xef, 0xfe, 0x92, 0xfe, 0xb3, 0xfe, 0xd4, 0xfe, 0xd4, 0xfe, 0xf5,
  0xfe, 0xd5, 0xfe, 0xb5, 0xfe, 0xb6, 0xfe, 0xf6, 0xff, 0x15, 0xfe, 0xd4,
  0xfe, 0xb4, 0xfe, 0x93, 0xfe, 0x52, 0xfe, 0x12, 0xfe, 0x12, 0xfe, 0x53,
  0xfe, 0xd6, 0xff, 0x38, 0xff, 0x18, 0xfe, 0xd7, 0xfe, 0xf7, 0xff, 0x17,
  0xff, 0x16, 0xfe, 0xf5, 0xfd, 0xac, 0xfd, 0xac, 0xfd, 0x8c, 0xfd, 0x0a,
  0xfc, 0xc8, 0xfc, 0xa8, 0xfc, 0xa7, 0xfd, 0x29, 0xf4, 0x86, 0xf4, 0x86,
  0xfd, 0x47, 0xfd, 0xc9, 0xfe, 0x09, 0xfd, 0xc8, 0xfe, 0x0a, 0xf6, 0x0a,
  0xf6, 0x2a, 0xfe, 0xab, 0xfe, 0xee, 0xff, 0x32, 0xff, 0x53, 0xff, 0x55,
  0xff, 0x53, 0xfe, 0xef, 0xfe, 0xee, 0xfe, 0xea, 0xfe, 0x8a, 0xfe, 0x6a,
  0xfe, 0x6a, 0xfe, 0x90, 0xfe, 0xd0, 0xfe, 0xd2, 0xfe, 0xf2, 0xff, 0x75,
  0xff, 0x95, 0xff, 0x77, 0xff, 0x77, 0xff, 0x98, 0xff, 0xb8, 0xff, 0xb9,
  0xff, 0xb9, 0xff, 0xba, 0xff, 0xba, 0xff, 0xdb, 0xff, 0xdb, 0xff, 0xdc,
  0x00, 0x00, 0x00, 0x00, 0x00, 0x00, 0x00, 0x00, 0x00, 0x00, 0x00, 0x00,
  0x00, 0x00, 0x00, 0x00, 0x00, 0x00, 0x00, 0x00, 0x00, 0x00, 0x00, 0x00,
  0x00, 0x00, 0x00, 0x00, 0x00, 0x00, 0x00, 0x00, 0x00, 0x00, 0x00, 0x00,
  0x00, 0x00, 0x00, 0x00, 0x00, 0x00, 0x00, 0x00, 0x00, 0x00, 0x00, 0x00,
  0x00, 0x00, 0x00, 0x00, 0x00, 0x00, 0x00, 0x00, 0x00, 0x00, 0x00, 0x00,
  0x00, 0x00, 0x00, 0x00, 0x00, 0x00, 0x00, 0x00, 0x00, 0x00, 0x00, 0x00,
  0x00, 0x00, 0xff, 0xff, 0xff, 0xff, 0xff, 0xff, 0xff, 0xff, 0xff, 0xff,
  0xff, 0xff, 0xff, 0xff, 0xff, 0xff, 0xff, 0xff, 0xff, 0xff, 0xff, 0xff,
  0xff, 0xff, 0xff, 0xff, 0xff, 0xff, 0xff, 0xff, 0xff, 0xff, 0xff, 0xff,
  0xff, 0xff, 0xff, 0xff, 0xff, 0xfd, 0xff, 0xfd, 0xff, 0xfb, 0xff, 0xfb,
  0xff, 0xd7, 0xff, 0x96, 0xff, 0x31, 0xfe, 0xcf, 0xfe, 0x6b, 0xfe, 0x09,
  0xfd, 0xa7, 0xfd, 0x45, 0xf4, 0xe4, 0xec, 0x82, 0xec, 0x62, 0xec, 0x42,
  0xe4, 0x01, 0xe3, 0xe1, 0xdb, 0xa1, 0xdb, 0x60, 0xd3, 0x00, 0xca, 0xa0,
  0xca, 0x60, 0xd2, 0xa0, 0xd2, 0xa0, 0xd2, 0xc0, 0xd2, 0xe0, 0xd3, 0x00,
  0xd3, 0x00, 0xd3, 0x21, 0xdb, 0x62, 0xdb, 0x82, 0xdb, 0x82, 0xd3, 0x82,
  0xd3, 0x62, 0xd3, 0x62, 0xcb, 0x62, 0xcb, 0x42, 0xc3, 0x01, 0xcb, 0x22,
  0xcb, 0x22, 0xc3, 0x02, 0xc2, 0xe2, 0xc2, 0xe2, 0xc3, 0x03, 0xc2, 0xe3,
  0xcb, 0x03, 0xcb, 0x24, 0xd3, 0x45, 0xcb, 0x25, 0xca, 0xe5, 0xc2, 0xa4,
  0xc2, 0x64, 0xc2, 0x24, 0xca, 0x24, 0xca, 0x24, 0xb9, 0xe4, 0xb1, 0x82,
  0xa1, 0x41, 0x98, 0xe0, 0x88, 0x80, 0x78, 0x20, 0x68, 0x20, 0x70, 0x40,
  0x60, 0x20, 0x58, 0x20, 0x50, 0x60, 0x58, 0x80, 0x58, 0xa0, 0x58, 0xc0,
  0x68, 0xe0, 0x79, 0x60, 0x71, 0x20, 0x79, 0x60, 0x89, 0x81, 0x89, 0x60,
  0x79, 0x20, 0x79, 0x00, 0x78, 0xe0, 0x70, 0xa0, 0x70, 0xc0, 0x81, 0x40,
  0x89, 0x60, 0x89, 0x40, 0x89, 0x61, 0x91, 0xa2, 0x91, 0xc2, 0x99, 0xc2,
  0x81, 0x41, 0x60, 0xa0, 0x70, 0xc0, 0x70, 0x40, 0x80, 0x60, 0x90, 0x20,
  0xa0, 0x80, 0xa8, 0x60, 0xb0, 0xa0, 0xb8, 0xe2, 0xc1, 0x23, 0xea, 0x88,
  0xd1, 0xa5, 0xda, 0x05, 0xea, 0x87, 0xf2, 0xa7, 0xfa, 0xa7, 0xfb, 0xa9,
  0xfc, 0x8d, 0xfc, 0xac, 0xfc, 0x4b, 0xfc, 0x09, 0xfb, 0xe8, 0xec, 0x08,
  0xf4, 0x69, 0xfd, 0x4d, 0xfd, 0xf0, 0xfe, 0x72, 0xfe, 0xb4, 0xfe, 0xf5,
  0xfe, 0xd5, 0xfe, 0xb5, 0xfe, 0x96, 0xfe, 0xd5, 0xfe, 0xf4, 0xfe, 0xb4,
  0xfe, 0x53, 0xfe, 0x32, 0xfe, 0x11, 0xfe, 0x12, 0xfe, 0x33, 0xfe, 0x94,
  0xfe, 0xf7, 0xff, 0x17, 0xfe, 0xf7, 0xfe, 0xb7, 0xfe, 0xf7, 0xff, 0x38,
  0xff, 0x16, 0xfe, 0xd5, 0xfd, 0x8c, 0xfd, 0x6b, 0xfd, 0x2a, 0xfc, 0xe9,
  0xfc, 0x88, 0xfc, 0x87, 0xfc, 0xe8, 0xfd, 0x29, 0xf4, 0xa6, 0xfc, 0xa6,
  0xfd, 0x48, 0xfd, 0xc9, 0xfe, 0x0a, 0xfd, 0xe9, 0xfe, 0x0a, 0xf5, 0xea,
  0xf6, 0x2a, 0xfe, 0xcc, 0xff, 0x0f, 0xff, 0x52, 0xff, 0x53, 0xff, 0x34,
  0xff, 0x32, 0xfe, 0xce, 0xfe, 0xad, 0xfe, 0xa9, 0xfe, 0x49, 0xfe, 0x29,
  0xfe, 0x29, 0xfe, 0x4f, 0xfe, 0xb0, 0xfe, 0xd2, 0xff, 0x13, 0xff, 0x95,
  0xff, 0x95, 0xff, 0x97, 0xff, 0x97, 0xff, 0x98, 0xff, 0xb8, 0xff, 0xb9,
  0xff, 0xb9, 0xff, 0xba, 0xff, 0xda, 0xff, 0xdb, 0xff, 0xdb, 0x00, 0x00,
  0x00, 0x00, 0x00, 0x00, 0x00, 0x00, 0x00, 0x00, 0x00, 0x00, 0x00, 0x00,
  0x00, 0x00, 0x00, 0x00, 0x00, 0x00, 0x00, 0x00, 0x00, 0x00, 0x00, 0x00,
  0x00, 0x00, 0x00, 0x00, 0x00, 0x00, 0x00, 0x00, 0x00, 0x00, 0x00, 0x00,
  0x00, 0x00, 0x00, 0x00, 0x00, 0x00, 0x00, 0x00, 0x00, 0x00, 0x00, 0x00,
  0x00, 0x00, 0x00, 0x00, 0x00, 0x00, 0x00, 0x00, 0x00, 0x00, 0x00, 0x00,
  0x00, 0x00, 0x00, 0x00, 0x00, 0x00, 0x00, 0x00, 0x00, 0x00, 0x00, 0x00,
  0x00, 0x00, 0xff, 0xff, 0xff, 0xff, 0xff, 0xff, 0xff, 0xff, 0xff, 0xff,
  0xff, 0xff, 0xff, 0xff, 0xff, 0xff, 0xff, 0xff, 0xff, 0xff, 0xff, 0xff,
  0xff, 0xff, 0xff, 0xff, 0xff, 0xff, 0xff, 0xff, 0xff, 0xff, 0xff, 0xff,
  0xff, 0xff, 0xff, 0xff, 0xff, 0xfe, 0xff, 0xfe, 0xff, 0xfc, 0xff, 0xfb,
  0xff, 0xd7, 0xff, 0x96, 0xff, 0x52, 0xfe, 0xf0, 0xfe, 0x8c, 0xfe, 0x29,
  0xfd, 0xc7, 0xfd, 0x66, 0xf4, 0xe4, 0xec, 0xa3, 0xec, 0x82, 0xec, 0x62,
  0xe4, 0x21, 0xe3, 0xe1, 0xe3, 0xc1, 0xdb, 0x80, 0xdb, 0x40, 0xd2, 0xc0,
  0xca, 0xa0, 0xda, 0xc0, 0xd2, 0xc0, 0xd2, 0xe0, 0xd2, 0xe0, 0xd3, 0x00,
  0xd3, 0x00, 0xd3, 0x21, 0xdb, 0x62, 0xdb, 0x82, 0xdb, 0x82, 0xdb, 0x82,
  0xdb, 0x82, 0xd3, 0x83, 0xd3, 0x83, 0xd3, 0x83, 0xd3, 0x63, 0xcb, 0x02,
  0xca, 0xe2, 0xca, 0xe2, 0xca, 0xe2, 0xca, 0xe3, 0xca, 0xe3, 0xca, 0xe4,
  0xca, 0xe4, 0xd2, 0xe5, 0xca, 0xc4, 0xc2, 0x84, 0xb2, 0x02, 0xa9, 0xa1,
  0xa1, 0x41, 0xa1, 0x20, 0xa9, 0x21, 0xa9, 0x62, 0xa9, 0x42, 0xa1, 0x01,
  0x98, 0xe0, 0x90, 0xc0, 0x88, 0x80, 0x78, 0x40, 0x70, 0x20, 0x70, 0x20,
  0x60, 0x20, 0x60, 0x00, 0x60, 0x40, 0x60, 0x60, 0x60, 0x80, 0x60, 0x80,
  0x68, 0x80, 0x70, 0xa0, 0x70, 0x40, 0x78, 0x60, 0x80, 0x80, 0x80, 0x60,
  0x78, 0x60, 0x80, 0x80, 0x88, 0xc0, 0x80, 0x80, 0x88, 0xc0, 0x99, 0x62,
  0x99, 0x62, 0x89, 0x01, 0x91, 0x22, 0x99, 0x43, 0x88, 0xc1, 0x88, 0xe1,
  0x98, 0xa1, 0xa0, 0x00, 0xb0, 0x40, 0xb8, 0x41, 0xb8, 0x61, 0xb0, 0x20,
  0xb0, 0x00, 0xb0, 0x40, 0xb8, 0xa2, 0x98, 0x00, 0xa0, 0x40, 0xb9, 0x24,
  0xc1, 0x44, 0xc9, 0x65, 0xf2, 0x69, 0xfa, 0x68, 0xf2, 0x48, 0xfa, 0x47,
  0xfa, 0x88, 0xfa, 0xe8, 0xfa, 0xe8, 0xfb, 0x07, 0xfa, 0xe7, 0xf3, 0x06,
  0xf3, 0x27, 0xfc, 0x09, 0xfc, 0xcc, 0xfd, 0x6e, 0xfd, 0xf0, 0xfe, 0x52,
  0xfe, 0x72, 0xfe, 0x93, 0xfe, 0xd4, 0xfe, 0xd4, 0xfe, 0xb2, 0xfe, 0x51,
  0xfe, 0x10, 0xfd, 0xf0, 0xfd, 0xf0, 0xfe, 0x11, 0xfe, 0x53, 0xfe, 0xb5,
  0xfe, 0xf7, 0xfe, 0xf6, 0xfe, 0xb6, 0xfe, 0x96, 0xfe, 0xf7, 0xff, 0x17,
  0xfe, 0xd5, 0xfe, 0x53, 0xfe, 0x8f, 0xfd, 0xed, 0xfd, 0x2a, 0xf4, 0x47,
  0xf4, 0x26, 0xfc, 0xa8, 0xfd, 0x6a, 0xfc, 0xa7, 0xfc, 0xa6, 0xfd, 0x07,
  0xfd, 0x88, 0xfe, 0x0a, 0xfe, 0x4b, 0xfe, 0x2a, 0xfe, 0x2b, 0xfe, 0x2c,
  0xfe, 0x6c, 0xfe, 0xcd, 0xff, 0x30, 0xff, 0x73, 0xff, 0x73, 0xff, 0x74,
  0xff, 0x53, 0xff, 0x0f, 0xfe, 0xad, 0xfe, 0x48, 0xfe, 0x28, 0xf6, 0x29,
  0xfe, 0x4a, 0xfe, 0x71, 0xfe, 0xd2, 0xff, 0x34, 0xff, 0x55, 0xff, 0x96,
  0xff, 0xb6, 0xff, 0xb7, 0xff, 0x97, 0xff, 0x98, 0xff, 0xb9, 0xff, 0xba,
  0xff, 0xba, 0xff, 0xda, 0xff, 0xdb, 0xff, 0xfb, 0xff, 0xfb, 0x00, 0x00,
  0x00, 0x00, 0x00, 0x00, 0x00, 0x00, 0x00, 0x00, 0x00, 0x00, 0x00, 0x00,
  0x00, 0x00, 0x00, 0x00, 0x00, 0x00, 0x00, 0x00, 0x00, 0x00, 0x00, 0x00,
  0x00, 0x00, 0x00, 0x00, 0x00, 0x00, 0x00, 0x00, 0x00, 0x00, 0x00, 0x00,
  0x00, 0x00, 0x00, 0x00, 0x00, 0x00, 0x00, 0x00, 0x00, 0x00, 0x00, 0x00,
  0x00, 0x00, 0x00, 0x00, 0x00, 0x00, 0x00, 0x00, 0x00, 0x00, 0x00, 0x00,
  0x00, 0x00, 0x00, 0x00, 0x00, 0x00, 0x00, 0x00, 0x00, 0x00, 0x00, 0x00,
  0x00, 0x00, 0x00, 0x00, 0xff, 0xff, 0xff, 0xff, 0xff, 0xff, 0xff, 0xff,
  0xff, 0xff, 0xff, 0xff, 0xff, 0xff, 0xff, 0xff, 0xff, 0xff, 0xff, 0xff,
  0xff, 0xff, 0xff, 0xff, 0xff, 0xff, 0xff, 0xff, 0xff, 0xff, 0xff, 0xff,
  0xff, 0xff, 0xff, 0xff, 0xff, 0xfe, 0xff, 0xfe, 0xff, 0xfc, 0xff, 0xfc,
  0xff, 0xd7, 0xff, 0x96, 0xff, 0x72, 0xff, 0x10, 0xfe, 0x8c, 0xfe, 0x2a,
  0xfd, 0xe8, 0xfd, 0x86, 0xf5, 0x04, 0xf4, 0xc4, 0xec, 0x83, 0xec, 0x62,
  0xe4, 0x21, 0xe4, 0x01, 0xe3, 0xc1, 0xdb, 0x81, 0xdb, 0x40, 0xd2, 0xe0,
  0xd2, 0xc0, 0xd2, 0xc0, 0xd2, 0xc0, 0xd2, 0xe0, 0xd2, 0xe0, 0xd3, 0x00,
  0xd3, 0x00, 0xd3, 0x21, 0xdb, 0x62, 0xdb, 0x82, 0xdb, 0x82, 0xdb, 0x82,
  0xdb, 0x82, 0xd3, 0x83, 0xd3, 0x83, 0xd3, 0x83, 0xcb, 0x62, 0xd3, 0x23,
  0xcb, 0x02, 0xca, 0xe3, 0xca, 0xe3, 0xd3, 0x04, 0xca, 0xe3, 0xca, 0xc3,
  0xc2, 0xa3, 0xc2, 0x83, 0xba, 0x42, 0xa9, 0xe1, 0xa1, 0x60, 0x90, 0xe0,
  0x91, 0x00, 0x98, 0xe0, 0x90, 0x80, 0x98, 0xe0, 0xa9, 0x62, 0xa1, 0x21,
  0xa1, 0x21, 0xa1, 0x01, 0x90, 0xc0, 0x80, 0x60, 0x70, 0x40, 0x70, 0x40,
  0x70, 0x80, 0x70, 0x60, 0x68, 0x80, 0x70, 0xa0, 0x68, 0xc0, 0x68, 0x80,
  0x68, 0x80, 0x70, 0xa0, 0x70, 0x60, 0x78, 0x80, 0x80, 0x60, 0x80, 0x60,
  0x78, 0x60, 0x78, 0x60, 0x80, 0x80, 0x80, 0x60, 0x80, 0x80, 0x88, 0xe0,
  0x88, 0xe0, 0x80, 0xc0, 0x91, 0x01, 0x99, 0x43, 0x91, 0x22, 0x99, 0x42,
  0xb1, 0x64, 0xb8, 0x82, 0xa8, 0x40, 0xc0, 0xc2, 0xd1, 0x24, 0xc8, 0xc3,
  0xc8, 0xe3, 0xc0, 0xc2, 0xc0, 0xc2, 0xb9, 0x03, 0xa0, 0x40, 0xa8, 0xa2,
  0xb0, 0xe3, 0xc1, 0x03, 0xc9, 0x65, 0xe1, 0xa6, 0xe1, 0xc6, 0xe9, 0xe5,
  0xe9, 0xe6, 0xea, 0x45, 0xf2, 0x86, 0xf2, 0xa6, 0xf2, 0xc6, 0xea, 0xe6,
  0xeb, 0x06, 0xf3, 0xc8, 0xfc, 0x49, 0xfc, 0xcb, 0xfd, 0x4d, 0xfd, 0xd0,
  0xfe, 0x31, 0xfe, 0x31, 0xfe, 0x52, 0xfe, 0xb3, 0xfe, 0xb2, 0xfe, 0x10,
  0xfd, 0xd0, 0xfd, 0xf0, 0xfd, 0xf1, 0xfe, 0x32, 0xfe, 0x74, 0xfe, 0xd5,
  0xff, 0x17, 0xfe, 0xf6, 0xfe, 0xb6, 0xfe, 0xb6, 0xfe, 0xf7, 0xfe, 0xf7,
  0xfe, 0x94, 0xfe, 0x12, 0xfe, 0x4e, 0xfd, 0x8b, 0xfc, 0xc8, 0xf4, 0x46,
  0xfc, 0x46, 0xfc, 0xe9, 0xfd, 0xab, 0xfc, 0xc8, 0xfc, 0xa6, 0xfd, 0x07,
  0xfd, 0xa9, 0xfe, 0x2a, 0xfe, 0x4b, 0xfe, 0x4a, 0xfe, 0x2b, 0xfe, 0x2c,
  0xfe, 0x6c, 0xfe, 0xcd, 0xff, 0x30, 0xff, 0x73, 0xff, 0x94, 0xff, 0x54,
  0xff, 0x52, 0xfe, 0xee, 0xfe, 0xad, 0xfe, 0x48, 0xfe, 0x49, 0xf6, 0x29,
  0xfe, 0x4a, 0xfe, 0x91, 0xfe, 0xf2, 0xff, 0x55, 0xff, 0x75, 0xff, 0xb7,
  0xff, 0xb7, 0xff, 0xb7, 0xff, 0x97, 0xff, 0x98, 0xff, 0xb9, 0xff, 0xba,
  0xff, 0xba, 0xff, 0xda, 0xff, 0xdb, 0xff, 0xfb, 0x00, 0x00, 0x00, 0x00,
  0x00, 0x00, 0x00, 0x00, 0x00, 0x00, 0x00, 0x00, 0x00, 0x00, 0x00, 0x00,
  0x00, 0x00, 0x00, 0x00, 0x00, 0x00, 0x00, 0x00, 0x00, 0x00, 0x00, 0x00,
  0x00, 0x00, 0x00, 0x00, 0x00, 0x00, 0x00, 0x00, 0x00, 0x00, 0x00, 0x00,
  0x00, 0x00, 0x00, 0x00, 0x00, 0x00, 0x00, 0x00, 0x00, 0x00, 0x00, 0x00,
  0x00, 0x00, 0x00, 0x00, 0x00, 0x00, 0x00, 0x00, 0x00, 0x00, 0x00, 0x00,
  0x00, 0x00, 0x00, 0x00, 0x00, 0x00, 0x00, 0x00, 0x00, 0x00, 0x00, 0x00,
  0x00, 0x00, 0x00, 0x00, 0x00, 0x00, 0xff, 0xff, 0xff, 0xff, 0xff, 0xff,
  0xff, 0xff, 0xff, 0xff, 0xff, 0xff, 0xff, 0xff, 0xff, 0xff, 0xff, 0xff,
  0xff, 0xff, 0xff, 0xff, 0xff, 0xff, 0xff, 0xff, 0xff, 0xff, 0xff, 0xff,
  0xff, 0xff, 0xff, 0xff, 0xff, 0xfe, 0xff, 0xfe, 0xff, 0xfc, 0xff, 0xfc,
  0xff, 0xf8, 0xff, 0x97, 0xff, 0x73, 0xff, 0x11, 0xfe, 0xac, 0xfe, 0x4a,
  0xfd, 0xe8, 0xfd, 0x86, 0xf5, 0x25, 0xf4, 0xe4, 0xec, 0xa3, 0xe4, 0x41,
  0xe4, 0x41, 0xe4, 0x21, 0xe3, 0xe1, 0xe3, 0xc1, 0xdb, 0x60, 0xdb, 0x00,
  0xd2, 0xc0, 0xd2, 0xc0, 0xd2, 0xc0, 0xd2, 0xe0, 0xd2, 0xe0, 0xd3, 0x00,
  0xd3, 0x00, 0xd3, 0x21, 0xdb, 0x62, 0xdb, 0x82, 0xdb, 0x82, 0xdb, 0x82,
  0xdb, 0x82, 0xd3, 0x83, 0xd3, 0x83, 0xd3, 0x63, 0xd3, 0x43, 0xd3, 0x03,
  0xd2, 0xe3, 0xd2, 0xe3, 0xd2, 0xe3, 0xd2, 0xe4, 0xca, 0xc4, 0xca, 0xa3,
  0xc2, 0x83, 0xc2, 0x63, 0xba, 0x22, 0xb9, 0xe2, 0xb1, 0xa2, 0xa1, 0x20,
  0x99, 0x00, 0x99, 0x00, 0x90, 0xc0, 0xa1, 0x21, 0xb9, 0xc3, 0xb1, 0x83,
  0xb9, 0x83, 0xb1, 0x63, 0xa9, 0x22, 0x98, 0xa1, 0x90, 0x40, 0x90, 0x20,
  0x98, 0x82, 0x98, 0x81, 0x90, 0x81, 0x98, 0x81, 0x90, 0x60, 0x88, 0x40,
  0x90, 0x00, 0xb0, 0xe2, 0xa0, 0x00, 0x98, 0x00, 0x98, 0x00, 0x98, 0x00,
  0x98, 0x20, 0x98, 0x00, 0x90, 0x00, 0x90, 0x00, 0xa0, 0xa1, 0xb1, 0x44,
  0xb1, 0x44, 0xa0, 0xe3, 0xb1, 0x45, 0xc9, 0xe8, 0xd2, 0x29, 0xe2, 0x6a,
  0xf3, 0x4d, 0xfb, 0x8e, 0xfb, 0xaf, 0xfc, 0x71, 0xfc, 0xd2, 0xfd, 0xb5,
  0xfd, 0xd5, 0xfd, 0x95, 0xf4, 0x2f, 0xfc, 0xd3, 0xf3, 0x6d, 0xc9, 0x87,
  0xb0, 0xc4, 0xb8, 0xc4, 0xe1, 0xe8, 0xb0, 0x42, 0xb0, 0x21, 0xc1, 0x24,
  0xc1, 0x24, 0xb9, 0x43, 0xc1, 0x84, 0xd2, 0x05, 0xda, 0x46, 0xda, 0xa5,
  0xe2, 0xe6, 0xe3, 0x46, 0xeb, 0xa7, 0xf4, 0x49, 0xfc, 0xeb, 0xfd, 0x6d,
  0xfd, 0xae, 0xfd, 0xce, 0xfe, 0x0f, 0xfe, 0x0f, 0xfd, 0xef, 0xfd, 0xce,
  0xfd, 0xae, 0xfd, 0xcf, 0xfe, 0x11, 0xfe, 0x72, 0xfe, 0xb4, 0xff, 0x15,
  0xff, 0x36, 0xff, 0x36, 0xff, 0x16, 0xff, 0x16, 0xff, 0x16, 0xff, 0x16,
  0xfe, 0x93, 0xfd, 0xf1, 0xfd, 0xcc, 0xfd, 0x29, 0xf4, 0x87, 0xf4, 0x66,
  0xfc, 0xe8, 0xfd, 0xcb, 0xfd, 0x8a, 0xfc, 0xc7, 0xfd, 0x07, 0xfd, 0x48,
  0xfd, 0xa9, 0xfd, 0xea, 0xfe, 0x0b, 0xfe, 0x2b, 0xfe, 0x0b, 0xf6, 0x0c,
  0xfe, 0x6d, 0xfe, 0xcd, 0xff, 0x30, 0xff, 0x74, 0xff, 0x74, 0xff, 0x55,
  0xff, 0x12, 0xfe, 0xce, 0xfe, 0xad, 0xfe, 0x69, 0xfe, 0x4a, 0xf6, 0x4b,
  0xfe, 0x6c, 0xfe, 0xb3, 0xff, 0x14, 0xff, 0x76, 0xff, 0x76, 0xff, 0xb8,
  0xff, 0xb8, 0xff, 0xb9, 0xff, 0x98, 0xff, 0xb9, 0xff, 0xb9, 0xff, 0xda,
  0xff, 0xda, 0xff, 0xdb, 0xff, 0xfb, 0x00, 0x00, 0x00, 0x00, 0x00, 0x00,
  0x00, 0x00, 0x00, 0x00, 0x00, 0x00, 0x00, 0x00, 0x00, 0x00, 0x00, 0x00,
  0x00, 0x00, 0x00, 0x00, 0x00, 0x00, 0x00, 0x00, 0x00, 0x00, 0x00, 0x00,
  0x00, 0x00, 0x00, 0x00, 0x00, 0x00, 0x00, 0x00, 0x00, 0x00, 0x00, 0x00,
  0x00, 0x00, 0x00, 0x00, 0x00, 0x00, 0x00, 0x00, 0x00, 0x00, 0x00, 0x00,
  0x00, 0x00, 0x00, 0x00, 0x00, 0x00, 0x00, 0x00, 0x00, 0x00, 0x00, 0x00,
  0x00, 0x00, 0x00, 0x00, 0x00, 0x00, 0x00, 0x00, 0x00, 0x00, 0x00, 0x00,
  0x00, 0x00, 0x00, 0x00, 0x00, 0x00, 0xff, 0xff, 0xff, 0xff, 0xff, 0xff,
  0xff, 0xff, 0xff, 0xff, 0xff, 0xff, 0xff, 0xff, 0xff, 0xff, 0xff, 0xff,
  0xff, 0xff, 0xff, 0xff, 0xff, 0xff, 0xff, 0xff, 0xff, 0xff, 0xff, 0xff,
  0xff, 0xff, 0xff, 0xff, 0xff, 0xfe, 0xff, 0xfe, 0xff, 0xfc, 0xff, 0xfc,
  0xff, 0xf8, 0xff, 0x97, 0xff, 0x73, 0xff, 0x31, 0xfe, 0xad, 0xfe, 0x4b,
  0xfd, 0xe8, 0xfd, 0xa6, 0xfd, 0x25, 0xf5, 0x04, 0xec, 0xa3, 0xe4, 0x61,
  0xe4, 0x41, 0xe4, 0x21, 0xe4, 0x01, 0xe3, 0xc1, 0xdb, 0x80, 0xdb, 0x00,
  0xd2, 0xc0, 0xd2, 0xc0, 0xd2, 0xc0, 0xd2, 0xe0, 0xd2, 0xe0, 0xd3, 0x00,
  0xd3, 0x00, 0xd3, 0x21, 0xdb, 0x62, 0xdb, 0x82, 0xdb, 0x82, 0xdb, 0x82,
  0xdb, 0x82, 0xd3, 0x83, 0xd3, 0x83, 0xd3, 0x63, 0xd3, 0x43, 0xd3, 0x23,
  0xd3, 0x03, 0xd2, 0xe3, 0xca, 0xe3, 0xca, 0xc3, 0xca, 0xa3, 0xc2, 0x83,
  0xc2, 0x83, 0xc2, 0x43, 0xc2, 0x43, 0xc2, 0x64, 0xc2, 0x24, 0xb1, 0xa2,
  0xa1, 0x62, 0xa9, 0x61, 0xa1, 0x41, 0xb1, 0xa2, 0xca, 0x45, 0xca, 0x25,
  0xc9, 0xe5, 0xc1, 0xc4, 0xb1, 0x64, 0xa9, 0x03, 0xa0, 0xc3, 0x98, 0xa2,
  0x98, 0xa2, 0x98, 0xa2, 0x98, 0x81, 0x90, 0x81, 0x90, 0x80, 0x90, 0x80,
  0xa0, 0x60, 0xa8, 0xa1, 0x98, 0x00, 0x98, 0x00, 0x98, 0x00, 0xa8, 0x41,
  0xb0, 0xa2, 0xb0, 0xe3, 0xb9, 0x24, 0xb9, 0x44, 0xe2, 0x89, 0xfb, 0xad,
  0xfb, 0x8d, 0xeb, 0x0b, 0xf3, 0x2c, 0xfb, 0xcf, 0xfc, 0x10, 0xfc, 0x52,
  0xfc, 0x72, 0xfd, 0x55, 0xfe, 0x18, 0xfd, 0x54, 0xfe, 0x17, 0xfe, 0x57,
  0xfe, 0x37, 0xfd, 0xd6, 0xfe, 0x78, 0xfe, 0x79, 0xfd, 0x96, 0xfc, 0x31,
  0xfc, 0x32, 0xfb, 0xaf, 0xfb, 0x4e, 0xfb, 0x2d, 0xf2, 0x4a, 0xd1, 0x86,
  0xc1, 0x24, 0xc1, 0x64, 0xc9, 0xc5, 0xd2, 0x05, 0xda, 0x46, 0xda, 0xa6,
  0xe2, 0xe6, 0xd2, 0xc4, 0xdb, 0x25, 0xeb, 0xe7, 0xfc, 0xaa, 0xfd, 0x4c,
  0xfd, 0xad, 0xfd, 0xae, 0xfd, 0xcf, 0xfd, 0xef, 0xfd, 0xae, 0xfd, 0x6d,
  0xfd, 0x6d, 0xfd, 0xcf, 0xfe, 0x11, 0xfe, 0x72, 0xfe, 0xd4, 0xff, 0x15,
  0xff, 0x36, 0xff, 0x36, 0xff, 0x36, 0xff, 0x57, 0xff, 0x36, 0xff, 0x16,
  0xfe, 0x93, 0xfd, 0xf1, 0xfd, 0x29, 0xfc, 0xe8, 0xf4, 0x87, 0xfc, 0xa7,
  0xfd, 0x4a, 0xfe, 0x2d, 0xfd, 0x49, 0xfc, 0xa7, 0xfd, 0x28, 0xfd, 0x69,
  0xfd, 0x89, 0xfd, 0xa9, 0xfd, 0xca, 0xfd, 0xea, 0xfe, 0x2c, 0xfe, 0x4c,
  0xfe, 0x6d, 0xfe, 0xee, 0xff, 0x31, 0xff, 0x74, 0xff, 0x74, 0xff, 0x34,
  0xff, 0x12, 0xfe, 0xae, 0xfe, 0x8d, 0xfe, 0x69, 0xfe, 0x6a, 0xfe, 0x6b,
  0xfe, 0x8d, 0xfe, 0xf4, 0xff, 0x35, 0xff, 0x76, 0xff, 0x97, 0xff, 0xb8,
  0xff, 0xb8, 0xff, 0xb9, 0xff, 0xb9, 0xff, 0xb9, 0xff, 0xd9, 0xff, 0xda,
  0xff, 0xda, 0xff, 0xdb, 0xff, 0xfb, 0x00, 0x00, 0x00, 0x00, 0x00, 0x00,
  0x00, 0x00, 0x00, 0x00, 0x00, 0x00, 0x00, 0x00, 0x00, 0x00, 0x00, 0x00,
  0x00, 0x00, 0x00, 0x00, 0x00, 0x00, 0x00, 0x00, 0x00, 0x00, 0x00, 0x00,
  0x00, 0x00, 0x00, 0x00, 0x00, 0x00, 0x00, 0x00, 0x00, 0x00, 0x00, 0x00,
  0x00, 0x00, 0x00, 0x00, 0x00, 0x00, 0x00, 0x00, 0x00, 0x00, 0x00, 0x00,
  0x00, 0x00, 0x00, 0x00, 0x00, 0x00, 0x00, 0x00, 0x00, 0x00, 0x00, 0x00,
  0x00, 0x00, 0x00, 0x00, 0x00, 0x00, 0x00, 0x00, 0x00, 0x00, 0x00, 0x00,
  0x00, 0x00, 0x00, 0x00, 0x00, 0x00, 0x00, 0x00, 0xff, 0xff, 0xff, 0xff,
  0xff, 0xff, 0xff, 0xff, 0xff, 0xff, 0xff, 0xff, 0xff, 0xff, 0xff, 0xff,
  0xff, 0xff, 0xff, 0xff, 0xff, 0xff, 0xff, 0xff, 0xff, 0xff, 0xff, 0xff,
  0xff, 0xff, 0xff, 0xff, 0xff, 0xfe, 0xff, 0xfe, 0xff, 0xfd, 0xff, 0xfd,
  0xff, 0xf9, 0xff, 0x98, 0xff, 0x93, 0xff, 0x52, 0xfe, 0xce, 0xfe, 0x4c,
  0xfd, 0xe9, 0xfd, 0xa7, 0xfd, 0x45, 0xf5, 0x24, 0xec, 0xc3, 0xe4, 0x62,
  0xec, 0x62, 0xe4, 0x21, 0xe4, 0x01, 0xe3, 0xe1, 0xe3, 0xa1, 0xdb, 0x21,
  0xd2, 0xc0, 0xd2, 0xc0, 0xd2, 0xc0, 0xd2, 0xe0, 0xd2, 0xe0, 0xd3, 0x00,
  0xd3, 0x00, 0xd3, 0x21, 0xdb, 0x62, 0xdb, 0x82, 0xdb, 0x82, 0xdb, 0x82,
  0xdb, 0x82, 0xd3, 0x83, 0xd3, 0x83, 0xdb, 0x63, 0xd3, 0x43, 0xd2, 0xe3,
  0xca, 0xc2, 0xca, 0x82, 0xc2, 0x41, 0xba, 0x41, 0xba, 0x21, 0xba, 0x21,
  0xc2, 0x42, 0xc2, 0x22, 0xca, 0x63, 0xd2, 0xa5, 0xca, 0x65, 0xca, 0x24,
  0xca, 0x05, 0xc1, 0xe3, 0xb9, 0xc2, 0xc2, 0x03, 0xca, 0xa5, 0xd2, 0xc6,
  0xd2, 0x66, 0xca, 0x25, 0xc9, 0xa5, 0xc1, 0x85, 0xc1, 0x25, 0xb8, 0xc3,
  0xa8, 0x21, 0xa8, 0x01, 0xa8, 0x01, 0xa8, 0x00, 0xb0, 0x00, 0xb8, 0x21,
  0xb8, 0x41, 0xb8, 0x21, 0xc0, 0x21, 0xd0, 0xc4, 0xd9, 0x26, 0xe1, 0x67,
  0xe1, 0xa8, 0xf2, 0x09, 0xfa, 0xcc, 0xfa, 0xec, 0xfb, 0xf0, 0xfc, 0xd4,
  0xfc, 0xd3, 0xfc, 0x72, 0xfc, 0x92, 0xfc, 0xf4, 0xfc, 0xf4, 0xfd, 0x15,
  0xfd, 0x55, 0xfd, 0xb6, 0xfd, 0xf7, 0xfe, 0x16, 0xfe, 0x78, 0xfe, 0xb9,
  0xff, 0x3b, 0xfe, 0x79, 0xfd, 0xf7, 0xfd, 0x15, 0xfc, 0xf5, 0xfb, 0xf0,
  0xfc, 0xb3, 0xfc, 0x92, 0xfc, 0xb2, 0xfc, 0xb2, 0xfc, 0xd3, 0xfd, 0xf5,
  0xe4, 0x4f, 0xc2, 0x88, 0xb2, 0x06, 0xb2, 0x04, 0xc2, 0x86, 0xd2, 0xe6,
  0xd3, 0x06, 0xd3, 0x25, 0xd3, 0x45, 0xdb, 0xc6, 0xec, 0x89, 0xf5, 0x2b,
  0xfd, 0x6c, 0xfd, 0x8d, 0xfd, 0xce, 0xfd, 0x6d, 0xfd, 0x8d, 0xfe, 0x0f,
  0xfe, 0x4f, 0xfe, 0x90, 0xfe, 0xf2, 0xff, 0x13, 0xff, 0x34, 0xff, 0x54,
  0xff, 0x55, 0xff, 0x75, 0xff, 0x75, 0xff, 0x75, 0xff, 0x13, 0xfe, 0x91,
  0xfd, 0xcd, 0xfd, 0x4b, 0xfc, 0xc8, 0xf4, 0xa7, 0xec, 0x66, 0xf4, 0xc7,
  0xfd, 0x8a, 0xfe, 0x2c, 0xf5, 0x28, 0xf4, 0xe7, 0xfd, 0x49, 0xfd, 0x89,
  0xfd, 0xa9, 0xfd, 0xca, 0xfd, 0xea, 0xfd, 0xeb, 0xfe, 0x4d, 0xfe, 0x6d,
  0xfe, 0x6d, 0xfe, 0xee, 0xff, 0x50, 0xff, 0x93, 0xff, 0x73, 0xff, 0x32,
  0xfe, 0xf1, 0xfe, 0xce, 0xfe, 0xae, 0xfe, 0x8c, 0xf6, 0x6d, 0xf6, 0x8e,
  0xfe, 0xb0, 0xff, 0x15, 0xff, 0x76, 0xff, 0x98, 0xff, 0xb8, 0xff, 0x99,
  0xff, 0xb9, 0xff, 0xb9, 0xff, 0xba, 0xff, 0xda, 0xff, 0xfa, 0xff, 0xfb,
  0xff, 0xfb, 0xff, 0xfb, 0x00, 0x00, 0x00, 0x00, 0x00, 0x00, 0x00, 0x00,
  0x00, 0x00, 0x00, 0x00, 0x00, 0x00, 0x00, 0x00, 0x00, 0x00, 0x00, 0x00,
  0x00, 0x00, 0x00, 0x00, 0x00, 0x00, 0x00, 0x00, 0x00, 0x00, 0x00, 0x00,
  0x00, 0x00, 0x00, 0x00, 0x00, 0x00, 0x00, 0x00, 0x00, 0x00, 0x00, 0x00,
  0x00, 0x00, 0x00, 0x00, 0x00, 0x00, 0x00, 0x00, 0x00, 0x00, 0x00, 0x00,
  0x00, 0x00, 0x00, 0x00, 0x00, 0x00, 0x00, 0x00, 0x00, 0x00, 0x00, 0x00,
  0x00, 0x00, 0x00, 0x00, 0x00, 0x00, 0x00, 0x00, 0x00, 0x00, 0x00, 0x00,
  0x00, 0x00, 0x00, 0x00, 0x00, 0x00, 0x00, 0x00, 0x00, 0x00, 0xff, 0xff,
  0xff, 0xff, 0xff, 0xff, 0xff, 0xff, 0xff, 0xff, 0xff, 0xff, 0xff, 0xff,
  0xff, 0xff, 0xff, 0xff, 0xff, 0xff, 0xff, 0xff, 0xff, 0xff, 0xff, 0xff,
  0xff, 0xff, 0xff, 0xff, 0xff, 0xfe, 0xff, 0xfe, 0xff, 0xfd, 0xff, 0xfd,
  0xff, 0xf9, 0xff, 0xb8, 0xff, 0x93, 0xff, 0x52, 0xfe, 0xee, 0xfe, 0x6c,
  0xfe, 0x09, 0xfd, 0xa7, 0xfd, 0x45, 0xfd, 0x45, 0xf4, 0xe3, 0xec, 0x82,
  0xec, 0x82, 0xec, 0x41, 0xe4, 0x01, 0xe3, 0xc1, 0xe3, 0xc1, 0xe3, 0x41,
  0xd2, 0xc0, 0xd2, 0xc0, 0xd2, 0xc0, 0xd2, 0xe0, 0xd2, 0xe0, 0xd3, 0x00,
  0xd3, 0x00, 0xd3, 0x21, 0xdb, 0x62, 0xdb, 0x82, 0xdb, 0x82, 0xdb, 0x82,
  0xdb, 0x82, 0xd3, 0x83, 0xd3, 0x83, 0xdb, 0x63, 0xd3, 0x43, 0xd2, 0xe3,
  0xca, 0xc2, 0xca, 0x82, 0xc2, 0x41, 0xc2, 0x42, 0xc2, 0x42, 0xba, 0x22,
  0xc2, 0x42, 0xba, 0x01, 0xc2, 0x42, 0xd2, 0xa5, 0xd2, 0x86, 0xca, 0x45,
  0xd2, 0x25, 0xca, 0x04, 0xc2, 0x03, 0xca, 0x44, 0xca, 0x85, 0xda, 0xe7,
  0xda, 0xc7, 0xda, 0x87, 0xda, 0x27, 0xd1, 0xc6, 0xd1, 0x66, 0xc0, 0xe4,
  0xa8, 0x01, 0xb0, 0x01, 0xb0, 0x01, 0xb0, 0x01, 0xb8, 0x00, 0xb8, 0x01,
  0xb8, 0x00, 0xf2, 0x29, 0xfa, 0x09, 0xfa, 0xac, 0xfb, 0x0e, 0xfa, 0xed,
  0xfa, 0xcc, 0xfa, 0xcc, 0xfb, 0x2d, 0xfb, 0x8f, 0xfc, 0x11, 0xfc, 0x92,
  0xfc, 0x72, 0xfc, 0x10, 0xfc, 0x72, 0xfd, 0x15, 0xfd, 0x15, 0xfd, 0x56,
  0xfd, 0xd7, 0xfe, 0x37, 0xfe, 0x58, 0xfe, 0xf9, 0xff, 0x3b, 0xfe, 0xb9,
  0xfd, 0xd6, 0xf5, 0x13, 0xfd, 0x34, 0xfc, 0x31, 0xf3, 0xd0, 0xf3, 0x2e,
  0xfc, 0xb4, 0xfc, 0xb3, 0xfd, 0x14, 0xfd, 0x55, 0xfd, 0x76, 0xfe, 0x78,
  0xfe, 0x36, 0xfd, 0x32, 0xf4, 0x4f, 0xeb, 0xaa, 0xdb, 0x28, 0xc2, 0xa5,
  0xa9, 0xe2, 0xb2, 0x62, 0xcb, 0x04, 0xcb, 0x65, 0xd3, 0xe6, 0xe4, 0xa9,
  0xfd, 0x6c, 0xfd, 0xce, 0xfd, 0x8d, 0xf5, 0x4c, 0xfd, 0x6c, 0xfe, 0x0f,
  0xfe, 0x6f, 0xfe, 0xb1, 0xff, 0x13, 0xff, 0x33, 0xff, 0x54, 0xff, 0x55,
  0xff, 0x75, 0xff, 0x96, 0xff, 0x95, 0xff, 0x75, 0xfe, 0xf2, 0xfe, 0x70,
  0xfd, 0x8c, 0xf5, 0x0a, 0xf4, 0xa7, 0xec, 0x66, 0xec, 0x46, 0xfc, 0xc8,
  0xfd, 0xaa, 0xfd, 0xec, 0xf5, 0x08, 0xf4, 0xe7, 0xfd, 0x49, 0xfd, 0x69,
  0xfd, 0xa9, 0xfd, 0xca, 0xfd, 0xeb, 0xfd, 0xeb, 0xfe, 0x4d, 0xfe, 0x4d,
  0xfe, 0xce, 0xff, 0x90, 0xff, 0x91, 0xff, 0x72, 0xff, 0x52, 0xff, 0x12,
  0xfe, 0xd0, 0xfe, 0xef, 0xfe, 0xce, 0xfe, 0xcd, 0xfe, 0xef, 0xff, 0x31,
  0xff, 0x73, 0xff, 0x77, 0xff, 0x97, 0xff, 0x98, 0xff, 0xb9, 0xff, 0x78,
  0xff, 0x99, 0xff, 0xb9, 0xff, 0xba, 0xff, 0xda, 0xff, 0xfa, 0xff, 0xfb,
  0xff, 0xfb, 0x00, 0x00, 0x00, 0x00, 0x00, 0x00, 0x00, 0x00, 0x00, 0x00,
  0x00, 0x00, 0x00, 0x00, 0x00, 0x00, 0x00, 0x00, 0x00, 0x00, 0x00, 0x00,
  0x00, 0x00, 0x00, 0x00, 0x00, 0x00, 0x00, 0x00, 0x00, 0x00, 0x00, 0x00,
  0x00, 0x00, 0x00, 0x00, 0x00, 0x00, 0x00, 0x00, 0x00, 0x00, 0x00, 0x00,
  0x00, 0x00, 0x00, 0x00, 0x00, 0x00, 0x00, 0x00, 0x00, 0x00, 0x00, 0x00,
  0x00, 0x00, 0x00, 0x00, 0x00, 0x00, 0x00, 0x00, 0x00, 0x00, 0x00, 0x00,
  0x00, 0x00, 0x00, 0x00, 0x00, 0x00, 0x00, 0x00, 0x00, 0x00, 0x00, 0x00,
  0x00, 0x00, 0x00, 0x00, 0x00, 0x00, 0x00, 0x00, 0x00, 0x00, 0x00, 0x00,
  0xff, 0xff, 0xff, 0xff, 0xff, 0xff, 0xff, 0xff, 0xff, 0xff, 0xff, 0xff,
  0xff, 0xff, 0xff, 0xff, 0xff, 0xff, 0xff, 0xff, 0xff, 0xff, 0xff, 0xff,
  0xff, 0xff, 0xff, 0xff, 0xff, 0xfe, 0xff, 0xfe, 0xff, 0xfd, 0xff, 0xfd,
  0xff, 0xfa, 0xff, 0xb9, 0xff, 0x94, 0xff, 0x53, 0xff, 0x0f, 0xfe, 0x8d,
  0xfe, 0x2a, 0xfd, 0xa7, 0xfd, 0x66, 0xfd, 0x45, 0xf4, 0xe4, 0xec, 0x82,
  0xec, 0x62, 0xe4, 0x41, 0xe4, 0x01, 0xe3, 0xe1, 0xe3, 0xc1, 0xdb, 0x41,
  0xca, 0xc0, 0xd2, 0xe0, 0xd2, 0xe0, 0xd2, 0xe0, 0xd2, 0xe0, 0xd2, 0xe0,
  0xd3, 0x00, 0xd3, 0x21, 0xdb, 0x62, 0xdb, 0x82, 0xdb, 0x82, 0xdb, 0x82,
  0xdb, 0x82, 0xdb, 0x83, 0xdb, 0x83, 0xdb, 0x63, 0xd3, 0x23, 0xdb, 0x23,
  0xd3, 0x03, 0xca, 0xa2, 0xc2, 0x61, 0xc2, 0x41, 0xba, 0x41, 0xba, 0x21,
  0xc2, 0x62, 0xba, 0x22, 0xc2, 0x42, 0xd2, 0xe5, 0xdb, 0x06, 0xd2, 0xa5,
  0xda, 0xe6, 0xe3, 0x06, 0xeb, 0x26, 0xdb, 0x05, 0xba, 0xa4, 0xca, 0xc5,
  0xca, 0xa5, 0xca, 0x85, 0xca, 0x25, 0xca, 0x05, 0xc9, 0xc6, 0xb9, 0x44,
  0xb0, 0xc3, 0xb9, 0x04, 0xc1, 0x45, 0xd9, 0xe7, 0xf2, 0xaa, 0xfb, 0x2c,
  0xfb, 0xaf, 0xfc, 0x31, 0xfb, 0x4e, 0xfb, 0x6f, 0xfb, 0xb0, 0xfb, 0x6f,
  0xfa, 0xed, 0xfa, 0x8c, 0xfa, 0x6b, 0xfa, 0xcc, 0xfb, 0x2e, 0xfb, 0x6f,
  0xfb, 0x4e, 0xfb, 0x0d, 0xfb, 0xd0, 0xfc, 0xb3, 0xfc, 0xb3, 0xfd, 0x35,
  0xfc, 0xf4, 0xfc, 0xd3, 0xfc, 0xf4, 0xfc, 0x32, 0xfc, 0xd5, 0xfc, 0x54,
  0xfc, 0x53, 0xfb, 0x91, 0xfb, 0x4f, 0xfb, 0xf1, 0xfc, 0x31, 0xec, 0x50,
  0xfd, 0x53, 0xf5, 0x31, 0xfd, 0x72, 0xfd, 0xf4, 0xfe, 0x97, 0xfe, 0xb7,
  0xfe, 0xb7, 0xfe, 0x96, 0xfd, 0xf4, 0xf4, 0xef, 0xdc, 0x0c, 0xd3, 0x67,
  0xba, 0xa4, 0xca, 0xe4, 0xca, 0xc4, 0xc2, 0xc4, 0xd3, 0x25, 0xe3, 0xe8,
  0xfc, 0xcb, 0xfd, 0x2c, 0xec, 0xcb, 0xec, 0xca, 0xfd, 0xcd, 0xfe, 0x70,
  0xfe, 0x90, 0xfe, 0xb1, 0xfe, 0xf2, 0xff, 0x12, 0xff, 0x33, 0xff, 0x13,
  0xfe, 0xd2, 0xff, 0x33, 0xff, 0x33, 0xff, 0x33, 0xfe, 0xd1, 0xfe, 0x4f,
  0xfd, 0x8b, 0xfd, 0x09, 0xf4, 0xa7, 0xec, 0x45, 0xe4, 0x65, 0xfd, 0x08,
  0xfd, 0xcb, 0xfd, 0xeb, 0xed, 0x08, 0xf5, 0x07, 0xf5, 0x69, 0xfd, 0x89,
  0xfd, 0xaa, 0xfd, 0xca, 0xfd, 0xeb, 0xfd, 0xeb, 0xfe, 0x6e, 0xfe, 0xaf,
  0xfe, 0xef, 0xff, 0xb1, 0xff, 0x91, 0xff, 0x71, 0xff, 0x51, 0xff, 0x10,
  0xfe, 0xd0, 0xfe, 0xf0, 0xfe, 0xd0, 0xfe, 0xf1, 0xff, 0x32, 0xff, 0x54,
  0xff, 0x95, 0xff, 0xb9, 0xff, 0xb8, 0xff, 0x79, 0xff, 0x99, 0xff, 0x99,
  0xff, 0x99, 0xff, 0xba, 0xff, 0xda, 0xff, 0xda, 0xff, 0xfb, 0xff, 0xfb,
  0x00, 0x00, 0x00, 0x00, 0x00, 0x00, 0x00, 0x00, 0x00, 0x00, 0x00, 0x00,
  0x00, 0x00, 0x00, 0x00, 0x00, 0x00, 0x00, 0x00, 0x00, 0x00, 0x00, 0x00,
  0x00, 0x00, 0x00, 0x00, 0x00, 0x00, 0x00, 0x00, 0x00, 0x00, 0x00, 0x00,
  0x00, 0x00, 0x00, 0x00, 0x00, 0x00, 0x00, 0x00, 0x00, 0x00, 0x00, 0x00,
  0x00, 0x00, 0x00, 0x00, 0x00, 0x00, 0x00, 0x00, 0x00, 0x00, 0x00, 0x00,
  0x00, 0x00, 0x00, 0x00, 0x00, 0x00, 0x00, 0x00, 0x00, 0x00, 0x00, 0x00,
  0x00, 0x00, 0x00, 0x00, 0x00, 0x00, 0x00, 0x00, 0x00, 0x00, 0x00, 0x00,
  0x00, 0x00, 0x00, 0x00, 0x00, 0x00, 0x00, 0x00, 0x00, 0x00, 0x00, 0x00,
  0xff, 0xff, 0xff, 0xff, 0xff, 0xff, 0xff, 0xff, 0xff, 0xff, 0xff, 0xff,
  0xff, 0xff, 0xff, 0xff, 0xff, 0xff, 0xff, 0xff, 0xff, 0xff, 0xff, 0xff,
  0xff, 0xff, 0xff, 0xff, 0xff, 0xfe, 0xff, 0xfe, 0xff, 0xfd, 0xff, 0xfd,
  0xff, 0xfa, 0xff, 0xb9, 0xff, 0xb5, 0xff, 0x53, 0xff, 0x0f, 0xfe, 0xad,
  0xfe, 0x2a, 0xfd, 0xc8, 0xfd, 0x66, 0xfd, 0x46, 0xf5, 0x04, 0xec, 0x82,
  0xe4, 0x62, 0xe4, 0x41, 0xe4, 0x01, 0xe3, 0xe1, 0xe3, 0xc1, 0xdb, 0x21,
  0xca, 0xc0, 0xdb, 0x00, 0xd2, 0xe0, 0xd2, 0xc0, 0xd2, 0xc0, 0xd2, 0xe0,
  0xd2, 0xe0, 0xd3, 0x01, 0xdb, 0x41, 0xdb, 0x62, 0xdb, 0x62, 0xdb, 0x82,
  0xdb, 0x82, 0xdb, 0x83, 0xdb, 0x83, 0xdb, 0x63, 0xd3, 0x43, 0xdb, 0x24,
  0xdb, 0x03, 0xca, 0xa2, 0xc2, 0x62, 0xc2, 0x41, 0xba, 0x41, 0xba, 0x21,
  0xc2, 0x62, 0xba, 0x22, 0xc2, 0x22, 0xd2, 0xa5, 0xda, 0xe6, 0xe3, 0x27,
  0xeb, 0x88, 0xf3, 0xa9, 0xfb, 0xa8, 0xeb, 0x87, 0xcb, 0x26, 0xd3, 0x46,
  0xdb, 0x27, 0xdb, 0x28, 0xda, 0xe8, 0xda, 0xc8, 0xda, 0x48, 0xc1, 0xc6,
  0xd1, 0xe7, 0xea, 0x8a, 0xf3, 0x0c, 0xfb, 0x4d, 0xfb, 0xae, 0xfb, 0xef,
  0xfb, 0xef, 0xfb, 0xcf, 0xfb, 0x4e, 0xfb, 0x2e, 0xfb, 0x2e, 0xfa, 0xed,
  0xfa, 0x8c, 0xfa, 0x6b, 0xfa, 0x2a, 0xfa, 0x09, 0xf2, 0x0a, 0xfa, 0x8b,
  0xfa, 0xac, 0xea, 0x8b, 0xfb, 0x4d, 0xfc, 0x30, 0xfc, 0x10, 0xfc, 0x92,
  0xfc, 0x72, 0xf4, 0x10, 0xf3, 0xb0, 0xea, 0xed, 0xfb, 0x2f, 0xf2, 0x2c,
  0xfa, 0xcf, 0xfb, 0x51, 0xfb, 0x91, 0xfc, 0x11, 0xfb, 0xf1, 0xfd, 0x53,
  0xfd, 0x13, 0xf5, 0x31, 0xfd, 0xd3, 0xfe, 0x96, 0xff, 0x7a, 0xfe, 0xf8,
  0xff, 0x7a, 0xff, 0x9a, 0xff, 0x18, 0xfd, 0xb2, 0xe4, 0x6d, 0xd3, 0x68,
  0xba, 0xa5, 0xca, 0xe5, 0xd3, 0x05, 0xd3, 0x05, 0xdb, 0x46, 0xe3, 0xc7,
  0xf4, 0x6a, 0xfc, 0xcb, 0xe4, 0x8a, 0xec, 0xaa, 0xfd, 0xce, 0xfe, 0x90,
  0xfe, 0x90, 0xfe, 0xb1, 0xfe, 0xd2, 0xfe, 0xf2, 0xff, 0x33, 0xff, 0x12,
  0xfe, 0xb1, 0xff, 0x33, 0xff, 0x32, 0xff, 0x32, 0xfe, 0xd0, 0xfe, 0x4e,
  0xfd, 0x6a, 0xf4, 0xe8, 0xec, 0x86, 0xec, 0x45, 0xe4, 0x45, 0xfd, 0x28,
  0xfd, 0xcb, 0xfd, 0xeb, 0xed, 0x08, 0xf5, 0x28, 0xfd, 0x89, 0xfd, 0xaa,
  0xfd, 0xca, 0xfd, 0xea, 0xfe, 0x0c, 0xfe, 0x0c, 0xfe, 0x8e, 0xfe, 0xf0,
  0xff, 0x30, 0xff, 0xb1, 0xff, 0xb1, 0xff, 0x91, 0xff, 0x51, 0xfe, 0xf0,
  0xfe, 0xef, 0xfe, 0xf0, 0xff, 0x11, 0xff, 0x32, 0xff, 0x53, 0xff, 0x74,
  0xff, 0x95, 0xff, 0xb9, 0xff, 0xb8, 0xff, 0x59, 0xff, 0x79, 0xff, 0x99,
  0xff, 0x99, 0xff, 0xba, 0xff, 0xda, 0xff, 0xda, 0xff, 0xfb, 0xff, 0xfb,
  0x00, 0x00, 0x00, 0x00, 0x00, 0x00, 0x00, 0x00, 0x00, 0x00, 0x00, 0x00,
  0x00, 0x00, 0x00, 0x00, 0x00, 0x00, 0x00, 0x00, 0x00, 0x00, 0x00, 0x00,
  0x00, 0x00, 0x00, 0x00, 0x00, 0x00, 0x00, 0x00, 0x00, 0x00, 0x00, 0x00,
  0x00, 0x00, 0x00, 0x00, 0x00, 0x00, 0x00, 0x00, 0x00, 0x00, 0x00, 0x00,
  0x00, 0x00, 0x00, 0x00, 0x00, 0x00, 0x00, 0x00, 0x00, 0x00, 0x00, 0x00,
  0x00, 0x00, 0x00, 0x00, 0x00, 0x00, 0x00, 0x00, 0x00, 0x00, 0x00, 0x00,
  0x00, 0x00, 0x00, 0x00, 0x00, 0x00, 0x00, 0x00, 0x00, 0x00, 0x00, 0x00,
  0x00, 0x00, 0x00, 0x00, 0x00, 0x00, 0x00, 0x00, 0x00, 0x00, 0x00, 0x00,
  0x00, 0x00, 0xff, 0xff, 0xff, 0xff, 0xff, 0xff, 0xff, 0xff, 0xff, 0xff,
  0xff, 0xff, 0xff, 0xff, 0xff, 0xff, 0xff, 0xff, 0xff, 0xff, 0xff, 0xff,
  0xff, 0xff, 0xff, 0xff, 0xff, 0xff, 0xff, 0xff, 0xff, 0xfd, 0xff, 0xfd,
  0xff, 0xfb, 0xff, 0xdb, 0xff, 0x95, 0xff, 0x74, 0xff, 0x31, 0xfe, 0xcf,
  0xfe, 0x6b, 0xfe, 0x09, 0xfd, 0xa7, 0xfd, 0x65, 0xfd, 0x24, 0xf4, 0xe3,
  0xec, 0x82, 0xe4, 0x61, 0xe4, 0x21, 0xe4, 0x00, 0xe3, 0xc0, 0xdb, 0x60,
  0xd3, 0x40, 0xd3, 0x20, 0xca, 0xc0, 0xd2, 0xa0, 0xd2, 0xc0, 0xd2, 0xc0,
  0xd2, 0xc0, 0xca, 0xe0, 0xd3, 0x21, 0xdb, 0x41, 0xdb, 0x62, 0xdb, 0x82,
  0xdb, 0x82, 0xdb, 0x83, 0xdb, 0x83, 0xdb, 0x43, 0xdb, 0x43, 0xdb, 0x43,
  0xd3, 0x22, 0xd3, 0x02, 0xca, 0xc1, 0xca, 0x81, 0xc2, 0x81, 0xc2, 0x61,
  0xc2, 0x41, 0xc2, 0x61, 0xca, 0xa2, 0xca, 0xa3, 0xd3, 0x04, 0xdb, 0x25,
  0xdb, 0x46, 0xeb, 0xa7, 0xf4, 0x08, 0xf3, 0xc8, 0xe3, 0x66, 0xe3, 0x66,
  0xe3, 0x46, 0xe3, 0x06, 0xda, 0x86, 0xd2, 0x65, 0xda, 0x26, 0xda, 0x26,
  0xea, 0x88, 0xe2, 0x47, 0xea, 0x28, 0xf2, 0x89, 0xfb, 0x0b, 0xfb, 0x8d,
  0xfb, 0x8e, 0xfb, 0x2c, 0xfb, 0x8f, 0xfb, 0x6f, 0xfb, 0x0d, 0xfa, 0xcd,
  0xfa, 0xcd, 0xfa, 0x0a, 0xfa, 0x0a, 0xfa, 0x4b, 0xfa, 0x0a, 0xf9, 0x88,
  0xf1, 0x88, 0xf9, 0xa9, 0xfa, 0x4b, 0xfa, 0xac, 0xfa, 0x8c, 0xfa, 0xac,
  0xfb, 0x8f, 0xfc, 0x92, 0xfb, 0xd0, 0xfb, 0x8f, 0xfb, 0x4e, 0xfb, 0x0d,
  0xfb, 0x0d, 0xfb, 0x8f, 0xfc, 0x31, 0xfc, 0x91, 0xfc, 0x91, 0xed, 0x31,
  0xfe, 0x56, 0xfe, 0x73, 0xfe, 0x53, 0xfe, 0xd4, 0xff, 0x15, 0xff, 0x7a,
  0xff, 0x9b, 0xff, 0xda, 0xff, 0xba, 0xfe, 0xf5, 0xfd, 0xd0, 0xe4, 0x28,
  0xba, 0xe3, 0xba, 0xa1, 0xba, 0xa1, 0xcb, 0x03, 0xd3, 0x64, 0xe4, 0x48,
  0xfd, 0x2c, 0xfd, 0x2c, 0xec, 0x8a, 0xf5, 0x2b, 0xfe, 0x2e, 0xfe, 0x4f,
  0xfe, 0xb1, 0xfe, 0xd2, 0xff, 0x13, 0xff, 0x34, 0xff, 0x75, 0xff, 0x54,
  0xfe, 0xf3, 0xff, 0x33, 0xff, 0x33, 0xfe, 0xf2, 0xfe, 0x70, 0xfd, 0xce,
  0xfd, 0x4a, 0xf4, 0xc8, 0xdc, 0x24, 0xe4, 0x65, 0xfd, 0x28, 0xfd, 0xca,
  0xfd, 0xca, 0xfd, 0x8a, 0xf5, 0x48, 0xf5, 0x69, 0xfd, 0x89, 0xfd, 0xaa,
  0xfd, 0xcb, 0xf5, 0xcb, 0xfe, 0x2d, 0xfe, 0x8e, 0xfe, 0xf1, 0xff, 0x33,
  0xff, 0x53, 0xff, 0x73, 0xff, 0x93, 0xff, 0x93, 0xff, 0x72, 0xff, 0x31,
  0xfe, 0xf1, 0xfe, 0xf1, 0xfe, 0xf2, 0xff, 0x14, 0xff, 0x55, 0xff, 0x57,
  0xff, 0x78, 0xff, 0x9a, 0xff, 0xba, 0xff, 0xba, 0xff, 0x9a, 0xff, 0x99,
  0xff, 0xba, 0xff, 0xda, 0xff, 0xda, 0xff, 0xfb, 0xff, 0xfb, 0x00, 0x00,
  0x00, 0x00, 0x00, 0x00, 0x00, 0x00, 0x00, 0x00, 0x00, 0x00, 0x00, 0x00,
  0x00, 0x00, 0x00, 0x00, 0x00, 0x00, 0x00, 0x00, 0x00, 0x00, 0x00, 0x00,
  0x00, 0x00, 0x00, 0x00, 0x00, 0x00, 0x00, 0x00, 0x00, 0x00, 0x00, 0x00,
  0x00, 0x00, 0x00, 0x00, 0x00, 0x00, 0x00, 0x00, 0x00, 0x00, 0x00, 0x00,
  0x00, 0x00, 0x00, 0x00, 0x00, 0x00, 0x00, 0x00, 0x00, 0x00, 0x00, 0x00,
  0x00, 0x00, 0x00, 0x00, 0x00, 0x00, 0x00, 0x00, 0x00, 0x00, 0x00, 0x00,
  0x00, 0x00, 0x00, 0x00, 0x00, 0x00, 0x00, 0x00, 0x00, 0x00, 0x00, 0x00,
  0x00, 0x00, 0x00, 0x00, 0x00, 0x00, 0x00, 0x00, 0x00, 0x00, 0x00, 0x00,
  0x00, 0x00, 0x00, 0x00, 0xff, 0xff, 0xff, 0xff, 0xff, 0xff, 0xff, 0xff,
  0xff, 0xff, 0xff, 0xff, 0xff, 0xff, 0xff, 0xff, 0xff, 0xff, 0xff, 0xff,
  0xff, 0xff, 0xff, 0xff, 0xff, 0xff, 0xff, 0xff, 0xff, 0xfd, 0xff, 0xfd,
  0xff, 0xfb, 0xff, 0xdb, 0xff, 0x95, 0xff, 0x74, 0xff, 0x31, 0xfe, 0xcf,
  0xfe, 0x6b, 0xfe, 0x09, 0xfd, 0xa7, 0xfd, 0x65, 0xf5, 0x24, 0xf4, 0xe3,
  0xec, 0xa2, 0xe4, 0x61, 0xe4, 0x41, 0xe4, 0x00, 0xe3, 0xc0, 0xdb, 0x80,
  0xdb, 0x60, 0xdb, 0x20, 0xca, 0xc0, 0xd2, 0xa0, 0xd2, 0xc0, 0xd2, 0xc0,
  0xd2, 0xc0, 0xca, 0xe0, 0xd3, 0x21, 0xdb, 0x41, 0xdb, 0x62, 0xdb, 0x82,
  0xdb, 0x82, 0xdb, 0x83, 0xdb, 0x83, 0xdb, 0x43, 0xdb, 0x43, 0xdb, 0x43,
  0xd3, 0x02, 0xd3, 0x02, 0xd2, 0xc1, 0xca, 0xa1, 0xca, 0xa1, 0xc2, 0x81,
  0xc2, 0x61, 0xc2, 0x61, 0xca, 0xc2, 0xca, 0xa2, 0xd3, 0x04, 0xdb, 0x45,
  0xd3, 0x25, 0xe3, 0x87, 0xf4, 0x08, 0xf4, 0x08, 0xf3, 0xc7, 0xfb, 0xe8,
  0xfb, 0xc8, 0xfb, 0xa8, 0xf3, 0x48, 0xeb, 0x07, 0xe2, 0x66, 0xda, 0x05,
  0xea, 0x68, 0xd9, 0xe6, 0xd9, 0xc6, 0xea, 0x27, 0xfa, 0xaa, 0xfb, 0x0b,
  0xfb, 0x4d, 0xfb, 0x4d, 0xfb, 0x2e, 0xfa, 0xcc, 0xfa, 0x6b, 0xfa, 0x6b,
  0xfa, 0xed, 0xfa, 0x0a, 0xfa, 0x2b, 0xfa, 0xac, 0xfa, 0x4b, 0xf9, 0x68,
  0xf1, 0x48, 0xf1, 0x68, 0xf9, 0xc9, 0xf9, 0xc9, 0xf9, 0xc9, 0xf9, 0xa9,
  0xfa, 0xcc, 0xfc, 0x31, 0xf3, 0x2d, 0xea, 0xab, 0xea, 0xab, 0xfb, 0x4e,
  0xfc, 0x11, 0xfc, 0x72, 0xfc, 0x72, 0xfc, 0x30, 0xfc, 0xd2, 0xfd, 0x93,
  0xfe, 0x97, 0xfe, 0xd4, 0xfe, 0x93, 0xfe, 0xf4, 0xff, 0x14, 0xff, 0x7a,
  0xff, 0x59, 0xff, 0x38, 0xff, 0x38, 0xff, 0x15, 0xfe, 0x52, 0xfd, 0x0b,
  0xd3, 0xa5, 0xd3, 0x63, 0xcb, 0x02, 0xcb, 0x23, 0xd3, 0x64, 0xdc, 0x07,
  0xec, 0xaa, 0xf5, 0x0b, 0xf4, 0xcb, 0xf5, 0x4c, 0xfe, 0x2e, 0xfe, 0x4f,
  0xfe, 0xb1, 0xfe, 0xf2, 0xff, 0x34, 0xff, 0x54, 0xff, 0x75, 0xff, 0x75,
  0xff, 0x34, 0xff, 0x34, 0xff, 0x33, 0xfe, 0xd2, 0xfe, 0x30, 0xfd, 0x8d,
  0xfd, 0x09, 0xf4, 0xc8, 0xdc, 0x24, 0xe4, 0x65, 0xfd, 0x49, 0xfd, 0xca,
  0xfd, 0xaa, 0xfd, 0x69, 0xf5, 0x69, 0xf5, 0x69, 0xf5, 0x89, 0xfd, 0xa9,
  0xfd, 0xcb, 0xf5, 0xcb, 0xf6, 0x2d, 0xfe, 0xaf, 0xff, 0x12, 0xff, 0x54,
  0xff, 0x73, 0xff, 0x54, 0xff, 0x94, 0xff, 0x93, 0xff, 0x52, 0xff, 0x31,
  0xfe, 0xf1, 0xfe, 0xf2, 0xfe, 0xf2, 0xff, 0x15, 0xff, 0x56, 0xff, 0x58,
  0xff, 0x78, 0xff, 0x9a, 0xff, 0xba, 0xff, 0xba, 0xff, 0x9a, 0xff, 0xb9,
  0xff, 0xba, 0xff, 0xda, 0xff, 0xdb, 0xff, 0xfb, 0x00, 0x00, 0x00, 0x00,
  0x00, 0x00, 0x00, 0x00, 0x00, 0x00, 0x00, 0x00, 0x00, 0x00, 0x00, 0x00,
  0x00, 0x00, 0x00, 0x00, 0x00, 0x00, 0x00, 0x00, 0x00, 0x00, 0x00, 0x00,
  0x00, 0x00, 0x00, 0x00, 0x00, 0x00, 0x00, 0x00, 0x00, 0x00, 0x00, 0x00,
  0x00, 0x00, 0x00, 0x00, 0x00, 0x00, 0x00, 0x00, 0x00, 0x00, 0x00, 0x00,
  0x00, 0x00, 0x00, 0x00, 0x00, 0x00, 0x00, 0x00, 0x00, 0x00, 0x00, 0x00,
  0x00, 0x00, 0x00, 0x00, 0x00, 0x00, 0x00, 0x00, 0x00, 0x00, 0x00, 0x00,
  0x00, 0x00, 0x00, 0x00, 0x00, 0x00, 0x00, 0x00, 0x00, 0x00, 0x00, 0x00,
  0x00, 0x00, 0x00, 0x00, 0x00, 0x00, 0x00, 0x00, 0x00, 0x00, 0x00, 0x00,
  0x00, 0x00, 0x00, 0x00, 0x00, 0x00, 0xff, 0xff, 0xff, 0xff, 0xff, 0xff,
  0xff, 0xff, 0xff, 0xff, 0xff, 0xff, 0xff, 0xff, 0xff, 0xff, 0xff, 0xff,
  0xff, 0xff, 0xff, 0xff, 0xff, 0xff, 0xff, 0xff, 0xff, 0xfd, 0xff, 0xfd,
  0xff, 0xfb, 0xff, 0xdb, 0xff, 0xb6, 0xff, 0x75, 0xff, 0x31, 0xfe, 0xef,
  0xfe, 0x6b, 0xfe, 0x09, 0xfd, 0xa7, 0xfd, 0x65, 0xf5, 0x24, 0xec, 0xe3,
  0xec, 0xa2, 0xec, 0x81, 0xe4, 0x61, 0xe4, 0x20, 0xe3, 0xe0, 0xe3, 0xc0,
  0xdb, 0xa0, 0xdb, 0x40, 0xca, 0xe0, 0xd2, 0xc0, 0xd2, 0xc0, 0xd2, 0xc0,
  0xd2, 0xc0, 0xd2, 0xe0, 0xdb, 0x20, 0xdb, 0x41, 0xdb, 0x61, 0xdb, 0x61,
  0xe3, 0x82, 0xdb, 0x82, 0xdb, 0x82, 0xe3, 0x63, 0xdb, 0x43, 0xdb, 0x42,
  0xd3, 0x01, 0xd3, 0x02, 0xd2, 0xc1, 0xca, 0xc1, 0xca, 0xa1, 0xc2, 0xa1,
  0xc2, 0x80, 0xc2, 0x81, 0xd2, 0xe2, 0xd3, 0x23, 0xdb, 0x64, 0xe3, 0x85,
  0xdb, 0x65, 0xe3, 0xa6, 0xf4, 0x08, 0xf4, 0x08, 0xf3, 0xe7, 0xfc, 0x08,
  0xfc, 0x09, 0xfb, 0xe9, 0xfb, 0xc9, 0xf3, 0x88, 0xe2, 0x86, 0xc9, 0xe3,
  0xe2, 0x66, 0xda, 0x25, 0xe1, 0xe6, 0xe2, 0x06, 0xf2, 0x48, 0xfa, 0x89,
  0xfa, 0xab, 0xfb, 0x0c, 0xfb, 0x2e, 0xfa, 0xcd, 0xfa, 0x8b, 0xfa, 0x4b,
  0xfa, 0x6c, 0xf9, 0xe9, 0xf9, 0xea, 0xfa, 0x2b, 0xfa, 0x2b, 0xf9, 0xea,
  0xf9, 0xca, 0xf9, 0xea, 0xfa, 0x0a, 0xf9, 0xe9, 0xfa, 0x0a, 0xfa, 0x6b,
  0xf2, 0x6a, 0xe2, 0x89, 0xf3, 0x4c, 0xfb, 0xce, 0xfb, 0xce, 0xfb, 0xce,
  0xfb, 0xcd, 0xfc, 0x2e, 0xfc, 0x6f, 0xfd, 0x31, 0xfd, 0x51, 0xfd, 0xb0,
  0xfe, 0x73, 0xfe, 0x51, 0xfe, 0xd2, 0xfe, 0xf2, 0xff, 0x74, 0xff, 0x59,
  0xff, 0x59, 0xff, 0x38, 0xfe, 0xf7, 0xfe, 0xd4, 0xfe, 0x93, 0xfd, 0xcf,
  0xf4, 0xeb, 0xec, 0x48, 0xd3, 0x84, 0xcb, 0x64, 0xd3, 0x85, 0xdc, 0x07,
  0xe4, 0x49, 0xf4, 0xeb, 0xfd, 0x0c, 0xfd, 0x6d, 0xfe, 0x8f, 0xfe, 0x90,
  0xfe, 0xd1, 0xfe, 0xf2, 0xff, 0x13, 0xff, 0x33, 0xff, 0x33, 0xfe, 0xd2,
  0xfe, 0xd2, 0xfe, 0xf2, 0xfe, 0xf1, 0xfe, 0xb0, 0xfe, 0x2e, 0xfd, 0x8b,
  0xfd, 0x08, 0xec, 0x45, 0xe4, 0x45, 0xec, 0x86, 0xf5, 0x08, 0xfd, 0x69,
  0xfd, 0x69, 0xf5, 0x48, 0xf5, 0x48, 0xf5, 0x69, 0xf5, 0x89, 0xfd, 0xa9,
  0xf5, 0xcb, 0xf5, 0xcb, 0xf6, 0x0d, 0xfe, 0xb0, 0xff, 0x32, 0xff, 0x54,
  0xff, 0x54, 0xff, 0x53, 0xff, 0x74, 0xff, 0x73, 0xff, 0x33, 0xff, 0x12,
  0xfe, 0xf2, 0xff, 0x13, 0xff, 0x14, 0xff, 0x36, 0xff, 0x57, 0xff, 0x79,
  0xff, 0x79, 0xff, 0xba, 0xff, 0xbb, 0xff, 0xdb, 0xff, 0xba, 0xff, 0xba,
  0xff, 0xda, 0xff, 0xdb, 0xff, 0xfb, 0x00, 0x00, 0x00, 0x00, 0x00, 0x00,
  0x00, 0x00, 0x00, 0x00, 0x00, 0x00, 0x00, 0x00, 0x00, 0x00, 0x00, 0x00,
  0x00, 0x00, 0x00, 0x00, 0x00, 0x00, 0x00, 0x00, 0x00, 0x00, 0x00, 0x00,
  0x00, 0x00, 0x00, 0x00, 0x00, 0x00, 0x00, 0x00, 0x00, 0x00, 0x00, 0x00,
  0x00, 0x00, 0x00, 0x00, 0x00, 0x00, 0x00, 0x00, 0x00, 0x00, 0x00, 0x00,
  0x00, 0x00, 0x00, 0x00, 0x00, 0x00, 0x00, 0x00, 0x00, 0x00, 0x00, 0x00,
  0x00, 0x00, 0x00, 0x00, 0x00, 0x00, 0x00, 0x00, 0x00, 0x00, 0x00, 0x00,
  0x00, 0x00, 0x00, 0x00, 0x00, 0x00, 0x00, 0x00, 0x00, 0x00, 0x00, 0x00,
  0x00, 0x00, 0x00, 0x00, 0x00, 0x00, 0x00, 0x00, 0x00, 0x00, 0x00, 0x00,
  0x00, 0x00, 0x00, 0x00, 0x00, 0x00, 0xff, 0xff, 0xff, 0xff, 0xff, 0xff,
  0xff, 0xff, 0xff, 0xff, 0xff, 0xff, 0xff, 0xff, 0xff, 0xff, 0xff, 0xff,
  0xff, 0xff, 0xff, 0xff, 0xff, 0xff, 0xff, 0xff, 0xff, 0xfd, 0xff, 0xfd,
  0xff, 0xfb, 0xff, 0xdb, 0xff, 0xb7, 0xff, 0x95, 0xff, 0x31, 0xfe, 0xef,
  0xfe, 0x6b, 0xfe, 0x09, 0xfd, 0xa7, 0xfd, 0x65, 0xf5, 0x24, 0xf5, 0x03,
  0xec, 0xc2, 0xec, 0xa2, 0xec, 0x61, 0xec, 0x40, 0xe4, 0x00, 0xe3, 0xe0,
  0xe3, 0xc0, 0xdb, 0x60, 0xd3, 0x00, 0xdb, 0x00, 0xd2, 0xe0, 0xd2, 0xe0,
  0xd2, 0xc0, 0xca, 0xc0, 0xd3, 0x00, 0xd3, 0x20, 0xdb, 0x41, 0xdb, 0x61,
  0xdb, 0x61, 0xdb, 0x82, 0xdb, 0x82, 0xe3, 0x63, 0xdb, 0x23, 0xdb, 0x42,
  0xdb, 0x21, 0xd3, 0x02, 0xd2, 0xe1, 0xd2, 0xe2, 0xca, 0xa1, 0xc2, 0xa1,
  0xc2, 0x80, 0xc2, 0x80, 0xd2, 0xe2, 0xd3, 0x23, 0xdb, 0x64, 0xdb, 0x65,
  0xdb, 0x65, 0xe3, 0xc6, 0xeb, 0xe8, 0xf4, 0x08, 0xf3, 0xe7, 0xfc, 0x08,
  0xfc, 0x09, 0xfc, 0x09, 0xfb, 0xe9, 0xfb, 0xc9, 0xf3, 0x49, 0xea, 0xe7,
  0xfb, 0x09, 0xea, 0x87, 0xe1, 0xe6, 0xd9, 0xa5, 0xd9, 0x65, 0xe1, 0xa5,
  0xf1, 0xc7, 0xf9, 0xe8, 0xfb, 0x2e, 0xfb, 0x2e, 0xfa, 0x8c, 0xfa, 0x6b,
  0xf9, 0xea, 0xf9, 0xa9, 0xf9, 0x47, 0xf9, 0x88, 0xf9, 0xea, 0xfa, 0x0b,
  0xfa, 0x2b, 0xfa, 0xad, 0xfa, 0xce, 0xfa, 0x6c, 0xfa, 0xac, 0xfa, 0xcd,
  0xfb, 0x0d, 0xf3, 0xce, 0xfb, 0xce, 0xfc, 0x0f, 0xfc, 0x50, 0xfb, 0xee,
  0xfc, 0x0e, 0xfc, 0x4e, 0xfc, 0xaf, 0xfd, 0x91, 0xfd, 0xb2, 0xfe, 0x32,
  0xfe, 0x53, 0xfe, 0xd2, 0xff, 0x33, 0xff, 0x53, 0xff, 0x94, 0xff, 0x99,
  0xff, 0xba, 0xff, 0xdb, 0xff, 0xda, 0xff, 0xb8, 0xff, 0x76, 0xfe, 0x71,
  0xfe, 0x30, 0xfd, 0x4c, 0xe4, 0x06, 0xd3, 0xa5, 0xd3, 0xa5, 0xdc, 0x07,
  0xec, 0x69, 0xfd, 0x0c, 0xfd, 0x8e, 0xfe, 0x0f, 0xfe, 0x8f, 0xfe, 0x90,
  0xfe, 0xd1, 0xfe, 0xd1, 0xff, 0x13, 0xff, 0x33, 0xff, 0x13, 0xf6, 0xb1,
  0xfe, 0xd1, 0xfe, 0xd1, 0xfe, 0xf1, 0xfe, 0xb0, 0xfe, 0x0d, 0xfd, 0x6b,
  0xfc, 0xe8, 0xe4, 0x04, 0xe4, 0x65, 0xec, 0xa6, 0xf5, 0x07, 0xfd, 0x28,
  0xfd, 0x89, 0xfd, 0x69, 0xfd, 0x89, 0xfd, 0xaa, 0xfd, 0xca, 0xfd, 0xea,
  0xfe, 0x0c, 0xfe, 0x0c, 0xfe, 0x4e, 0xfe, 0xd0, 0xff, 0x12, 0xff, 0x54,
  0xff, 0x74, 0xff, 0x53, 0xff, 0x74, 0xff, 0x73, 0xff, 0x33, 0xfe, 0xf2,
  0xff, 0x13, 0xff, 0x14, 0xff, 0x35, 0xff, 0x57, 0xff, 0x77, 0xff, 0x99,
  0xff, 0x99, 0xff, 0xdb, 0xff, 0xdb, 0xff, 0xdb, 0xff, 0xba, 0xff, 0xba,
  0xff, 0xda, 0xff, 0xdb, 0xff, 0xfb, 0x00, 0x00, 0x00, 0x00, 0x00, 0x00,
  0x00, 0x00, 0x00, 0x00, 0x00, 0x00, 0x00, 0x00, 0x00, 0x00, 0x00, 0x00,
  0x00, 0x00, 0x00, 0x00, 0x00, 0x00, 0x00, 0x00, 0x00, 0x00, 0x00, 0x00,
  0x00, 0x00, 0x00, 0x00, 0x00, 0x00, 0x00, 0x00, 0x00, 0x00, 0x00, 0x00,
  0x00, 0x00, 0x00, 0x00, 0x00, 0x00, 0x00, 0x00, 0x00, 0x00, 0x00, 0x00,
  0x00, 0x00, 0x00, 0x00, 0x00, 0x00, 0x00, 0x00, 0x00, 0x00, 0x00, 0x00,
  0x00, 0x00, 0x00, 0x00, 0x00, 0x00, 0x00, 0x00, 0x00, 0x00, 0x00, 0x00,
  0x00, 0x00, 0x00, 0x00, 0x00, 0x00, 0x00, 0x00, 0x00, 0x00, 0x00, 0x00,
  0x00, 0x00, 0x00, 0x00, 0x00, 0x00, 0x00, 0x00, 0x00, 0x00, 0x00, 0x00,
  0x00, 0x00, 0x00, 0x00, 0x00, 0x00, 0x00, 0x00, 0xff, 0xff, 0xff, 0xff,
  0xff, 0xff, 0xff, 0xff, 0xff, 0xff, 0xff, 0xff, 0xff, 0xff, 0xff, 0xff,
  0xff, 0xff, 0xff, 0xff, 0xff, 0xff, 0xff, 0xff, 0xff, 0xfd, 0xff, 0xfd,
  0xff, 0xfb, 0xff, 0xdb, 0xff, 0xd7, 0xff, 0x96, 0xff, 0x52, 0xfe, 0xf0,
  0xfe, 0x6c, 0xfe, 0x09, 0xfd, 0xa7, 0xfd, 0x65, 0xf5, 0x44, 0xf5, 0x03,
  0xec, 0xe3, 0xec, 0xa2, 0xec, 0x81, 0xec, 0x61, 0xe4, 0x20, 0xe3, 0xe0,
  0xe3, 0xc0, 0xe3, 0x80, 0xdb, 0x40, 0xdb, 0x20, 0xdb, 0x20, 0xd2, 0xe0,
  0xd2, 0xe0, 0xd2, 0xe0, 0xd3, 0x00, 0xd3, 0x00, 0xdb, 0x40, 0xdb, 0x61,
  0xdb, 0x61, 0xe3, 0x82, 0xe3, 0x82, 0xe3, 0x63, 0xdb, 0x22, 0xdb, 0x42,
  0xdb, 0x21, 0xd3, 0x01, 0xd3, 0x01, 0xd3, 0x01, 0xca, 0xc0, 0xc2, 0xa0,
  0xba, 0x80, 0xba, 0x60, 0xca, 0xe1, 0xd3, 0x23, 0xd3, 0x43, 0xd3, 0x43,
  0xd3, 0x64, 0xe3, 0xc6, 0xeb, 0xe7, 0xf4, 0x07, 0xf3, 0xe8, 0xf4, 0x28,
  0xfc, 0x29, 0xfc, 0x29, 0xfc, 0x2a, 0xfc, 0x2a, 0xfc, 0x0a, 0xfb, 0xc9,
  0xfb, 0xea, 0xfb, 0x68, 0xf2, 0xa7, 0xe2, 0x45, 0xe1, 0xc5, 0xe1, 0xe5,
  0xe1, 0x85, 0xd9, 0x23, 0xf1, 0xe8, 0xfa, 0x09, 0xe9, 0x86, 0xf1, 0x86,
  0xe9, 0x46, 0xf1, 0x66, 0xf1, 0x45, 0xf9, 0xc8, 0xf9, 0xe8, 0xf9, 0xe8,
  0xfa, 0x29, 0xfa, 0xab, 0xfb, 0x0c, 0xfa, 0x8a, 0xfa, 0xaa, 0xfa, 0xc9,
  0xfb, 0x0a, 0xfc, 0x0d, 0xfb, 0xcc, 0xfb, 0xcc, 0xfc, 0x6e, 0xfc, 0xce,
  0xfc, 0xef, 0xfd, 0x0e, 0xfd, 0x0e, 0xfd, 0x4e, 0xfd, 0xaf, 0xfe, 0x10,
  0xfe, 0x30, 0xfe, 0x90, 0xff, 0x12, 0xff, 0x93, 0xff, 0xb3, 0xff, 0x99,
  0xff, 0xba, 0xff, 0xfa, 0xff, 0xfa, 0xff, 0xb7, 0xff, 0x56, 0xfe, 0x71,
  0xfe, 0x10, 0xfd, 0xae, 0xec, 0xa9, 0xdb, 0xe6, 0xdb, 0xc6, 0xdb, 0xe7,
  0xec, 0x69, 0xfd, 0x0c, 0xfd, 0x8f, 0xfe, 0x50, 0xfe, 0x8f, 0xfe, 0x90,
  0xfe, 0xd1, 0xfe, 0xf1, 0xff, 0x33, 0xff, 0x33, 0xff, 0x33, 0xfe, 0xd1,
  0xfe, 0xf1, 0xff, 0x32, 0xfe, 0xaf, 0xfe, 0x2d, 0xfd, 0xeb, 0xfd, 0x29,
  0xf4, 0x65, 0xec, 0x24, 0xec, 0x86, 0xec, 0xa7, 0xf5, 0x07, 0xf5, 0x08,
  0xfd, 0x69, 0xfd, 0x69, 0xfd, 0xaa, 0xfd, 0xca, 0xfd, 0xeb, 0xfe, 0x0b,
  0xfe, 0x2c, 0xfe, 0x2c, 0xfe, 0xaf, 0xfe, 0xf1, 0xff, 0x12, 0xff, 0x54,
  0xff, 0x74, 0xff, 0x74, 0xff, 0x74, 0xff, 0x74, 0xff, 0x34, 0xff, 0x14,
  0xff, 0x14, 0xff, 0x56, 0xff, 0x77, 0xff, 0x78, 0xff, 0x99, 0xff, 0xba,
  0xff, 0xba, 0xff, 0xbb, 0xff, 0xdb, 0xff, 0xfb, 0xff, 0xda, 0xff, 0xba,
  0xff, 0xda, 0xff, 0xdb, 0x00, 0x00, 0x00, 0x00, 0x00, 0x00, 0x00, 0x00,
  0x00, 0x00, 0x00, 0x00, 0x00, 0x00, 0x00, 0x00, 0x00, 0x00, 0x00, 0x00,
  0x00, 0x00, 0x00, 0x00, 0x00, 0x00, 0x00, 0x00, 0x00, 0x00, 0x00, 0x00,
  0x00, 0x00, 0x00, 0x00, 0x00, 0x00, 0x00, 0x00, 0x00, 0x00, 0x00, 0x00,
  0x00, 0x00, 0x00, 0x00, 0x00, 0x00, 0x00, 0x00, 0x00, 0x00, 0x00, 0x00,
  0x00, 0x00, 0x00, 0x00, 0x00, 0x00, 0x00, 0x00, 0x00, 0x00, 0x00, 0x00,
  0x00, 0x00, 0x00, 0x00, 0x00, 0x00, 0x00, 0x00, 0x00, 0x00, 0x00, 0x00,
  0x00, 0x00, 0x00, 0x00, 0x00, 0x00, 0x00, 0x00, 0x00, 0x00, 0x00, 0x00,
  0x00, 0x00, 0x00, 0x00, 0x00, 0x00, 0x00, 0x00, 0x00, 0x00, 0x00, 0x00,
  0x00, 0x00, 0x00, 0x00, 0x00, 0x00, 0x00, 0x00, 0x00, 0x00, 0xff, 0xff,
  0xff, 0xff, 0xff, 0xff, 0xff, 0xff, 0xff, 0xff, 0xff, 0xff, 0xff, 0xff,
  0xff, 0xff, 0xff, 0xff, 0xff, 0xff, 0xff, 0xff, 0xff, 0xfd, 0xff, 0xfd,
  0xff, 0xfb, 0xff, 0xdb, 0xff, 0xd7, 0xff, 0x96, 0xff, 0x52, 0xfe, 0xf0,
  0xfe, 0x8c, 0xfe, 0x29, 0xfd, 0xa7, 0xfd, 0x66, 0xfd, 0x45, 0xf5, 0x04,
  0xf4, 0xe3, 0xec, 0xa2, 0xec, 0x82, 0xec, 0x61, 0xe4, 0x41, 0xe4, 0x01,
  0xe3, 0xe0, 0xe3, 0x80, 0xdb, 0x40, 0xdb, 0x20, 0xdb, 0x20, 0xdb, 0x00,
  0xd2, 0xe0, 0xd2, 0xe0, 0xdb, 0x00, 0xd3, 0x00, 0xdb, 0x40, 0xdb, 0x61,
  0xdb, 0x61, 0xe3, 0x62, 0xe3, 0x82, 0xe3, 0x63, 0xdb, 0x42, 0xdb, 0x21,
  0xdb, 0x21, 0xdb, 0x22, 0xdb, 0x21, 0xd3, 0x22, 0xd3, 0x01, 0xd3, 0x01,
  0xca, 0xe1, 0xca, 0xe1, 0xd3, 0x02, 0xd3, 0x23, 0xd3, 0x23, 0xd3, 0x43,
  0xd3, 0x64, 0xdb, 0x85, 0xe3, 0xc6, 0xec, 0x07, 0xeb, 0xe8, 0xf4, 0x08,
  0xf4, 0x29, 0xfc, 0x29, 0xfc, 0x4a, 0xfc, 0x4a, 0xfc, 0x2a, 0xfc, 0x09,
  0xfc, 0x4b, 0xfc, 0x0a, 0xfb, 0x8a, 0xfb, 0x28, 0xf2, 0x67, 0xea, 0x26,
  0xf1, 0xe7, 0xf2, 0x07, 0xe1, 0x04, 0xe0, 0xe4, 0xd8, 0xa3, 0xe0, 0xa3,
  0xd8, 0xa3, 0xe0, 0xe4, 0xe0, 0xe4, 0xf1, 0x66, 0xf9, 0x87, 0xf9, 0x66,
  0xf9, 0x87, 0xf9, 0xc7, 0xfa, 0x28, 0xf9, 0xe7, 0xfa, 0x07, 0xfa, 0xa8,
  0xfb, 0x09, 0xfb, 0xcc, 0xfc, 0x0d, 0xfc, 0x6e, 0xfc, 0xef, 0xfc, 0x8c,
  0xfc, 0x8c, 0xf4, 0x8b, 0xfc, 0xab, 0xfd, 0x8e, 0xfd, 0xef, 0xfe, 0x2f,
  0xfe, 0x2f, 0xfe, 0x2e, 0xfe, 0xf1, 0xff, 0x93, 0xff, 0x52, 0xff, 0x37,
  0xff, 0x79, 0xff, 0xd9, 0xff, 0xb9, 0xff, 0x77, 0xff, 0x15, 0xfe, 0x71,
  0xfe, 0x0f, 0xfd, 0xef, 0xec, 0xca, 0xdc, 0x07, 0xd3, 0xc6, 0xd3, 0xc6,
  0xe4, 0x48, 0xf4, 0xaa, 0xfd, 0x4e, 0xfe, 0x50, 0xfe, 0x8f, 0xfe, 0xb0,
  0xfe, 0xd1, 0xfe, 0xf1, 0xff, 0x32, 0xff, 0x33, 0xff, 0x32, 0xfe, 0xf1,
  0xff, 0x11, 0xff, 0x32, 0xfe, 0x6e, 0xfd, 0xec, 0xfd, 0xaa, 0xec, 0xe7,
  0xec, 0x04, 0xec, 0x45, 0xec, 0xa6, 0xec, 0xa6, 0xec, 0xe7, 0xec, 0xe7,
  0xfd, 0x49, 0xfd, 0x69, 0xfd, 0xaa, 0xfd, 0xeb, 0xfd, 0xeb, 0xfe, 0x0b,
  0xfe, 0x2c, 0xfe, 0x2c, 0xfe, 0xaf, 0xff, 0x11, 0xff, 0x12, 0xff, 0x54,
  0xff, 0x74, 0xff, 0x74, 0xff, 0x74, 0xff, 0x74, 0xff, 0x34, 0xff, 0x14,
  0xff, 0x35, 0xff, 0x57, 0xff, 0x77, 0xff, 0x79, 0xff, 0x99, 0xff, 0xba,
  0xff, 0xba, 0xff, 0xdb, 0xff, 0xdc, 0xff, 0xfb, 0xff, 0xdb, 0xff, 0xba,
  0xff, 0xda, 0x00, 0x00, 0x00, 0x00, 0x00, 0x00, 0x00, 0x00, 0x00, 0x00,
  0x00, 0x00, 0x00, 0x00, 0x00, 0x00, 0x00, 0x00, 0x00, 0x00, 0x00, 0x00,
  0x00, 0x00, 0x00, 0x00, 0x00, 0x00, 0x00, 0x00, 0x00, 0x00, 0x00, 0x00,
  0x00, 0x00, 0x00, 0x00, 0x00, 0x00, 0x00, 0x00, 0x00, 0x00, 0x00, 0x00,
  0x00, 0x00, 0x00, 0x00, 0x00, 0x00, 0x00, 0x00, 0x00, 0x00, 0x00, 0x00,
  0x00, 0x00, 0x00, 0x00, 0x00, 0x00, 0x00, 0x00, 0x00, 0x00, 0x00, 0x00,
  0x00, 0x00, 0x00, 0x00, 0x00, 0x00, 0x00, 0x00, 0x00, 0x00, 0x00, 0x00,
  0x00, 0x00, 0x00, 0x00, 0x00, 0x00, 0x00, 0x00, 0x00, 0x00, 0x00, 0x00,
  0x00, 0x00, 0x00, 0x00, 0x00, 0x00, 0x00, 0x00, 0x00, 0x00, 0x00, 0x00,
  0x00, 0x00, 0x00, 0x00, 0x00, 0x00, 0x00, 0x00, 0x00, 0x00, 0x00, 0x00,
  0xff, 0xff, 0xff, 0xff, 0xff, 0xff, 0xff, 0xff, 0xff, 0xff, 0xff, 0xff,
  0xff, 0xff, 0xff, 0xff, 0xff, 0xff, 0xff, 0xff, 0xff, 0xfd, 0xff, 0xfd,
  0xff, 0xfb, 0xff, 0xdb, 0xff, 0xd7, 0xff, 0xb6, 0xff, 0x52, 0xfe, 0xf0,
  0xfe, 0x8c, 0xfe, 0x2a, 0xfd, 0xc7, 0xfd, 0x86, 0xfd, 0x45, 0xf5, 0x24,
  0xf4, 0xe3, 0xec, 0xc2, 0xec, 0xa2, 0xec, 0x81, 0xec, 0x61, 0xe4, 0x21,
  0xe4, 0x01, 0xe3, 0x80, 0xdb, 0x40, 0xdb, 0x20, 0xdb, 0x20, 0xdb, 0x00,
  0xda, 0xe0, 0xd2, 0xe0, 0xdb, 0x00, 0xdb, 0x00, 0xdb, 0x40, 0xe3, 0x61,
  0xe3, 0x61, 0xe3, 0x82, 0xe3, 0x82, 0xe3, 0x62, 0xdb, 0x42, 0xd3, 0x21,
  0xdb, 0x21, 0xdb, 0x42, 0xdb, 0x42, 0xd3, 0x42, 0xd3, 0x42, 0xd3, 0x42,
  0xd3, 0x22, 0xd3, 0x22, 0xd3, 0x22, 0xd3, 0x42, 0xd3, 0x42, 0xd3, 0x43,
  0xd3, 0x63, 0xd3, 0x64, 0xdb, 0xa5, 0xeb, 0xe7, 0xeb, 0xc8, 0xeb, 0xe8,
  0xf3, 0xe8, 0xf4, 0x09, 0xfc, 0x29, 0xfc, 0x2a, 0xfc, 0x09, 0xfc, 0x09,
  0xfc, 0x8c, 0xfc, 0x4b, 0xfc, 0x0b, 0xfb, 0xca, 0xfb, 0x29, 0xf2, 0xa7,
  0xfa, 0xa8, 0xfb, 0x2a, 0xf2, 0x88, 0xf2, 0x68, 0xf2, 0x67, 0xf2, 0x67,
  0xf2, 0x67, 0xea, 0x26, 0xe1, 0xe6, 0xe2, 0x06, 0xe2, 0x26, 0xea, 0x27,
  0xea, 0x46, 0xf2, 0x87, 0xf2, 0xc8, 0xf2, 0xc7, 0xfb, 0x08, 0xfb, 0x89,
  0xfb, 0xeb, 0xfc, 0x6d, 0xfc, 0x8d, 0xfc, 0xcd, 0xfc, 0xee, 0xfc, 0xed,
  0xfd, 0x0d, 0xfd, 0x2c, 0xfd, 0xae, 0xfe, 0x0e, 0xfe, 0x4f, 0xfe, 0x4f,
  0xfe, 0x4f, 0xfe, 0x6f, 0xfe, 0xd0, 0xff, 0x72, 0xfe, 0xf0, 0xff, 0x77,
  0xff, 0xd9, 0xff, 0xf9, 0xff, 0xd9, 0xff, 0x97, 0xff, 0x14, 0xfe, 0x71,
  0xfd, 0xef, 0xfd, 0x6c, 0xf5, 0x0a, 0xec, 0x89, 0xdc, 0x07, 0xe4, 0x28,
  0xf4, 0xaa, 0xfd, 0x4d, 0xfd, 0xd0, 0xfe, 0x50, 0xfe, 0x8f, 0xfe, 0xb0,
  0xfe, 0xd1, 0xfe, 0xf1, 0xff, 0x32, 0xff, 0x52, 0xff, 0x32, 0xfe, 0xf1,
  0xff, 0x10, 0xfe, 0xd0, 0xfe, 0x6d, 0xfd, 0xeb, 0xfd, 0x27, 0xec, 0xa5,
  0xec, 0x04, 0xf4, 0x24, 0xf4, 0xe7, 0xfd, 0x08, 0xf5, 0x28, 0xf5, 0x07,
  0xfd, 0x69, 0xf5, 0x28, 0xfd, 0x8a, 0xfd, 0xca, 0xfd, 0xeb, 0xfe, 0x2b,
  0xfe, 0x4c, 0xfe, 0x4d, 0xfe, 0xd0, 0xff, 0x11, 0xff, 0x32, 0xff, 0x74,
  0xff, 0x74, 0xff, 0x74, 0xff, 0x75, 0xff, 0x75, 0xff, 0x35, 0xff, 0x35,
  0xff, 0x56, 0xff, 0x78, 0xff, 0x99, 0xff, 0x9a, 0xff, 0xba, 0xff, 0xba,
  0xff, 0xbb, 0xff, 0xdb, 0xff, 0xdc, 0xff, 0xfb, 0xff, 0xfb, 0xff, 0xda,
  0x00, 0x00, 0x00, 0x00, 0x00, 0x00, 0x00, 0x00, 0x00, 0x00, 0x00, 0x00,
  0x00, 0x00, 0x00, 0x00, 0x00, 0x00, 0x00, 0x00, 0x00, 0x00, 0x00, 0x00,
  0x00, 0x00, 0x00, 0x00, 0x00, 0x00, 0x00, 0x00, 0x00, 0x00, 0x00, 0x00,
  0x00, 0x00, 0x00, 0x00, 0x00, 0x00, 0x00, 0x00, 0x00, 0x00, 0x00, 0x00,
  0x00, 0x00, 0x00, 0x00, 0x00, 0x00, 0x00, 0x00, 0x00, 0x00, 0x00, 0x00,
  0x00, 0x00, 0x00, 0x00, 0x00, 0x00, 0x00, 0x00, 0x00, 0x00, 0x00, 0x00,
  0x00, 0x00, 0x00, 0x00, 0x00, 0x00, 0x00, 0x00, 0x00, 0x00, 0x00, 0x00,
  0x00, 0x00, 0x00, 0x00, 0x00, 0x00, 0x00, 0x00, 0x00, 0x00, 0x00, 0x00,
  0x00, 0x00, 0x00, 0x00, 0x00, 0x00, 0x00, 0x00, 0x00, 0x00, 0x00, 0x00,
  0x00, 0x00, 0x00, 0x00, 0x00, 0x00, 0x00, 0x00, 0x00, 0x00, 0x00, 0x00,
  0x00, 0x00, 0xff, 0xff, 0xff, 0xff, 0xff, 0xff, 0xff, 0xff, 0xff, 0xff,
  0xff, 0xff, 0xff, 0xff, 0xff, 0xff, 0xff, 0xff, 0xff, 0xfd, 0xff, 0xfd,
  0xff, 0xfb, 0xff, 0xdb, 0xff, 0xd7, 0xff, 0xb6, 0xff, 0x52, 0xff, 0x10,
  0xfe, 0x8c, 0xfe, 0x2a, 0xfd, 0xe8, 0xfd, 0x86, 0xfd, 0x65, 0xf5, 0x24,
  0xf4, 0xe3, 0xec, 0xc2, 0xec, 0xa2, 0xec, 0x81, 0xec, 0x61, 0xec, 0x41,
  0xe4, 0x01, 0xe3, 0xa0, 0xdb, 0x40, 0xdb, 0x00, 0xdb, 0x00, 0xdb, 0x00,
  0xdb, 0x00, 0xd2, 0xe0, 0xd2, 0xe0, 0xdb, 0x00, 0xdb, 0x20, 0xdb, 0x40,
  0xdb, 0x40, 0xe3, 0x61, 0xe3, 0x61, 0xdb, 0x42, 0xdb, 0x42, 0xd3, 0x21,
  0xdb, 0x41, 0xd3, 0x41, 0xd3, 0x41, 0xd3, 0x42, 0xd3, 0x42, 0xd3, 0x42,
  0xcb, 0x01, 0xcb, 0x01, 0xd3, 0x22, 0xd3, 0x42, 0xd3, 0x42, 0xd3, 0x43,
  0xd3, 0x63, 0xd3, 0x63, 0xdb, 0x85, 0xe3, 0xc6, 0xe3, 0xa8, 0xe3, 0xc8,
  0xe3, 0xa7, 0xeb, 0xc8, 0xeb, 0xc8, 0xf3, 0xe8, 0xf3, 0xe8, 0xf4, 0x09,
  0xfc, 0x8b, 0xfc, 0x6b, 0xfc, 0x2b, 0xfc, 0x0a, 0xfb, 0xcb, 0xfb, 0xaa,
  0xfb, 0x8a, 0xfb, 0x8b, 0xfb, 0x8b, 0xfb, 0xab, 0xfb, 0xec, 0xfc, 0x2d,
  0xfc, 0x8f, 0xfc, 0x0d, 0xfb, 0xcc, 0xfb, 0xab, 0xfb, 0x8b, 0xf3, 0x6a,
  0xf3, 0x6a, 0xfb, 0xec, 0xfb, 0xeb, 0xfb, 0xc9, 0xfc, 0x2b, 0xfc, 0x6b,
  0xfc, 0x6b, 0xfc, 0x8d, 0xfc, 0x8c, 0xfc, 0x4a, 0xf4, 0x6b, 0xfd, 0x4d,
  0xfd, 0x0c, 0xfd, 0x6c, 0xfe, 0x50, 0xfe, 0x4f, 0xfe, 0x6f, 0xfe, 0x6e,
  0xfe, 0x6e, 0xfe, 0x6f, 0xfe, 0xf0, 0xff, 0x11, 0xfe, 0x8f, 0xff, 0x77,
  0xff, 0xb8, 0xff, 0xb8, 0xff, 0x98, 0xff, 0x96, 0xff, 0x35, 0xfe, 0x91,
  0xfd, 0xee, 0xf4, 0xea, 0xf4, 0xea, 0xf4, 0xea, 0xec, 0x69, 0xf4, 0xca,
  0xfd, 0x2c, 0xfd, 0x4d, 0xfd, 0x8f, 0xfe, 0x2f, 0xfe, 0x8f, 0xfe, 0xb0,
  0xfe, 0xd1, 0xfe, 0xf1, 0xff, 0x32, 0xff, 0x52, 0xff, 0x52, 0xff, 0x11,
  0xff, 0x31, 0xfe, 0x8e, 0xfe, 0x6d, 0xfd, 0xeb, 0xec, 0xa5, 0xe4, 0x44,
  0xeb, 0xe3, 0xec, 0x03, 0xfd, 0x28, 0xfd, 0x28, 0xfd, 0x28, 0xfd, 0x69,
  0xfd, 0xeb, 0xfd, 0x69, 0xfd, 0x89, 0xfd, 0xca, 0xfe, 0x0b, 0xfe, 0x2c,
  0xfe, 0x6d, 0xfe, 0x8d, 0xfe, 0xf0, 0xff, 0x31, 0xff, 0x53, 0xff, 0x74,
  0xff, 0x74, 0xff, 0x74, 0xff, 0x75, 0xff, 0x75, 0xff, 0x56, 0xff, 0x77,
  0xff, 0x97, 0xff, 0x99, 0xff, 0xb9, 0xff, 0xba, 0xff, 0xba, 0xff, 0xdb,
  0xff, 0xdb, 0xff, 0xdc, 0xff, 0xdc, 0xff, 0xfb, 0xff, 0xfb, 0x00, 0x00,
  0x00, 0x00, 0x00, 0x00, 0x00, 0x00, 0x00, 0x00, 0x00, 0x00, 0x00, 0x00,
  0x00, 0x00, 0x00, 0x00, 0x00, 0x00, 0x00, 0x00, 0x00, 0x00, 0x00, 0x00,
  0x00, 0x00, 0x00, 0x00, 0x00, 0x00, 0x00, 0x00, 0x00, 0x00, 0x00, 0x00,
  0x00, 0x00, 0x00, 0x00, 0x00, 0x00, 0x00, 0x00, 0x00, 0x00, 0x00, 0x00,
  0x00, 0x00, 0x00, 0x00, 0x00, 0x00, 0x00, 0x00, 0x00, 0x00, 0x00, 0x00,
  0x00, 0x00, 0x00, 0x00, 0x00, 0x00, 0x00, 0x00, 0x00, 0x00, 0x00, 0x00,
  0x00, 0x00, 0x00, 0x00, 0x00, 0x00, 0x00, 0x00, 0x00, 0x00, 0x00, 0x00,
  0x00, 0x00, 0x00, 0x00, 0x00, 0x00, 0x00, 0x00, 0x00, 0x00, 0x00, 0x00,
  0x00, 0x00, 0x00, 0x00, 0x00, 0x00, 0x00, 0x00, 0x00, 0x00, 0x00, 0x00,
  0x00, 0x00, 0x00, 0x00, 0x00, 0x00, 0x00, 0x00, 0x00, 0x00, 0x00, 0x00,
  0x00, 0x00, 0x00, 0x00, 0xff, 0xff, 0xff, 0xff, 0xff, 0xff, 0xff, 0xff,
  0xff, 0xff, 0xff, 0xff, 0xff, 0xff, 0xff, 0xff, 0xff, 0xfd, 0xff, 0xfd,
  0xff, 0xfb, 0xff, 0xdb, 0xff, 0xd7, 0xff, 0x96, 0xff, 0x52, 0xfe, 0xf0,
  0xfe, 0x8c, 0xfe, 0x2a, 0xfd, 0xe8, 0xfd, 0xa6, 0xfd, 0x65, 0xf5, 0x44,
  0xf5, 0x03, 0xec, 0xe3, 0xec, 0xa2, 0xec, 0x81, 0xec, 0x81, 0xec, 0x61,
  0xec, 0x21, 0xe3, 0xa0, 0xdb, 0x40, 0xdb, 0x00, 0xdb, 0x00, 0xdb, 0x00,
  0xdb, 0x00, 0xdb, 0x00, 0xd2, 0xe0, 0xd2, 0xe0, 0xd3, 0x00, 0xdb, 0x20,
  0xdb, 0x20, 0xdb, 0x40, 0xdb, 0x41, 0xdb, 0x21, 0xdb, 0x42, 0xdb, 0x41,
  0xdb, 0x41, 0xdb, 0x42, 0xdb, 0x42, 0xdb, 0x42, 0xdb, 0x42, 0xdb, 0x62,
  0xd3, 0x22, 0xcb, 0x01, 0xd3, 0x22, 0xd3, 0x42, 0xd3, 0x42, 0xd3, 0x43,
  0xd3, 0x63, 0xd3, 0x64, 0xdb, 0x85, 0xdb, 0x85, 0xdb, 0x86, 0xe3, 0x86,
  0xe3, 0x86, 0xe3, 0xa7, 0xeb, 0xa7, 0xeb, 0xc8, 0xf3, 0xc8, 0xf3, 0xe9,
  0xfc, 0x2a, 0xfc, 0x2a, 0xfc, 0x0a, 0xfb, 0xe9, 0xfb, 0xca, 0xfb, 0xa9,
  0xf3, 0x8a, 0xfb, 0x89, 0xf3, 0x69, 0xeb, 0x8a, 0xf3, 0xaa, 0xf3, 0xeb,
  0xec, 0x0b, 0xeb, 0xeb, 0xeb, 0xcb, 0xeb, 0xaa, 0xeb, 0xaa, 0xf4, 0x0b,
  0xfc, 0x0b, 0xf4, 0x2b, 0xfc, 0x6b, 0xfc, 0x4a, 0xf4, 0x4a, 0xf4, 0x29,
  0xf4, 0x6b, 0xfc, 0xad, 0xfc, 0x8b, 0xec, 0x4a, 0xec, 0x6a, 0xfd, 0x2d,
  0xfd, 0x4d, 0xfd, 0x8d, 0xfd, 0xee, 0xfe, 0x4e, 0xfe, 0x6f, 0xfe, 0x6f,
  0xfe, 0x6f, 0xfe, 0x4e, 0xfe, 0x6f, 0xfe, 0xb0, 0xfe, 0x8f, 0xff, 0x76,
  0xff, 0x76, 0xff, 0x35, 0xfe, 0xf5, 0xfe, 0xf3, 0xfe, 0xb2, 0xfe, 0x2f,
  0xfd, 0xad, 0xfd, 0x2b, 0xfd, 0x0a, 0xfc, 0xea, 0xfc, 0xea, 0xfd, 0x2c,
  0xfd, 0x6d, 0xf5, 0x2d, 0xf5, 0x4e, 0xfe, 0x50, 0xfe, 0xd0, 0xfe, 0xd1,
  0xff, 0x11, 0xff, 0x12, 0xff, 0x32, 0xff, 0x32, 0xff, 0x31, 0xff, 0x11,
  0xfe, 0xcf, 0xee, 0x4d, 0xfe, 0x2c, 0xfd, 0xeb, 0xf4, 0xc5, 0xe4, 0x23,
  0xeb, 0xc2, 0xfc, 0x44, 0xfd, 0x08, 0xf4, 0xe7, 0xf5, 0x28, 0xfd, 0x8a,
  0xfe, 0x2c, 0xfd, 0xca, 0xfd, 0xca, 0xfd, 0xeb, 0xfe, 0x2c, 0xfe, 0x4c,
  0xfe, 0x8e, 0xfe, 0xae, 0xff, 0x10, 0xff, 0x32, 0xff, 0x53, 0xff, 0x74,
  0xff, 0x74, 0xff, 0x75, 0xff, 0x75, 0xff, 0x76, 0xff, 0x97, 0xff, 0x98,
  0xff, 0xb9, 0xff, 0xba, 0xff, 0xba, 0xff, 0xdb, 0xff, 0xdb, 0xff, 0xdb,
  0xff, 0xdb, 0xff, 0xdc, 0xff, 0xdc, 0xff, 0xfb, 0x00, 0x00, 0x00, 0x00,
  0x00, 0x00, 0x00, 0x00, 0x00, 0x00, 0x00, 0x00, 0x00, 0x00, 0x00, 0x00,
  0x00, 0x00, 0x00, 0x00, 0x00, 0x00, 0x00, 0x00, 0x00, 0x00, 0x00, 0x00,
  0x00, 0x00, 0x00, 0x00, 0x00, 0x00, 0x00, 0x00, 0x00, 0x00, 0x00, 0x00,
  0x00, 0x00, 0x00, 0x00, 0x00, 0x00, 0x00, 0x00, 0x00, 0x00, 0x00, 0x00,
  0x00, 0x00, 0x00, 0x00, 0x00, 0x00, 0x00, 0x00, 0x00, 0x00, 0x00, 0x00,
  0x00, 0x00, 0x00, 0x00, 0x00, 0x00, 0x00, 0x00, 0x00, 0x00, 0x00, 0x00,
  0x00, 0x00, 0x00, 0x00, 0x00, 0x00, 0x00, 0x00, 0x00, 0x00, 0x00, 0x00,
  0x00, 0x00, 0x00, 0x00, 0x00, 0x00, 0x00, 0x00, 0x00, 0x00, 0x00, 0x00,
  0x00, 0x00, 0x00, 0x00, 0x00, 0x00, 0x00, 0x00, 0x00, 0x00, 0x00, 0x00,
  0x00, 0x00, 0x00, 0x00, 0x00, 0x00, 0x00, 0x00, 0x00, 0x00, 0x00, 0x00,
  0x00, 0x00, 0x00, 0x00, 0x00, 0x00, 0xff, 0xff, 0xff, 0xff, 0xff, 0xff,
  0xff, 0xff, 0xff, 0xff, 0xff, 0xff, 0xff, 0xff, 0xff, 0xfd, 0xff, 0xfd,
  0xff, 0xfb, 0xff, 0xfb, 0xff, 0xd7, 0xff, 0x96, 0xff, 0x52, 0xfe, 0xf1,
  0xfe, 0x8c, 0xfe, 0x2a, 0xfd, 0xe8, 0xfd, 0xa6, 0xfd, 0x85, 0xf5, 0x44,
  0xf5, 0x24, 0xec, 0xe3, 0xec, 0xc2, 0xec, 0x82, 0xec, 0x82, 0xec, 0x62,
  0xec, 0x21, 0xe3, 0xc1, 0xdb, 0x40, 0xdb, 0x00, 0xdb, 0x00, 0xdb, 0x00,
  0xdb, 0x00, 0xdb, 0x00, 0xd2, 0xe0, 0xd2, 0xc0, 0xd2, 0xe0, 0xd3, 0x00,
  0xdb, 0x00, 0xdb, 0x20, 0xdb, 0x40, 0xd3, 0x21, 0xdb, 0x41, 0xdb, 0x41,
  0xdb, 0x61, 0xdb, 0x62, 0xdb, 0x62, 0xdb, 0x62, 0xdb, 0x62, 0xdb, 0x63,
  0xd3, 0x42, 0xd3, 0x21, 0xd3, 0x22, 0xd3, 0x42, 0xd3, 0x42, 0xd3, 0x43,
  0xd3, 0x63, 0xd3, 0x64, 0xdb, 0x65, 0xdb, 0x65, 0xdb, 0x65, 0xdb, 0x86,
  0xe3, 0x86, 0xe3, 0x86, 0xeb, 0xa7, 0xeb, 0xc8, 0xf3, 0xc8, 0xf3, 0xe8,
  0xf3, 0xe8, 0xfc, 0x09, 0xfb, 0xe9, 0xfb, 0xe9, 0xfb, 0xa9, 0xf3, 0x68,
  0xf3, 0x48, 0xf3, 0x48, 0xe3, 0x68, 0xe3, 0x68, 0xe3, 0x89, 0xe3, 0x89,
  0xe3, 0x68, 0xe3, 0x68, 0xdb, 0x68, 0xdb, 0x48, 0xe3, 0xa9, 0xfc, 0x8c,
  0xf4, 0x8b, 0xf4, 0x4a, 0xfc, 0x8a, 0xfc, 0xa9, 0xec, 0x69, 0xe4, 0x48,
  0xf4, 0x6a, 0xf4, 0x8c, 0xec, 0x6b, 0xec, 0x6a, 0xec, 0x8a, 0xf5, 0x0c,
  0xfd, 0xae, 0xfd, 0xad, 0xfd, 0xcd, 0xfe, 0x4e, 0xfe, 0x90, 0xfe, 0xb0,
  0xfe, 0xb0, 0xfe, 0x90, 0xfe, 0x4f, 0xfe, 0xd1, 0xfe, 0xd1, 0xff, 0x75,
  0xff, 0x55, 0xfe, 0xf4, 0xfe, 0x93, 0xfe, 0x51, 0xfe, 0x30, 0xfd, 0xce,
  0xfd, 0x6c, 0xfd, 0x6c, 0xfd, 0x4b, 0xfc, 0xea, 0xfc, 0xea, 0xfd, 0x6d,
  0xfd, 0x6d, 0xfd, 0x4d, 0xfd, 0xaf, 0xfe, 0x91, 0xff, 0x11, 0xfe, 0xf1,
  0xff, 0x11, 0xff, 0x31, 0xff, 0x52, 0xff, 0x31, 0xf7, 0x11, 0xff, 0x10,
  0xf6, 0x6d, 0xee, 0x0c, 0xfe, 0x0b, 0xfd, 0xea, 0xfc, 0xe5, 0xdc, 0x02,
  0xeb, 0xc2, 0xfc, 0x84, 0xf4, 0xe8, 0xf4, 0xe7, 0xfd, 0x28, 0xfd, 0xaa,
  0xfe, 0x2c, 0xfd, 0xeb, 0xfe, 0x0b, 0xfe, 0x2c, 0xfe, 0x4c, 0xfe, 0x8d,
  0xfe, 0xae, 0xfe, 0xcf, 0xff, 0x31, 0xff, 0x52, 0xff, 0x53, 0xff, 0x74,
  0xff, 0x74, 0xff, 0x75, 0xff, 0x76, 0xff, 0x97, 0xff, 0x98, 0xff, 0x99,
  0xff, 0xba, 0xff, 0xdb, 0xff, 0xdb, 0xff, 0xdb, 0xff, 0xdb, 0xff, 0xdb,
  0xff, 0xdb, 0xff, 0xdc, 0xff, 0xdc, 0x00, 0x00, 0x00, 0x00, 0x00, 0x00,
  0x00, 0x00, 0x00, 0x00, 0x00, 0x00, 0x00, 0x00, 0x00, 0x00, 0x00, 0x00,
  0x00, 0x00, 0x00, 0x00, 0x00, 0x00, 0x00, 0x00, 0x00, 0x00, 0x00, 0x00,
  0x00, 0x00, 0x00, 0x00, 0x00, 0x00, 0x00, 0x00, 0x00, 0x00, 0x00, 0x00,
  0x00, 0x00, 0x00, 0x00, 0x00, 0x00, 0x00, 0x00, 0x00, 0x00, 0x00, 0x00,
  0x00, 0x00, 0x00, 0x00, 0x00, 0x00, 0x00, 0x00, 0x00, 0x00, 0x00, 0x00,
  0x00, 0x00, 0x00, 0x00, 0x00, 0x00, 0x00, 0x00, 0x00, 0x00, 0x00, 0x00,
  0x00, 0x00, 0x00, 0x00, 0x00, 0x00, 0x00, 0x00, 0x00, 0x00, 0x00, 0x00,
  0x00, 0x00, 0x00, 0x00, 0x00, 0x00, 0x00, 0x00, 0x00, 0x00, 0x00, 0x00,
  0x00, 0x00, 0x00, 0x00, 0x00, 0x00, 0x00, 0x00, 0x00, 0x00, 0x00, 0x00,
  0x00, 0x00, 0x00, 0x00, 0x00, 0x00, 0x00, 0x00, 0x00, 0x00, 0x00, 0x00,
  0x00, 0x00, 0x00, 0x00, 0x00, 0x00, 0x00, 0x00, 0xff, 0xff, 0xff, 0xff,
  0xff, 0xff, 0xff, 0xff, 0xff, 0xff, 0xff, 0xff, 0xff, 0xfd, 0xff, 0xfd,
  0xff, 0xfb, 0xff, 0xfb, 0xff, 0xd7, 0xff, 0x96, 0xff, 0x52, 0xff, 0x11,
  0xfe, 0xad, 0xfe, 0x4a, 0xfd, 0xe8, 0xfd, 0xa6, 0xfd, 0x85, 0xf5, 0x65,
  0xf5, 0x24, 0xf5, 0x03, 0xec, 0xc2, 0xec, 0xa2, 0xec, 0x82, 0xec, 0x82,
  0xec, 0x41, 0xe3, 0xc1, 0xdb, 0x60, 0xdb, 0x00, 0xdb, 0x00, 0xdb, 0x00,
  0xdb, 0x00, 0xdb, 0x00, 0xdb, 0x00, 0xd2, 0xe0, 0xd2, 0xe0, 0xd3, 0x00,
  0xdb, 0x00, 0xdb, 0x20, 0xdb, 0x40, 0xd3, 0x21, 0xdb, 0x41, 0xdb, 0x41,
  0xdb, 0x41, 0xdb, 0x42, 0xdb, 0x42, 0xdb, 0x42, 0xdb, 0x42, 0xdb, 0x42,
  0xd3, 0x42, 0xd3, 0x22, 0xd3, 0x22, 0xd3, 0x43, 0xd3, 0x43, 0xd3, 0x43,
  0xdb, 0x84, 0xdb, 0x64, 0xd3, 0x64, 0xdb, 0x65, 0xdb, 0xa5, 0xdb, 0x85,
  0xdb, 0x85, 0xdb, 0x65, 0xdb, 0x66, 0xe3, 0x87, 0xeb, 0xa7, 0xeb, 0xc8,
  0xf3, 0xc8, 0xf3, 0xc8, 0xf3, 0xc8, 0xf3, 0xc8, 0xf3, 0xa8, 0xf3, 0x88,
  0xe3, 0x47, 0xdb, 0x27, 0xd3, 0x47, 0xd3, 0x47, 0xdb, 0x88, 0xe3, 0xa9,
  0xdb, 0xa8, 0xdb, 0x88, 0xdb, 0x88, 0xd3, 0x88, 0xdb, 0xc9, 0xec, 0x2a,
  0xf4, 0x4a, 0xec, 0x29, 0xec, 0x08, 0xec, 0x28, 0xec, 0x29, 0xec, 0x49,
  0xe4, 0x29, 0xdb, 0xe9, 0xe4, 0x29, 0xe4, 0x4a, 0xec, 0x8a, 0xf5, 0x0c,
  0xfd, 0x6d, 0xfd, 0x8d, 0xfd, 0xee, 0xfe, 0x2e, 0xfe, 0x90, 0xfe, 0xd0,
  0xfe, 0xf1, 0xfe, 0xd1, 0xfe, 0xd1, 0xff, 0x53, 0xfe, 0xd1, 0xff, 0x33,
  0xff, 0x54, 0xfe, 0xf3, 0xfe, 0x92, 0xfe, 0x70, 0xfe, 0x50, 0xfd, 0xed,
  0xf5, 0x0a, 0xfd, 0x2a, 0xfd, 0x2a, 0xfc, 0xea, 0xfd, 0x2b, 0xfd, 0x8d,
  0xfd, 0x2c, 0xfd, 0x6d, 0xfe, 0x51, 0xfe, 0x91, 0xfe, 0xd0, 0xff, 0x32,
  0xff, 0x32, 0xff, 0x32, 0xff, 0x52, 0xff, 0x32, 0xf7, 0x11, 0xf6, 0xd0,
  0xf6, 0x6e, 0xee, 0x0c, 0xfd, 0xeb, 0xfd, 0x8a, 0xf4, 0xa5, 0xdb, 0xe2,
  0xeb, 0xc2, 0xfc, 0x45, 0xf4, 0xc7, 0xec, 0xa7, 0xf5, 0x08, 0xfd, 0xcb,
  0xfe, 0x2d, 0xfe, 0x2c, 0xfe, 0x2c, 0xfe, 0x4d, 0xfe, 0x8e, 0xfe, 0xae,
  0xfe, 0xef, 0xfe, 0xf0, 0xff, 0x52, 0xff, 0x52, 0xff, 0x53, 0xff, 0x74,
  0xff, 0x75, 0xff, 0x75, 0xff, 0x76, 0xff, 0x98, 0xff, 0x99, 0xff, 0xba,
  0xff, 0xdb, 0xff, 0xdb, 0xff, 0xdb, 0xff, 0xdb, 0xff, 0xdb, 0xff, 0xdb,
  0xff, 0xdb, 0xff, 0xfc, 0x00, 0x00, 0x00, 0x00, 0x00, 0x00, 0x00, 0x00,
  0x00, 0x00, 0x00, 0x00, 0x00, 0x00, 0x00, 0x00, 0x00, 0x00, 0x00, 0x00,
  0x00, 0x00, 0x00, 0x00, 0x00, 0x00, 0x00, 0x00, 0x00, 0x00, 0x00, 0x00,
  0x00, 0x00, 0x00, 0x00, 0x00, 0x00, 0x00, 0x00, 0x00, 0x00, 0x00, 0x00,
  0x00, 0x00, 0x00, 0x00, 0x00, 0x00, 0x00, 0x00, 0x00, 0x00, 0x00, 0x00,
  0x00, 0x00, 0x00, 0x00, 0x00, 0x00, 0x00, 0x00, 0x00, 0x00, 0x00, 0x00,
  0x00, 0x00, 0x00, 0x00, 0x00, 0x00, 0x00, 0x00, 0x00, 0x00, 0x00, 0x00,
  0x00, 0x00, 0x00, 0x00, 0x00, 0x00, 0x00, 0x00, 0x00, 0x00, 0x00, 0x00,
  0x00, 0x00, 0x00, 0x00, 0x00, 0x00, 0x00, 0x00, 0x00, 0x00, 0x00, 0x00,
  0x00, 0x00, 0x00, 0x00, 0x00, 0x00, 0x00, 0x00, 0x00, 0x00, 0x00, 0x00,
  0x00, 0x00, 0x00, 0x00, 0x00, 0x00, 0x00, 0x00, 0x00, 0x00, 0x00, 0x00,
  0x00, 0x00, 0x00, 0x00, 0x00, 0x00, 0x00, 0x00, 0x00, 0x00, 0xff, 0xff,
  0xff, 0xff, 0xff, 0xff, 0xff, 0xff, 0xff, 0xff, 0xff, 0xfd, 0xff, 0xfd,
  0xff, 0xfb, 0xff, 0xfb, 0xff, 0xd7, 0xff, 0x96, 0xff, 0x52, 0xff, 0x10,
  0xfe, 0xac, 0xfe, 0x4a, 0xfd, 0xe8, 0xfd, 0xc7, 0xfd, 0x86, 0xfd, 0x65,
  0xf5, 0x24, 0xed, 0x03, 0xec, 0xc3, 0xec, 0xa2, 0xec, 0xa2, 0xec, 0x82,
  0xec, 0x62, 0xe3, 0xe1, 0xdb, 0x60, 0xdb, 0x00, 0xdb, 0x00, 0xdb, 0x00,
  0xe3, 0x20, 0xdb, 0x20, 0xdb, 0x20, 0xdb, 0x00, 0xdb, 0x00, 0xdb, 0x00,
  0xdb, 0x00, 0xdb, 0x20, 0xdb, 0x20, 0xd3, 0x21, 0xdb, 0x41, 0xdb, 0x41,
  0xdb, 0x41, 0xdb, 0x42, 0xdb, 0x42, 0xdb, 0x42, 0xdb, 0x42, 0xd3, 0x42,
  0xd3, 0x42, 0xd3, 0x22, 0xdb, 0x43, 0xdb, 0x43, 0xd3, 0x43, 0xd3, 0x44,
  0xdb, 0x64, 0xd3, 0x44, 0xd3, 0x64, 0xdb, 0xa5, 0xe3, 0xa5, 0xdb, 0x85,
  0xdb, 0x65, 0xdb, 0x65, 0xdb, 0x46, 0xdb, 0x66, 0xdb, 0x66, 0xdb, 0x46,
  0xe3, 0x66, 0xe3, 0x46, 0xe3, 0x46, 0xe3, 0x46, 0xe3, 0x26, 0xda, 0xe5,
  0xcb, 0x05, 0xd3, 0x26, 0xba, 0xe5, 0xba, 0xe5, 0xc3, 0x05, 0xc3, 0x26,
  0xcb, 0x46, 0xcb, 0x46, 0xcb, 0x66, 0xcb, 0x67, 0xcb, 0x66, 0xcb, 0x67,
  0xdb, 0xe8, 0xdb, 0xc7, 0xdb, 0xa6, 0xe3, 0xe7, 0xdb, 0xa7, 0xd3, 0x86,
  0xd3, 0xc7, 0xcb, 0x86, 0xd3, 0xe8, 0xdc, 0x29, 0xec, 0x8a, 0xf5, 0x4d,
  0xfd, 0xce, 0xfe, 0x0f, 0xfe, 0x71, 0xfe, 0x8f, 0xfe, 0xd1, 0xfe, 0xf1,
  0xfe, 0xd1, 0xfe, 0xb1, 0xfe, 0xb1, 0xff, 0x33, 0xfe, 0xd1, 0xfe, 0xf2,
  0xff, 0x12, 0xfe, 0xb2, 0xfe, 0x51, 0xfe, 0x0e, 0xf5, 0xcd, 0xfd, 0x6a,
  0xfc, 0xe8, 0xfd, 0x6a, 0xfd, 0x4a, 0xfd, 0x2a, 0xfd, 0x8c, 0xfd, 0xcd,
  0xfd, 0xae, 0xfe, 0x30, 0xfe, 0x92, 0xfe, 0x70, 0xfe, 0xd0, 0xff, 0x52,
  0xff, 0x74, 0xff, 0x74, 0xff, 0x73, 0xff, 0x33, 0xff, 0x12, 0xee, 0xb0,
  0xee, 0x2e, 0xee, 0x2d, 0xfd, 0xab, 0xf5, 0x49, 0xf4, 0xa5, 0xe4, 0x23,
  0xeb, 0xc3, 0xf4, 0x05, 0xf5, 0x29, 0xf5, 0x2a, 0xf5, 0x6a, 0xfd, 0xcc,
  0xfe, 0x2d, 0xfe, 0x4e, 0xfe, 0x2d, 0xfe, 0x4d, 0xfe, 0x8e, 0xfe, 0xaf,
  0xff, 0x10, 0xff, 0x31, 0xff, 0x72, 0xff, 0x72, 0xff, 0x53, 0xff, 0x74,
  0xff, 0x55, 0xff, 0x76, 0xff, 0x77, 0xff, 0x98, 0xff, 0xba, 0xff, 0xbb,
  0xff, 0xdc, 0xff, 0xfc, 0xff, 0xdc, 0xff, 0xdc, 0xff, 0xdc, 0xff, 0xdb,
  0xff, 0xdb, 0x00, 0x00, 0x00, 0x00, 0x00, 0x00, 0x00, 0x00, 0x00, 0x00,
  0x00, 0x00, 0x00, 0x00, 0x00, 0x00, 0x00, 0x00, 0x00, 0x00, 0x00, 0x00,
  0x00, 0x00, 0x00, 0x00, 0x00, 0x00, 0x00, 0x00, 0x00, 0x00, 0x00, 0x00,
  0x00, 0x00, 0x00, 0x00, 0x00, 0x00, 0x00, 0x00, 0x00, 0x00, 0x00, 0x00,
  0x00, 0x00, 0x00, 0x00, 0x00, 0x00, 0x00, 0x00, 0x00, 0x00, 0x00, 0x00,
  0x00, 0x00, 0x00, 0x00, 0x00, 0x00, 0x00, 0x00, 0x00, 0x00, 0x00, 0x00,
  0x00, 0x00, 0x00, 0x00, 0x00, 0x00, 0x00, 0x00, 0x00, 0x00, 0x00, 0x00,
  0x00, 0x00, 0x00, 0x00, 0x00, 0x00, 0x00, 0x00, 0x00, 0x00, 0x00, 0x00,
  0x00, 0x00, 0x00, 0x00, 0x00, 0x00, 0x00, 0x00, 0x00, 0x00, 0x00, 0x00,
  0x00, 0x00, 0x00, 0x00, 0x00, 0x00, 0x00, 0x00, 0x00, 0x00, 0x00, 0x00,
  0x00, 0x00, 0x00, 0x00, 0x00, 0x00, 0x00, 0x00, 0x00, 0x00, 0x00, 0x00,
  0x00, 0x00, 0x00, 0x00, 0x00, 0x00, 0x00, 0x00, 0x00, 0x00, 0x00, 0x00,
  0xff, 0xff, 0xff, 0xff, 0xff, 0xff, 0xff, 0xff, 0xff, 0xfd, 0xff, 0xfd,
  0xff, 0xfb, 0xff, 0xfb, 0xff, 0xd7, 0xff, 0x96, 0xff, 0x52, 0xff, 0x10,
  0xfe, 0x8c, 0xfe, 0x4a, 0xfe, 0x08, 0xfd, 0xc7, 0xfd, 0xa6, 0xfd, 0x65,
  0xf5, 0x44, 0xf5, 0x03, 0xec, 0xe3, 0xec, 0xc2, 0xec, 0xa2, 0xec, 0x82,
  0xec, 0x62, 0xe3, 0xe1, 0xdb, 0x60, 0xdb, 0x00, 0xdb, 0x00, 0xdb, 0x20,
  0xdb, 0x20, 0xe3, 0x40, 0xe3, 0x40, 0xdb, 0x20, 0xdb, 0x20, 0xd3, 0x20,
  0xdb, 0x20, 0xd3, 0x20, 0xd3, 0x20, 0xd3, 0x21, 0xdb, 0x21, 0xdb, 0x41,
  0xdb, 0x62, 0xdb, 0x42, 0xdb, 0x42, 0xdb, 0x42, 0xdb, 0x43, 0xdb, 0x42,
  0xd3, 0x22, 0xd3, 0x22, 0xd3, 0x23, 0xdb, 0x43, 0xd3, 0x43, 0xd3, 0x43,
  0xd3, 0x23, 0xd3, 0x23, 0xd3, 0x44, 0xdb, 0x85, 0xdb, 0x84, 0xdb, 0x64,
  0xd3, 0x44, 0xd3, 0x24, 0xd3, 0x25, 0xdb, 0x46, 0xd3, 0x05, 0xd2, 0xe5,
  0xdb, 0x26, 0xd2, 0xe5, 0xd2, 0xe5, 0xd2, 0xe5, 0xd2, 0xe5, 0xca, 0xa4,
  0xc2, 0xc4, 0xca, 0xe5, 0xb2, 0xa4, 0xb2, 0x83, 0xb2, 0xa4, 0xb2, 0xc4,
  0xc2, 0xe5, 0xc3, 0x26, 0xcb, 0x46, 0xcb, 0x67, 0xcb, 0x26, 0xc3, 0x25,
  0xd3, 0x87, 0xdb, 0x86, 0xd3, 0x66, 0xe3, 0xa7, 0xd3, 0x66, 0xcb, 0x46,
  0xd3, 0xa7, 0xcb, 0xa7, 0xcb, 0xa7, 0xd3, 0xc7, 0xe4, 0x49, 0xfd, 0x4d,
  0xfe, 0x30, 0xfe, 0x91, 0xfe, 0xd2, 0xff, 0x12, 0xff, 0x53, 0xff, 0x53,
  0xff, 0x12, 0xfe, 0xd2, 0xfe, 0xf2, 0xff, 0x12, 0xfe, 0xf2, 0xfe, 0x90,
  0xfe, 0xd1, 0xfe, 0x70, 0xfd, 0xee, 0xfd, 0x8b, 0xf5, 0x29, 0xf5, 0x08,
  0xfd, 0x6a, 0xfd, 0xcc, 0xfd, 0xab, 0xfd, 0x8b, 0xfd, 0xac, 0xfd, 0xcd,
  0xfe, 0x0f, 0xfe, 0x71, 0xfe, 0x51, 0xfe, 0x91, 0xff, 0x52, 0xff, 0x33,
  0xff, 0x53, 0xff, 0x53, 0xff, 0x53, 0xff, 0x32, 0xff, 0x11, 0xf6, 0xb0,
  0xf5, 0xec, 0xf5, 0xec, 0xfd, 0x49, 0xec, 0xe7, 0xf4, 0x85, 0xec, 0x64,
  0xec, 0x04, 0xf4, 0x25, 0xfd, 0xab, 0xfd, 0xcc, 0xfd, 0xcb, 0xfd, 0xec,
  0xfe, 0x4d, 0xfe, 0x8e, 0xfe, 0x4e, 0xfe, 0x4d, 0xfe, 0x6e, 0xfe, 0xaf,
  0xff, 0x11, 0xff, 0x72, 0xff, 0x93, 0xff, 0x73, 0xff, 0x53, 0xff, 0x75,
  0xff, 0x55, 0xff, 0x76, 0xff, 0x77, 0xff, 0x99, 0xff, 0xba, 0xff, 0xdc,
  0xff, 0xfc, 0xff, 0xfd, 0xff, 0xdc, 0xff, 0xdc, 0xff, 0xdc, 0xff, 0xdb,
  0x00, 0x00, 0x00, 0x00, 0x00, 0x00, 0x00, 0x00, 0x00, 0x00, 0x00, 0x00,
  0x00, 0x00, 0x00, 0x00, 0x00, 0x00, 0x00, 0x00, 0x00, 0x00, 0x00, 0x00,
  0x00, 0x00, 0x00, 0x00, 0x00, 0x00, 0x00, 0x00, 0x00, 0x00, 0x00, 0x00,
  0x00, 0x00, 0x00, 0x00, 0x00, 0x00, 0x00, 0x00, 0x00, 0x00, 0x00, 0x00,
  0x00, 0x00, 0x00, 0x00, 0x00, 0x00, 0x00, 0x00, 0x00, 0x00, 0x00, 0x00,
  0x00, 0x00, 0x00, 0x00, 0x00, 0x00, 0x00, 0x00, 0x00, 0x00, 0x00, 0x00,
  0x00, 0x00, 0x00, 0x00, 0x00, 0x00, 0x00, 0x00, 0x00, 0x00, 0x00, 0x00,
  0x00, 0x00, 0x00, 0x00, 0x00, 0x00, 0x00, 0x00, 0x00, 0x00, 0x00, 0x00,
  0x00, 0x00, 0x00, 0x00, 0x00, 0x00, 0x00, 0x00, 0x00, 0x00, 0x00, 0x00,
  0x00, 0x00, 0x00, 0x00, 0x00, 0x00, 0x00, 0x00, 0x00, 0x00, 0x00, 0x00,
  0x00, 0x00, 0x00, 0x00, 0x00, 0x00, 0x00, 0x00, 0x00, 0x00, 0x00, 0x00,
  0x00, 0x00, 0x00, 0x00, 0x00, 0x00, 0x00, 0x00, 0x00, 0x00, 0x00, 0x00,
  0x00, 0x00, 0xff, 0xff, 0xff, 0xff, 0xff, 0xff, 0xff, 0xfd, 0xff, 0xfd,
  0xff, 0xfb, 0xff, 0xfb, 0xff, 0xd7, 0xff, 0x96, 0xff, 0x52, 0xfe, 0xf0,
  0xfe, 0x8c, 0xfe, 0x2a, 0xfe, 0x08, 0xfd, 0xc7, 0xfd, 0xa6, 0xf5, 0x65,
  0xf5, 0x44, 0xf5, 0x03, 0xf5, 0x03, 0xec, 0xe2, 0xec, 0xc2, 0xf4, 0xa2,
  0xec, 0x62, 0xeb, 0xe1, 0xdb, 0x60, 0xd3, 0x00, 0xd3, 0x00, 0xdb, 0x00,
  0xdb, 0x20, 0xdb, 0x40, 0xdb, 0x40, 0xdb, 0x20, 0xdb, 0x20, 0xd3, 0x20,
  0xd3, 0x20, 0xd3, 0x20, 0xd3, 0x20, 0xd3, 0x21, 0xd3, 0x21, 0xdb, 0x41,
  0xdb, 0x42, 0xdb, 0x42, 0xdb, 0x42, 0xdb, 0x43, 0xdb, 0x43, 0xdb, 0x43,
  0xdb, 0x43, 0xd3, 0x23, 0xd3, 0x23, 0xd3, 0x23, 0xd3, 0x23, 0xd3, 0x23,
  0xd3, 0x44, 0xd3, 0x24, 0xd3, 0x44, 0xd3, 0x64, 0xd3, 0x63, 0xd3, 0x44,
  0xd3, 0x24, 0xcb, 0x04, 0xd3, 0x05, 0xd3, 0x05, 0xca, 0xc5, 0xca, 0xc4,
  0xd2, 0xe5, 0xca, 0xc4, 0xc2, 0xa4, 0xc2, 0xa4, 0xc2, 0xc4, 0xc2, 0xa4,
  0xba, 0xa4, 0xba, 0xa4, 0xa2, 0x62, 0xa2, 0x62, 0xa2, 0x62, 0xaa, 0x62,
  0xaa, 0x83, 0xb2, 0xa3, 0xb2, 0xa3, 0xb2, 0xa4, 0xb2, 0x83, 0xb2, 0x83,
  0xba, 0x83, 0xc2, 0xa3, 0xc2, 0xa4, 0xca, 0xc4, 0xd3, 0x25, 0xd3, 0x46,
  0xcb, 0x66, 0xcb, 0xa7, 0xcb, 0xa6, 0xcb, 0xa7, 0xe4, 0x6a, 0xfd, 0x6e,
  0xfe, 0x51, 0xfe, 0xb2, 0xfe, 0xd2, 0xfe, 0x91, 0xff, 0x13, 0xff, 0x53,
  0xff, 0x53, 0xff, 0x32, 0xff, 0x32, 0xff, 0x12, 0xfe, 0xb1, 0xfe, 0x6f,
  0xfe, 0x90, 0xfe, 0x4e, 0xfd, 0xed, 0xfd, 0x6a, 0xfd, 0x49, 0xfd, 0x49,
  0xfd, 0x89, 0xfd, 0xaa, 0xfd, 0xeb, 0xfd, 0xec, 0xfd, 0x8a, 0xfd, 0x8c,
  0xfe, 0x0e, 0xfe, 0x70, 0xfe, 0x51, 0xfe, 0xb2, 0xff, 0x54, 0xff, 0x53,
  0xff, 0x33, 0xff, 0x32, 0xff, 0x12, 0xff, 0x12, 0xfe, 0xf0, 0xfe, 0xd0,
  0xfd, 0xcb, 0xfd, 0xcb, 0xfd, 0x08, 0xec, 0x65, 0xec, 0x44, 0xf4, 0x65,
  0xf4, 0x66, 0xf4, 0x87, 0xfd, 0x8b, 0xfd, 0xab, 0xfd, 0xab, 0xfd, 0xcc,
  0xfe, 0x2d, 0xfe, 0xaf, 0xfe, 0x6e, 0xfe, 0x4e, 0xfe, 0x8f, 0xfe, 0xb0,
  0xff, 0x32, 0xff, 0x93, 0xff, 0xd5, 0xff, 0x73, 0xff, 0x54, 0xff, 0x75,
  0xff, 0x76, 0xff, 0x76, 0xff, 0x78, 0xff, 0x9a, 0xff, 0xbb, 0xff, 0xdc,
  0xff, 0xfd, 0xff, 0xfd, 0xff, 0xfc, 0xff, 0xdc, 0xff, 0xdc, 0x00, 0x00,
  0x00, 0x00, 0x00, 0x00, 0x00, 0x00, 0x00, 0x00, 0x00, 0x00, 0x00, 0x00,
  0x00, 0x00, 0x00, 0x00, 0x00, 0x00, 0x00, 0x00, 0x00, 0x00, 0x00, 0x00,
  0x00, 0x00, 0x00, 0x00, 0x00, 0x00, 0x00, 0x00, 0x00, 0x00, 0x00, 0x00,
  0x00, 0x00, 0x00, 0x00, 0x00, 0x00, 0x00, 0x00, 0x00, 0x00, 0x00, 0x00,
  0x00, 0x00, 0x00, 0x00, 0x00, 0x00, 0x00, 0x00, 0x00, 0x00, 0x00, 0x00,
  0x00, 0x00, 0x00, 0x00, 0x00, 0x00, 0x00, 0x00, 0x00, 0x00, 0x00, 0x00,
  0x00, 0x00, 0x00, 0x00, 0x00, 0x00, 0x00, 0x00, 0x00, 0x00, 0x00, 0x00,
  0x00, 0x00, 0x00, 0x00, 0x00, 0x00, 0x00, 0x00, 0x00, 0x00, 0x00, 0x00,
  0x00, 0x00, 0x00, 0x00, 0x00, 0x00, 0x00, 0x00, 0x00, 0x00, 0x00, 0x00,
  0x00, 0x00, 0x00, 0x00, 0x00, 0x00, 0x00, 0x00, 0x00, 0x00, 0x00, 0x00,
  0x00, 0x00, 0x00, 0x00, 0x00, 0x00, 0x00, 0x00, 0x00, 0x00, 0x00, 0x00,
  0x00, 0x00, 0x00, 0x00, 0x00, 0x00, 0x00, 0x00, 0x00, 0x00, 0x00, 0x00,
  0x00, 0x00, 0x00, 0x00, 0xff, 0xff, 0xff, 0xff, 0xff, 0xfd, 0xff, 0xfd,
  0xff, 0xfb, 0xff, 0xfb, 0xff, 0xd7, 0xff, 0x96, 0xff, 0x32, 0xfe, 0xcf,
  0xfe, 0x6c, 0xfe, 0x2a, 0xfd, 0xe8, 0xfd, 0xe7, 0xfd, 0xa6, 0xf5, 0x65,
  0xf5, 0x44, 0xf5, 0x23, 0xf5, 0x03, 0xf4, 0xe2, 0xf4, 0xc2, 0xf4, 0xa2,
  0xec, 0x82, 0xe3, 0xe1, 0xdb, 0x80, 0xd3, 0x00, 0xd3, 0x00, 0xd3, 0x20,
  0xdb, 0x20, 0xdb, 0x40, 0xdb, 0x40, 0xd3, 0x20, 0xd3, 0x20, 0xd3, 0x20,
  0xd3, 0x20, 0xd3, 0x20, 0xd3, 0x20, 0xd3, 0x21, 0xdb, 0x21, 0xdb, 0x42,
  0xdb, 0x41, 0xdb, 0x42, 0xdb, 0x42, 0xdb, 0x42, 0xdb, 0x42, 0xdb, 0x42,
  0xd3, 0x22, 0xd3, 0x22, 0xd3, 0x23, 0xd3, 0x23, 0xd3, 0x03, 0xd3, 0x23,
  0xd3, 0x44, 0xd3, 0x23, 0xd3, 0x44, 0xd3, 0x44, 0xd3, 0x43, 0xd3, 0x44,
  0xd3, 0x24, 0xd3, 0x24, 0xd3, 0x05, 0xca, 0xe4, 0xca, 0xa4, 0xc2, 0xa4,
  0xca, 0xa4, 0xca, 0xa4, 0xc2, 0x84, 0xc2, 0x63, 0xba, 0x63, 0xb2, 0x43,
  0xb2, 0x63, 0xb2, 0x63, 0xa2, 0x22, 0x9a, 0x01, 0x99, 0xe1, 0xa2, 0x01,
  0xa2, 0x01, 0x99, 0xe1, 0x99, 0xc1, 0x91, 0x80, 0xa1, 0xe1, 0xaa, 0x22,
  0xb2, 0x22, 0xb2, 0x22, 0xb2, 0x63, 0xba, 0x84, 0xba, 0xa4, 0xba, 0xc5,
  0xc3, 0x05, 0xc3, 0x86, 0xcb, 0xa7, 0xcb, 0xc7, 0xe4, 0x8a, 0xfd, 0x2d,
  0xfd, 0xcf, 0xfe, 0x92, 0xfe, 0xf4, 0xfe, 0x50, 0xfe, 0xf3, 0xff, 0x33,
  0xff, 0x74, 0xff, 0x74, 0xff, 0x33, 0xfe, 0xd2, 0xfe, 0xd2, 0xfe, 0x90,
  0xfe, 0x90, 0xfe, 0x2e, 0xfd, 0xac, 0xfd, 0x4a, 0xfd, 0x69, 0xfd, 0x8a,
  0xfe, 0x0c, 0xfe, 0x0c, 0xfd, 0xec, 0xfd, 0xed, 0xfd, 0xcc, 0xfd, 0xee,
  0xfe, 0x50, 0xfe, 0x91, 0xfe, 0x72, 0xfe, 0xd2, 0xff, 0x74, 0xff, 0x74,
  0xff, 0x74, 0xff, 0x53, 0xff, 0x33, 0xff, 0x32, 0xfe, 0xf1, 0xfe, 0xaf,
  0xfd, 0xcc, 0xfd, 0xcb, 0xfc, 0xe7, 0xe4, 0x45, 0xec, 0x44, 0xfc, 0xc6,
  0xfc, 0xa7, 0xf4, 0x87, 0xfd, 0xcb, 0xfd, 0xab, 0xfd, 0xcb, 0xfe, 0x2d,
  0xfe, 0x8e, 0xfe, 0xf0, 0xfe, 0x6e, 0xfe, 0x6e, 0xfe, 0xcf, 0xfe, 0xf0,
  0xff, 0x52, 0xff, 0x93, 0xff, 0xb4, 0xff, 0x53, 0xff, 0x33, 0xff, 0x75,
  0xff, 0x76, 0xff, 0x76, 0xff, 0x78, 0xff, 0x99, 0xff, 0xba, 0xff, 0xdc,
  0xff, 0xfd, 0xff, 0xfd, 0xff, 0xfc, 0xff, 0xdc, 0x00, 0x00, 0x00, 0x00,
  0x00, 0x00, 0x00, 0x00, 0x00, 0x00, 0x00, 0x00, 0x00, 0x00, 0x00, 0x00,
  0x00, 0x00, 0x00, 0x00, 0x00, 0x00, 0x00, 0x00, 0x00, 0x00, 0x00, 0x00,
  0x00, 0x00, 0x00, 0x00, 0x00, 0x00, 0x00, 0x00, 0x00, 0x00, 0x00, 0x00,
  0x00, 0x00, 0x00, 0x00, 0x00, 0x00, 0x00, 0x00, 0x00, 0x00, 0x00, 0x00,
  0x00, 0x00, 0x00, 0x00, 0x00, 0x00, 0x00, 0x00, 0x00, 0x00, 0x00, 0x00,
  0x00, 0x00, 0x00, 0x00, 0x00, 0x00, 0x00, 0x00, 0x00, 0x00, 0x00, 0x00,
  0x00, 0x00, 0x00, 0x00, 0x00, 0x00, 0x00, 0x00, 0x00, 0x00, 0x00, 0x00,
  0x00, 0x00, 0x00, 0x00, 0x00, 0x00, 0x00, 0x00, 0x00, 0x00, 0x00, 0x00,
  0x00, 0x00, 0x00, 0x00, 0x00, 0x00, 0x00, 0x00, 0x00, 0x00, 0x00, 0x00,
  0x00, 0x00, 0x00, 0x00, 0x00, 0x00, 0x00, 0x00, 0x00, 0x00, 0x00, 0x00,
  0x00, 0x00, 0x00, 0x00, 0x00, 0x00, 0x00, 0x00, 0x00, 0x00, 0x00, 0x00,
  0x00, 0x00, 0x00, 0x00, 0x00, 0x00, 0x00, 0x00, 0x00, 0x00, 0x00, 0x00,
  0x00, 0x00, 0x00, 0x00, 0x00, 0x00, 0xff, 0xff, 0xff, 0xfe, 0xff, 0xfe,
  0xff, 0xfc, 0xff, 0xfc, 0xff, 0xd7, 0xff, 0xb6, 0xff, 0x72, 0xff, 0x10,
  0xfe, 0xad, 0xfe, 0x6b, 0xfe, 0x08, 0xfd, 0xe7, 0xfd, 0xc7, 0xfd, 0xa5,
  0xfd, 0x65, 0xfd, 0x44, 0xf5, 0x23, 0xf5, 0x03, 0xf4, 0xe3, 0xf4, 0xc3,
  0xec, 0x82, 0xec, 0x22, 0xdb, 0xa0, 0xd3, 0x40, 0xcb, 0x20, 0xd3, 0x20,
  0xd3, 0x40, 0xd3, 0x40, 0xdb, 0x60, 0xd3, 0x20, 0xd3, 0x20, 0xd3, 0x40,
  0xd3, 0x40, 0xd3, 0x40, 0xd3, 0x40, 0xd3, 0x21, 0xdb, 0x21, 0xdb, 0x62,
  0xdb, 0x62, 0xdb, 0x42, 0xdb, 0x42, 0xdb, 0x62, 0xdb, 0x62, 0xdb, 0x42,
  0xd3, 0x42, 0xd3, 0x22, 0xd3, 0x22, 0xd3, 0x23, 0xcb, 0x02, 0xcb, 0x03,
  0xcb, 0x23, 0xcb, 0x03, 0xd3, 0x24, 0xd3, 0x44, 0xcb, 0x23, 0xd3, 0x43,
  0xcb, 0x24, 0xcb, 0x04, 0xca, 0xc4, 0xc2, 0xa4, 0xc2, 0x83, 0xc2, 0x63,
  0xc2, 0x84, 0xc2, 0x84, 0xba, 0x64, 0xba, 0x43, 0xb2, 0x43, 0xaa, 0x22,
  0xaa, 0x22, 0xaa, 0x02, 0xa2, 0x02, 0xa1, 0xe1, 0xa1, 0xc1, 0xa1, 0xe1,
  0xaa, 0x02, 0xaa, 0x02, 0xaa, 0x02, 0xa1, 0xc2, 0xb2, 0x03, 0xba, 0x44,
  0xba, 0x44, 0xb2, 0x23, 0xb2, 0x45, 0xba, 0xa7, 0xc2, 0xc7, 0xcb, 0x48,
  0xd3, 0xa9, 0xcb, 0xa8, 0xcb, 0xa8, 0xd3, 0xe8, 0xe4, 0x6a, 0xf5, 0x0d,
  0xfd, 0xaf, 0xfe, 0x72, 0xff, 0x14, 0xfe, 0xd3, 0xff, 0x34, 0xff, 0x74,
  0xff, 0x95, 0xff, 0xb5, 0xff, 0x74, 0xff, 0x13, 0xff, 0x13, 0xfe, 0x91,
  0xfe, 0x70, 0xfd, 0xed, 0xfd, 0x8b, 0xfd, 0x8a, 0xfd, 0xeb, 0xfe, 0x8d,
  0xff, 0x50, 0xfe, 0xef, 0xfe, 0x6d, 0xfe, 0x8f, 0xfe, 0xd1, 0xfe, 0xf2,
  0xff, 0x13, 0xfe, 0xf4, 0xfe, 0xf5, 0xff, 0x55, 0xff, 0xd4, 0xff, 0x94,
  0xff, 0x74, 0xff, 0x74, 0xff, 0x53, 0xff, 0x53, 0xff, 0x11, 0xfe, 0x6f,
  0xfd, 0x4a, 0xfd, 0x6a, 0xf4, 0xc7, 0xe4, 0x44, 0xf4, 0x85, 0xfd, 0x48,
  0xfd, 0x09, 0xf4, 0x87, 0xfd, 0xec, 0xfd, 0xeb, 0xfe, 0x0b, 0xfe, 0x8d,
  0xfe, 0xce, 0xfe, 0xce, 0xfe, 0x8e, 0xfe, 0xaf, 0xff, 0x11, 0xff, 0x31,
  0xff, 0x52, 0xff, 0x52, 0xff, 0x73, 0xff, 0x73, 0xff, 0x54, 0xff, 0x75,
  0xff, 0x76, 0xff, 0x76, 0xff, 0x98, 0xff, 0x9a, 0xff, 0xbb, 0xff, 0xdc,
  0xff, 0xfd, 0xff, 0xfd, 0xff, 0xfc, 0x00, 0x00, 0x00, 0x00, 0x00, 0x00,
  0x00, 0x00, 0x00, 0x00, 0x00, 0x00, 0x00, 0x00, 0x00, 0x00, 0x00, 0x00,
  0x00, 0x00, 0x00, 0x00, 0x00, 0x00, 0x00, 0x00, 0x00, 0x00, 0x00, 0x00,
  0x00, 0x00, 0x00, 0x00, 0x00, 0x00, 0x00, 0x00, 0x00, 0x00, 0x00, 0x00,
  0x00, 0x00, 0x00, 0x00, 0x00, 0x00, 0x00, 0x00, 0x00, 0x00, 0x00, 0x00,
  0x00, 0x00, 0x00, 0x00, 0x00, 0x00, 0x00, 0x00, 0x00, 0x00, 0x00, 0x00,
  0x00, 0x00, 0x00, 0x00, 0x00, 0x00, 0x00, 0x00, 0x00, 0x00, 0x00, 0x00,
  0x00, 0x00, 0x00, 0x00, 0x00, 0x00, 0x00, 0x00, 0x00, 0x00, 0x00, 0x00,
  0x00, 0x00, 0x00, 0x00, 0x00, 0x00, 0x00, 0x00, 0x00, 0x00, 0x00, 0x00,
  0x00, 0x00, 0x00, 0x00, 0x00, 0x00, 0x00, 0x00, 0x00, 0x00, 0x00, 0x00,
  0x00, 0x00, 0x00, 0x00, 0x00, 0x00, 0x00, 0x00, 0x00, 0x00, 0x00, 0x00,
  0x00, 0x00, 0x00, 0x00, 0x00, 0x00, 0x00, 0x00, 0x00, 0x00, 0x00, 0x00,
  0x00, 0x00, 0x00, 0x00, 0x00, 0x00, 0x00, 0x00, 0x00, 0x00, 0x00, 0x00,
  0x00, 0x00, 0x00, 0x00, 0x00, 0x00, 0x00, 0x00, 0xff, 0xfd, 0xff, 0xfd,
  0xff, 0xfa, 0xff, 0xda, 0xff, 0xd7, 0xff, 0xb6, 0xff, 0x52, 0xff, 0x10,
  0xfe, 0xac, 0xfe, 0x4a, 0xfe, 0x09, 0xfd, 0xe7, 0xfd, 0xc7, 0xfd, 0xa6,
  0xfd, 0x65, 0xfd, 0x44, 0xfd, 0x24, 0xf5, 0x03, 0xf4, 0xc3, 0xf4, 0xa3,
  0xf4, 0xc3, 0xf4, 0x83, 0xe4, 0x22, 0xdb, 0xa0, 0xd3, 0x60, 0xd3, 0x20,
  0xcb, 0x20, 0xd3, 0x20, 0xd3, 0x40, 0xd3, 0x40, 0xd3, 0x40, 0xd3, 0x40,
  0xd3, 0x40, 0xd3, 0x61, 0xdb, 0x61, 0xdb, 0x41, 0xd3, 0x21, 0xdb, 0x41,
  0xdb, 0x62, 0xdb, 0x42, 0xdb, 0x42, 0xdb, 0x62, 0xdb, 0x62, 0xdb, 0x42,
  0xd3, 0x42, 0xd3, 0x22, 0xd3, 0x22, 0xd3, 0x22, 0xcb, 0x02, 0xcb, 0x02,
  0xcb, 0x02, 0xcb, 0x03, 0xd3, 0x24, 0xd3, 0x44, 0xd3, 0x43, 0xd3, 0x44,
  0xd3, 0x24, 0xcb, 0x04, 0xca, 0xe4, 0xca, 0xc4, 0xca, 0xa4, 0xc2, 0xa4,
  0xc2, 0x83, 0xc2, 0x84, 0xba, 0x63, 0xba, 0x43, 0xb2, 0x42, 0xaa, 0x22,
  0xaa, 0x02, 0xaa, 0x02, 0xa1, 0xe1, 0x99, 0xa1, 0x99, 0xa0, 0x99, 0xa1,
  0xa1, 0xc1, 0xa1, 0xe1, 0xaa, 0x02, 0xaa, 0x02, 0xb2, 0x44, 0xba, 0x85,
  0xb2, 0x65, 0xaa, 0x65, 0xc3, 0x28, 0xdb, 0xec, 0xec, 0x8d, 0xf4, 0xef,
  0xec, 0x8d, 0xd3, 0xea, 0xdb, 0xea, 0xe4, 0x4b, 0xf4, 0xed, 0xfd, 0x6f,
  0xfd, 0xf1, 0xfe, 0x73, 0xfe, 0xd4, 0xfe, 0xb3, 0xfe, 0xf4, 0xff, 0x34,
  0xff, 0x35, 0xff, 0x74, 0xff, 0x54, 0xff, 0x34, 0xff, 0x14, 0xfe, 0xb1,
  0xfe, 0x0e, 0xfd, 0xcd, 0xfd, 0xcd, 0xfe, 0x2e, 0xfe, 0xb0, 0xff, 0x32,
  0xff, 0x74, 0xff, 0x12, 0xfe, 0xf2, 0xff, 0x54, 0xff, 0x55, 0xff, 0x75,
  0xff, 0x75, 0xff, 0x76, 0xff, 0x76, 0xff, 0x96, 0xff, 0xb6, 0xff, 0x75,
  0xff, 0x75, 0xff, 0x54, 0xff, 0x54, 0xff, 0x53, 0xfe, 0xf1, 0xfe, 0x4f,
  0xf5, 0x8b, 0xf5, 0x2a, 0xec, 0xa6, 0xdc, 0x45, 0xec, 0x85, 0xf5, 0x27,
  0xfd, 0x09, 0xfc, 0xe8, 0xfd, 0xab, 0xfe, 0x0c, 0xfe, 0x4d, 0xfe, 0x6d,
  0xfe, 0x6e, 0xfe, 0x6e, 0xfe, 0xaf, 0xfe, 0xaf, 0xfe, 0xd0, 0xfe, 0xf0,
  0xff, 0x11, 0xff, 0x52, 0xff, 0x73, 0xff, 0x94, 0xff, 0x75, 0xff, 0x75,
  0xff, 0x76, 0xff, 0x76, 0xff, 0x77, 0xff, 0x99, 0xff, 0xba, 0xff, 0xdc,
  0xff, 0xfc, 0xff, 0xfd, 0x00, 0x00, 0x00, 0x00, 0x00, 0x00, 0x00, 0x00,
  0x00, 0x00, 0x00, 0x00, 0x00, 0x00, 0x00, 0x00, 0x00, 0x00, 0x00, 0x00,
  0x00, 0x00, 0x00, 0x00, 0x00, 0x00, 0x00, 0x00, 0x00, 0x00, 0x00, 0x00,
  0x00, 0x00, 0x00, 0x00, 0x00, 0x00, 0x00, 0x00, 0x00, 0x00, 0x00, 0x00,
  0x00, 0x00, 0x00, 0x00, 0x00, 0x00, 0x00, 0x00, 0x00, 0x00, 0x00, 0x00,
  0x00, 0x00, 0x00, 0x00, 0x00, 0x00, 0x00, 0x00, 0x00, 0x00, 0x00, 0x00,
  0x00, 0x00, 0x00, 0x00, 0x00, 0x00, 0x00, 0x00, 0x00, 0x00, 0x00, 0x00,
  0x00, 0x00, 0x00, 0x00, 0x00, 0x00, 0x00, 0x00, 0x00, 0x00, 0x00, 0x00,
  0x00, 0x00, 0x00, 0x00, 0x00, 0x00, 0x00, 0x00, 0x00, 0x00, 0x00, 0x00,
  0x00, 0x00, 0x00, 0x00, 0x00, 0x00, 0x00, 0x00, 0x00, 0x00, 0x00, 0x00,
  0x00, 0x00, 0x00, 0x00, 0x00, 0x00, 0x00, 0x00, 0x00, 0x00, 0x00, 0x00,
  0x00, 0x00, 0x00, 0x00, 0x00, 0x00, 0x00, 0x00, 0x00, 0x00, 0x00, 0x00,
  0x00, 0x00, 0x00, 0x00, 0x00, 0x00, 0x00, 0x00, 0x00, 0x00, 0x00, 0x00,
  0x00, 0x00, 0x00, 0x00, 0x00, 0x00, 0x00, 0x00, 0x00, 0x00, 0xff, 0xfc,
  0xff, 0xd7, 0xff, 0xb6, 0xff, 0xb4, 0xff, 0x73, 0xfe, 0xef, 0xfe, 0x8d,
  0xfe, 0x2a, 0xfd, 0xe8, 0xfd, 0xe8, 0xfd, 0xc7, 0xfd, 0x86, 0xfd, 0x45,
  0xfd, 0x24, 0xfd, 0x03, 0xfc, 0xe4, 0xf4, 0xc3, 0xec, 0x62, 0xf4, 0xa3,
  0xfc, 0xe5, 0xec, 0x83, 0xec, 0x63, 0xe4, 0x02, 0xdb, 0xc1, 0xd3, 0x60,
  0xd3, 0x40, 0xcb, 0x00, 0xcb, 0x20, 0xdb, 0x60, 0xdb, 0x60, 0xd3, 0x61,
  0xdb, 0x81, 0xdb, 0x81, 0xdb, 0x81, 0xdb, 0x62, 0xdb, 0x62, 0xdb, 0x62,
  0xdb, 0x62, 0xdb, 0x42, 0xdb, 0x42, 0xdb, 0x62, 0xdb, 0x42, 0xdb, 0x42,
  0xd3, 0x22, 0xd3, 0x22, 0xd3, 0x22, 0xd3, 0x23, 0xd3, 0x02, 0xcb, 0x03,
  0xcb, 0x23, 0xcb, 0x23, 0xd3, 0x44, 0xd3, 0x64, 0xd3, 0x64, 0xdb, 0x85,
  0xdb, 0x65, 0xd3, 0x45, 0xdb, 0x46, 0xdb, 0x46, 0xdb, 0x26, 0xd3, 0x05,
  0xca, 0xa4, 0xca, 0xa4, 0xc2, 0x84, 0xba, 0x63, 0xba, 0x63, 0xba, 0x63,
  0xb2, 0x63, 0xb2, 0x63, 0xa1, 0xc2, 0x99, 0xa1, 0xa1, 0xa1, 0x99, 0xa1,
  0x99, 0x81, 0x99, 0x81, 0x99, 0xc2, 0xa1, 0xe3, 0xa2, 0x45, 0xaa, 0xa7,
  0xab, 0x29, 0xc4, 0x0d, 0xe5, 0x52, 0xfe, 0x76, 0xfe, 0xf8, 0xfe, 0x76,
  0xfd, 0x92, 0xf4, 0xd0, 0xec, 0xaf, 0xfd, 0x10, 0xfd, 0x71, 0xfd, 0x91,
  0xfd, 0xd2, 0xfe, 0x13, 0xfe, 0x54, 0xfe, 0xb5, 0xfe, 0xd6, 0xfe, 0xf6,
  0xff, 0x36, 0xff, 0x76, 0xff, 0x56, 0xff, 0x35, 0xfe, 0xd4, 0xfe, 0xf1,
  0xfe, 0x2e, 0xfd, 0xce, 0xfe, 0x2f, 0xfe, 0x93, 0xfe, 0xd5, 0xfe, 0xf7,
  0xff, 0x18, 0xff, 0x18, 0xfe, 0xf8, 0xff, 0x17, 0xff, 0x38, 0xff, 0x57,
  0xff, 0x57, 0xff, 0x77, 0xff, 0x75, 0xff, 0x97, 0xff, 0x79, 0xff, 0x37,
  0xff, 0x36, 0xff, 0x56, 0xff, 0x55, 0xff, 0x14, 0xfe, 0x91, 0xfe, 0x30,
  0xfe, 0x90, 0xf5, 0x4b, 0xe4, 0x87, 0xdc, 0x45, 0xdc, 0x45, 0xe4, 0xa6,
  0xf4, 0xe8, 0xfd, 0x49, 0xfd, 0x6a, 0xfd, 0xcc, 0xfe, 0x4e, 0xfe, 0xaf,
  0xfe, 0xd0, 0xfe, 0xb0, 0xfe, 0x8f, 0xfe, 0x4e, 0xfe, 0x8f, 0xfe, 0xd0,
  0xfe, 0xf1, 0xff, 0x32, 0xff, 0x53, 0xff, 0x74, 0xff, 0x75, 0xff, 0xd6,
  0xff, 0x95, 0xff, 0x54, 0xff, 0x76, 0xff, 0x97, 0xff, 0xb9, 0xff, 0xdb,
  0xff, 0xfc, 0x00, 0x00, 0x00, 0x00, 0x00, 0x00, 0x00, 0x00, 0x00, 0x00,
  0x00, 0x00, 0x00, 0x00, 0x00, 0x00, 0x00, 0x00, 0x00, 0x00, 0x00, 0x00,
  0x00, 0x00, 0x00, 0x00, 0x00, 0x00, 0x00, 0x00, 0x00, 0x00, 0x00, 0x00,
  0x00, 0x00, 0x00, 0x00, 0x00, 0x00, 0x00, 0x00, 0x00, 0x00, 0x00, 0x00,
  0x00, 0x00, 0x00, 0x00, 0x00, 0x00, 0x00, 0x00, 0x00, 0x00, 0x00, 0x00,
  0x00, 0x00, 0x00, 0x00, 0x00, 0x00, 0x00, 0x00, 0x00, 0x00, 0x00, 0x00,
  0x00, 0x00, 0x00, 0x00, 0x00, 0x00, 0x00, 0x00, 0x00, 0x00, 0x00, 0x00,
  0x00, 0x00, 0x00, 0x00, 0x00, 0x00, 0x00, 0x00, 0x00, 0x00, 0x00, 0x00,
  0x00, 0x00, 0x00, 0x00, 0x00, 0x00, 0x00, 0x00, 0x00, 0x00, 0x00, 0x00,
  0x00, 0x00, 0x00, 0x00, 0x00, 0x00, 0x00, 0x00, 0x00, 0x00, 0x00, 0x00,
  0x00, 0x00, 0x00, 0x00, 0x00, 0x00, 0x00, 0x00, 0x00, 0x00, 0x00, 0x00,
  0x00, 0x00, 0x00, 0x00, 0x00, 0x00, 0x00, 0x00, 0x00, 0x00, 0x00, 0x00,
  0x00, 0x00, 0x00, 0x00, 0x00, 0x00, 0x00, 0x00, 0x00, 0x00, 0x00, 0x00,
  0x00, 0x00, 0x00, 0x00, 0x00, 0x00, 0x00, 0x00, 0x00, 0x00, 0x00, 0x00,
  0xff, 0xd7, 0xff, 0xb6, 0xff, 0xb4, 0xff, 0x73, 0xfe, 0xef, 0xfe, 0x8d,
  0xfe, 0x2a, 0xfe, 0x09, 0xfe, 0x08, 0xfd, 0xe8, 0xfd, 0x86, 0xfd, 0x65,
  0xfd, 0x24, 0xfd, 0x03, 0xfd, 0x04, 0xf4, 0xe3, 0xec, 0x83, 0xf4, 0xa3,
  0xfd, 0x05, 0xec, 0xa4, 0xec, 0x83, 0xec, 0x22, 0xe3, 0xe1, 0xdb, 0x81,
  0xd3, 0x60, 0xd3, 0x40, 0xd3, 0x20, 0xdb, 0x60, 0xdb, 0x60, 0xdb, 0x61,
  0xdb, 0x81, 0xdb, 0x81, 0xdb, 0x82, 0xdb, 0x62, 0xdb, 0x62, 0xdb, 0x62,
  0xdb, 0x62, 0xdb, 0x42, 0xdb, 0x42, 0xdb, 0x62, 0xdb, 0x42, 0xdb, 0x42,
  0xdb, 0x42, 0xd3, 0x22, 0xd3, 0x22, 0xd3, 0x22, 0xcb, 0x02, 0xcb, 0x02,
  0xcb, 0x02, 0xcb, 0x02, 0xcb, 0x23, 0xd3, 0x43, 0xd3, 0x43, 0xd3, 0x64,
  0xd3, 0x64, 0xd3, 0x45, 0xd3, 0x25, 0xd3, 0x05, 0xd2, 0xe5, 0xca, 0xc4,
  0xc2, 0x83, 0xc2, 0x84, 0xc2, 0x84, 0xba, 0x63, 0xb2, 0x63, 0xb2, 0x43,
  0xaa, 0x22, 0xaa, 0x22, 0xaa, 0x02, 0xaa, 0x03, 0xaa, 0x02, 0xa1, 0xe2,
  0x99, 0xa2, 0x99, 0xa1, 0xa1, 0xe3, 0xb2, 0x45, 0xba, 0xe7, 0xcb, 0xab,
  0xe4, 0xaf, 0xfd, 0xd3, 0xfe, 0xb7, 0xff, 0x59, 0xff, 0x59, 0xff, 0x18,
  0xfe, 0xb7, 0xfe, 0x36, 0xfe, 0x76, 0xfe, 0x96, 0xfe, 0xb6, 0xfe, 0xb6,
  0xfe, 0x95, 0xfe, 0x95, 0xfe, 0x74, 0xfe, 0xb5, 0xfe, 0xd6, 0xff, 0x36,
  0xff, 0x57, 0xff, 0x97, 0xff, 0x56, 0xff, 0x15, 0xfe, 0xb4, 0xfe, 0x90,
  0xf6, 0x0d, 0xfd, 0xef, 0xfe, 0x50, 0xfe, 0xd4, 0xff, 0x15, 0xff, 0x37,
  0xff, 0x58, 0xff, 0x17, 0xff, 0x18, 0xff, 0x38, 0xff, 0x58, 0xff, 0x78,
  0xff, 0x78, 0xff, 0x97, 0xff, 0x96, 0xff, 0x97, 0xff, 0x98, 0xff, 0x57,
  0xff, 0x56, 0xff, 0x76, 0xff, 0x75, 0xff, 0x34, 0xfe, 0x91, 0xfe, 0x0e,
  0xfe, 0x0d, 0xe5, 0x09, 0xe4, 0x86, 0xdc, 0x66, 0xec, 0xc6, 0xf5, 0x08,
  0xfd, 0x49, 0xfd, 0x8a, 0xfd, 0xcc, 0xfe, 0x0d, 0xfe, 0x6e, 0xfe, 0x8f,
  0xfe, 0xaf, 0xfe, 0xaf, 0xfe, 0x8f, 0xfe, 0x8f, 0xfe, 0xd0, 0xff, 0x11,
  0xff, 0x32, 0xff, 0x53, 0xff, 0x74, 0xff, 0x94, 0xff, 0x95, 0xff, 0xd6,
  0xff, 0x96, 0xff, 0x75, 0xff, 0x77, 0xff, 0x98, 0xff, 0xb9, 0xff, 0xdb,
  0x00, 0x00, 0x00, 0x00, 0x00, 0x00, 0x00, 0x00, 0x00, 0x00, 0x00, 0x00,
  0x00, 0x00, 0x00, 0x00, 0x00, 0x00, 0x00, 0x00, 0x00, 0x00, 0x00, 0x00,
  0x00, 0x00, 0x00, 0x00, 0x00, 0x00, 0x00, 0x00, 0x00, 0x00, 0x00, 0x00,
  0x00, 0x00, 0x00, 0x00, 0x00, 0x00, 0x00, 0x00, 0x00, 0x00, 0x00, 0x00,
  0x00, 0x00, 0x00, 0x00, 0x00, 0x00, 0x00, 0x00, 0x00, 0x00, 0x00, 0x00,
  0x00, 0x00, 0x00, 0x00, 0x00, 0x00, 0x00, 0x00, 0x00, 0x00, 0x00, 0x00,
  0x00, 0x00, 0x00, 0x00, 0x00, 0x00, 0x00, 0x00, 0x00, 0x00, 0x00, 0x00,
  0x00, 0x00, 0x00, 0x00, 0x00, 0x00, 0x00, 0x00, 0x00, 0x00, 0x00, 0x00,
  0x00, 0x00, 0x00, 0x00, 0x00, 0x00, 0x00, 0x00, 0x00, 0x00, 0x00, 0x00,
  0x00, 0x00, 0x00, 0x00, 0x00, 0x00, 0x00, 0x00, 0x00, 0x00, 0x00, 0x00,
  0x00, 0x00, 0x00, 0x00, 0x00, 0x00, 0x00, 0x00, 0x00, 0x00, 0x00, 0x00,
  0x00, 0x00, 0x00, 0x00, 0x00, 0x00, 0x00, 0x00, 0x00, 0x00, 0x00, 0x00,
  0x00, 0x00, 0x00, 0x00, 0x00, 0x00, 0x00, 0x00, 0x00, 0x00, 0x00, 0x00,
  0x00, 0x00, 0x00, 0x00, 0x00, 0x00, 0x00, 0x00, 0x00, 0x00, 0x00, 0x00,
  0x00, 0x00, 0xff, 0xb5, 0xff, 0x94, 0xff, 0x53, 0xfe, 0xef, 0xfe, 0x6c,
  0xfe, 0x2a, 0xfe, 0x09, 0xfe, 0x09, 0xfd, 0xe8, 0xfd, 0x86, 0xfd, 0x65,
  0xfd, 0x44, 0xfd, 0x24, 0xfd, 0x04, 0xf4, 0xe4, 0xec, 0xa3, 0xec, 0xe4,
  0xf5, 0x05, 0xec, 0xc4, 0xf4, 0xc4, 0xf4, 0x83, 0xec, 0x42, 0xe3, 0xc2,
  0xdb, 0xa1, 0xdb, 0x60, 0xd3, 0x40, 0xdb, 0x60, 0xdb, 0x60, 0xdb, 0x81,
  0xdb, 0x81, 0xdb, 0x82, 0xdb, 0x82, 0xdb, 0x62, 0xdb, 0x62, 0xdb, 0x62,
  0xdb, 0x62, 0xdb, 0x42, 0xdb, 0x42, 0xdb, 0x62, 0xdb, 0x62, 0xdb, 0x62,
  0xdb, 0x62, 0xd3, 0x42, 0xd3, 0x42, 0xcb, 0x22, 0xcb, 0x22, 0xcb, 0x22,
  0xcb, 0x02, 0xcb, 0x02, 0xcb, 0x23, 0xcb, 0x23, 0xd3, 0x43, 0xd3, 0x64,
  0xd3, 0x64, 0xd3, 0x44, 0xd3, 0x25, 0xca, 0xe5, 0xca, 0xc5, 0xc2, 0xa4,
  0xc2, 0x63, 0xc2, 0x84, 0xc2, 0x84, 0xba, 0x64, 0xb2, 0x63, 0xb2, 0x43,
  0xaa, 0x23, 0xaa, 0x02, 0xaa, 0x23, 0xb2, 0x43, 0xb2, 0x43, 0xb2, 0x63,
  0xaa, 0x23, 0xaa, 0x03, 0xaa, 0x64, 0xba, 0xe7, 0xcb, 0xeb, 0xed, 0x30,
  0xfe, 0x75, 0xff, 0x39, 0xff, 0x7a, 0xff, 0x59, 0xff, 0x39, 0xff, 0xbb,
  0xff, 0xbb, 0xff, 0x7c, 0xff, 0xbc, 0xff, 0x7b, 0xff, 0x3a, 0xff, 0x38,
  0xfe, 0xf7, 0xfe, 0xd7, 0xfe, 0xd6, 0xfe, 0xf7, 0xff, 0x18, 0xff, 0x78,
  0xff, 0x78, 0xff, 0x98, 0xff, 0x98, 0xff, 0x37, 0xfe, 0xd5, 0xfe, 0x70,
  0xf6, 0x2f, 0xfe, 0x31, 0xfe, 0x93, 0xfe, 0xf6, 0xff, 0x38, 0xff, 0x59,
  0xff, 0x59, 0xff, 0x39, 0xff, 0x3a, 0xff, 0x5a, 0xff, 0x5a, 0xff, 0x79,
  0xff, 0x98, 0xff, 0x98, 0xff, 0x97, 0xff, 0x77, 0xff, 0x58, 0xff, 0x57,
  0xff, 0x76, 0xff, 0x76, 0xff, 0x75, 0xff, 0x54, 0xfe, 0x90, 0xf5, 0xed,
  0xfd, 0xcc, 0xe5, 0x08, 0xe4, 0xc6, 0xec, 0xe7, 0xf5, 0x27, 0xf5, 0x68,
  0xfd, 0xaa, 0xfd, 0xeb, 0xfe, 0x2d, 0xfe, 0x4e, 0xfe, 0x8f, 0xfe, 0xaf,
  0xfe, 0xd0, 0xfe, 0xaf, 0xfe, 0xb0, 0xfe, 0xd1, 0xfe, 0xf2, 0xff, 0x33,
  0xff, 0x54, 0xff, 0x54, 0xff, 0x75, 0xff, 0x96, 0xff, 0xb6, 0xff, 0xd7,
  0xff, 0xb7, 0xff, 0x76, 0xff, 0x97, 0xff, 0x98, 0xff, 0xb9, 0x00, 0x00,
  0x00, 0x00, 0x00, 0x00, 0x00, 0x00, 0x00, 0x00, 0x00, 0x00, 0x00, 0x00,
  0x00, 0x00, 0x00, 0x00, 0x00, 0x00, 0x00, 0x00, 0x00, 0x00, 0x00, 0x00,
  0x00, 0x00, 0x00, 0x00, 0x00, 0x00, 0x00, 0x00, 0x00, 0x00, 0x00, 0x00,
  0x00, 0x00, 0x00, 0x00, 0x00, 0x00, 0x00, 0x00, 0x00, 0x00, 0x00, 0x00,
  0x00, 0x00, 0x00, 0x00, 0x00, 0x00, 0x00, 0x00, 0x00, 0x00, 0x00, 0x00,
  0x00, 0x00, 0x00, 0x00, 0x00, 0x00, 0x00, 0x00, 0x00, 0x00, 0x00, 0x00,
  0x00, 0x00, 0x00, 0x00, 0x00, 0x00, 0x00, 0x00, 0x00, 0x00, 0x00, 0x00,
  0x00, 0x00, 0x00, 0x00, 0x00, 0x00, 0x00, 0x00, 0x00, 0x00, 0x00, 0x00,
  0x00, 0x00, 0x00, 0x00, 0x00, 0x00, 0x00, 0x00, 0x00, 0x00, 0x00, 0x00,
  0x00, 0x00, 0x00, 0x00, 0x00, 0x00, 0x00, 0x00, 0x00, 0x00, 0x00, 0x00,
  0x00, 0x00, 0x00, 0x00, 0x00, 0x00, 0x00, 0x00, 0x00, 0x00, 0x00, 0x00,
  0x00, 0x00, 0x00, 0x00, 0x00, 0x00, 0x00, 0x00, 0x00, 0x00, 0x00, 0x00,
  0x00, 0x00, 0x00, 0x00, 0x00, 0x00, 0x00, 0x00, 0x00, 0x00, 0x00, 0x00,
  0x00, 0x00, 0x00, 0x00, 0x00, 0x00, 0x00, 0x00, 0x00, 0x00, 0x00, 0x00,
  0x00, 0x00, 0x00, 0x00, 0xff, 0x94, 0xff, 0x53, 0xfe, 0xef, 0xfe, 0x6c,
  0xfe, 0x2a, 0xfe, 0x09, 0xfe, 0x29, 0xfd, 0xe8, 0xfd, 0xa6, 0xfd, 0x65,
  0xfd, 0x44, 0xfd, 0x24, 0xfd, 0x24, 0xf4, 0xe4, 0xf4, 0xc3, 0xf4, 0xe4,
  0xf5, 0x04, 0xf4, 0xc4, 0xf4, 0xe5, 0xfc, 0xc4, 0xf4, 0x84, 0xec, 0x23,
  0xe3, 0xc1, 0xdb, 0x81, 0xd3, 0x60, 0xdb, 0x60, 0xdb, 0x60, 0xdb, 0x81,
  0xdb, 0x81, 0xdb, 0x82, 0xdb, 0x82, 0xdb, 0x62, 0xdb, 0x62, 0xdb, 0x62,
  0xdb, 0x62, 0xdb, 0x42, 0xdb, 0x42, 0xdb, 0x62, 0xdb, 0x62, 0xdb, 0x62,
  0xdb, 0x62, 0xd3, 0x42, 0xd3, 0x42, 0xd3, 0x22, 0xcb, 0x22, 0xcb, 0x22,
  0xcb, 0x02, 0xcb, 0x02, 0xcb, 0x03, 0xcb, 0x23, 0xcb, 0x23, 0xd3, 0x43,
  0xd3, 0x44, 0xd3, 0x24, 0xcb, 0x05, 0xca, 0xe4, 0xca, 0xa4, 0xc2, 0xa4,
  0xc2, 0x63, 0xc2, 0x84, 0xc2, 0x84, 0xba, 0x64, 0xb2, 0x63, 0xb2, 0x63,
  0xaa, 0x43, 0xaa, 0x23, 0xb2, 0x43, 0xaa, 0x23, 0xaa, 0x22, 0xaa, 0x23,
  0xaa, 0x23, 0xb2, 0x44, 0xba, 0xc6, 0xdb, 0xaa, 0xf4, 0xef, 0xfe, 0x34,
  0xff, 0x18, 0xff, 0x79, 0xff, 0x9a, 0xff, 0x9a, 0xff, 0x79, 0xff, 0x7a,
  0xff, 0x9b, 0xff, 0x9c, 0xff, 0x9c, 0xff, 0x7b, 0xff, 0x5a, 0xff, 0x39,
  0xff, 0x38, 0xff, 0x38, 0xff, 0x38, 0xff, 0x38, 0xff, 0x58, 0xff, 0x78,
  0xff, 0x58, 0xff, 0x78, 0xff, 0x98, 0xff, 0x37, 0xfe, 0xb5, 0xf6, 0x2f,
  0xfe, 0x90, 0xfe, 0xb3, 0xfe, 0xd4, 0xfe, 0xf6, 0xfe, 0xf7, 0xff, 0x18,
  0xff, 0x39, 0xff, 0x59, 0xff, 0x5a, 0xff, 0x9a, 0xff, 0x9a, 0xff, 0x99,
  0xff, 0xb9, 0xff, 0xb8, 0xff, 0xb8, 0xff, 0x77, 0xff, 0x37, 0xff, 0x77,
  0xff, 0x77, 0xff, 0x76, 0xff, 0x75, 0xff, 0x13, 0xfe, 0x6f, 0xfe, 0x0e,
  0xfd, 0xcc, 0xe5, 0x08, 0xec, 0xe7, 0xed, 0x28, 0xf5, 0x48, 0xfd, 0x89,
  0xfd, 0xcb, 0xfe, 0x0c, 0xfe, 0x6e, 0xfe, 0x8f, 0xfe, 0xaf, 0xfe, 0xaf,
  0xfe, 0xd0, 0xfe, 0xd0, 0xfe, 0xd1, 0xff, 0x12, 0xff, 0x12, 0xff, 0x33,
  0xff, 0x54, 0xff, 0x54, 0xff, 0x75, 0xff, 0x96, 0xff, 0xb6, 0xff, 0xd7,
  0xff, 0xb7, 0xff, 0x96, 0xff, 0x97, 0xff, 0xb9, 0x00, 0x00, 0x00, 0x00,
  0x00, 0x00, 0x00, 0x00, 0x00, 0x00, 0x00, 0x00, 0x00, 0x00, 0x00, 0x00,
  0x00, 0x00, 0x00, 0x00, 0x00, 0x00, 0x00, 0x00, 0x00, 0x00, 0x00, 0x00,
  0x00, 0x00, 0x00, 0x00, 0x00, 0x00, 0x00, 0x00, 0x00, 0x00, 0x00, 0x00,
  0x00, 0x00, 0x00, 0x00, 0x00, 0x00, 0x00, 0x00, 0x00, 0x00, 0x00, 0x00,
  0x00, 0x00, 0x00, 0x00, 0x00, 0x00, 0x00, 0x00, 0x00, 0x00, 0x00, 0x00,
  0x00, 0x00, 0x00, 0x00, 0x00, 0x00, 0x00, 0x00, 0x00, 0x00, 0x00, 0x00,
  0x00, 0x00, 0x00, 0x00, 0x00, 0x00, 0x00, 0x00, 0x00, 0x00, 0x00, 0x00,
  0x00, 0x00, 0x00, 0x00, 0x00, 0x00, 0x00, 0x00, 0x00, 0x00, 0x00, 0x00,
  0x00, 0x00, 0x00, 0x00, 0x00, 0x00, 0x00, 0x00, 0x00, 0x00, 0x00, 0x00,
  0x00, 0x00, 0x00, 0x00, 0x00, 0x00, 0x00, 0x00, 0x00, 0x00, 0x00, 0x00,
  0x00, 0x00, 0x00, 0x00, 0x00, 0x00, 0x00, 0x00, 0x00, 0x00, 0x00, 0x00,
  0x00, 0x00, 0x00, 0x00, 0x00, 0x00, 0x00, 0x00, 0x00, 0x00, 0x00, 0x00,
  0x00, 0x00, 0x00, 0x00, 0x00, 0x00, 0x00, 0x00, 0x00, 0x00, 0x00, 0x00,
  0x00, 0x00, 0x00, 0x00, 0x00, 0x00, 0x00, 0x00, 0x00, 0x00, 0x00, 0x00,
  0x00, 0x00, 0x00, 0x00, 0x00, 0x00, 0x00, 0x00, 0xfe, 0xce, 0xfe, 0x6c,
  0xfe, 0x2a, 0xfe, 0x09, 0xfe, 0x29, 0xfe, 0x08, 0xfd, 0xa6, 0xfd, 0x65,
  0xfd, 0x45, 0xfd, 0x24, 0xf5, 0x24, 0xf5, 0x04, 0xf5, 0x04, 0xf5, 0x04,
  0xec, 0xe4, 0xec, 0xc4, 0xf5, 0x05, 0xfd, 0x05, 0xfc, 0xe5, 0xf4, 0x64,
  0xec, 0x02, 0xe3, 0xc1, 0xd3, 0x60, 0xdb, 0x60, 0xdb, 0x80, 0xdb, 0x81,
  0xdb, 0x81, 0xdb, 0x82, 0xdb, 0x82, 0xdb, 0x62, 0xdb, 0x62, 0xdb, 0x62,
  0xdb, 0x62, 0xdb, 0x42, 0xdb, 0x42, 0xdb, 0x62, 0xdb, 0x62, 0xdb, 0x62,
  0xdb, 0x62, 0xd3, 0x42, 0xd3, 0x42, 0xd3, 0x22, 0xcb, 0x22, 0xcb, 0x22,
  0xcb, 0x02, 0xcb, 0x02, 0xcb, 0x02, 0xcb, 0x02, 0xcb, 0x23, 0xcb, 0x23,
  0xcb, 0x24, 0xcb, 0x24, 0xcb, 0x05, 0xca, 0xe4, 0xca, 0xc5, 0xca, 0xc4,
  0xc2, 0x84, 0xca, 0xa5, 0xca, 0xa5, 0xc2, 0x84, 0xba, 0x84, 0xba, 0x64,
  0xb2, 0x64, 0xaa, 0x23, 0xb2, 0x63, 0xaa, 0x43, 0xaa, 0x22, 0xaa, 0x23,
  0xaa, 0x43, 0xba, 0x84, 0xcb, 0x68, 0xf4, 0xad, 0xfd, 0xd2, 0xfe, 0x74,
  0xfe, 0xf6, 0xff, 0x16, 0xff, 0x58, 0xff, 0x99, 0xff, 0xba, 0xff, 0xba,
  0xff, 0xbb, 0xff, 0x9b, 0xff, 0x7b, 0xff, 0x9b, 0xff, 0x9b, 0xff, 0x79,
  0xff, 0x7a, 0xff, 0xba, 0xff, 0xba, 0xff, 0x9a, 0xff, 0x9a, 0xff, 0x9a,
  0xff, 0x79, 0xff, 0x79, 0xff, 0x79, 0xff, 0x36, 0xf6, 0xb5, 0xf6, 0x51,
  0xfe, 0xd3, 0xfe, 0xd5, 0xff, 0x16, 0xff, 0x39, 0xff, 0x39, 0xff, 0x5a,
  0xff, 0x7a, 0xff, 0x5a, 0xff, 0x7a, 0xff, 0x9b, 0xff, 0x9b, 0xff, 0x9a,
  0xff, 0x99, 0xff, 0x99, 0xff, 0x99, 0xff, 0x58, 0xff, 0x58, 0xff, 0xd9,
  0xff, 0x76, 0xff, 0x96, 0xff, 0xd6, 0xfe, 0x70, 0xf5, 0xcc, 0xfe, 0x8f,
  0xfe, 0x4c, 0xed, 0x48, 0xed, 0x47, 0xf5, 0x68, 0xf5, 0x88, 0xf5, 0x89,
  0xf5, 0xca, 0xfe, 0x0b, 0xfe, 0xae, 0xfe, 0xcf, 0xfe, 0xd0, 0xfe, 0xd0,
  0xfe, 0xf1, 0xfe, 0xf1, 0xff, 0x12, 0xff, 0x33, 0xff, 0x33, 0xff, 0x34,
  0xff, 0x34, 0xff, 0x34, 0xff, 0x55, 0xff, 0x96, 0xff, 0x97, 0xff, 0xb8,
  0xff, 0xb7, 0xff, 0xb7, 0x00, 0x00, 0x00, 0x00, 0x00, 0x00, 0x00, 0x00,
  0x00, 0x00, 0x00, 0x00, 0x00, 0x00, 0x00, 0x00, 0x00, 0x00, 0x00, 0x00,
  0x00, 0x00, 0x00, 0x00, 0x00, 0x00, 0x00, 0x00, 0x00, 0x00, 0x00, 0x00,
  0x00, 0x00, 0x00, 0x00, 0x00, 0x00, 0x00, 0x00, 0x00, 0x00, 0x00, 0x00,
  0x00, 0x00, 0x00, 0x00, 0x00, 0x00, 0x00, 0x00, 0x00, 0x00, 0x00, 0x00,
  0x00, 0x00, 0x00, 0x00, 0x00, 0x00, 0x00, 0x00, 0x00, 0x00, 0x00, 0x00,
  0x00, 0x00, 0x00, 0x00, 0x00, 0x00, 0x00, 0x00, 0x00, 0x00, 0x00, 0x00,
  0x00, 0x00, 0x00, 0x00, 0x00, 0x00, 0x00, 0x00, 0x00, 0x00, 0x00, 0x00,
  0x00, 0x00, 0x00, 0x00, 0x00, 0x00, 0x00, 0x00, 0x00, 0x00, 0x00, 0x00,
  0x00, 0x00, 0x00, 0x00, 0x00, 0x00, 0x00, 0x00, 0x00, 0x00, 0x00, 0x00,
  0x00, 0x00, 0x00, 0x00, 0x00, 0x00, 0x00, 0x00, 0x00, 0x00, 0x00, 0x00,
  0x00, 0x00, 0x00, 0x00, 0x00, 0x00, 0x00, 0x00, 0x00, 0x00, 0x00, 0x00,
  0x00, 0x00, 0x00, 0x00, 0x00, 0x00, 0x00, 0x00, 0x00, 0x00, 0x00, 0x00,
  0x00, 0x00, 0x00, 0x00, 0x00, 0x00, 0x00, 0x00, 0x00, 0x00, 0x00, 0x00,
  0x00, 0x00, 0x00, 0x00, 0x00, 0x00, 0x00, 0x00, 0x00, 0x00, 0x00, 0x00,
  0x00, 0x00, 0x00, 0x00, 0x00, 0x00, 0x00, 0x00, 0x00, 0x00, 0xfe, 0x6c,
  0xfe, 0x2a, 0xfe, 0x09, 0xfe, 0x29, 0xfe, 0x08, 0xfd, 0xa6, 0xfd, 0x65,
  0xfd, 0x45, 0xfd, 0x24, 0xf5, 0x24, 0xf5, 0x04, 0xf5, 0x04, 0xf5, 0x04,
  0xec, 0xc4, 0xec, 0xc4, 0xf5, 0x05, 0xfd, 0x26, 0xfd, 0x26, 0xfc, 0xa5,
  0xec, 0x43, 0xe3, 0xe2, 0xd3, 0x60, 0xdb, 0x60, 0xdb, 0x80, 0xdb, 0x81,
  0xdb, 0x81, 0xdb, 0x82, 0xdb, 0x82, 0xdb, 0x62, 0xdb, 0x62, 0xdb, 0x62,
  0xdb, 0x62, 0xdb, 0x42, 0xdb, 0x42, 0xdb, 0x62, 0xdb, 0x62, 0xdb, 0x62,
  0xdb, 0x62, 0xd3, 0x42, 0xd3, 0x42, 0xd3, 0x22, 0xcb, 0x22, 0xcb, 0x22,
  0xcb, 0x02, 0xcb, 0x02, 0xcb, 0x02, 0xcb, 0x02, 0xcb, 0x02, 0xcb, 0x03,
  0xcb, 0x23, 0xcb, 0x24, 0xd3, 0x05, 0xca, 0xe5, 0xca, 0xe5, 0xca, 0xe5,
  0xca, 0xc5, 0xca, 0xe5, 0xca, 0xe5, 0xca, 0xa5, 0xba, 0xa4, 0xba, 0x84,
  0xba, 0x84, 0xaa, 0x23, 0xb2, 0x43, 0xb2, 0x63, 0xb2, 0x64, 0xba, 0xa4,
  0xc2, 0xe5, 0xd3, 0x67, 0xf4, 0x6c, 0xfd, 0x91, 0xfe, 0x12, 0xfe, 0x12,
  0xfe, 0x33, 0xfe, 0x94, 0xff, 0x16, 0xff, 0x78, 0xff, 0x99, 0xff, 0xba,
  0xff, 0xbb, 0xff, 0x9b, 0xff, 0x7a, 0xff, 0x9b, 0xff, 0x7a, 0xff, 0x79,
  0xff, 0x9a, 0xff, 0xdb, 0xff, 0xfb, 0xff, 0xba, 0xff, 0xba, 0xff, 0xba,
  0xff, 0xba, 0xff, 0xb9, 0xff, 0x99, 0xff, 0x36, 0xf6, 0xb4, 0xfe, 0x92,
  0xff, 0x14, 0xff, 0x16, 0xff, 0x57, 0xff, 0x59, 0xff, 0x5a, 0xff, 0x7a,
  0xff, 0x7b, 0xff, 0x7a, 0xff, 0x7a, 0xff, 0x9b, 0xff, 0x9a, 0xff, 0x9a,
  0xff, 0x99, 0xff, 0x99, 0xff, 0x98, 0xff, 0x37, 0xff, 0x57, 0xff, 0xd9,
  0xff, 0x77, 0xff, 0x76, 0xff, 0x95, 0xfe, 0x50, 0xf5, 0xcc, 0xfe, 0x4e,
  0xfe, 0x0b, 0xe5, 0x28, 0xed, 0x47, 0xf5, 0x68, 0xf5, 0xa9, 0xfd, 0xa9,
  0xfd, 0xeb, 0xfe, 0x2c, 0xfe, 0xcf, 0xfe, 0xf0, 0xfe, 0xd0, 0xfe, 0xd0,
  0xfe, 0xf1, 0xff, 0x32, 0xff, 0x33, 0xff, 0x74, 0xff, 0x34, 0xff, 0x13,
  0xff, 0x34, 0xff, 0x34, 0xff, 0x55, 0xff, 0x76, 0xff, 0x97, 0xff, 0xb8,
  0xff, 0xb8, 0x00, 0x00, 0x00, 0x00, 0x00, 0x00, 0x00, 0x00, 0x00, 0x00,
  0x00, 0x00, 0x00, 0x00, 0x00, 0x00, 0x00, 0x00, 0x00, 0x00, 0x00, 0x00,
  0x00, 0x00, 0x00, 0x00, 0x00, 0x00, 0x00, 0x00, 0x00, 0x00, 0x00, 0x00,
  0x00, 0x00, 0x00, 0x00, 0x00, 0x00, 0x00, 0x00, 0x00, 0x00, 0x00, 0x00,
  0x00, 0x00, 0x00, 0x00, 0x00, 0x00, 0x00, 0x00, 0x00, 0x00, 0x00, 0x00,
  0x00, 0x00, 0x00, 0x00, 0x00, 0x00, 0x00, 0x00, 0x00, 0x00, 0x00, 0x00,
  0x00, 0x00, 0x00, 0x00, 0x00, 0x00, 0x00, 0x00, 0x00, 0x00, 0x00, 0x00,
  0x00, 0x00, 0x00, 0x00, 0x00, 0x00, 0x00, 0x00, 0x00, 0x00, 0x00, 0x00,
  0x00, 0x00, 0x00, 0x00, 0x00, 0x00, 0x00, 0x00, 0x00, 0x00, 0x00, 0x00,
  0x00, 0x00, 0x00, 0x00, 0x00, 0x00, 0x00, 0x00, 0x00, 0x00, 0x00, 0x00,
  0x00, 0x00, 0x00, 0x00, 0x00, 0x00, 0x00, 0x00, 0x00, 0x00, 0x00, 0x00,
  0x00, 0x00, 0x00, 0x00, 0x00, 0x00, 0x00, 0x00, 0x00, 0x00, 0x00, 0x00,
  0x00, 0x00, 0x00, 0x00, 0x00, 0x00, 0x00, 0x00, 0x00, 0x00, 0x00, 0x00,
  0x00, 0x00, 0x00, 0x00, 0x00, 0x00, 0x00, 0x00, 0x00, 0x00, 0x00, 0x00,
  0x00, 0x00, 0x00, 0x00, 0x00, 0x00, 0x00, 0x00, 0x00, 0x00, 0x00, 0x00,
  0x00, 0x00, 0x00, 0x00, 0x00, 0x00, 0x00, 0x00, 0x00, 0x00, 0x00, 0x00,
  0xfe, 0x2a, 0xfd, 0xe9, 0xfe, 0x29, 0xfe, 0x08, 0xfd, 0xa6, 0xfd, 0x65,
  0xfd, 0x45, 0xfd, 0x45, 0xf5, 0x25, 0xf5, 0x04, 0xf5, 0x04, 0xed, 0x04,
  0xec, 0xc3, 0xec, 0xc3, 0xf5, 0x05, 0xfd, 0x26, 0xfd, 0x26, 0xfc, 0xe6,
  0xf4, 0x84, 0xe3, 0xe2, 0xd3, 0x60, 0xdb, 0x60, 0xdb, 0x80, 0xdb, 0x81,
  0xdb, 0x81, 0xdb, 0x82, 0xdb, 0x82, 0xdb, 0x82, 0xdb, 0x62, 0xdb, 0x82,
  0xdb, 0x82, 0xe3, 0x62, 0xe3, 0x62, 0xdb, 0x82, 0xdb, 0x82, 0xdb, 0x83,
  0xdb, 0x83, 0xdb, 0x62, 0xd3, 0x42, 0xd3, 0x42, 0xd3, 0x42, 0xcb, 0x22,
  0xcb, 0x22, 0xcb, 0x22, 0xcb, 0x23, 0xcb, 0x02, 0xcb, 0x03, 0xcb, 0x03,
  0xcb, 0x23, 0xd3, 0x24, 0xd3, 0x25, 0xcb, 0x05, 0xca, 0xe5, 0xca, 0xe5,
  0xca, 0xc5, 0xd2, 0xe5, 0xca, 0xe6, 0xca, 0xc5, 0xc2, 0xc5, 0xba, 0xa4,
  0xba, 0x84, 0xb2, 0x43, 0xb2, 0x63, 0xba, 0x84, 0xba, 0x84, 0xba, 0x84,
  0xc2, 0xc5, 0xd3, 0x67, 0xec, 0x4b, 0xfc, 0xed, 0xfd, 0x2e, 0xfd, 0x6f,
  0xfe, 0x11, 0xfe, 0x73, 0xfe, 0xd4, 0xff, 0x16, 0xff, 0x77, 0xff, 0xb8,
  0xff, 0xba, 0xff, 0x9b, 0xff, 0x7a, 0xff, 0xbb, 0xff, 0x9a, 0xff, 0x9a,
  0xff, 0xba, 0xff, 0xfb, 0xff, 0xfb, 0xff, 0xfa, 0xff, 0xda, 0xff, 0xb9,
  0xff, 0xd9, 0xff, 0xb8, 0xff, 0x57, 0xf6, 0xd4, 0xee, 0x73, 0xf6, 0x53,
  0xff, 0x36, 0xff, 0x39, 0xff, 0x59, 0xff, 0x7b, 0xff, 0x7b, 0xff, 0x9b,
  0xff, 0x7b, 0xff, 0x7a, 0xff, 0x7a, 0xff, 0x9b, 0xff, 0x9a, 0xff, 0x7a,
  0xff, 0x99, 0xff, 0x79, 0xff, 0x99, 0xff, 0x37, 0xff, 0x36, 0xff, 0xf9,
  0xff, 0x96, 0xff, 0x75, 0xff, 0x53, 0xfe, 0x2e, 0xf5, 0xcb, 0xfe, 0x4d,
  0xfd, 0xca, 0xe5, 0x27, 0xed, 0x68, 0xf5, 0xa8, 0xf5, 0xea, 0xfd, 0xea,
  0xfe, 0x2c, 0xfe, 0x6d, 0xff, 0x10, 0xff, 0x10, 0xfe, 0xd1, 0xfe, 0xd1,
  0xff, 0x12, 0xff, 0x53, 0xff, 0x74, 0xff, 0x95, 0xff, 0x54, 0xff, 0x34,
  0xff, 0x34, 0xff, 0x35, 0xff, 0x75, 0xff, 0x96, 0xff, 0xd7, 0xff, 0xd8,
  0x00, 0x00, 0x00, 0x00, 0x00, 0x00, 0x00, 0x00, 0x00, 0x00, 0x00, 0x00,
  0x00, 0x00, 0x00, 0x00, 0x00, 0x00, 0x00, 0x00, 0x00, 0x00, 0x00, 0x00,
  0x00, 0x00, 0x00, 0x00, 0x00, 0x00, 0x00, 0x00, 0x00, 0x00, 0x00, 0x00,
  0x00, 0x00, 0x00, 0x00, 0x00, 0x00, 0x00, 0x00, 0x00, 0x00, 0x00, 0x00,
  0x00, 0x00, 0x00, 0x00, 0x00, 0x00, 0x00, 0x00, 0x00, 0x00, 0x00, 0x00,
  0x00, 0x00, 0x00, 0x00, 0x00, 0x00, 0x00, 0x00, 0x00, 0x00, 0x00, 0x00,
  0x00, 0x00, 0x00, 0x00, 0x00, 0x00, 0x00, 0x00, 0x00, 0x00, 0x00, 0x00,
  0x00, 0x00, 0x00, 0x00, 0x00, 0x00, 0x00, 0x00, 0x00, 0x00, 0x00, 0x00,
  0x00, 0x00, 0x00, 0x00, 0x00, 0x00, 0x00, 0x00, 0x00, 0x00, 0x00, 0x00,
  0x00, 0x00, 0x00, 0x00, 0x00, 0x00, 0x00, 0x00, 0x00, 0x00, 0x00, 0x00,
  0x00, 0x00, 0x00, 0x00, 0x00, 0x00, 0x00, 0x00, 0x00, 0x00, 0x00, 0x00,
  0x00, 0x00, 0x00, 0x00, 0x00, 0x00, 0x00, 0x00, 0x00, 0x00, 0x00, 0x00,
  0x00, 0x00, 0x00, 0x00, 0x00, 0x00, 0x00, 0x00, 0x00, 0x00, 0x00, 0x00,
  0x00, 0x00, 0x00, 0x00, 0x00, 0x00, 0x00, 0x00, 0x00, 0x00, 0x00, 0x00,
  0x00, 0x00, 0x00, 0x00, 0x00, 0x00, 0x00, 0x00, 0x00, 0x00, 0x00, 0x00,
  0x00, 0x00, 0x00, 0x00, 0x00, 0x00, 0x00, 0x00, 0x00, 0x00, 0x00, 0x00,
  0x00, 0x00, 0x00, 0x00, 0xfe, 0x08, 0xfd, 0xe7, 0xfd, 0x86, 0xfd, 0x65,
  0xfd, 0x45, 0xfd, 0x45, 0xfd, 0x25, 0xf5, 0x04, 0xf5, 0x04, 0xed, 0x04,
  0xec, 0xe4, 0xec, 0xc4, 0xf4, 0xe4, 0xfd, 0x05, 0xfd, 0x26, 0xfc, 0xe6,
  0xf4, 0x84, 0xec, 0x02, 0xdb, 0x81, 0xdb, 0x81, 0xdb, 0x81, 0xdb, 0x81,
  0xdb, 0x81, 0xdb, 0x82, 0xdb, 0xa2, 0xe3, 0x82, 0xdb, 0x82, 0xe3, 0x82,
  0xe3, 0x82, 0xe3, 0x83, 0xe3, 0x83, 0xe3, 0x83, 0xe3, 0x83, 0xe3, 0x83,
  0xe3, 0x83, 0xdb, 0x83, 0xdb, 0x62, 0xd3, 0x42, 0xd3, 0x42, 0xd3, 0x42,
  0xd3, 0x42, 0xd3, 0x23, 0xcb, 0x23, 0xcb, 0x02, 0xcb, 0x03, 0xcb, 0x23,
  0xcb, 0x24, 0xcb, 0x24, 0xcb, 0x25, 0xcb, 0x05, 0xca, 0xe5, 0xca, 0xe5,
  0xca, 0xc5, 0xca, 0xe5, 0xca, 0xe6, 0xca, 0xc5, 0xc2, 0xc5, 0xba, 0xa4,
  0xba, 0xa4, 0xb2, 0x43, 0xba, 0xa4, 0xc2, 0xc5, 0xc2, 0xe5, 0xc3, 0x06,
  0xcb, 0x26, 0xd3, 0x67, 0xe4, 0x09, 0xf4, 0x8b, 0xf4, 0xcd, 0xfd, 0x2e,
  0xfd, 0xf1, 0xfe, 0x73, 0xfe, 0xb4, 0xfe, 0xf5, 0xff, 0x37, 0xff, 0x98,
  0xff, 0x99, 0xff, 0x7b, 0xff, 0x7a, 0xff, 0xbb, 0xff, 0xbb, 0xff, 0x9a,
  0xff, 0x9a, 0xff, 0xda, 0xff, 0xfb, 0xff, 0xd9, 0xff, 0xd9, 0xff, 0x98,
  0xff, 0x98, 0xff, 0x36, 0xf6, 0xb4, 0xe6, 0x32, 0xe6, 0x32, 0xf6, 0x73,
  0xff, 0x57, 0xff, 0x59, 0xff, 0x7a, 0xff, 0x9b, 0xff, 0x9b, 0xff, 0x9b,
  0xff, 0x9b, 0xff, 0x7a, 0xff, 0x7a, 0xff, 0x9a, 0xff, 0x7a, 0xff, 0x79,
  0xff, 0x79, 0xff, 0x58, 0xff, 0x79, 0xff, 0x37, 0xff, 0x36, 0xff, 0xf9,
  0xff, 0x96, 0xff, 0x34, 0xff, 0x12, 0xfe, 0x2e, 0xf5, 0xec, 0xfe, 0x4d,
  0xf5, 0xa9, 0xed, 0x48, 0xf5, 0x88, 0xfd, 0xc9, 0xfd, 0xea, 0xfe, 0x2b,
  0xfe, 0x6d, 0xfe, 0xae, 0xff, 0x11, 0xff, 0x10, 0xfe, 0xf1, 0xfe, 0xd1,
  0xff, 0x12, 0xff, 0x74, 0xff, 0x95, 0xff, 0xb6, 0xff, 0x54, 0xff, 0x34,
  0xff, 0x55, 0xff, 0x55, 0xff, 0x76, 0xff, 0xb6, 0x00, 0x00, 0x00, 0x00,
  0x00, 0x00, 0x00, 0x00, 0x00, 0x00, 0x00, 0x00, 0x00, 0x00, 0x00, 0x00,
  0x00, 0x00, 0x00, 0x00, 0x00, 0x00, 0x00, 0x00, 0x00, 0x00, 0x00, 0x00,
  0x00, 0x00, 0x00, 0x00, 0x00, 0x00, 0x00, 0x00, 0x00, 0x00, 0x00, 0x00,
  0x00, 0x00, 0x00, 0x00, 0x00, 0x00, 0x00, 0x00, 0x00, 0x00, 0x00, 0x00,
  0x00, 0x00, 0x00, 0x00, 0x00, 0x00, 0x00, 0x00, 0x00, 0x00, 0x00, 0x00,
  0x00, 0x00, 0x00, 0x00, 0x00, 0x00, 0x00, 0x00, 0x00, 0x00, 0x00, 0x00,
  0x00, 0x00, 0x00, 0x00, 0x00, 0x00, 0x00, 0x00, 0x00, 0x00, 0x00, 0x00,
  0x00, 0x00, 0x00, 0x00, 0x00, 0x00, 0x00, 0x00, 0x00, 0x00, 0x00, 0x00,
  0x00, 0x00, 0x00, 0x00, 0x00, 0x00, 0x00, 0x00, 0x00, 0x00, 0x00, 0x00,
  0x00, 0x00, 0x00, 0x00, 0x00, 0x00, 0x00, 0x00, 0x00, 0x00, 0x00, 0x00,
  0x00, 0x00, 0x00, 0x00, 0x00, 0x00, 0x00, 0x00, 0x00, 0x00, 0x00, 0x00,
  0x00, 0x00, 0x00, 0x00, 0x00, 0x00, 0x00, 0x00, 0x00, 0x00, 0x00, 0x00,
  0x00, 0x00, 0x00, 0x00, 0x00, 0x00, 0x00, 0x00, 0x00, 0x00, 0x00, 0x00,
  0x00, 0x00, 0x00, 0x00, 0x00, 0x00, 0x00, 0x00, 0x00, 0x00, 0x00, 0x00,
  0x00, 0x00, 0x00, 0x00, 0x00, 0x00, 0x00, 0x00, 0x00, 0x00, 0x00, 0x00,
  0x00, 0x00, 0x00, 0x00, 0x00, 0x00, 0x00, 0x00, 0x00, 0x00, 0x00, 0x00,
  0x00, 0x00, 0x00, 0x00, 0x00, 0x00, 0xfe, 0x08, 0xfd, 0xa6, 0xfd, 0x65,
  0xfd, 0x65, 0xfd, 0x45, 0xf5, 0x45, 0xf5, 0x25, 0xf5, 0x04, 0xf5, 0x25,
  0xf5, 0x25, 0xf5, 0x25, 0xf5, 0x05, 0xf4, 0xe5, 0xfc, 0xe5, 0xfc, 0xc5,
  0xf4, 0x84, 0xec, 0x23, 0xe3, 0xe2, 0xdb, 0x81, 0xdb, 0x80, 0xd3, 0x81,
  0xd3, 0x81, 0xdb, 0x61, 0xdb, 0x81, 0xdb, 0x62, 0xdb, 0x62, 0xe3, 0x82,
  0xe3, 0x82, 0xe3, 0x83, 0xe3, 0x83, 0xe3, 0x83, 0xe3, 0x83, 0xe3, 0x83,
  0xe3, 0x83, 0xdb, 0x83, 0xdb, 0x62, 0xd3, 0x42, 0xd3, 0x42, 0xd3, 0x42,
  0xd3, 0x42, 0xd3, 0x23, 0xcb, 0x23, 0xcb, 0x02, 0xcb, 0x03, 0xcb, 0x23,
  0xcb, 0x24, 0xcb, 0x04, 0xcb, 0x04, 0xc2, 0xe4, 0xc2, 0xe4, 0xc2, 0xe4,
  0xcb, 0x05, 0xcb, 0x25, 0xcb, 0x06, 0xcb, 0x05, 0xcb, 0x06, 0xc2, 0xe5,
  0xba, 0xc5, 0xba, 0x84, 0xb2, 0x83, 0xc2, 0xe4, 0xd3, 0x87, 0xe4, 0x09,
  0xec, 0x29, 0xe4, 0x08, 0xdb, 0xc8, 0xdb, 0xa7, 0xdc, 0x09, 0xf4, 0xcb,
  0xfd, 0x8e, 0xfe, 0x30, 0xfe, 0x92, 0xfe, 0xb3, 0xfe, 0xf4, 0xff, 0x35,
  0xff, 0x56, 0xff, 0x78, 0xff, 0x58, 0xff, 0x9a, 0xff, 0xba, 0xff, 0x7a,
  0xff, 0x59, 0xff, 0x99, 0xff, 0xba, 0xff, 0xf9, 0xff, 0xb9, 0xff, 0xb7,
  0xff, 0x76, 0xfe, 0xd3, 0xf6, 0x51, 0xee, 0x52, 0xf6, 0x93, 0xfe, 0xb6,
  0xff, 0x38, 0xff, 0x3a, 0xff, 0x5a, 0xff, 0x7a, 0xff, 0x7a, 0xff, 0x79,
  0xff, 0x79, 0xff, 0x79, 0xff, 0x79, 0xff, 0x99, 0xff, 0x79, 0xff, 0x78,
  0xff, 0x78, 0xff, 0x58, 0xff, 0x59, 0xff, 0x77, 0xff, 0xd7, 0xff, 0xf8,
  0xff, 0x55, 0xff, 0x13, 0xff, 0x53, 0xfe, 0xd0, 0xfe, 0xae, 0xfe, 0xae,
  0xf5, 0xa9, 0xed, 0x68, 0xf5, 0xa9, 0xfd, 0xea, 0xfe, 0x2b, 0xfe, 0x6c,
  0xfe, 0xaf, 0xfe, 0xf0, 0xfe, 0xd0, 0xfe, 0xf0, 0xff, 0x12, 0xff, 0x33,
  0xff, 0x75, 0xff, 0x75, 0xff, 0x75, 0xff, 0x55, 0xff, 0x34, 0xff, 0x34,
  0xff, 0x55, 0xff, 0x55, 0xff, 0x76, 0x00, 0x00, 0x00, 0x00, 0x00, 0x00,
  0x00, 0x00, 0x00, 0x00, 0x00, 0x00, 0x00, 0x00, 0x00, 0x00, 0x00, 0x00,
  0x00, 0x00, 0x00, 0x00, 0x00, 0x00, 0x00, 0x00, 0x00, 0x00, 0x00, 0x00,
  0x00, 0x00, 0x00, 0x00, 0x00, 0x00, 0x00, 0x00, 0x00, 0x00, 0x00, 0x00,
  0x00, 0x00, 0x00, 0x00, 0x00, 0x00, 0x00, 0x00, 0x00, 0x00, 0x00, 0x00,
  0x00, 0x00, 0x00, 0x00, 0x00, 0x00, 0x00, 0x00, 0x00, 0x00, 0x00, 0x00,
  0x00, 0x00, 0x00, 0x00, 0x00, 0x00, 0x00, 0x00, 0x00, 0x00, 0x00, 0x00,
  0x00, 0x00, 0x00, 0x00, 0x00, 0x00, 0x00, 0x00, 0x00, 0x00, 0x00, 0x00,
  0x00, 0x00, 0x00, 0x00, 0x00, 0x00, 0x00, 0x00, 0x00, 0x00, 0x00, 0x00,
  0x00, 0x00, 0x00, 0x00, 0x00, 0x00, 0x00, 0x00, 0x00, 0x00, 0x00, 0x00,
  0x00, 0x00, 0x00, 0x00, 0x00, 0x00, 0x00, 0x00, 0x00, 0x00, 0x00, 0x00,
  0x00, 0x00, 0x00, 0x00, 0x00, 0x00, 0x00, 0x00, 0x00, 0x00, 0x00, 0x00,
  0x00, 0x00, 0x00, 0x00, 0x00, 0x00, 0x00, 0x00, 0x00, 0x00, 0x00, 0x00,
  0x00, 0x00, 0x00, 0x00, 0x00, 0x00, 0x00, 0x00, 0x00, 0x00, 0x00, 0x00,
  0x00, 0x00, 0x00, 0x00, 0x00, 0x00, 0x00, 0x00, 0x00, 0x00, 0x00, 0x00,
  0x00, 0x00, 0x00, 0x00, 0x00, 0x00, 0x00, 0x00, 0x00, 0x00, 0x00, 0x00,
  0x00, 0x00, 0x00, 0x00, 0x00, 0x00, 0x00, 0x00, 0x00, 0x00, 0x00, 0x00,
  0x00, 0x00, 0x00, 0x00, 0x00, 0x00, 0x00, 0x00, 0xfd, 0xa6, 0xfd, 0x85,
  0xfd, 0x66, 0xfd, 0x65, 0xfd, 0x45, 0xf5, 0x25, 0xf5, 0x25, 0xf5, 0x25,
  0xf5, 0x45, 0xf5, 0x25, 0xf5, 0x05, 0xfc, 0xe5, 0xfc, 0xe5, 0xfc, 0xe5,
  0xfc, 0xc5, 0xf4, 0x44, 0xe3, 0xe2, 0xdb, 0xa1, 0xdb, 0xa1, 0xdb, 0x81,
  0xd3, 0x81, 0xdb, 0x81, 0xdb, 0x81, 0xdb, 0x62, 0xdb, 0x62, 0xe3, 0x82,
  0xe3, 0xa3, 0xe3, 0x83, 0xe3, 0x83, 0xe3, 0xa3, 0xe3, 0xa3, 0xe3, 0xa3,
  0xe3, 0xa3, 0xdb, 0x83, 0xdb, 0x63, 0xd3, 0x62, 0xd3, 0x63, 0xd3, 0x42,
  0xd3, 0x42, 0xcb, 0x22, 0xcb, 0x23, 0xcb, 0x03, 0xcb, 0x23, 0xd3, 0x44,
  0xd3, 0x44, 0xcb, 0x24, 0xcb, 0x04, 0xcb, 0x04, 0xcb, 0x05, 0xcb, 0x05,
  0xd3, 0x26, 0xd3, 0x46, 0xd3, 0x26, 0xd3, 0x26, 0xcb, 0x26, 0xcb, 0x06,
  0xc2, 0xe5, 0xba, 0xa4, 0xba, 0xa3, 0xc2, 0xe4, 0xd3, 0x66, 0xe3, 0xc8,
  0xe3, 0xe8, 0xe3, 0xe8, 0xdb, 0xa7, 0xcb, 0x46, 0xcb, 0x66, 0xdb, 0xe8,
  0xe4, 0x6a, 0xf5, 0x2c, 0xfd, 0xf0, 0xfe, 0x92, 0xfe, 0xd4, 0xfe, 0xd4,
  0xff, 0x15, 0xff, 0x37, 0xff, 0x17, 0xff, 0x79, 0xff, 0x9a, 0xff, 0x7a,
  0xff, 0x59, 0xff, 0x79, 0xff, 0x99, 0xff, 0xb8, 0xff, 0x98, 0xff, 0x76,
  0xfe, 0xf4, 0xf6, 0x51, 0xee, 0x10, 0xee, 0x52, 0xfe, 0xd4, 0xff, 0x38,
  0xff, 0x58, 0xff, 0x7a, 0xff, 0x7b, 0xff, 0x7a, 0xff, 0x7a, 0xff, 0x79,
  0xff, 0x79, 0xff, 0x58, 0xff, 0x79, 0xff, 0x99, 0xff, 0x99, 0xff, 0x79,
  0xff, 0x79, 0xff, 0x78, 0xff, 0x59, 0xff, 0x77, 0xff, 0xd7, 0xff, 0xf8,
  0xff, 0x55, 0xfe, 0xf3, 0xfe, 0xf2, 0xfe, 0x90, 0xfe, 0x8e, 0xfe, 0x8e,
  0xed, 0x47, 0xe5, 0x27, 0xed, 0x88, 0xfd, 0xea, 0xfe, 0x4b, 0xfe, 0x6c,
  0xfe, 0xcf, 0xff, 0x10, 0xfe, 0xf1, 0xff, 0x11, 0xff, 0x53, 0xff, 0x74,
  0xff, 0x95, 0xff, 0x96, 0xff, 0x96, 0xff, 0x75, 0xff, 0x55, 0xff, 0x34,
  0xff, 0x34, 0xff, 0x55, 0x00, 0x00, 0x00, 0x00, 0x00, 0x00, 0x00, 0x00,
  0x00, 0x00, 0x00, 0x00, 0x00, 0x00, 0x00, 0x00, 0x00, 0x00, 0x00, 0x00,
  0x00, 0x00, 0x00, 0x00, 0x00, 0x00, 0x00, 0x00, 0x00, 0x00, 0x00, 0x00,
  0x00, 0x00, 0x00, 0x00, 0x00, 0x00, 0x00, 0x00, 0x00, 0x00, 0x00, 0x00,
  0x00, 0x00, 0x00, 0x00, 0x00, 0x00, 0x00, 0x00, 0x00, 0x00, 0x00, 0x00,
  0x00, 0x00, 0x00, 0x00, 0x00, 0x00, 0x00, 0x00, 0x00, 0x00, 0x00, 0x00,
  0x00, 0x00, 0x00, 0x00, 0x00, 0x00, 0x00, 0x00, 0x00, 0x00, 0x00, 0x00,
  0x00, 0x00, 0x00, 0x00, 0x00, 0x00, 0x00, 0x00, 0x00, 0x00, 0x00, 0x00,
  0x00, 0x00, 0x00, 0x00, 0x00, 0x00, 0x00, 0x00, 0x00, 0x00, 0x00, 0x00,
  0x00, 0x00, 0x00, 0x00, 0x00, 0x00, 0x00, 0x00, 0x00, 0x00, 0x00, 0x00,
  0x00, 0x00, 0x00, 0x00, 0x00, 0x00, 0x00, 0x00, 0x00, 0x00, 0x00, 0x00,
  0x00, 0x00, 0x00, 0x00, 0x00, 0x00, 0x00, 0x00, 0x00, 0x00, 0x00, 0x00,
  0x00, 0x00, 0x00, 0x00, 0x00, 0x00, 0x00, 0x00, 0x00, 0x00, 0x00, 0x00,
  0x00, 0x00, 0x00, 0x00, 0x00, 0x00, 0x00, 0x00, 0x00, 0x00, 0x00, 0x00,
  0x00, 0x00, 0x00, 0x00, 0x00, 0x00, 0x00, 0x00, 0x00, 0x00, 0x00, 0x00,
  0x00, 0x00, 0x00, 0x00, 0x00, 0x00, 0x00, 0x00, 0x00, 0x00, 0x00, 0x00,
  0x00, 0x00, 0x00, 0x00, 0x00, 0x00, 0x00, 0x00, 0x00, 0x00, 0x00, 0x00,
  0x00, 0x00, 0x00, 0x00, 0x00, 0x00, 0x00, 0x00, 0x00, 0x00, 0x00, 0x00,
  0xfd, 0x86, 0xfd, 0x66, 0xfd, 0x45, 0xf5, 0x45, 0xf5, 0x45, 0xf5, 0x45,
  0xf5, 0x45, 0xf5, 0x25, 0xf5, 0x05, 0xfd, 0x05, 0xfd, 0x05, 0xfd, 0x06,
  0xfc, 0xe5, 0xf4, 0x64, 0xe4, 0x02, 0xdb, 0xa1, 0xdb, 0xa1, 0xdb, 0x81,
  0xd3, 0x81, 0xdb, 0x81, 0xdb, 0x81, 0xdb, 0x82, 0xdb, 0x82, 0xe3, 0xa3,
  0xe3, 0xc3, 0xeb, 0xa3, 0xeb, 0xa3, 0xe3, 0xc3, 0xe3, 0xc3, 0xe3, 0xc4,
  0xe3, 0xc4, 0xe3, 0xa3, 0xdb, 0x83, 0xdb, 0x83, 0xd3, 0x63, 0xd3, 0x63,
  0xd3, 0x42, 0xcb, 0x22, 0xcb, 0x23, 0xcb, 0x23, 0xcb, 0x24, 0xd3, 0x64,
  0xd3, 0x65, 0xd3, 0x45, 0xcb, 0x45, 0xcb, 0x45, 0xcb, 0x45, 0xcb, 0x45,
  0xd3, 0x66, 0xd3, 0x66, 0xd3, 0x66, 0xd3, 0x46, 0xcb, 0x46, 0xcb, 0x05,
  0xc3, 0x05, 0xc2, 0xe4, 0xcb, 0x45, 0xd3, 0x66, 0xdb, 0xa7, 0xe3, 0xe7,
  0xdb, 0xc7, 0xdb, 0xa6, 0xd3, 0x65, 0xcb, 0x24, 0xcb, 0x45, 0xd3, 0x86,
  0xdb, 0xe7, 0xec, 0x8a, 0xfd, 0x6d, 0xfe, 0x30, 0xfe, 0x91, 0xfe, 0xb2,
  0xfe, 0xb3, 0xfe, 0xb4, 0xfe, 0xd4, 0xff, 0x36, 0xff, 0x57, 0xff, 0x37,
  0xff, 0x36, 0xff, 0x56, 0xff, 0x56, 0xff, 0x76, 0xff, 0x35, 0xfe, 0xf3,
  0xfe, 0x92, 0xf6, 0x0f, 0xf6, 0x0f, 0xfe, 0x92, 0xff, 0x14, 0xff, 0x77,
  0xff, 0x37, 0xff, 0x99, 0xff, 0xba, 0xff, 0x99, 0xff, 0x78, 0xff, 0x77,
  0xff, 0x57, 0xff, 0x56, 0xff, 0x77, 0xff, 0x97, 0xff, 0x97, 0xff, 0x77,
  0xff, 0x77, 0xff, 0x77, 0xff, 0x78, 0xff, 0xb7, 0xff, 0xf6, 0xff, 0xf8,
  0xff, 0x75, 0xfe, 0xb2, 0xfe, 0x90, 0xfe, 0x4f, 0xfe, 0x6e, 0xfe, 0x4d,
  0xdc, 0xe6, 0xdd, 0x07, 0xed, 0x89, 0xfe, 0x0b, 0xfe, 0x6d, 0xfe, 0xae,
  0xfe, 0xf1, 0xff, 0x32, 0xff, 0x12, 0xff, 0x33, 0xff, 0x75, 0xff, 0x95,
  0xff, 0xb7, 0xff, 0xb7, 0xff, 0x96, 0xff, 0x76, 0xff, 0x55, 0xff, 0x34,
  0x00, 0x00, 0x00, 0x00, 0x00, 0x00, 0x00, 0x00, 0x00, 0x00, 0x00, 0x00,
  0x00, 0x00, 0x00, 0x00, 0x00, 0x00, 0x00, 0x00, 0x00, 0x00, 0x00, 0x00,
  0x00, 0x00, 0x00, 0x00, 0x00, 0x00, 0x00, 0x00, 0x00, 0x00, 0x00, 0x00,
  0x00, 0x00, 0x00, 0x00, 0x00, 0x00, 0x00, 0x00, 0x00, 0x00, 0x00, 0x00,
  0x00, 0x00, 0x00, 0x00, 0x00, 0x00, 0x00, 0x00, 0x00, 0x00, 0x00, 0x00,
  0x00, 0x00, 0x00, 0x00, 0x00, 0x00, 0x00, 0x00, 0x00, 0x00, 0x00, 0x00,
  0x00, 0x00, 0x00, 0x00, 0x00, 0x00, 0x00, 0x00, 0x00, 0x00, 0x00, 0x00,
  0x00, 0x00, 0x00, 0x00, 0x00, 0x00, 0x00, 0x00, 0x00, 0x00, 0x00, 0x00,
  0x00, 0x00, 0x00, 0x00, 0x00, 0x00, 0x00, 0x00, 0x00, 0x00, 0x00, 0x00,
  0x00, 0x00, 0x00, 0x00, 0x00, 0x00, 0x00, 0x00, 0x00, 0x00, 0x00, 0x00,
  0x00, 0x00, 0x00, 0x00, 0x00, 0x00, 0x00, 0x00, 0x00, 0x00, 0x00, 0x00,
  0x00, 0x00, 0x00, 0x00, 0x00, 0x00, 0x00, 0x00, 0x00, 0x00, 0x00, 0x00,
  0x00, 0x00, 0x00, 0x00, 0x00, 0x00, 0x00, 0x00, 0x00, 0x00, 0x00, 0x00,
  0x00, 0x00, 0x00, 0x00, 0x00, 0x00, 0x00, 0x00, 0x00, 0x00, 0x00, 0x00,
  0x00, 0x00, 0x00, 0x00, 0x00, 0x00, 0x00, 0x00, 0x00, 0x00, 0x00, 0x00,
  0x00, 0x00, 0x00, 0x00, 0x00, 0x00, 0x00, 0x00, 0x00, 0x00, 0x00, 0x00,
  0x00, 0x00, 0x00, 0x00, 0x00, 0x00, 0x00, 0x00, 0x00, 0x00, 0x00, 0x00,
  0x00, 0x00, 0x00, 0x00, 0x00, 0x00, 0x00, 0x00, 0x00, 0x00, 0x00, 0x00,
  0x00, 0x00, 0xfd, 0x66, 0xfd, 0x45, 0xf5, 0x45, 0xf5, 0x45, 0xf5, 0x45,
  0xf5, 0x45, 0xf5, 0x25, 0xf5, 0x25, 0xfd, 0x05, 0xfd, 0x05, 0xfd, 0x06,
  0xfc, 0xe5, 0xf4, 0x84, 0xe4, 0x02, 0xdb, 0x81, 0xd3, 0x80, 0xd3, 0x81,
  0xd3, 0x81, 0xdb, 0x81, 0xdb, 0x81, 0xdb, 0x82, 0xe3, 0x82, 0xe3, 0xa3,
  0xeb, 0xc3, 0xeb, 0xc4, 0xeb, 0xc4, 0xeb, 0xc4, 0xeb, 0xc4, 0xe3, 0xc4,
  0xe3, 0xc4, 0xe3, 0xc4, 0xe3, 0xa3, 0xdb, 0x83, 0xdb, 0x83, 0xd3, 0x63,
  0xd3, 0x43, 0xd3, 0x43, 0xcb, 0x23, 0xcb, 0x23, 0xcb, 0x44, 0xd3, 0x85,
  0xd3, 0x85, 0xd3, 0x65, 0xd3, 0x66, 0xd3, 0x66, 0xd3, 0x66, 0xd3, 0x66,
  0xd3, 0x87, 0xd3, 0x87, 0xd3, 0x87, 0xd3, 0x66, 0xcb, 0x46, 0xcb, 0x25,
  0xcb, 0x25, 0xc2, 0xe4, 0xd3, 0x86, 0xdb, 0xa7, 0xdb, 0xc7, 0xe3, 0xe7,
  0xdb, 0xc7, 0xd3, 0x86, 0xcb, 0x45, 0xc3, 0x04, 0xcb, 0x25, 0xd3, 0x86,
  0xdb, 0xe7, 0xec, 0x69, 0xfd, 0x2c, 0xfd, 0xce, 0xfe, 0x30, 0xfe, 0x70,
  0xfe, 0x92, 0xfe, 0xb4, 0xfe, 0xb4, 0xfe, 0xd5, 0xfe, 0xd5, 0xfe, 0xd5,
  0xfe, 0xd5, 0xfe, 0xb4, 0xfe, 0xd4, 0xff, 0x35, 0xfe, 0xf4, 0xfe, 0xb2,
  0xf6, 0x30, 0xf5, 0xef, 0xfe, 0x50, 0xfe, 0xd3, 0xff, 0x35, 0xff, 0x57,
  0xfe, 0xd5, 0xff, 0x17, 0xff, 0x79, 0xff, 0x99, 0xff, 0x58, 0xff, 0x37,
  0xff, 0x36, 0xff, 0x16, 0xff, 0x36, 0xff, 0x97, 0xff, 0xb7, 0xff, 0x98,
  0xff, 0x98, 0xff, 0x98, 0xff, 0x78, 0xff, 0x97, 0xff, 0xf6, 0xff, 0xf8,
  0xff, 0x75, 0xfe, 0x91, 0xfe, 0x50, 0xfe, 0x2f, 0xfe, 0x8e, 0xfe, 0x6e,
  0xe5, 0x27, 0xed, 0x68, 0xf5, 0xca, 0xfe, 0x2c, 0xfe, 0x8e, 0xfe, 0xcf,
  0xff, 0x12, 0xff, 0x52, 0xff, 0x33, 0xff, 0x53, 0xff, 0x75, 0xff, 0x96,
  0xff, 0xb7, 0xff, 0x97, 0xff, 0x96, 0xff, 0x56, 0xff, 0x34, 0x00, 0x00,
  0x00, 0x00, 0x00, 0x00, 0x00, 0x00, 0x00, 0x00, 0x00, 0x00, 0x00, 0x00,
  0x00, 0x00, 0x00, 0x00, 0x00, 0x00, 0x00, 0x00, 0x00, 0x00, 0x00, 0x00,
  0x00, 0x00, 0x00, 0x00, 0x00, 0x00, 0x00, 0x00, 0x00, 0x00, 0x00, 0x00,
  0x00, 0x00, 0x00, 0x00, 0x00, 0x00, 0x00, 0x00, 0x00, 0x00, 0x00, 0x00,
  0x00, 0x00, 0x00, 0x00, 0x00, 0x00, 0x00, 0x00, 0x00, 0x00, 0x00, 0x00,
  0x00, 0x00, 0x00, 0x00, 0x00, 0x00, 0x00, 0x00, 0x00, 0x00, 0x00, 0x00,
  0x00, 0x00, 0x00, 0x00, 0x00, 0x00, 0x00, 0x00, 0x00, 0x00, 0x00, 0x00,
  0x00, 0x00, 0x00, 0x00, 0x00, 0x00, 0x00, 0x00, 0x00, 0x00, 0x00, 0x00,
  0x00, 0x00, 0x00, 0x00, 0x00, 0x00, 0x00, 0x00, 0x00, 0x00, 0x00, 0x00,
  0x00, 0x00, 0x00, 0x00, 0x00, 0x00, 0x00, 0x00, 0x00, 0x00, 0x00, 0x00,
  0x00, 0x00, 0x00, 0x00, 0x00, 0x00, 0x00, 0x00, 0x00, 0x00, 0x00, 0x00,
  0x00, 0x00, 0x00, 0x00, 0x00, 0x00, 0x00, 0x00, 0x00, 0x00, 0x00, 0x00,
  0x00, 0x00, 0x00, 0x00, 0x00, 0x00, 0x00, 0x00, 0x00, 0x00, 0x00, 0x00,
  0x00, 0x00, 0x00, 0x00, 0x00, 0x00, 0x00, 0x00, 0x00, 0x00, 0x00, 0x00,
  0x00, 0x00, 0x00, 0x00, 0x00, 0x00, 0x00, 0x00, 0x00, 0x00, 0x00, 0x00,
  0x00, 0x00, 0x00, 0x00, 0x00, 0x00, 0x00, 0x00, 0x00, 0x00, 0x00, 0x00,
  0x00, 0x00, 0x00, 0x00, 0x00, 0x00, 0x00, 0x00, 0x00, 0x00, 0x00, 0x00,
  0x00, 0x00, 0x00, 0x00, 0x00, 0x00, 0x00, 0x00, 0x00, 0x00, 0x00, 0x00,
  0x00, 0x00, 0x00, 0x00, 0x00, 0x00, 0xf5, 0x65, 0xf5, 0x45, 0xed, 0x45,
  0xf5, 0x45, 0xf5, 0x25, 0xf5, 0x25, 0xf5, 0x06, 0xfd, 0x26, 0xfd, 0x26,
  0xfd, 0x06, 0xf4, 0x84, 0xe4, 0x02, 0xdb, 0x61, 0xd3, 0x60, 0xdb, 0x60,
  0xdb, 0x61, 0xdb, 0x61, 0xdb, 0x81, 0xe3, 0x82, 0xe3, 0x82, 0xe3, 0xa3,
  0xeb, 0xc3, 0xeb, 0xc4, 0xeb, 0xc4, 0xeb, 0xc4, 0xeb, 0xc4, 0xe3, 0xc4,
  0xe3, 0xc4, 0xe3, 0xc4, 0xe3, 0xa3, 0xdb, 0x83, 0xdb, 0x83, 0xd3, 0x63,
  0xd3, 0x43, 0xd3, 0x43, 0xcb, 0x23, 0xcb, 0x43, 0xd3, 0x85, 0xdb, 0xa5,
  0xdb, 0x86, 0xd3, 0x85, 0xd3, 0x85, 0xd3, 0x86, 0xd3, 0x86, 0xd3, 0x86,
  0xdb, 0xa7, 0xd3, 0xa6, 0xd3, 0xa6, 0xd3, 0x86, 0xd3, 0x86, 0xd3, 0x65,
  0xd3, 0x65, 0xc3, 0x04, 0xd3, 0x85, 0xdb, 0xc6, 0xdb, 0xc6, 0xdb, 0xe7,
  0xdb, 0xc6, 0xd3, 0x85, 0xd3, 0x65, 0xc3, 0x24, 0xcb, 0x24, 0xd3, 0x65,
  0xdb, 0xc6, 0xe4, 0x28, 0xf4, 0xaa, 0xfd, 0x4c, 0xfd, 0xad, 0xfd, 0xce,
  0xfe, 0x0f, 0xfe, 0x72, 0xfe, 0x72, 0xfe, 0x92, 0xfe, 0xb2, 0xfe, 0xb2,
  0xfe, 0x92, 0xfe, 0x92, 0xfe, 0x92, 0xfe, 0xd2, 0xfe, 0xb1, 0xfe, 0x2f,
  0xf5, 0xce, 0xfd, 0xee, 0xfe, 0x70, 0xfe, 0xf2, 0xff, 0x33, 0xff, 0x36,
  0xfe, 0xd4, 0xfe, 0xf5, 0xff, 0x37, 0xff, 0x77, 0xff, 0x56, 0xff, 0x35,
  0xff, 0x14, 0xff, 0x14, 0xff, 0x34, 0xff, 0x76, 0xff, 0x96, 0xff, 0x97,
  0xff, 0x97, 0xff, 0x97, 0xff, 0xb8, 0xff, 0xb6, 0xff, 0xd4, 0xff, 0xd5,
  0xff, 0x94, 0xff, 0x54, 0xfe, 0xf3, 0xff, 0x13, 0xfe, 0xd1, 0xfe, 0x2f,
  0xed, 0xab, 0xf6, 0x0d, 0xfe, 0x4d, 0xfe, 0x6e, 0xfe, 0xaf, 0xfe, 0xd0,
  0xff, 0x12, 0xff, 0x32, 0xff, 0x54, 0xff, 0x55, 0xff, 0x77, 0xff, 0xb8,
  0xff, 0xb8, 0xff, 0x98, 0xff, 0x96, 0x00, 0x00, 0x00, 0x00, 0x00, 0x00,
  0x00, 0x00, 0x00, 0x00, 0x00, 0x00, 0x00, 0x00, 0x00, 0x00, 0x00, 0x00,
  0x00, 0x00, 0x00, 0x00, 0x00, 0x00, 0x00, 0x00, 0x00, 0x00, 0x00, 0x00,
  0x00, 0x00, 0x00, 0x00, 0x00, 0x00, 0x00, 0x00, 0x00, 0x00, 0x00, 0x00,
  0x00, 0x00, 0x00, 0x00, 0x00, 0x00, 0x00, 0x00, 0x00, 0x00, 0x00, 0x00,
  0x00, 0x00, 0x00, 0x00, 0x00, 0x00, 0x00, 0x00, 0x00, 0x00, 0x00, 0x00,
  0x00, 0x00, 0x00, 0x00, 0x00, 0x00, 0x00, 0x00, 0x00, 0x00, 0x00, 0x00,
  0x00, 0x00, 0x00, 0x00, 0x00, 0x00, 0x00, 0x00, 0x00, 0x00, 0x00, 0x00,
  0x00, 0x00, 0x00, 0x00, 0x00, 0x00, 0x00, 0x00, 0x00, 0x00, 0x00, 0x00,
  0x00, 0x00, 0x00, 0x00, 0x00, 0x00, 0x00, 0x00, 0x00, 0x00, 0x00, 0x00,
  0x00, 0x00, 0x00, 0x00, 0x00, 0x00, 0x00, 0x00, 0x00, 0x00, 0x00, 0x00,
  0x00, 0x00, 0x00, 0x00, 0x00, 0x00, 0x00, 0x00, 0x00, 0x00, 0x00, 0x00,
  0x00, 0x00, 0x00, 0x00, 0x00, 0x00, 0x00, 0x00, 0x00, 0x00, 0x00, 0x00,
  0x00, 0x00, 0x00, 0x00, 0x00, 0x00, 0x00, 0x00, 0x00, 0x00, 0x00, 0x00,
  0x00, 0x00, 0x00, 0x00, 0x00, 0x00, 0x00, 0x00, 0x00, 0x00, 0x00, 0x00,
  0x00, 0x00, 0x00, 0x00, 0x00, 0x00, 0x00, 0x00, 0x00, 0x00, 0x00, 0x00,
  0x00, 0x00, 0x00, 0x00, 0x00, 0x00, 0x00, 0x00, 0x00, 0x00, 0x00, 0x00,
  0x00, 0x00, 0x00, 0x00, 0x00, 0x00, 0x00, 0x00, 0x00, 0x00, 0x00, 0x00,
  0x00, 0x00, 0x00, 0x00, 0x00, 0x00, 0x00, 0x00, 0x00, 0x00, 0x00, 0x00,
  0x00, 0x00, 0x00, 0x00, 0x00, 0x00, 0x00, 0x00, 0x00, 0x00, 0xed, 0x45,
  0xf5, 0x45, 0xf5, 0x25, 0xf5, 0x25, 0xf5, 0x26, 0xfd, 0x46, 0xfd, 0x26,
  0xfd, 0x06, 0xf4, 0x84, 0xe4, 0x02, 0xdb, 0x61, 0xd3, 0x60, 0xd3, 0x60,
  0xdb, 0x60, 0xdb, 0x61, 0xdb, 0x81, 0xe3, 0x82, 0xe3, 0x82, 0xeb, 0xa3,
  0xeb, 0xc3, 0xeb, 0xc4, 0xeb, 0xc4, 0xeb, 0xc4, 0xeb, 0xc4, 0xe3, 0xc4,
  0xe3, 0xc4, 0xe3, 0xc4, 0xe3, 0xa3, 0xdb, 0x83, 0xdb, 0x83, 0xd3, 0x63,
  0xd3, 0x43, 0xd3, 0x43, 0xcb, 0x23, 0xd3, 0x43, 0xdb, 0xa5, 0xdb, 0xa6,
  0xdb, 0xa6, 0xd3, 0x85, 0xd3, 0x85, 0xd3, 0x86, 0xd3, 0x86, 0xd3, 0xa6,
  0xdb, 0xc7, 0xdb, 0xc7, 0xdb, 0xc7, 0xd3, 0xa6, 0xd3, 0xa6, 0xd3, 0xa6,
  0xdb, 0xa6, 0xcb, 0x25, 0xe3, 0xe7, 0xdb, 0xa6, 0xcb, 0x65, 0xcb, 0x44,
  0xcb, 0x24, 0xcb, 0x24, 0xc3, 0x23, 0xc3, 0x03, 0xcb, 0x24, 0xd3, 0x65,
  0xd3, 0x65, 0xd3, 0xa5, 0xdb, 0xc6, 0xe4, 0x27, 0xec, 0xa9, 0xfd, 0x4b,
  0xfd, 0xce, 0xfd, 0xf0, 0xfe, 0x10, 0xfe, 0x51, 0xfe, 0x71, 0xfe, 0x71,
  0xfe, 0x71, 0xfe, 0x71, 0xfe, 0x51, 0xfe, 0x91, 0xfe, 0x70, 0xfd, 0xee,
  0xed, 0xad, 0xfd, 0xcd, 0xfe, 0x70, 0xfe, 0xf2, 0xff, 0x33, 0xff, 0x35,
  0xfe, 0xf5, 0xfe, 0xf5, 0xff, 0x37, 0xff, 0x56, 0xff, 0x36, 0xff, 0x35,
  0xff, 0x14, 0xfe, 0xf4, 0xff, 0x14, 0xff, 0x76, 0xff, 0x96, 0xff, 0x97,
  0xff, 0x97, 0xff, 0x97, 0xff, 0x97, 0xff, 0x96, 0xff, 0xb4, 0xff, 0xb5,
  0xff, 0x74, 0xff, 0x13, 0xfe, 0xd2, 0xfe, 0xd2, 0xfe, 0x70, 0xf5, 0xee,
  0xe5, 0x6b, 0xf5, 0xec, 0xfe, 0x2d, 0xfe, 0x8e, 0xfe, 0xd0, 0xfe, 0xf0,
  0xff, 0x33, 0xff, 0x53, 0xff, 0x55, 0xff, 0x75, 0xff, 0x97, 0xff, 0xb8,
  0xff, 0xb8, 0x00, 0x00, 0x00, 0x00, 0x00, 0x00, 0x00, 0x00, 0x00, 0x00,
  0x00, 0x00, 0x00, 0x00, 0x00, 0x00, 0x00, 0x00, 0x00, 0x00, 0x00, 0x00,
  0x00, 0x00, 0x00, 0x00, 0x00, 0x00, 0x00, 0x00, 0x00, 0x00, 0x00, 0x00,
  0x00, 0x00, 0x00, 0x00, 0x00, 0x00, 0x00, 0x00, 0x00, 0x00, 0x00, 0x00,
  0x00, 0x00, 0x00, 0x00, 0x00, 0x00, 0x00, 0x00, 0x00, 0x00, 0x00, 0x00,
  0x00, 0x00, 0x00, 0x00, 0x00, 0x00, 0x00, 0x00, 0x00, 0x00, 0x00, 0x00,
  0x00, 0x00, 0x00, 0x00, 0x00, 0x00, 0x00, 0x00, 0x00, 0x00, 0x00, 0x00,
  0x00, 0x00, 0x00, 0x00, 0x00, 0x00, 0x00, 0x00, 0x00, 0x00, 0x00, 0x00,
  0x00, 0x00, 0x00, 0x00, 0x00, 0x00, 0x00, 0x00, 0x00, 0x00, 0x00, 0x00,
  0x00, 0x00, 0x00, 0x00, 0x00, 0x00, 0x00, 0x00, 0x00, 0x00, 0x00, 0x00,
  0x00, 0x00, 0x00, 0x00, 0x00, 0x00, 0x00, 0x00, 0x00, 0x00, 0x00, 0x00,
  0x00, 0x00, 0x00, 0x00, 0x00, 0x00, 0x00, 0x00, 0x00, 0x00, 0x00, 0x00,
  0x00, 0x00, 0x00, 0x00, 0x00, 0x00, 0x00, 0x00, 0x00, 0x00, 0x00, 0x00,
  0x00, 0x00, 0x00, 0x00, 0x00, 0x00, 0x00, 0x00, 0x00, 0x00, 0x00, 0x00,
  0x00, 0x00, 0x00, 0x00, 0x00, 0x00, 0x00, 0x00, 0x00, 0x00, 0x00, 0x00,
  0x00, 0x00, 0x00, 0x00, 0x00, 0x00, 0x00, 0x00, 0x00, 0x00, 0x00, 0x00,
  0x00, 0x00, 0x00, 0x00, 0x00, 0x00, 0x00, 0x00, 0x00, 0x00, 0x00, 0x00,
  0x00, 0x00, 0x00, 0x00, 0x00, 0x00, 0x00, 0x00, 0x00, 0x00, 0x00, 0x00,
  0x00, 0x00, 0x00, 0x00, 0x00, 0x00, 0x00, 0x00, 0x00, 0x00, 0x00, 0x00,
  0x00, 0x00, 0x00, 0x00, 0x00, 0x00, 0x00, 0x00, 0x00, 0x00, 0x00, 0x00,
  0xf5, 0x46, 0xf5, 0x26, 0xf5, 0x05, 0xf5, 0x26, 0xf5, 0x26, 0xfd, 0x27,
  0xfd, 0x26, 0xf4, 0xa5, 0xe4, 0x03, 0xdb, 0x61, 0xd3, 0x40, 0xdb, 0x20,
  0xdb, 0x20, 0xe3, 0x41, 0xe3, 0x62, 0xe3, 0x62, 0xe3, 0x63, 0xeb, 0xa3,
  0xeb, 0xa3, 0xeb, 0xa4, 0xeb, 0xc4, 0xeb, 0xc4, 0xeb, 0xc4, 0xe3, 0xc4,
  0xe3, 0xc4, 0xe3, 0xc4, 0xe3, 0xc4, 0xdb, 0xa4, 0xdb, 0x83, 0xdb, 0x83,
  0xdb, 0x83, 0xd3, 0x63, 0xd3, 0x63, 0xd3, 0x64, 0xdb, 0xa5, 0xdb, 0xc6,
  0xd3, 0xa6, 0xd3, 0x85, 0xd3, 0x85, 0xd3, 0xa6, 0xd3, 0xa6, 0xdb, 0xc6,
  0xdb, 0xe7, 0xdb, 0xe7, 0xdb, 0xe7, 0xdb, 0xc7, 0xdb, 0xc6, 0xdb, 0xc6,
  0xdb, 0xc6, 0xcb, 0x44, 0xdb, 0xc6, 0xd3, 0x84, 0xc3, 0x23, 0xc3, 0x03,
  0xc3, 0x03, 0xc3, 0x03, 0xc3, 0x24, 0xcb, 0x24, 0xcb, 0x65, 0xcb, 0x65,
  0xcb, 0x65, 0xd3, 0x85, 0xd3, 0xa5, 0xdb, 0xe6, 0xe4, 0x27, 0xf4, 0xa9,
  0xfd, 0x2c, 0xfd, 0xae, 0xfd, 0xef, 0xfe, 0x10, 0xfe, 0x30, 0xfe, 0x30,
  0xfe, 0x50, 0xfe, 0x50, 0xfe, 0x2f, 0xfe, 0x0e, 0xfd, 0xce, 0xfd, 0xad,
  0xfd, 0x8d, 0xfd, 0xee, 0xfe, 0x70, 0xfe, 0xb1, 0xfe, 0xf2, 0xfe, 0xf4,
  0xfe, 0xd3, 0xfe, 0xf4, 0xfe, 0xb3, 0xff, 0x14, 0xff, 0x35, 0xff, 0x34,
  0xff, 0x13, 0xff, 0x13, 0xff, 0x13, 0xfe, 0xf3, 0xff, 0x55, 0xff, 0x96,
  0xff, 0x96, 0xff, 0xb7, 0xff, 0x97, 0xff, 0x75, 0xff, 0x93, 0xff, 0x94,
  0xff, 0x73, 0xfe, 0xd1, 0xfe, 0x6f, 0xf6, 0x6f, 0xf6, 0x2e, 0xe5, 0x8c,
  0xdd, 0x4a, 0xed, 0xcc, 0xf6, 0x0d, 0xfe, 0xaf, 0xff, 0x32, 0xff, 0x53,
  0xff, 0x75, 0xff, 0x75, 0xff, 0x76, 0xff, 0x96, 0xff, 0x98, 0xff, 0xb9,
  0x00, 0x00, 0x00, 0x00, 0x00, 0x00, 0x00, 0x00, 0x00, 0x00, 0x00, 0x00,
  0x00, 0x00, 0x00, 0x00, 0x00, 0x00, 0x00, 0x00, 0x00, 0x00, 0x00, 0x00,
  0x00, 0x00, 0x00, 0x00, 0x00, 0x00, 0x00, 0x00, 0x00, 0x00, 0x00, 0x00,
  0x00, 0x00, 0x00, 0x00, 0x00, 0x00, 0x00, 0x00, 0x00, 0x00, 0x00, 0x00,
  0x00, 0x00, 0x00, 0x00, 0x00, 0x00, 0x00, 0x00, 0x00, 0x00, 0x00, 0x00,
  0x00, 0x00, 0x00, 0x00, 0x00, 0x00, 0x00, 0x00, 0x00, 0x00, 0x00, 0x00,
  0x00, 0x00, 0x00, 0x00, 0x00, 0x00, 0x00, 0x00, 0x00, 0x00, 0x00, 0x00,
  0x00, 0x00, 0x00, 0x00, 0x00, 0x00, 0x00, 0x00, 0x00, 0x00, 0x00, 0x00,
  0x00, 0x00, 0x00, 0x00, 0x00, 0x00, 0x00, 0x00, 0x00, 0x00, 0x00, 0x00,
  0x00, 0x00, 0x00, 0x00, 0x00, 0x00, 0x00, 0x00, 0x00, 0x00, 0x00, 0x00,
  0x00, 0x00, 0x00, 0x00, 0x00, 0x00, 0x00, 0x00, 0x00, 0x00, 0x00, 0x00,
  0x00, 0x00, 0x00, 0x00, 0x00, 0x00, 0x00, 0x00, 0x00, 0x00, 0x00, 0x00,
  0x00, 0x00, 0x00, 0x00, 0x00, 0x00, 0x00, 0x00, 0x00, 0x00, 0x00, 0x00,
  0x00, 0x00, 0x00, 0x00, 0x00, 0x00, 0x00, 0x00, 0x00, 0x00, 0x00, 0x00,
  0x00, 0x00, 0x00, 0x00, 0x00, 0x00, 0x00, 0x00, 0x00, 0x00, 0x00, 0x00,
  0x00, 0x00, 0x00, 0x00, 0x00, 0x00, 0x00, 0x00, 0x00, 0x00, 0x00, 0x00,
  0x00, 0x00, 0x00, 0x00, 0x00, 0x00, 0x00, 0x00, 0x00, 0x00, 0x00, 0x00,
  0x00, 0x00, 0x00, 0x00, 0x00, 0x00, 0x00, 0x00, 0x00, 0x00, 0x00, 0x00,
  0x00, 0x00, 0x00, 0x00, 0x00, 0x00, 0x00, 0x00, 0x00, 0x00, 0x00, 0x00,
  0x00, 0x00, 0x00, 0x00, 0x00, 0x00, 0x00, 0x00, 0x00, 0x00, 0x00, 0x00,
  0x00, 0x00, 0x00, 0x00, 0xf5, 0x05, 0xf5, 0x06, 0xf5, 0x06, 0xfd, 0x06,
  0xfd, 0x26, 0xfc, 0xa5, 0xe4, 0x02, 0xd3, 0x40, 0xcb, 0x00, 0xd3, 0x00,
  0xd3, 0x00, 0xdb, 0x21, 0xe3, 0x62, 0xeb, 0x83, 0xeb, 0x83, 0xeb, 0x83,
  0xeb, 0x83, 0xeb, 0xa4, 0xeb, 0xc4, 0xeb, 0xc4, 0xeb, 0xc4, 0xeb, 0xc4,
  0xeb, 0xc4, 0xe3, 0xc4, 0xe3, 0xc4, 0xe3, 0xc4, 0xe3, 0xa4, 0xdb, 0xa4,
  0xdb, 0xc4, 0xdb, 0xa4, 0xdb, 0xa4, 0xd3, 0x84, 0xdb, 0xa5, 0xdb, 0xa5,
  0xd3, 0xa6, 0xd3, 0x85, 0xd3, 0xa6, 0xd3, 0xa6, 0xdb, 0xc6, 0xdb, 0xe7,
  0xe4, 0x08, 0xe3, 0xe7, 0xe3, 0xe7, 0xdb, 0xe7, 0xdb, 0xe6, 0xdb, 0xc6,
  0xdb, 0xc6, 0xd3, 0x85, 0xd3, 0x85, 0xcb, 0x64, 0xc3, 0x03, 0xc2, 0xe3,
  0xc3, 0x03, 0xc3, 0x03, 0xcb, 0x44, 0xd3, 0x65, 0xd3, 0x65, 0xcb, 0x65,
  0xcb, 0x65, 0xd3, 0x65, 0xd3, 0x85, 0xdb, 0xc6, 0xe4, 0x07, 0xec, 0x67,
  0xf4, 0xaa, 0xfd, 0x2c, 0xfd, 0x6e, 0xfd, 0xae, 0xfd, 0xcf, 0xfd, 0xef,
  0xfd, 0xef, 0xfd, 0xee, 0xfd, 0xce, 0xfd, 0xad, 0xfd, 0x6c, 0xfd, 0x6c,
  0xfd, 0xcd, 0xfe, 0x4f, 0xfe, 0x90, 0xfe, 0xb1, 0xfe, 0xd2, 0xfe, 0xf4,
  0xfe, 0xd3, 0xfe, 0xf4, 0xfe, 0xd3, 0xfe, 0xf4, 0xff, 0x14, 0xff, 0x13,
  0xff, 0x13, 0xff, 0x13, 0xff, 0x32, 0xfe, 0xf2, 0xff, 0x54, 0xff, 0x96,
  0xff, 0x96, 0xff, 0x96, 0xff, 0x97, 0xff, 0x75, 0xff, 0x73, 0xff, 0x73,
  0xff, 0x73, 0xff, 0x12, 0xfe, 0xb0, 0xfe, 0x90, 0xfe, 0x4e, 0xf5, 0xed,
  0xed, 0xcc, 0xfe, 0x4e, 0xfe, 0x8f, 0xfe, 0xf1, 0xff, 0x73, 0xff, 0x73,
  0xff, 0x95, 0xff, 0xb6, 0xff, 0x97, 0xff, 0x97, 0x00, 0x00, 0x00, 0x00,
  0x00, 0x00, 0x00, 0x00, 0x00, 0x00, 0x00, 0x00, 0x00, 0x00, 0x00, 0x00,
  0x00, 0x00, 0x00, 0x00, 0x00, 0x00, 0x00, 0x00, 0x00, 0x00, 0x00, 0x00,
  0x00, 0x00, 0x00, 0x00, 0x00, 0x00, 0x00, 0x00, 0x00, 0x00, 0x00, 0x00,
  0x00, 0x00, 0x00, 0x00, 0x00, 0x00, 0x00, 0x00, 0x00, 0x00, 0x00, 0x00,
  0x00, 0x00, 0x00, 0x00, 0x00, 0x00, 0x00, 0x00, 0x00, 0x00, 0x00, 0x00,
  0x00, 0x00, 0x00, 0x00, 0x00, 0x00, 0x00, 0x00, 0x00, 0x00, 0x00, 0x00,
  0x00, 0x00, 0x00, 0x00, 0x00, 0x00, 0x00, 0x00, 0x00, 0x00, 0x00, 0x00,
  0x00, 0x00, 0x00, 0x00, 0x00, 0x00, 0x00, 0x00, 0x00, 0x00, 0x00, 0x00,
  0x00, 0x00, 0x00, 0x00, 0x00, 0x00, 0x00, 0x00, 0x00, 0x00, 0x00, 0x00,
  0x00, 0x00, 0x00, 0x00, 0x00, 0x00, 0x00, 0x00, 0x00, 0x00, 0x00, 0x00,
  0x00, 0x00, 0x00, 0x00, 0x00, 0x00, 0x00, 0x00, 0x00, 0x00, 0x00, 0x00,
  0x00, 0x00, 0x00, 0x00, 0x00, 0x00, 0x00, 0x00, 0x00, 0x00, 0x00, 0x00,
  0x00, 0x00, 0x00, 0x00, 0x00, 0x00, 0x00, 0x00, 0x00, 0x00, 0x00, 0x00,
  0x00, 0x00, 0x00, 0x00, 0x00, 0x00, 0x00, 0x00, 0x00, 0x00, 0x00, 0x00,
  0x00, 0x00, 0x00, 0x00, 0x00, 0x00, 0x00, 0x00, 0x00, 0x00, 0x00, 0x00,
  0x00, 0x00, 0x00, 0x00, 0x00, 0x00, 0x00, 0x00, 0x00, 0x00, 0x00, 0x00,
  0x00, 0x00, 0x00, 0x00, 0x00, 0x00, 0x00, 0x00, 0x00, 0x00, 0x00, 0x00,
  0x00, 0x00, 0x00, 0x00, 0x00, 0x00, 0x00, 0x00, 0x00, 0x00, 0x00, 0x00,
  0x00, 0x00, 0x00, 0x00, 0x00, 0x00, 0x00, 0x00, 0x00, 0x00, 0x00, 0x00,
  0x00, 0x00, 0x00, 0x00, 0x00, 0x00, 0x00, 0x00, 0x00, 0x00, 0x00, 0x00,
  0x00, 0x00, 0x00, 0x00, 0x00, 0x00, 0x00, 0x00, 0xed, 0x06, 0xfd, 0x67,
  0xfd, 0x68, 0xf4, 0xc5, 0xd3, 0xa1, 0xc2, 0xc0, 0xc2, 0xc0, 0xd2, 0xe0,
  0xd2, 0xe0, 0xd2, 0xc0, 0xdb, 0x01, 0xdb, 0x21, 0xdb, 0x01, 0xe3, 0x62,
  0xeb, 0xa3, 0xeb, 0xc4, 0xeb, 0xc4, 0xeb, 0xe4, 0xeb, 0xe4, 0xeb, 0xe4,
  0xe3, 0xc4, 0xe3, 0xe4, 0xe3, 0xc4, 0xe3, 0xc4, 0xdb, 0xc4, 0xdb, 0xc4,
  0xdb, 0xc5, 0xdb, 0xa5, 0xdb, 0xa5, 0xdb, 0xc5, 0xe3, 0xe5, 0xdb, 0xa5,
  0xdb, 0xa6, 0xdb, 0xa6, 0xdb, 0xc6, 0xdb, 0xc6, 0xdb, 0xe7, 0xdb, 0xe7,
  0xe4, 0x07, 0xe4, 0x07, 0xe4, 0x07, 0xe3, 0xe7, 0xdb, 0xe7, 0xdb, 0xc6,
  0xdb, 0xc6, 0xdb, 0xc6, 0xdb, 0xc6, 0xdb, 0xc6, 0xd3, 0xa5, 0xd3, 0x85,
  0xcb, 0x64, 0xcb, 0x64, 0xcb, 0x64, 0xcb, 0x64, 0xd3, 0x85, 0xd3, 0xa5,
  0xd3, 0x85, 0xd3, 0x85, 0xd3, 0x85, 0xd3, 0xa5, 0xdb, 0xc6, 0xdb, 0xe6,
  0xe4, 0x27, 0xec, 0x68, 0xf4, 0x88, 0xf4, 0xc8, 0xfc, 0xe9, 0xfd, 0x09,
  0xfd, 0x29, 0xfd, 0x29, 0xfd, 0x4a, 0xfd, 0x4a, 0xfd, 0x4a, 0xfd, 0x8b,
  0xfd, 0xcc, 0xfe, 0x0d, 0xfe, 0x2e, 0xfe, 0x2e, 0xfe, 0x6f, 0xfe, 0x90,
  0xfe, 0xb0, 0xfe, 0xd2, 0xfe, 0xb1, 0xfe, 0xb2, 0xfe, 0xb2, 0xfe, 0xb2,
  0xfe, 0xd2, 0xfe, 0x70, 0xfe, 0x70, 0xfe, 0xd1, 0xfe, 0xd1, 0xfe, 0xf1,
  0xff, 0x32, 0xff, 0x53, 0xff, 0x11, 0xff, 0x52, 0xff, 0xd5, 0xff, 0xb4,
  0xff, 0x73, 0xff, 0x11, 0xfe, 0xaf, 0xfe, 0x8f, 0xfe, 0x4f, 0xfe, 0x6f,
  0xfe, 0xb1, 0xfe, 0xf2, 0xff, 0x33, 0xff, 0x74, 0xff, 0x96, 0xff, 0xb6,
  0xff, 0xd8, 0xff, 0xd9, 0x00, 0x00, 0x00, 0x00, 0x00, 0x00, 0x00, 0x00,
  0x00, 0x00, 0x00, 0x00, 0x00, 0x00, 0x00, 0x00, 0x00, 0x00, 0x00, 0x00,
  0x00, 0x00, 0x00, 0x00, 0x00, 0x00, 0x00, 0x00, 0x00, 0x00, 0x00, 0x00,
  0x00, 0x00, 0x00, 0x00, 0x00, 0x00, 0x00, 0x00, 0x00, 0x00, 0x00, 0x00,
  0x00, 0x00, 0x00, 0x00, 0x00, 0x00, 0x00, 0x00, 0x00, 0x00, 0x00, 0x00,
  0x00, 0x00, 0x00, 0x00, 0x00, 0x00, 0x00, 0x00, 0x00, 0x00, 0x00, 0x00,
  0x00, 0x00, 0x00, 0x00, 0x00, 0x00, 0x00, 0x00, 0x00, 0x00, 0x00, 0x00,
  0x00, 0x00, 0x00, 0x00, 0x00, 0x00, 0x00, 0x00, 0x00, 0x00, 0x00, 0x00,
  0x00, 0x00, 0x00, 0x00, 0x00, 0x00, 0x00, 0x00, 0x00, 0x00, 0x00, 0x00,
  0x00, 0x00, 0x00, 0x00, 0x00, 0x00, 0x00, 0x00, 0x00, 0x00, 0x00, 0x00,
  0x00, 0x00, 0x00, 0x00, 0x00, 0x00, 0x00, 0x00, 0x00, 0x00, 0x00, 0x00,
  0x00, 0x00, 0x00, 0x00, 0x00, 0x00, 0x00, 0x00, 0x00, 0x00, 0x00, 0x00,
  0x00, 0x00, 0x00, 0x00, 0x00, 0x00, 0x00, 0x00, 0x00, 0x00, 0x00, 0x00,
  0x00, 0x00, 0x00, 0x00, 0x00, 0x00, 0x00, 0x00, 0x00, 0x00, 0x00, 0x00,
  0x00, 0x00, 0x00, 0x00, 0x00, 0x00, 0x00, 0x00, 0x00, 0x00, 0x00, 0x00,
  0x00, 0x00, 0x00, 0x00, 0x00, 0x00, 0x00, 0x00, 0x00, 0x00, 0x00, 0x00,
  0x00, 0x00, 0x00, 0x00, 0x00, 0x00, 0x00, 0x00, 0x00, 0x00, 0x00, 0x00,
  0x00, 0x00, 0x00, 0x00, 0x00, 0x00, 0x00, 0x00, 0x00, 0x00, 0x00, 0x00,
  0x00, 0x00, 0x00, 0x00, 0x00, 0x00, 0x00, 0x00, 0x00, 0x00, 0x00, 0x00,
  0x00, 0x00, 0x00, 0x00, 0x00, 0x00, 0x00, 0x00, 0x00, 0x00, 0x00, 0x00,
  0x00, 0x00, 0x00, 0x00, 0x00, 0x00, 0x00, 0x00, 0x00, 0x00, 0x00, 0x00,
  0x00, 0x00, 0x00, 0x00, 0x00, 0x00, 0x00, 0x00, 0x00, 0x00, 0x00, 0x00,
  0xfd, 0x88, 0xfc, 0xe6, 0xd3, 0xc2, 0xc2, 0xa0, 0xba, 0x80, 0xca, 0xa0,
  0xd2, 0xc0, 0xd2, 0xa0, 0xd2, 0xc0, 0xd2, 0xe0, 0xd2, 0xc0, 0xdb, 0x21,
  0xe3, 0xa3, 0xeb, 0xe4, 0xeb, 0xe4, 0xeb, 0xe4, 0xec, 0x04, 0xeb, 0xe4,
  0xeb, 0xe4, 0xe3, 0xe4, 0xe3, 0xc4, 0xe3, 0xc4, 0xdb, 0xc4, 0xdb, 0xa4,
  0xdb, 0xa5, 0xdb, 0xa5, 0xdb, 0xa5, 0xdb, 0xc6, 0xe3, 0xe5, 0xdb, 0xc5,
  0xdb, 0xc6, 0xdb, 0xc6, 0xdb, 0xc6, 0xdb, 0xe7, 0xe3, 0xe7, 0xe3, 0xe7,
  0xe4, 0x07, 0xe4, 0x07, 0xe4, 0x07, 0xe4, 0x07, 0xe3, 0xe7, 0xdb, 0xc6,
  0xdb, 0xc6, 0xdb, 0xc6, 0xdb, 0xe6, 0xdb, 0xc6, 0xdb, 0xc6, 0xd3, 0xa5,
  0xd3, 0x85, 0xd3, 0x85, 0xcb, 0x64, 0xcb, 0x84, 0xd3, 0xa5, 0xdb, 0xe6,
  0xdb, 0xc6, 0xdb, 0xa6, 0xdb, 0xa6, 0xdb, 0xc6, 0xdb, 0xe6, 0xe4, 0x06,
  0xe4, 0x06, 0xe4, 0x26, 0xe4, 0x06, 0xec, 0x46, 0xec, 0x67, 0xec, 0x87,
  0xec, 0xa7, 0xec, 0xc7, 0xf4, 0xc8, 0xf4, 0xe8, 0xfd, 0x29, 0xfd, 0x6a,
  0xfd, 0x8b, 0xfd, 0xac, 0xfd, 0xcc, 0xfd, 0xed, 0xfe, 0x2d, 0xfe, 0x4e,
  0xfe, 0x6f, 0xfe, 0x91, 0xfe, 0x91, 0xfe, 0x71, 0xfe, 0x71, 0xfe, 0x71,
  0xfe, 0x71, 0xfe, 0x50, 0xfe, 0x70, 0xfe, 0xd1, 0xfe, 0xd1, 0xfe, 0xd0,
  0xff, 0x11, 0xff, 0x52, 0xff, 0x11, 0xff, 0x52, 0xff, 0xf5, 0xff, 0xb4,
  0xff, 0x52, 0xfe, 0xf0, 0xfe, 0x8e, 0xfe, 0x6e, 0xfe, 0x6f, 0xfe, 0x90,
  0xfe, 0xd1, 0xff, 0x12, 0xff, 0x54, 0xff, 0x54, 0xff, 0x96, 0xff, 0x96,
  0x00, 0x00, 0x00, 0x00, 0x00, 0x00, 0x00, 0x00, 0x00, 0x00, 0x00, 0x00,
  0x00, 0x00, 0x00, 0x00, 0x00, 0x00, 0x00, 0x00, 0x00, 0x00, 0x00, 0x00,
  0x00, 0x00, 0x00, 0x00, 0x00, 0x00, 0x00, 0x00, 0x00, 0x00, 0x00, 0x00,
  0x00, 0x00, 0x00, 0x00, 0x00, 0x00, 0x00, 0x00, 0x00, 0x00, 0x00, 0x00,
  0x00, 0x00, 0x00, 0x00, 0x00, 0x00, 0x00, 0x00, 0x00, 0x00, 0x00, 0x00,
  0x00, 0x00, 0x00, 0x00, 0x00, 0x00, 0x00, 0x00, 0x00, 0x00, 0x00, 0x00,
  0x00, 0x00, 0x00, 0x00, 0x00, 0x00, 0x00, 0x00, 0x00, 0x00, 0x00, 0x00,
  0x00, 0x00, 0x00, 0x00, 0x00, 0x00, 0x00, 0x00, 0x00, 0x00, 0x00, 0x00,
  0x00, 0x00, 0x00, 0x00, 0x00, 0x00, 0x00, 0x00, 0x00, 0x00, 0x00, 0x00,
  0x00, 0x00, 0x00, 0x00, 0x00, 0x00, 0x00, 0x00, 0x00, 0x00, 0x00, 0x00,
  0x00, 0x00, 0x00, 0x00, 0x00, 0x00, 0x00, 0x00, 0x00, 0x00, 0x00, 0x00,
  0x00, 0x00, 0x00, 0x00, 0x00, 0x00, 0x00, 0x00, 0x00, 0x00, 0x00, 0x00,
  0x00, 0x00, 0x00, 0x00, 0x00, 0x00, 0x00, 0x00, 0x00, 0x00, 0x00, 0x00,
  0x00, 0x00, 0x00, 0x00, 0x00, 0x00, 0x00, 0x00, 0x00, 0x00, 0x00, 0x00,
  0x00, 0x00, 0x00, 0x00, 0x00, 0x00, 0x00, 0x00, 0x00, 0x00, 0x00, 0x00,
  0x00, 0x00, 0x00, 0x00, 0x00, 0x00, 0x00, 0x00, 0x00, 0x00, 0x00, 0x00,
  0x00, 0x00, 0x00, 0x00, 0x00, 0x00, 0x00, 0x00, 0x00, 0x00, 0x00, 0x00,
  0x00, 0x00, 0x00, 0x00, 0x00, 0x00, 0x00, 0x00, 0x00, 0x00, 0x00, 0x00,
  0x00, 0x00, 0x00, 0x00, 0x00, 0x00, 0x00, 0x00, 0x00, 0x00, 0x00, 0x00,
  0x00, 0x00, 0x00, 0x00, 0x00, 0x00, 0x00, 0x00, 0x00, 0x00, 0x00, 0x00,
  0x00, 0x00, 0x00, 0x00, 0x00, 0x00, 0x00, 0x00, 0x00, 0x00, 0x00, 0x00,
  0x00, 0x00, 0x00, 0x00, 0x00, 0x00, 0x00, 0x00, 0x00, 0x00, 0x00, 0x00,
  0x00, 0x00, 0x00, 0x00, 0xdc, 0x02, 0xc2, 0xc0, 0xba, 0x60, 0xc2, 0x80,
  0xca, 0xa0, 0xca, 0x80, 0xd2, 0xa0, 0xd2, 0xc0, 0xd2, 0xa0, 0xd2, 0xe1,
  0xe3, 0x63, 0xeb, 0xc4, 0xeb, 0xe4, 0xec, 0x04, 0xec, 0x04, 0xec, 0x04,
  0xeb, 0xe4, 0xeb, 0xe4, 0xe3, 0xe4, 0xe3, 0xc4, 0xe3, 0xc4, 0xdb, 0xa4,
  0xdb, 0xa4, 0xdb, 0xa4, 0xdb, 0xa5, 0xe3, 0xe5, 0xe3, 0xe5, 0xdb, 0xc5,
  0xdb, 0xc6, 0xdb, 0xc6, 0xdb, 0xc6, 0xdb, 0xe6, 0xdb, 0xe7, 0xe3, 0xe7,
  0xe4, 0x07, 0xe4, 0x07, 0xe4, 0x07, 0xe4, 0x07, 0xe4, 0x07, 0xdb, 0xe6,
  0xdb, 0xc6, 0xdb, 0xc6, 0xdb, 0xe6, 0xdb, 0xe6, 0xdb, 0xc6, 0xd3, 0xa5,
  0xd3, 0xa5, 0xd3, 0x85, 0xd3, 0x85, 0xd3, 0x85, 0xdb, 0xc6, 0xe4, 0x06,
  0xdb, 0xe7, 0xdb, 0xc6, 0xdb, 0xc6, 0xdb, 0xe7, 0xe4, 0x07, 0xe4, 0x07,
  0xe4, 0x26, 0xdc, 0x05, 0xdb, 0xe5, 0xdc, 0x05, 0xe4, 0x25, 0xe4, 0x25,
  0xec, 0x66, 0xec, 0x86, 0xec, 0x87, 0xf4, 0xa7, 0xf4, 0xe8, 0xfd, 0x2a,
  0xfd, 0x4a, 0xfd, 0x6b, 0xfd, 0x6b, 0xfd, 0x8b, 0xfd, 0xcc, 0xfe, 0x0d,
  0xfe, 0x2d, 0xfe, 0x4f, 0xfe, 0x4f, 0xfe, 0x0f, 0xfd, 0xce, 0xfe, 0x0f,
  0xfe, 0x2f, 0xfe, 0x2f, 0xfe, 0x90, 0xfe, 0xf1, 0xfe, 0xf1, 0xfe, 0xf1,
  0xff, 0x11, 0xff, 0x52, 0xff, 0x52, 0xff, 0x73, 0xff, 0xd5, 0xff, 0x93,
  0xff, 0x52, 0xfe, 0xf0, 0xfe, 0x6e, 0xfe, 0x6e, 0xfe, 0x90, 0xfe, 0xd1,
  0xfe, 0xd2, 0xff, 0x13, 0xff, 0x35, 0xff, 0x55, 0x00, 0x00, 0x00, 0x00,
  0x00, 0x00, 0x00, 0x00, 0x00, 0x00, 0x00, 0x00, 0x00, 0x00, 0x00, 0x00,
  0x00, 0x00, 0x00, 0x00, 0x00, 0x00, 0x00, 0x00, 0x00, 0x00, 0x00, 0x00,
  0x00, 0x00, 0x00, 0x00, 0x00, 0x00, 0x00, 0x00, 0x00, 0x00, 0x00, 0x00,
  0x00, 0x00, 0x00, 0x00, 0x00, 0x00, 0x00, 0x00, 0x00, 0x00, 0x00, 0x00,
  0x00, 0x00, 0x00, 0x00, 0x00, 0x00, 0x00, 0x00, 0x00, 0x00, 0x00, 0x00,
  0x00, 0x00, 0x00, 0x00, 0x00, 0x00, 0x00, 0x00, 0x00, 0x00, 0x00, 0x00,
  0x00, 0x00, 0x00, 0x00, 0x00, 0x00, 0x00, 0x00, 0x00, 0x00, 0x00, 0x00,
  0x00, 0x00, 0x00, 0x00, 0x00, 0x00, 0x00, 0x00, 0x00, 0x00, 0x00, 0x00,
  0x00, 0x00, 0x00, 0x00, 0x00, 0x00, 0x00, 0x00, 0x00, 0x00, 0x00, 0x00,
  0x00, 0x00, 0x00, 0x00, 0x00, 0x00, 0x00, 0x00, 0x00, 0x00, 0x00, 0x00,
  0x00, 0x00, 0x00, 0x00, 0x00, 0x00, 0x00, 0x00, 0x00, 0x00, 0x00, 0x00,
  0x00, 0x00, 0x00, 0x00, 0x00, 0x00, 0x00, 0x00, 0x00, 0x00, 0x00, 0x00,
  0x00, 0x00, 0x00, 0x00, 0x00, 0x00, 0x00, 0x00, 0x00, 0x00, 0x00, 0x00,
  0x00, 0x00, 0x00, 0x00, 0x00, 0x00, 0x00, 0x00, 0x00, 0x00, 0x00, 0x00,
  0x00, 0x00, 0x00, 0x00, 0x00, 0x00, 0x00, 0x00, 0x00, 0x00, 0x00, 0x00,
  0x00, 0x00, 0x00, 0x00, 0x00, 0x00, 0x00, 0x00, 0x00, 0x00, 0x00, 0x00,
  0x00, 0x00, 0x00, 0x00, 0x00, 0x00, 0x00, 0x00, 0x00, 0x00, 0x00, 0x00,
  0x00, 0x00, 0x00, 0x00, 0x00, 0x00, 0x00, 0x00, 0x00, 0x00, 0x00, 0x00,
  0x00, 0x00, 0x00, 0x00, 0x00, 0x00, 0x00, 0x00, 0x00, 0x00, 0x00, 0x00,
  0x00, 0x00, 0x00, 0x00, 0x00, 0x00, 0x00, 0x00, 0x00, 0x00, 0x00, 0x00,
  0x00, 0x00, 0x00, 0x00, 0x00, 0x00, 0x00, 0x00, 0x00, 0x00, 0x00, 0x00,
  0x00, 0x00, 0x00, 0x00, 0x00, 0x00, 0x00, 0x00, 0x00, 0x00, 0x00, 0x00,
  0x00, 0x00, 0x00, 0x00, 0x00, 0x00, 0x00, 0x00, 0xb2, 0x60, 0xc2, 0x60,
  0xca, 0xa0, 0xca, 0x80, 0xca, 0x80, 0xd2, 0x80, 0xd2, 0x80, 0xd2, 0xe0,
  0xe3, 0x42, 0xeb, 0xa4, 0xeb, 0xc4, 0xec, 0x04, 0xec, 0x04, 0xec, 0x04,
  0xeb, 0xe4, 0xec, 0x04, 0xe3, 0xe4, 0xe3, 0xc4, 0xe3, 0xc4, 0xdb, 0xc4,
  0xdb, 0xc4, 0xdb, 0xc5, 0xdb, 0xc5, 0xe3, 0xe5, 0xe3, 0xe5, 0xdb, 0xc5,
  0xdb, 0xc6, 0xdb, 0xc6, 0xdb, 0xc6, 0xdb, 0xc6, 0xdb, 0xc6, 0xe3, 0xe7,
  0xe4, 0x07, 0xe4, 0x07, 0xe4, 0x07, 0xe4, 0x07, 0xe4, 0x07, 0xdb, 0xe6,
  0xdb, 0xc6, 0xdb, 0xc6, 0xdb, 0xe6, 0xe4, 0x07, 0xdb, 0xe6, 0xdb, 0xc6,
  0xdb, 0xc6, 0xdb, 0xc6, 0xdb, 0xc6, 0xdb, 0xc6, 0xdb, 0xe6, 0xdb, 0xe6,
  0xdb, 0xe7, 0xdb, 0xe7, 0xdb, 0xe7, 0xe3, 0xe7, 0xe4, 0x07, 0xe4, 0x07,
  0xe4, 0x06, 0xdb, 0xe5, 0xdb, 0xc5, 0xdb, 0xe5, 0xdc, 0x05, 0xe4, 0x05,
  0xe4, 0x45, 0xe4, 0x66, 0xec, 0x66, 0xec, 0x87, 0xf4, 0xa7, 0xfc, 0xe9,
  0xfd, 0x09, 0xfd, 0x2a, 0xfd, 0x2a, 0xfd, 0x2a, 0xfd, 0x6b, 0xfd, 0xab,
  0xfd, 0xcb, 0xfd, 0xed, 0xfd, 0xed, 0xfd, 0x8d, 0xfd, 0x6c, 0xfd, 0xad,
  0xfd, 0xee, 0xfe, 0x2e, 0xfe, 0x8f, 0xfe, 0xf1, 0xfe, 0xf0, 0xfe, 0xf0,
  0xff, 0x11, 0xff, 0x52, 0xff, 0x52, 0xff, 0x73, 0xff, 0xb4, 0xff, 0x93,
  0xff, 0x31, 0xfe, 0xf0, 0xfe, 0x8e, 0xfe, 0x8f, 0xfe, 0xb1, 0xfe, 0xd2,
  0xff, 0x13, 0xff, 0x34, 0x00, 0x00, 0x00, 0x00, 0x00, 0x00, 0x00, 0x00,
  0x00, 0x00, 0x00, 0x00, 0x00, 0x00, 0x00, 0x00, 0x00, 0x00, 0x00, 0x00,
  0x00, 0x00, 0x00, 0x00, 0x00, 0x00, 0x00, 0x00, 0x00, 0x00, 0x00, 0x00,
  0x00, 0x00, 0x00, 0x00, 0x00, 0x00, 0x00, 0x00, 0x00, 0x00, 0x00, 0x00,
  0x00, 0x00, 0x00, 0x00, 0x00, 0x00, 0x00, 0x00, 0x00, 0x00, 0x00, 0x00,
  0x00, 0x00, 0x00, 0x00, 0x00, 0x00, 0x00, 0x00, 0x00, 0x00, 0x00, 0x00,
  0x00, 0x00, 0x00, 0x00, 0x00, 0x00, 0x00, 0x00, 0x00, 0x00, 0x00, 0x00,
  0x00, 0x00, 0x00, 0x00, 0x00, 0x00, 0x00, 0x00, 0x00, 0x00, 0x00, 0x00,
  0x00, 0x00, 0x00, 0x00, 0x00, 0x00, 0x00, 0x00, 0x00, 0x00, 0x00, 0x00,
  0x00, 0x00, 0x00, 0x00, 0x00, 0x00, 0x00, 0x00, 0x00, 0x00, 0x00, 0x00,
  0x00, 0x00, 0x00, 0x00, 0x00, 0x00, 0x00, 0x00, 0x00, 0x00, 0x00, 0x00,
  0x00, 0x00, 0x00, 0x00, 0x00, 0x00, 0x00, 0x00, 0x00, 0x00, 0x00, 0x00,
  0x00, 0x00, 0x00, 0x00, 0x00, 0x00, 0x00, 0x00, 0x00, 0x00, 0x00, 0x00,
  0x00, 0x00, 0x00, 0x00, 0x00, 0x00, 0x00, 0x00, 0x00, 0x00, 0x00, 0x00,
  0x00, 0x00, 0x00, 0x00, 0x00, 0x00, 0x00, 0x00, 0x00, 0x00, 0x00, 0x00,
  0x00, 0x00, 0x00, 0x00, 0x00, 0x00, 0x00, 0x00, 0x00, 0x00, 0x00, 0x00,
  0x00, 0x00, 0x00, 0x00, 0x00, 0x00, 0x00, 0x00, 0x00, 0x00, 0x00, 0x00,
  0x00, 0x00, 0x00, 0x00, 0x00, 0x00, 0x00, 0x00, 0x00, 0x00, 0x00, 0x00,
  0x00, 0x00, 0x00, 0x00, 0x00, 0x00, 0x00, 0x00, 0x00, 0x00, 0x00, 0x00,
  0x00, 0x00, 0x00, 0x00, 0x00, 0x00, 0x00, 0x00, 0x00, 0x00, 0x00, 0x00,
  0x00, 0x00, 0x00, 0x00, 0x00, 0x00, 0x00, 0x00, 0x00, 0x00, 0x00, 0x00,
  0x00, 0x00, 0x00, 0x00, 0x00, 0x00, 0x00, 0x00, 0x00, 0x00, 0x00, 0x00,
  0x00, 0x00, 0x00, 0x00, 0x00, 0x00, 0x00, 0x00, 0x00, 0x00, 0x00, 0x00,
  0x00, 0x00, 0x00, 0x00, 0x00, 0x00, 0x00, 0x00, 0x00, 0x00, 0x00, 0x00,
  0xca, 0xa0, 0xca, 0x80, 0xca, 0x80, 0xca, 0x60, 0xca, 0x60, 0xd2, 0xc0,
  0xdb, 0x21, 0xe3, 0x83, 0xeb, 0xc3, 0xeb, 0xe4, 0xf4, 0x04, 0xec, 0x04,
  0xec, 0x04, 0xec, 0x04, 0xeb, 0xe4, 0xe3, 0xc4, 0xe3, 0xc4, 0xe3, 0xc4,
  0xdb, 0xc4, 0xdb, 0xc4, 0xdb, 0xc5, 0xe3, 0xe5, 0xe3, 0xe5, 0xdb, 0xc5,
  0xdb, 0xc5, 0xdb, 0xc5, 0xdb, 0xc6, 0xdb, 0xc6, 0xdb, 0xc6, 0xdb, 0xe6,
  0xe3, 0xe7, 0xe3, 0xe7, 0xe4, 0x07, 0xe4, 0x07, 0xe4, 0x07, 0xdb, 0xe6,
  0xdb, 0xc6, 0xdb, 0xc6, 0xe4, 0x07, 0xe4, 0x07, 0xdb, 0xe6, 0xdb, 0xc6,
  0xdb, 0xc6, 0xdb, 0xc6, 0xdb, 0xc6, 0xdb, 0xe6, 0xdb, 0xe6, 0xdb, 0xe6,
  0xdb, 0xe7, 0xe4, 0x07, 0xe4, 0x07, 0xe4, 0x07, 0xe4, 0x07, 0xe4, 0x06,
  0xe4, 0x06, 0xdb, 0xc5, 0xd3, 0xa4, 0xdb, 0xe4, 0xdb, 0xe4, 0xdc, 0x04,
  0xe4, 0x45, 0xe4, 0x66, 0xec, 0x66, 0xec, 0x67, 0xec, 0x87, 0xf4, 0xa8,
  0xfc, 0xc8, 0xf4, 0xe9, 0xf4, 0xc9, 0xf5, 0x09, 0xf5, 0x09, 0xf5, 0x4a,
  0xf5, 0x4a, 0xfd, 0x4a, 0xfd, 0x2a, 0xf5, 0x0a, 0xf5, 0x0b, 0xfd, 0x6c,
  0xfd, 0xad, 0xfe, 0x2e, 0xfe, 0xb0, 0xfe, 0xd0, 0xfe, 0xb0, 0xfe, 0x8f,
  0xfe, 0xaf, 0xff, 0x31, 0xff, 0x52, 0xff, 0x72, 0xff, 0xb4, 0xff, 0x73,
  0xff, 0x11, 0xfe, 0xf1, 0xfe, 0xb0, 0xfe, 0xb0, 0xfe, 0xb2, 0xfe, 0xd2,
  0x00, 0x00, 0x00, 0x00, 0x00, 0x00, 0x00, 0x00, 0x00, 0x00, 0x00, 0x00,
  0x00, 0x00, 0x00, 0x00, 0x00, 0x00, 0x00, 0x00, 0x00, 0x00, 0x00, 0x00,
  0x00, 0x00, 0x00, 0x00, 0x00, 0x00, 0x00, 0x00, 0x00, 0x00, 0x00, 0x00,
  0x00, 0x00, 0x00, 0x00, 0x00, 0x00, 0x00, 0x00, 0x00, 0x00, 0x00, 0x00,
  0x00, 0x00, 0x00, 0x00, 0x00, 0x00, 0x00, 0x00, 0x00, 0x00, 0x00, 0x00,
  0x00, 0x00, 0x00, 0x00, 0x00, 0x00, 0x00, 0x00, 0x00, 0x00, 0x00, 0x00,
  0x00, 0x00, 0x00, 0x00, 0x00, 0x00, 0x00, 0x00, 0x00, 0x00, 0x00, 0x00,
  0x00, 0x00, 0x00, 0x00, 0x00, 0x00, 0x00, 0x00, 0x00, 0x00, 0x00, 0x00,
  0x00, 0x00, 0x00, 0x00, 0x00, 0x00, 0x00, 0x00, 0x00, 0x00, 0x00, 0x00,
  0x00, 0x00, 0x00, 0x00, 0x00, 0x00, 0x00, 0x00, 0x00, 0x00, 0x00, 0x00,
  0x00, 0x00, 0x00, 0x00, 0x00, 0x00, 0x00, 0x00, 0x00, 0x00, 0x00, 0x00,
  0x00, 0x00, 0x00, 0x00, 0x00, 0x00, 0x00, 0x00, 0x00, 0x00, 0x00, 0x00,
  0x00, 0x00, 0x00, 0x00, 0x00, 0x00, 0x00, 0x00, 0x00, 0x00, 0x00, 0x00,
  0x00, 0x00, 0x00, 0x00, 0x00, 0x00, 0x00, 0x00, 0x00, 0x00, 0x00, 0x00,
  0x00, 0x00, 0x00, 0x00, 0x00, 0x00, 0x00, 0x00, 0x00, 0x00, 0x00, 0x00,
  0x00, 0x00, 0x00, 0x00, 0x00, 0x00, 0x00, 0x00, 0x00, 0x00, 0x00, 0x00,
  0x00, 0x00, 0x00, 0x00, 0x00, 0x00, 0x00, 0x00, 0x00, 0x00, 0x00, 0x00,
  0x00, 0x00, 0x00, 0x00, 0x00, 0x00, 0x00, 0x00, 0x00, 0x00, 0x00, 0x00,
  0x00, 0x00, 0x00, 0x00, 0x00, 0x00, 0x00, 0x00, 0x00, 0x00, 0x00, 0x00,
  0x00, 0x00, 0x00, 0x00, 0x00, 0x00, 0x00, 0x00, 0x00, 0x00, 0x00, 0x00,
  0x00, 0x00, 0x00, 0x00, 0x00, 0x00, 0x00, 0x00, 0x00, 0x00, 0x00, 0x00,
  0x00, 0x00, 0x00, 0x00, 0x00, 0x00, 0x00, 0x00, 0x00, 0x00, 0x00, 0x00,
  0x00, 0x00, 0x00, 0x00, 0x00, 0x00, 0x00, 0x00, 0x00, 0x00, 0x00, 0x00,
  0x00, 0x00, 0x00, 0x00, 0x00, 0x00, 0x00, 0x00, 0x00, 0x00, 0x00, 0x00,
  0x00, 0x00, 0x00, 0x00, 0x00, 0x00, 0xca, 0x60, 0xca, 0x40, 0xca, 0x80,
  0xd2, 0xc0, 0xdb, 0x21, 0xe3, 0x62, 0xe3, 0xa3, 0xeb, 0xc3, 0xeb, 0xe4,
  0xeb, 0xe4, 0xeb, 0xe4, 0xeb, 0xe4, 0xe3, 0xe4, 0xe3, 0xe4, 0xe3, 0xc4,
  0xe3, 0xc4, 0xdb, 0xc4, 0xdb, 0xc5, 0xe3, 0xe5, 0xe3, 0xe5, 0xdb, 0xc5,
  0xdb, 0xc5, 0xdb, 0xc5, 0xdb, 0xc6, 0xdb, 0xc6, 0xdb, 0xc6, 0xdb, 0xe6,
  0xdb, 0xc6, 0xdb, 0xc6, 0xdb, 0xe6, 0xe4, 0x07, 0xe4, 0x07, 0xe3, 0xe6,
  0xdb, 0xe6, 0xdb, 0xe6, 0xdb, 0xe6, 0xdb, 0xe6, 0xdb, 0xe6, 0xdb, 0xc6,
  0xdb, 0xc6, 0xdb, 0xc6, 0xdb, 0xc6, 0xdb, 0xc6, 0xdb, 0xc6, 0xdb, 0xe6,
  0xdb, 0xe6, 0xe3, 0xe7, 0xe3, 0xe7, 0xe3, 0xe7, 0xe3, 0xe7, 0xe4, 0x06,
  0xe4, 0x06, 0xdb, 0xe5, 0xdb, 0xe5, 0xdb, 0xe4, 0xdc, 0x05, 0xe4, 0x24,
  0xe4, 0x45, 0xe4, 0x66, 0xec, 0x66, 0xec, 0x67, 0xec, 0x87, 0xec, 0x87,
  0xf4, 0x88, 0xf4, 0xa8, 0xf4, 0xa8, 0xec, 0xc8, 0xec, 0xc8, 0xec, 0xe8,
  0xec, 0xe8, 0xec, 0xc9, 0xec, 0xa8, 0xe4, 0x88, 0xec, 0x89, 0xed, 0x0a,
  0xf5, 0x6c, 0xfe, 0x0e, 0xfe, 0xaf, 0xfe, 0xaf, 0xfe, 0x4e, 0xee, 0x0d,
  0xf6, 0x4e, 0xff, 0x11, 0xff, 0x51, 0xff, 0x52, 0xff, 0xb3, 0xff, 0x73,
  0xff, 0x11, 0xfe, 0xf1, 0xfe, 0xb0, 0x00, 0x00, 0x00, 0x00, 0x00, 0x00,
  0x00, 0x00, 0x00, 0x00, 0x00, 0x00, 0x00, 0x00, 0x00, 0x00, 0x00, 0x00,
  0x00, 0x00, 0x00, 0x00, 0x00, 0x00, 0x00, 0x00, 0x00, 0x00, 0x00, 0x00,
  0x00, 0x00, 0x00, 0x00, 0x00, 0x00, 0x00, 0x00, 0x00, 0x00, 0x00, 0x00,
  0x00, 0x00, 0x00, 0x00, 0x00, 0x00, 0x00, 0x00, 0x00, 0x00, 0x00, 0x00,
  0x00, 0x00, 0x00, 0x00, 0x00, 0x00, 0x00, 0x00, 0x00, 0x00, 0x00, 0x00,
  0x00, 0x00, 0x00, 0x00, 0x00, 0x00, 0x00, 0x00, 0x00, 0x00, 0x00, 0x00,
  0x00, 0x00, 0x00, 0x00, 0x00, 0x00, 0x00, 0x00, 0x00, 0x00, 0x00, 0x00,
  0x00, 0x00, 0x00, 0x00, 0x00, 0x00, 0x00, 0x00, 0x00, 0x00, 0x00, 0x00,
  0x00, 0x00, 0x00, 0x00, 0x00, 0x00, 0x00, 0x00, 0x00, 0x00, 0x00, 0x00,
  0x00, 0x00, 0x00, 0x00, 0x00, 0x00, 0x00, 0x00, 0x00, 0x00, 0x00, 0x00,
  0x00, 0x00, 0x00, 0x00, 0x00, 0x00, 0x00, 0x00, 0x00, 0x00, 0x00, 0x00,
  0x00, 0x00, 0x00, 0x00, 0x00, 0x00, 0x00, 0x00, 0x00, 0x00, 0x00, 0x00,
  0x00, 0x00, 0x00, 0x00, 0x00, 0x00, 0x00, 0x00, 0x00, 0x00, 0x00, 0x00,
  0x00, 0x00, 0x00, 0x00, 0x00, 0x00, 0x00, 0x00, 0x00, 0x00, 0x00, 0x00,
  0x00, 0x00, 0x00, 0x00, 0x00, 0x00, 0x00, 0x00, 0x00, 0x00, 0x00, 0x00,
  0x00, 0x00, 0x00, 0x00, 0x00, 0x00, 0x00, 0x00, 0x00, 0x00, 0x00, 0x00,
  0x00, 0x00, 0x00, 0x00, 0x00, 0x00, 0x00, 0x00, 0x00, 0x00, 0x00, 0x00,
  0x00, 0x00, 0x00, 0x00, 0x00, 0x00, 0x00, 0x00, 0x00, 0x00, 0x00, 0x00,
  0x00, 0x00, 0x00, 0x00, 0x00, 0x00, 0x00, 0x00, 0x00, 0x00, 0x00, 0x00,
  0x00, 0x00, 0x00, 0x00, 0x00, 0x00, 0x00, 0x00, 0x00, 0x00, 0x00, 0x00,
  0x00, 0x00, 0x00, 0x00, 0x00, 0x00, 0x00, 0x00, 0x00, 0x00, 0x00, 0x00,
  0x00, 0x00, 0x00, 0x00, 0x00, 0x00, 0x00, 0x00, 0x00, 0x00, 0x00, 0x00,
  0x00, 0x00, 0x00, 0x00, 0x00, 0x00, 0x00, 0x00, 0x00, 0x00, 0x00, 0x00,
  0x00, 0x00, 0x00, 0x00, 0x00, 0x00, 0x00, 0x00, 0x00, 0x00, 0x00, 0x00,
  0x00, 0x00, 0x00, 0x00, 0x00, 0x00, 0x00, 0x00, 0x00, 0x00, 0xc2, 0x60,
  0xca, 0x60, 0xca, 0xa0, 0xd2, 0xe0, 0xdb, 0x42, 0xe3, 0x82, 0xeb, 0xc3,
  0xeb, 0xc3, 0xeb, 0xc3, 0xeb, 0xe4, 0xeb, 0xe4, 0xe3, 0xe4, 0xe3, 0xe4,
  0xe3, 0xc4, 0xe3, 0xc4, 0xdb, 0xc5, 0xe3, 0xe5, 0xe3, 0xe5, 0xdb, 0xc5,
  0xdb, 0xc5, 0xdb, 0xc5, 0xdb, 0xc6, 0xdb, 0xc6, 0xdb, 0xc6, 0xdb, 0xe6,
  0xdb, 0xc6, 0xdb, 0xc6, 0xdb, 0xe6, 0xe4, 0x07, 0xe4, 0x07, 0xe3, 0xe7,
  0xe4, 0x07, 0xe4, 0x07, 0xdb, 0xc6, 0xdb, 0xe6, 0xdb, 0xe6, 0xdb, 0xc6,
  0xdb, 0xc6, 0xdb, 0xc6, 0xdb, 0xc6, 0xdb, 0xc6, 0xdb, 0xc6, 0xdb, 0xc6,
  0xdb, 0xe6, 0xdb, 0xe7, 0xdb, 0xe7, 0xdb, 0xe7, 0xdb, 0xe6, 0xe4, 0x06,
  0xe4, 0x26, 0xe4, 0x46, 0xe4, 0x46, 0xe4, 0x45, 0xe4, 0x45, 0xe4, 0x45,
  0xec, 0x45, 0xe4, 0x66, 0xec, 0x66, 0xec, 0x67, 0xec, 0x87, 0xec, 0x88,
  0xec, 0x88, 0xec, 0x88, 0xec, 0x88, 0xec, 0x87, 0xe4, 0x67, 0xdc, 0x86,
  0xe4, 0xc7, 0xe4, 0x88, 0xe4, 0x67, 0xdc, 0x27, 0xdc, 0x28, 0xe4, 0xc9,
  0xf5, 0x4b, 0xfd, 0xcc, 0xfe, 0x2e, 0xf6, 0x0d, 0xed, 0xab, 0xe5, 0xab,
  0xf6, 0x4e, 0xff, 0x11, 0xff, 0x31, 0xff, 0x11, 0xff, 0x73, 0xff, 0x73,
  0xff, 0x11, 0x00, 0x00, 0x00, 0x00, 0x00, 0x00, 0x00, 0x00, 0x00, 0x00,
  0x00, 0x00, 0x00, 0x00, 0x00, 0x00, 0x00, 0x00, 0x00, 0x00, 0x00, 0x00,
  0x00, 0x00, 0x00, 0x00, 0x00, 0x00, 0x00, 0x00, 0x00, 0x00, 0x00, 0x00,
  0x00, 0x00, 0x00, 0x00, 0x00, 0x00, 0x00, 0x00, 0x00, 0x00, 0x00, 0x00,
  0x00, 0x00, 0x00, 0x00, 0x00, 0x00, 0x00, 0x00, 0x00, 0x00, 0x00, 0x00,
  0x00, 0x00, 0x00, 0x00, 0x00, 0x00, 0x00, 0x00, 0x00, 0x00, 0x00, 0x00,
  0x00, 0x00, 0x00, 0x00, 0x00, 0x00, 0x00, 0x00, 0x00, 0x00, 0x00, 0x00,
  0x00, 0x00, 0x00, 0x00, 0x00, 0x00, 0x00, 0x00, 0x00, 0x00, 0x00, 0x00,
  0x00, 0x00, 0x00, 0x00, 0x00, 0x00, 0x00, 0x00, 0x00, 0x00, 0x00, 0x00,
  0x00, 0x00, 0x00, 0x00, 0x00, 0x00, 0x00, 0x00, 0x00, 0x00, 0x00, 0x00,
  0x00, 0x00, 0x00, 0x00, 0x00, 0x00, 0x00, 0x00, 0x00, 0x00, 0x00, 0x00,
  0x00, 0x00, 0x00, 0x00, 0x00, 0x00, 0x00, 0x00, 0x00, 0x00, 0x00, 0x00,
  0x00, 0x00, 0x00, 0x00, 0x00, 0x00, 0x00, 0x00, 0x00, 0x00, 0x00, 0x00,
  0x00, 0x00, 0x00, 0x00, 0x00, 0x00, 0x00, 0x00, 0x00, 0x00, 0x00, 0x00,
  0x00, 0x00, 0x00, 0x00, 0x00, 0x00, 0x00, 0x00, 0x00, 0x00, 0x00, 0x00,
  0x00, 0x00, 0x00, 0x00, 0x00, 0x00, 0x00, 0x00, 0x00, 0x00, 0x00, 0x00,
  0x00, 0x00, 0x00, 0x00, 0x00, 0x00, 0x00, 0x00, 0x00, 0x00, 0x00, 0x00,
  0x00, 0x00, 0x00, 0x00, 0x00, 0x00, 0x00, 0x00, 0x00, 0x00, 0x00, 0x00,
  0x00, 0x00, 0x00, 0x00, 0x00, 0x00, 0x00, 0x00, 0x00, 0x00, 0x00, 0x00,
  0x00, 0x00, 0x00, 0x00, 0x00, 0x00, 0x00, 0x00, 0x00, 0x00, 0x00, 0x00,
  0x00, 0x00, 0x00, 0x00, 0x00, 0x00, 0x00, 0x00, 0x00, 0x00, 0x00, 0x00,
  0x00, 0x00, 0x00, 0x00, 0x00, 0x00, 0x00, 0x00, 0x00, 0x00, 0x00, 0x00,
  0x00, 0x00, 0x00, 0x00, 0x00, 0x00, 0x00, 0x00, 0x00, 0x00, 0x00, 0x00,
  0x00, 0x00, 0x00, 0x00, 0x00, 0x00, 0x00, 0x00, 0x00, 0x00, 0x00, 0x00,
  0x00, 0x00, 0x00, 0x00, 0x00, 0x00, 0x00, 0x00, 0x00, 0x00, 0x00, 0x00,
  0x00, 0x00, 0x00, 0x00, 0x00, 0x00, 0x00, 0x00, 0x00, 0x00, 0x00, 0x00,
  0x00, 0x00, 0x00, 0x00, 0xca, 0xa0, 0xd2, 0xe0, 0xdb, 0x42, 0xeb, 0xa3,
  0xeb, 0xe4, 0xeb, 0xe4, 0xeb, 0xe4, 0xec, 0x05, 0xec, 0x05, 0xec, 0x05,
  0xec, 0x05, 0xe4, 0x05, 0xe3, 0xe5, 0xe3, 0xe5, 0xe3, 0xe5, 0xdb, 0xc5,
  0xdb, 0xc5, 0xdb, 0xc5, 0xdb, 0xc6, 0xdb, 0xc6, 0xdb, 0xc6, 0xdb, 0xe6,
  0xdb, 0xc6, 0xdb, 0xc6, 0xdb, 0xe6, 0xe4, 0x07, 0xe4, 0x07, 0xe4, 0x07,
  0xe4, 0x07, 0xe4, 0x07, 0xdb, 0xc6, 0xdb, 0xe6, 0xdb, 0xe6, 0xdb, 0xc6,
  0xd3, 0xa5, 0xdb, 0xc6, 0xdb, 0xc6, 0xdb, 0xc6, 0xdb, 0xc6, 0xdb, 0xc6,
  0xdb, 0xe6, 0xdb, 0xe7, 0xdb, 0xe7, 0xdb, 0xe7, 0xdb, 0xe6, 0xe4, 0x06,
  0xe4, 0x26, 0xec, 0x46, 0xec, 0x46, 0xec, 0x66, 0xec, 0x45, 0xe4, 0x45,
  0xe4, 0x45, 0xe4, 0x66, 0xe4, 0x45, 0xec, 0x46, 0xec, 0x47, 0xec, 0x47,
  0xec, 0x47, 0xec, 0x67, 0xec, 0x67, 0xe4, 0x67, 0xe4, 0x46, 0xdc, 0x66,
  0xdc, 0x86, 0xe4, 0x67, 0xdc, 0x47, 0xd4, 0x07, 0xdc, 0x28, 0xec, 0xea,
  0xfd, 0x8c, 0xf5, 0xac, 0xfd, 0xcc, 0xf5, 0xcc, 0xe5, 0x6b, 0xdd, 0x8b,
  0xf6, 0x2d, 0xff, 0x11, 0xff, 0x10, 0xfe, 0xf0, 0x00, 0x00, 0x00, 0x00,
  0x00, 0x00, 0x00, 0x00, 0x00, 0x00, 0x00, 0x00, 0x00, 0x00, 0x00, 0x00,
  0x00, 0x00, 0x00, 0x00, 0x00, 0x00, 0x00, 0x00, 0x00, 0x00, 0x00, 0x00,
  0x00, 0x00, 0x00, 0x00, 0x00, 0x00, 0x00, 0x00, 0x00, 0x00, 0x00, 0x00,
  0x00, 0x00, 0x00, 0x00, 0x00, 0x00, 0x00, 0x00, 0x00, 0x00, 0x00, 0x00,
  0x00, 0x00, 0x00, 0x00, 0x00, 0x00, 0x00, 0x00, 0x00, 0x00, 0x00, 0x00,
  0x00, 0x00, 0x00, 0x00, 0x00, 0x00, 0x00, 0x00, 0x00, 0x00, 0x00, 0x00,
  0x00, 0x00, 0x00, 0x00, 0x00, 0x00, 0x00, 0x00, 0x00, 0x00, 0x00, 0x00,
  0x00, 0x00, 0x00, 0x00, 0x00, 0x00, 0x00, 0x00, 0x00, 0x00, 0x00, 0x00,
  0x00, 0x00, 0x00, 0x00, 0x00, 0x00, 0x00, 0x00, 0x00, 0x00, 0x00, 0x00,
  0x00, 0x00, 0x00, 0x00, 0x00, 0x00, 0x00, 0x00, 0x00, 0x00, 0x00, 0x00,
  0x00, 0x00, 0x00, 0x00, 0x00, 0x00, 0x00, 0x00, 0x00, 0x00, 0x00, 0x00,
  0x00, 0x00, 0x00, 0x00, 0x00, 0x00, 0x00, 0x00, 0x00, 0x00, 0x00, 0x00,
  0x00, 0x00, 0x00, 0x00, 0x00, 0x00, 0x00, 0x00, 0x00, 0x00, 0x00, 0x00,
  0x00, 0x00, 0x00, 0x00, 0x00, 0x00, 0x00, 0x00, 0x00, 0x00, 0x00, 0x00,
  0x00, 0x00, 0x00, 0x00, 0x00, 0x00, 0x00, 0x00, 0x00, 0x00, 0x00, 0x00,
  0x00, 0x00, 0x00, 0x00, 0x00, 0x00, 0x00, 0x00, 0x00, 0x00, 0x00, 0x00,
  0x00, 0x00, 0x00, 0x00, 0x00, 0x00, 0x00, 0x00, 0x00, 0x00, 0x00, 0x00,
  0x00, 0x00, 0x00, 0x00, 0x00, 0x00, 0x00, 0x00, 0x00, 0x00, 0x00, 0x00,
  0x00, 0x00, 0x00, 0x00, 0x00, 0x00, 0x00, 0x00, 0x00, 0x00, 0x00, 0x00,
  0x00, 0x00, 0x00, 0x00, 0x00, 0x00, 0x00, 0x00, 0x00, 0x00, 0x00, 0x00,
  0x00, 0x00, 0x00, 0x00, 0x00, 0x00, 0x00, 0x00, 0x00, 0x00, 0x00, 0x00,
  0x00, 0x00, 0x00, 0x00, 0x00, 0x00, 0x00, 0x00, 0x00, 0x00, 0x00, 0x00,
  0x00, 0x00, 0x00, 0x00, 0x00, 0x00, 0x00, 0x00, 0x00, 0x00, 0x00, 0x00,
  0x00, 0x00, 0x00, 0x00, 0x00, 0x00, 0x00, 0x00, 0x00, 0x00, 0x00, 0x00,
  0x00, 0x00, 0x00, 0x00, 0x00, 0x00, 0x00, 0x00, 0x00, 0x00, 0x00, 0x00,
  0x00, 0x00, 0x00, 0x00, 0x00, 0x00, 0x00, 0x00, 0x00, 0x00, 0x00, 0x00,
  0x00, 0x00, 0x00, 0x00, 0x00, 0x00, 0x00, 0x00, 0x00, 0x00, 0xe3, 0x62,
  0xeb, 0xc3, 0xeb, 0xe4, 0xf4, 0x05, 0xf4, 0x25, 0xf4, 0x25, 0xec, 0x05,
  0xec, 0x05, 0xe3, 0xc4, 0xdb, 0xa4, 0xdb, 0xc4, 0xe3, 0xe5, 0xdb, 0xc5,
  0xdb, 0xc5, 0xdb, 0xc5, 0xdb, 0xc6, 0xdb, 0xc6, 0xdb, 0xe6, 0xdb, 0xc6,
  0xdb, 0xa5, 0xdb, 0xa6, 0xdb, 0xc6, 0xdb, 0xe6, 0xdb, 0xe6, 0xdb, 0xe6,
  0xdb, 0xe6, 0xdb, 0xe6, 0xdb, 0xc6, 0xe4, 0x07, 0xdb, 0xe6, 0xdb, 0xc6,
  0xd3, 0xa5, 0xdb, 0xc6, 0xdb, 0xc6, 0xdb, 0xc6, 0xdb, 0xc6, 0xdb, 0xc6,
  0xdb, 0xe6, 0xdb, 0xe7, 0xdb, 0xe7, 0xdb, 0xe7, 0xdb, 0xe6, 0xe4, 0x06,
  0xe4, 0x06, 0xe4, 0x26, 0xe4, 0x26, 0xe4, 0x25, 0xe4, 0x25, 0xe4, 0x24,
  0xe4, 0x25, 0xe4, 0x25, 0xe4, 0x25, 0xec, 0x67, 0xec, 0x67, 0xec, 0x47,
  0xec, 0x47, 0xe4, 0x47, 0xe4, 0x47, 0xe4, 0x46, 0xdc, 0x25, 0xcb, 0xe4,
  0xd4, 0x45, 0xe4, 0x67, 0xdc, 0x06, 0xdc, 0x27, 0xf4, 0xeb, 0xfd, 0x8d,
  0xfd, 0x8c, 0xf5, 0x8b, 0xf5, 0xab, 0xe5, 0x6b, 0xe5, 0x8b, 0xed, 0xcc,
  0xf6, 0x2d, 0x00, 0x00, 0x00, 0x00, 0x00, 0x00, 0x00, 0x00, 0x00, 0x00,
  0x00, 0x00, 0x00, 0x00, 0x00, 0x00, 0x00, 0x00, 0x00, 0x00, 0x00, 0x00,
  0x00, 0x00, 0x00, 0x00, 0x00, 0x00, 0x00, 0x00, 0x00, 0x00, 0x00, 0x00,
  0x00, 0x00, 0x00, 0x00, 0x00, 0x00, 0x00, 0x00, 0x00, 0x00, 0x00, 0x00,
  0x00, 0x00, 0x00, 0x00, 0x00, 0x00, 0x00, 0x00, 0x00, 0x00, 0x00, 0x00,
  0x00, 0x00, 0x00, 0x00, 0x00, 0x00, 0x00, 0x00, 0x00, 0x00, 0x00, 0x00,
  0x00, 0x00, 0x00, 0x00, 0x00, 0x00, 0x00, 0x00, 0x00, 0x00, 0x00, 0x00,
  0x00, 0x00, 0x00, 0x00, 0x00, 0x00, 0x00, 0x00, 0x00, 0x00, 0x00, 0x00,
  0x00, 0x00, 0x00, 0x00, 0x00, 0x00, 0x00, 0x00, 0x00, 0x00, 0x00, 0x00,
  0x00, 0x00, 0x00, 0x00, 0x00, 0x00, 0x00, 0x00, 0x00, 0x00, 0x00, 0x00,
  0x00, 0x00, 0x00, 0x00, 0x00, 0x00, 0x00, 0x00, 0x00, 0x00, 0x00, 0x00,
  0x00, 0x00, 0x00, 0x00, 0x00, 0x00, 0x00, 0x00, 0x00, 0x00, 0x00, 0x00,
  0x00, 0x00, 0x00, 0x00, 0x00, 0x00, 0x00, 0x00, 0x00, 0x00, 0x00, 0x00,
  0x00, 0x00, 0x00, 0x00, 0x00, 0x00, 0x00, 0x00, 0x00, 0x00, 0x00, 0x00,
  0x00, 0x00, 0x00, 0x00, 0x00, 0x00, 0x00, 0x00, 0x00, 0x00, 0x00, 0x00,
  0x00, 0x00, 0x00, 0x00, 0x00, 0x00, 0x00, 0x00, 0x00, 0x00, 0x00, 0x00,
  0x00, 0x00, 0x00, 0x00, 0x00, 0x00, 0x00, 0x00, 0x00, 0x00, 0x00, 0x00,
  0x00, 0x00, 0x00, 0x00, 0x00, 0x00, 0x00, 0x00, 0x00, 0x00, 0x00, 0x00,
  0x00, 0x00, 0x00, 0x00, 0x00, 0x00, 0x00, 0x00, 0x00, 0x00, 0x00, 0x00,
  0x00, 0x00, 0x00, 0x00, 0x00, 0x00, 0x00, 0x00, 0x00, 0x00, 0x00, 0x00,
  0x00, 0x00, 0x00, 0x00, 0x00, 0x00, 0x00, 0x00, 0x00, 0x00, 0x00, 0x00,
  0x00, 0x00, 0x00, 0x00, 0x00, 0x00, 0x00, 0x00, 0x00, 0x00, 0x00, 0x00,
  0x00, 0x00, 0x00, 0x00, 0x00, 0x00, 0x00, 0x00, 0x00, 0x00, 0x00, 0x00,
  0x00, 0x00, 0x00, 0x00, 0x00, 0x00, 0x00, 0x00, 0x00, 0x00, 0x00, 0x00,
  0x00, 0x00, 0x00, 0x00, 0x00, 0x00, 0x00, 0x00, 0x00, 0x00, 0x00, 0x00,
  0x00, 0x00, 0x00, 0x00, 0x00, 0x00, 0x00, 0x00, 0x00, 0x00, 0x00, 0x00,
  0x00, 0x00, 0x00, 0x00, 0x00, 0x00, 0x00, 0x00, 0x00, 0x00, 0x00, 0x00,
  0x00, 0x00, 0x00, 0x00, 0x00, 0x00, 0x00, 0x00, 0x00, 0x00, 0x00, 0x00,
  0x00, 0x00, 0x00, 0x00, 0xf3, 0xe4, 0xf4, 0x25, 0xf4, 0x25, 0xec, 0x25,
  0xec, 0x05, 0xe3, 0xc4, 0xdb, 0xa4, 0xdb, 0xc4, 0xe4, 0x05, 0xdb, 0xc5,
  0xdb, 0xc5, 0xdb, 0xc5, 0xdb, 0xc6, 0xdb, 0xc6, 0xdb, 0xe6, 0xdb, 0xc6,
  0xd3, 0x85, 0xd3, 0xa5, 0xdb, 0xc6, 0xdb, 0xc6, 0xdb, 0xc6, 0xdb, 0xc6,
  0xdb, 0xc6, 0xdb, 0xc6, 0xdb, 0xc6, 0xe4, 0x07, 0xdb, 0xe6, 0xdb, 0xc6,
  0xd3, 0xa5, 0xdb, 0xc6, 0xdb, 0xc6, 0xdb, 0xc6, 0xdb, 0xc6, 0xdb, 0xc6,
  0xdb, 0xe6, 0xdb, 0xe7, 0xdb, 0xe7, 0xdb, 0xe7, 0xdb, 0xe6, 0xe4, 0x06,
  0xe4, 0x06, 0xe4, 0x05, 0xe4, 0x25, 0xe4, 0x25, 0xe4, 0x24, 0xe4, 0x04,
  0xe4, 0x25, 0xdc, 0x04, 0xe4, 0x25, 0xec, 0x67, 0xec, 0x67, 0xec, 0x47,
  0xec, 0x47, 0xe4, 0x26, 0xe4, 0x26, 0xdc, 0x05, 0xd4, 0x05, 0xc3, 0xa3,
  0xd4, 0x25, 0xe4, 0x67, 0xd3, 0xc5, 0xe4, 0x48, 0xfd, 0x8e, 0xfd, 0xcd,
  0xfd, 0x6b, 0xed, 0x4b, 0xed, 0x6a, 0xdd, 0x29, 0x00, 0x00, 0x00, 0x00,
  0x00, 0x00, 0x00, 0x00, 0x00, 0x00, 0x00, 0x00, 0x00, 0x00, 0x00, 0x00,
  0x00, 0x00, 0x00, 0x00, 0x00, 0x00, 0x00, 0x00, 0x00, 0x00, 0x00, 0x00,
  0x00, 0x00, 0x00, 0x00, 0x00, 0x00, 0x00, 0x00, 0x00, 0x00, 0x00, 0x00,
  0x00, 0x00, 0x00, 0x00, 0x00, 0x00, 0x00, 0x00, 0x00, 0x00, 0x00, 0x00,
  0x00, 0x00, 0x00, 0x00, 0x00, 0x00, 0x00, 0x00, 0x00, 0x00, 0x00, 0x00,
  0x00, 0x00, 0x00, 0x00, 0x00, 0x00, 0x00, 0x00, 0x00, 0x00, 0x00, 0x00,
  0x00, 0x00, 0x00, 0x00, 0x00, 0x00, 0x00, 0x00, 0x00, 0x00, 0x00, 0x00,
  0x00, 0x00, 0x00, 0x00, 0x00, 0x00, 0x00, 0x00, 0x00, 0x00, 0x00, 0x00,
  0x00, 0x00, 0x00, 0x00, 0x00, 0x00, 0x00, 0x00, 0x00, 0x00, 0x00, 0x00,
  0x00, 0x00, 0x00, 0x00, 0x00, 0x00, 0x00, 0x00, 0x00, 0x00, 0x00, 0x00,
  0x00, 0x00, 0x00, 0x00, 0x00, 0x00, 0x00, 0x00, 0x00, 0x00, 0x00, 0x00,
  0x00, 0x00, 0x00, 0x00, 0x00, 0x00, 0x00, 0x00, 0x00, 0x00, 0x00, 0x00,
  0x00, 0x00, 0x00, 0x00, 0x00, 0x00, 0x00, 0x00, 0x00, 0x00, 0x00, 0x00,
  0x00, 0x00, 0x00, 0x00, 0x00, 0x00, 0x00, 0x00, 0x00, 0x00, 0x00, 0x00,
  0x00, 0x00, 0x00, 0x00, 0x00, 0x00, 0x00, 0x00, 0x00, 0x00, 0x00, 0x00,
  0x00, 0x00, 0x00, 0x00, 0x00, 0x00, 0x00, 0x00, 0x00, 0x00, 0x00, 0x00,
  0x00, 0x00, 0x00, 0x00, 0x00, 0x00, 0x00, 0x00, 0x00, 0x00, 0x00, 0x00,
  0x00, 0x00, 0x00, 0x00, 0x00, 0x00, 0x00, 0x00, 0x00, 0x00, 0x00, 0x00,
  0x00, 0x00, 0x00, 0x00, 0x00, 0x00, 0x00, 0x00, 0x00, 0x00, 0x00, 0x00,
  0x00, 0x00, 0x00, 0x00, 0x00, 0x00, 0x00, 0x00, 0x00, 0x00, 0x00, 0x00,
  0x00, 0x00, 0x00, 0x00, 0x00, 0x00, 0x00, 0x00, 0x00, 0x00, 0x00, 0x00,
  0x00, 0x00, 0x00, 0x00, 0x00, 0x00, 0x00, 0x00, 0x00, 0x00, 0x00, 0x00,
  0x00, 0x00, 0x00, 0x00, 0x00, 0x00, 0x00, 0x00, 0x00, 0x00, 0x00, 0x00,
  0x00, 0x00, 0x00, 0x00, 0x00, 0x00, 0x00, 0x00, 0x00, 0x00, 0x00, 0x00,
  0x00, 0x00, 0x00, 0x00, 0x00, 0x00, 0x00, 0x00, 0x00, 0x00, 0x00, 0x00,
  0x00, 0x00, 0x00, 0x00, 0x00, 0x00, 0x00, 0x00, 0x00, 0x00, 0x00, 0x00,
  0x00, 0x00, 0x00, 0x00, 0x00, 0x00, 0x00, 0x00, 0x00, 0x00, 0x00, 0x00,
  0x00, 0x00, 0x00, 0x00, 0x00, 0x00, 0x00, 0x00, 0x00, 0x00, 0x00, 0x00,
  0x00, 0x00, 0x00, 0x00, 0x00, 0x00, 0x00, 0x00, 0x00, 0x00, 0xf4, 0x25,
  0xec, 0x25, 0xec, 0x05, 0xe4, 0x05, 0xe4, 0x05, 0xe3, 0xe5, 0xdb, 0xc5,
  0xdb, 0xc5, 0xdb, 0xc5, 0xdb, 0xc6, 0xdb, 0xc6, 0xdb, 0xe6, 0xdb, 0xc6,
  0xd3, 0xa5, 0xd3, 0xa5, 0xdb, 0xc6, 0xdb, 0xc6, 0xdb, 0xc6, 0xdb, 0xc6,
  0xdb, 0xc6, 0xdb, 0xc6, 0xdb, 0xc6, 0xe4, 0x07, 0xdb, 0xe6, 0xdb, 0xc6,
  0xd3, 0xa5, 0xdb, 0xc6, 0xdb, 0xc6, 0xdb, 0xc6, 0xdb, 0xc6, 0xdb, 0xc6,
  0xdb, 0xe6, 0xdb, 0xe7, 0xdb, 0xe7, 0xdb, 0xe7, 0xdb, 0xe6, 0xe4, 0x06,
  0xe4, 0x06, 0xe4, 0x05, 0xe4, 0x25, 0xe4, 0x25, 0xe4, 0x25, 0xe4, 0x04,
  0xe4, 0x25, 0xdc, 0x25, 0xe4, 0x25, 0xec, 0x47, 0xe4, 0x26, 0xe4, 0x27,
  0xe4, 0x27, 0xdc, 0x06, 0xdc, 0x06, 0xd4, 0x05, 0xd3, 0xc4, 0xc3, 0xc3,
  0xcc, 0x24, 0xdc, 0x26, 0xcb, 0xa4, 0xe4, 0x68, 0xfd, 0xce, 0xfd, 0xad,
  0xf5, 0x4b, 0x00, 0x00, 0x00, 0x00, 0x00, 0x00, 0x00, 0x00, 0x00, 0x00,
  0x00, 0x00, 0x00, 0x00, 0x00, 0x00, 0x00, 0x00, 0x00, 0x00, 0x00, 0x00,
  0x00, 0x00, 0x00, 0x00, 0x00, 0x00, 0x00, 0x00, 0x00, 0x00, 0x00, 0x00,
  0x00, 0x00, 0x00, 0x00, 0x00, 0x00, 0x00, 0x00, 0x00, 0x00, 0x00, 0x00,
  0x00, 0x00, 0x00, 0x00, 0x00, 0x00, 0x00, 0x00, 0x00, 0x00, 0x00, 0x00,
  0x00, 0x00, 0x00, 0x00, 0x00, 0x00, 0x00, 0x00, 0x00, 0x00, 0x00, 0x00,
  0x00, 0x00, 0x00, 0x00, 0x00, 0x00, 0x00, 0x00, 0x00, 0x00, 0x00, 0x00,
  0x00, 0x00, 0x00, 0x00, 0x00, 0x00, 0x00, 0x00, 0x00, 0x00, 0x00, 0x00,
  0x00, 0x00, 0x00, 0x00, 0x00, 0x00, 0x00, 0x00, 0x00, 0x00, 0x00, 0x00,
  0x00, 0x00, 0x00, 0x00, 0x00, 0x00, 0x00, 0x00, 0x00, 0x00, 0x00, 0x00,
  0x00, 0x00, 0x00, 0x00, 0x00, 0x00, 0x00, 0x00, 0x00, 0x00, 0x00, 0x00,
  0x00, 0x00, 0x00, 0x00, 0x00, 0x00, 0x00, 0x00, 0x00, 0x00, 0x00, 0x00,
  0x00, 0x00, 0x00, 0x00, 0x00, 0x00, 0x00, 0x00, 0x00, 0x00, 0x00, 0x00,
  0x00, 0x00, 0x00, 0x00, 0x00, 0x00, 0x00, 0x00, 0x00, 0x00, 0x00, 0x00,
  0x00, 0x00, 0x00, 0x00, 0x00, 0x00, 0x00, 0x00, 0x00, 0x00, 0x00, 0x00,
  0x00, 0x00, 0x00, 0x00, 0x00, 0x00, 0x00, 0x00, 0x00, 0x00, 0x00, 0x00,
  0x00, 0x00, 0x00, 0x00, 0x00, 0x00, 0x00, 0x00, 0x00, 0x00, 0x00, 0x00,
  0x00, 0x00, 0x00, 0x00, 0x00, 0x00, 0x00, 0x00, 0x00, 0x00, 0x00, 0x00,
  0x00, 0x00, 0x00, 0x00, 0x00, 0x00, 0x00, 0x00, 0x00, 0x00, 0x00, 0x00,
  0x00, 0x00, 0x00, 0x00, 0x00, 0x00, 0x00, 0x00, 0x00, 0x00, 0x00, 0x00,
  0x00, 0x00, 0x00, 0x00, 0x00, 0x00, 0x00, 0x00, 0x00, 0x00, 0x00, 0x00,
  0x00, 0x00, 0x00, 0x00, 0x00, 0x00, 0x00, 0x00, 0x00, 0x00, 0x00, 0x00,
  0x00, 0x00, 0x00, 0x00, 0x00, 0x00, 0x00, 0x00, 0x00, 0x00, 0x00, 0x00,
  0x00, 0x00, 0x00, 0x00, 0x00, 0x00, 0x00, 0x00, 0x00, 0x00, 0x00, 0x00,
  0x00, 0x00, 0x00, 0x00, 0x00, 0x00, 0x00, 0x00, 0x00, 0x00, 0x00, 0x00,
  0x00, 0x00, 0x00, 0x00, 0x00, 0x00, 0x00, 0x00, 0x00, 0x00, 0x00, 0x00,
  0x00, 0x00, 0x00, 0x00, 0x00, 0x00, 0x00, 0x00, 0x00, 0x00, 0x00, 0x00,
  0x00, 0x00, 0x00, 0x00, 0x00, 0x00, 0x00, 0x00, 0x00, 0x00, 0x00, 0x00,
  0x00, 0x00, 0x00, 0x00, 0x00, 0x00, 0x00, 0x00, 0x00, 0x00, 0x00, 0x00,
  0x00, 0x00, 0x00, 0x00, 0x00, 0x00, 0x00, 0x00, 0x00, 0x00, 0x00, 0x00,
  0x00, 0x00, 0x00, 0x00, 0x00, 0x00, 0xec, 0x26, 0xe3, 0xe5, 0xdb, 0xc5,
  0xdb, 0xc5, 0xdb, 0xc5, 0xdb, 0xc6, 0xdb, 0xc6, 0xdb, 0xe6, 0xdb, 0xc6,
  0xd3, 0xa5, 0xd3, 0xa5, 0xdb, 0xc6, 0xdb, 0xc6, 0xdb, 0xc6, 0xdb, 0xc6,
  0xdb, 0xc6, 0xdb, 0xc6, 0xdb, 0xc6, 0xe4, 0x07, 0xdb, 0xe6, 0xdb, 0xc6,
  0xd3, 0xa5, 0xdb, 0xc6, 0xdb, 0xc6, 0xdb, 0xc6, 0xdb, 0xc6, 0xdb, 0xc6,
  0xdb, 0xe6, 0xdb, 0xe7, 0xdb, 0xe7, 0xdb, 0xe7, 0xdb, 0xe6, 0xe4, 0x06,
  0xe4, 0x06, 0xe4, 0x05, 0xe4, 0x25, 0xe4, 0x25, 0xe4, 0x25, 0xe4, 0x04,
  0xe4, 0x25, 0xdc, 0x25, 0xdc, 0x25, 0xe4, 0x26, 0xe4, 0x06, 0xdb, 0xe6,
  0xdb, 0xe6, 0xdb, 0xe5, 0xdb, 0xe5, 0xd3, 0xe4, 0xcb, 0xa4, 0xc3, 0xc3,
  0xcc, 0x04, 0xd4, 0x06, 0xc3, 0x63, 0x00, 0x00, 0x00, 0x00, 0x00, 0x00,
  0x00, 0x00, 0x00, 0x00, 0x00, 0x00, 0x00, 0x00, 0x00, 0x00, 0x00, 0x00,
  0x00, 0x00, 0x00, 0x00, 0x00, 0x00, 0x00, 0x00, 0x00, 0x00, 0x00, 0x00,
  0x00, 0x00, 0x00, 0x00, 0x00, 0x00, 0x00, 0x00, 0x00, 0x00, 0x00, 0x00,
  0x00, 0x00, 0x00, 0x00, 0x00, 0x00, 0x00, 0x00, 0x00, 0x00, 0x00, 0x00,
  0x00, 0x00, 0x00, 0x00, 0x00, 0x00, 0x00, 0x00, 0x00, 0x00, 0x00, 0x00,
  0x00, 0x00, 0x00, 0x00, 0x00, 0x00, 0x00, 0x00, 0x00, 0x00, 0x00, 0x00,
  0x00, 0x00, 0x00, 0x00, 0x00, 0x00, 0x00, 0x00, 0x00, 0x00, 0x00, 0x00,
  0x00, 0x00, 0x00, 0x00, 0x00, 0x00, 0x00, 0x00, 0x00, 0x00, 0x00, 0x00,
  0x00, 0x00, 0x00, 0x00, 0x00, 0x00, 0x00, 0x00, 0x00, 0x00, 0x00, 0x00,
  0x00, 0x00, 0x00, 0x00, 0x00, 0x00, 0x00, 0x00, 0x00, 0x00, 0x00, 0x00,
  0x00, 0x00, 0x00, 0x00, 0x00, 0x00, 0x00, 0x00, 0x00, 0x00, 0x00, 0x00,
  0x00, 0x00, 0x00, 0x00, 0x00, 0x00, 0x00, 0x00, 0x00, 0x00, 0x00, 0x00,
  0x00, 0x00, 0x00, 0x00, 0x00, 0x00, 0x00, 0x00, 0x00, 0x00, 0x00, 0x00,
  0x00, 0x00, 0x00, 0x00, 0x00, 0x00, 0x00, 0x00, 0x00, 0x00, 0x00, 0x00,
  0x00, 0x00, 0x00, 0x00, 0x00, 0x00, 0x00, 0x00, 0x00, 0x00, 0x00, 0x00,
  0x00, 0x00, 0x00, 0x00, 0x00, 0x00, 0x00, 0x00, 0x00, 0x00, 0x00, 0x00,
  0x00, 0x00, 0x00, 0x00, 0x00, 0x00, 0x00, 0x00, 0x00, 0x00, 0x00, 0x00,
  0x00, 0x00, 0x00, 0x00, 0x00, 0x00, 0x00, 0x00, 0x00, 0x00, 0x00, 0x00,
  0x00, 0x00, 0x00, 0x00, 0x00, 0x00, 0x00, 0x00, 0x00, 0x00, 0x00, 0x00,
  0x00, 0x00, 0x00, 0x00, 0x00, 0x00, 0x00, 0x00, 0x00, 0x00, 0x00, 0x00,
  0x00, 0x00, 0x00, 0x00, 0x00, 0x00, 0x00, 0x00, 0x00, 0x00, 0x00, 0x00,
  0x00, 0x00, 0x00, 0x00, 0x00, 0x00, 0x00, 0x00, 0x00, 0x00, 0x00, 0x00,
  0x00, 0x00, 0x00, 0x00, 0x00, 0x00, 0x00, 0x00, 0x00, 0x00, 0x00, 0x00,
  0x00, 0x00, 0x00, 0x00, 0x00, 0x00, 0x00, 0x00, 0x00, 0x00, 0x00, 0x00,
  0x00, 0x00, 0x00, 0x00, 0x00, 0x00, 0x00, 0x00, 0x00, 0x00, 0x00, 0x00,
  0x00, 0x00, 0x00, 0x00, 0x00, 0x00, 0x00, 0x00, 0x00, 0x00, 0x00, 0x00,
  0x00, 0x00, 0x00, 0x00, 0x00, 0x00, 0x00, 0x00, 0x00, 0x00, 0x00, 0x00,
  0x00, 0x00, 0x00, 0x00, 0x00, 0x00, 0x00, 0x00, 0x00, 0x00, 0x00, 0x00,
  0x00, 0x00, 0x00, 0x00, 0x00, 0x00, 0x00, 0x00, 0x00, 0x00, 0x00, 0x00,
  0x00, 0x00, 0x00, 0x00, 0x00, 0x00, 0x00, 0x00, 0x00, 0x00, 0x00, 0x00,
  0x00, 0x00, 0x00, 0x00, 0x00, 0x00, 0x00, 0x00, 0x00, 0x00, 0x00, 0x00,
  0x00, 0x00, 0x00, 0x00, 0xdb, 0xc6, 0xdb, 0xc6, 0xdb, 0xe6, 0xdb, 0xc6,
  0xd3, 0xa5, 0xd3, 0xa5, 0xdb, 0xc6, 0xdb, 0xc6, 0xdb, 0xc6, 0xdb, 0xc6,
  0xdb, 0xc6, 0xdb, 0xc6, 0xdb, 0xc6, 0xe4, 0x07, 0xdb, 0xe6, 0xdb, 0xc6,
  0xd3, 0xa5, 0xdb, 0xc6, 0xdb, 0xc6, 0xdb, 0xc6, 0xdb, 0xc6, 0xdb, 0xc6,
  0xdb, 0xe6, 0xdb, 0xe7, 0xdb, 0xe7, 0xdb, 0xe7, 0xdb, 0xe6, 0xe4, 0x06,
  0xe4, 0x06, 0xe4, 0x05, 0xe4, 0x25, 0xe4, 0x25, 0xe4, 0x25, 0xe4, 0x04,
  0xe4, 0x25, 0xdc, 0x25, 0xdc, 0x25, 0xe4, 0x06, 0xdb, 0xe5, 0xdb, 0xc5,
  0xdb, 0xc5, 0xd3, 0xc5, 0xd3, 0xa4, 0xcb, 0xa4, 0x00, 0x00, 0x00, 0x00,
  0x00, 0x00, 0x00, 0x00, 0x00, 0x00, 0x00, 0x00, 0x00, 0x00, 0x00, 0x00,
  0x00, 0x00, 0x00, 0x00, 0x00, 0x00, 0x00, 0x00, 0x00, 0x00, 0x00, 0x00,
  0x00, 0x00, 0x00, 0x00, 0x00, 0x00, 0x00, 0x00, 0x00, 0x00, 0x00, 0x00,
  0x00, 0x00, 0x00, 0x00, 0x00, 0x00, 0x00, 0x00, 0x00, 0x00, 0x00, 0x00,
  0x00, 0x00, 0x00, 0x00, 0x00, 0x00, 0x00, 0x00, 0x00, 0x00, 0x00, 0x00,
  0x00, 0x00, 0x00, 0x00, 0x00, 0x00, 0x00, 0x00, 0x00, 0x00, 0x00, 0x00,
  0x00, 0x00, 0x00, 0x00, 0x00, 0x00, 0x00, 0x00, 0x00, 0x00, 0x00, 0x00,
  0x00, 0x00, 0x00, 0x00, 0x00, 0x00, 0x00, 0x00, 0x00, 0x00, 0x00, 0x00,
  0x00, 0x00, 0x00, 0x00, 0x00, 0x00, 0x00, 0x00, 0x00, 0x00, 0x00, 0x00,
  0x00, 0x00, 0x00, 0x00, 0x00, 0x00, 0x00, 0x00, 0x00, 0x00, 0x00, 0x00,
  0x00, 0x00, 0x00, 0x00, 0x00, 0x00, 0x00, 0x00, 0x00, 0x00, 0x00, 0x00,
  0x00, 0x00, 0x00, 0x00, 0x00, 0x00, 0x00, 0x00, 0x00, 0x00, 0x00, 0x00,
  0x00, 0x00, 0x00, 0x00, 0x00, 0x00, 0x00, 0x00, 0x00, 0x00, 0x00, 0x00,
  0x00, 0x00, 0x00, 0x00, 0x00, 0x00, 0x00, 0x00, 0x00, 0x00, 0x00, 0x00,
  0x00, 0x00, 0x00, 0x00, 0x00, 0x00, 0x00, 0x00, 0x00, 0x00, 0x00, 0x00,
  0x00, 0x00, 0x00, 0x00, 0x00, 0x00, 0x00, 0x00, 0x00, 0x00, 0x00, 0x00,
  0x00, 0x00, 0x00, 0x00, 0x00, 0x00, 0x00, 0x00, 0x00, 0x00, 0x00, 0x00,
  0x00, 0x00, 0x00, 0x00, 0x00, 0x00, 0x00, 0x00, 0x00, 0x00, 0x00, 0x00,
  0x00, 0x00, 0x00, 0x00, 0x00, 0x00, 0x00, 0x00, 0x00, 0x00, 0x00, 0x00,
  0x00, 0x00, 0x00, 0x00, 0x00, 0x00, 0x00, 0x00, 0x00, 0x00, 0x00, 0x00,
  0x00, 0x00, 0x00, 0x00, 0x00, 0x00, 0x00, 0x00, 0x00, 0x00, 0x00, 0x00,
  0x00, 0x00, 0x00, 0x00, 0x00, 0x00, 0x00, 0x00, 0x00, 0x00, 0x00, 0x00,
  0x00, 0x00, 0x00, 0x00, 0x00, 0x00, 0x00, 0x00, 0x00, 0x00, 0x00, 0x00,
  0x00, 0x00, 0x00, 0x00, 0x00, 0x00, 0x00, 0x00, 0x00, 0x00, 0x00, 0x00,
  0x00, 0x00, 0x00, 0x00, 0x00, 0x00, 0x00, 0x00, 0x00, 0x00, 0x00, 0x00,
  0x00, 0x00, 0x00, 0x00, 0x00, 0x00, 0x00, 0x00, 0x00, 0x00, 0x00, 0x00,
  0x00, 0x00, 0x00, 0x00, 0x00, 0x00, 0x00, 0x00, 0x00, 0x00, 0x00, 0x00,
  0x00, 0x00, 0x00, 0x00, 0x00, 0x00, 0x00, 0x00, 0x00, 0x00, 0x00, 0x00,
  0x00, 0x00, 0x00, 0x00, 0x00, 0x00, 0x00, 0x00, 0x00, 0x00, 0x00, 0x00,
  0x00, 0x00, 0x00, 0x00, 0x00, 0x00, 0x00, 0x00, 0x00, 0x00, 0x00, 0x00,
  0x00, 0x00, 0x00, 0x00, 0x00, 0x00, 0x00, 0x00, 0x00, 0x00, 0x00, 0x00,
  0x00, 0x00, 0x00, 0x00, 0x00, 0x00, 0x00, 0x00, 0x00, 0x00, 0x00, 0x00,
  0x00, 0x00, 0x00, 0x00, 0x00, 0x00, 0x00, 0x00, 0x00, 0x00, 0x00, 0x00,
  0x00, 0x00, 0x00, 0x00, 0x00, 0x00, 0xdb, 0xc6, 0xdb, 0xc6, 0xdb, 0xc6,
  0xdb, 0xc6, 0xdb, 0xc6, 0xdb, 0xc6, 0xe4, 0x07, 0xdb, 0xe6, 0xdb, 0xc6,
  0xd3, 0xa5, 0xdb, 0xc6, 0xdb, 0xc6, 0xdb, 0xc6, 0xdb, 0xc6, 0xdb, 0xc6,
  0xdb, 0xe6, 0xdb, 0xe7, 0xdb, 0xe7, 0xdb, 0xe7, 0xdb, 0xe6, 0xe4, 0x06,
  0xe4, 0x06, 0xe4, 0x05, 0xe4, 0x25, 0xe4, 0x25, 0xe4, 0x25, 0xe4, 0x04,
  0xe4, 0x25, 0xdc, 0x25, 0xdc, 0x25, 0x00, 0x00, 0x00, 0x00, 0x00, 0x00,
  0x00, 0x00, 0x00, 0x00, 0x00, 0x00, 0x00, 0x00, 0x00, 0x00, 0x00, 0x00,
  0x00, 0x00, 0x00, 0x00, 0x00, 0x00, 0x00, 0x00, 0x00, 0x00, 0x00, 0x00,
  0x00, 0x00, 0x00, 0x00, 0x00, 0x00, 0x00, 0x00, 0x00, 0x00, 0x00, 0x00,
  0x00, 0x00, 0x00, 0x00, 0x00, 0x00, 0x00, 0x00, 0x00, 0x00, 0x00, 0x00,
  0x00, 0x00, 0x00, 0x00, 0x00, 0x00, 0x00, 0x00, 0x00, 0x00, 0x00, 0x00,
  0x00, 0x00, 0x00, 0x00, 0x00, 0x00, 0x00, 0x00, 0x00, 0x00, 0x00, 0x00,
  0x00, 0x00, 0x00, 0x00, 0x00, 0x00, 0x00, 0x00, 0x00, 0x00, 0x00, 0x00,
  0x00, 0x00, 0x00, 0x00, 0x00, 0x00, 0x00, 0x00, 0x00, 0x00, 0x00, 0x00,
  0x00, 0x00, 0x00, 0x00, 0x00, 0x00, 0x00, 0x00, 0x00, 0x00, 0x00, 0x00,
  0x00, 0x00, 0x00, 0x00, 0x00, 0x00, 0x00, 0x00, 0x00, 0x00, 0x00, 0x00,
  0x00, 0x00, 0x00, 0x00, 0x00, 0x00, 0x00, 0x00, 0x00, 0x00, 0x00, 0x00,
  0x00, 0x00, 0x00, 0x00, 0x00, 0x00, 0x00, 0x00, 0x00, 0x00, 0x00, 0x00,
  0x00, 0x00, 0x00, 0x00, 0x00, 0x00, 0x00, 0x00, 0x00, 0x00, 0x00, 0x00,
  0x00, 0x00, 0x00, 0x00, 0x00, 0x00, 0x00, 0x00, 0x00, 0x00, 0x00, 0x00,
  0x00, 0x00, 0x00, 0x00, 0x00, 0x00, 0x00, 0x00, 0x00, 0x00, 0x00, 0x00,
  0x00, 0x00, 0x00, 0x00, 0x00, 0x00, 0x00, 0x00, 0x00, 0x00, 0x00, 0x00,
  0x00, 0x00, 0x00, 0x00, 0x00, 0x00, 0x00, 0x00, 0x00, 0x00, 0x00, 0x00,
  0x00, 0x00, 0x00, 0x00, 0x00, 0x00, 0x00, 0x00, 0x00, 0x00, 0x00, 0x00,
  0x00, 0x00, 0x00, 0x00, 0x00, 0x00, 0x00, 0x00, 0x00, 0x00, 0x00, 0x00,
  0x00, 0x00, 0x00, 0x00, 0x00, 0x00, 0x00, 0x00, 0x00, 0x00, 0x00, 0x00,
  0x00, 0x00, 0x00, 0x00, 0x00, 0x00, 0x00, 0x00, 0x00, 0x00, 0x00, 0x00,
  0x00, 0x00, 0x00, 0x00, 0x00, 0x00, 0x00, 0x00, 0x00, 0x00, 0x00, 0x00,
  0x00, 0x00, 0x00, 0x00, 0x00, 0x00, 0x00, 0x00, 0x00, 0x00, 0x00, 0x00,
  0x00, 0x00, 0x00, 0x00, 0x00, 0x00, 0x00, 0x00, 0x00, 0x00, 0x00, 0x00,
  0x00, 0x00, 0x00, 0x00, 0x00, 0x00, 0x00, 0x00, 0x00, 0x00, 0x00, 0x00,
  0x00, 0x00, 0x00, 0x00, 0x00, 0x00, 0x00, 0x00, 0x00, 0x00, 0x00, 0x00,
  0x00, 0x00, 0x00, 0x00, 0x00, 0x00, 0x00, 0x00, 0x00, 0x00, 0x00, 0x00,
  0x00, 0x00, 0x00, 0x00, 0x00, 0x00, 0x00, 0x00, 0x00, 0x00, 0x00, 0x00,
  0x00, 0x00, 0x00, 0x00, 0x00, 0x00, 0x00, 0x00, 0x00, 0x00, 0x00, 0x00,
  0x00, 0x00, 0x00, 0x00, 0x00, 0x00, 0x00, 0x00, 0x00, 0x00, 0x00, 0x00,
  0x00, 0x00, 0x00, 0x00, 0x00, 0x00, 0x00, 0x00, 0x00, 0x00, 0x00, 0x00,
  0x00, 0x00, 0x00, 0x00, 0x00, 0x00, 0x00, 0x00, 0x00, 0x00, 0x00, 0x00,
  0x00, 0x00, 0x00, 0x00, 0x00, 0x00, 0x00, 0x00, 0x00, 0x00, 0x00, 0x00,
  0x00, 0x00, 0x00, 0x00, 0x00, 0x00, 0x00, 0x00, 0x00, 0x00, 0x00, 0x00,
  0x00, 0x00, 0x00, 0x00, 0x00, 0x00, 0x00, 0x00, 0x00, 0x00, 0x00, 0x00,
  0x00, 0x00, 0x00, 0x00, 0x00, 0x00, 0x00, 0x00, 0x00, 0x00, 0x00, 0x00,
  0x00, 0x00, 0x00, 0x00, 0x00, 0x00, 0x00, 0x00, 0x00, 0x00, 0x00, 0x00,
  0x00, 0x00, 0x00, 0x00, 0x00, 0x00, 0x00, 0x00, 0x00, 0x00, 0x00, 0x00,
  0x00, 0x00, 0x00, 0x00, 0x00, 0x00, 0x00, 0x00, 0x00, 0x00, 0x00, 0x00,
  0x00, 0x00, 0x00, 0x00, 0x00, 0x00, 0x00, 0x00, 0x00, 0x00, 0x00, 0x00,
  0x00, 0x00, 0x00, 0x00, 0x00, 0x00, 0x00, 0x00, 0x00, 0x00, 0x00, 0x00,
  0x00, 0x00, 0x00, 0x00, 0x00, 0x00, 0x00, 0x00, 0x00, 0x00, 0x00, 0x00,
  0x00, 0x00, 0x00, 0x00, 0x00, 0x00, 0x00, 0x00, 0x00, 0x00, 0x00, 0x00,
  0x00, 0x00, 0x00, 0x00, 0x00, 0x00, 0x00, 0x00, 0x00, 0x00, 0x00, 0x00,
  0x00, 0x00, 0x00, 0x00, 0x00, 0x00, 0x00, 0x00, 0x00, 0x00, 0x00, 0x00,
  0x00, 0x00, 0x00, 0x00, 0x00, 0x00, 0x00, 0x00, 0x00, 0x00, 0x00, 0x00,
  0x00, 0x00, 0x00, 0x00, 0x00, 0x00, 0x00, 0x00, 0x00, 0x00, 0x00, 0x00,
  0x00, 0x00, 0x00, 0x00, 0x00, 0x00, 0x00, 0x00, 0x00, 0x00, 0x00, 0x00,
  0x00, 0x00, 0x00, 0x00, 0x00, 0x00, 0x00, 0x00, 0x00, 0x00, 0x00, 0x00,
  0x00, 0x00, 0x00, 0x00, 0x00, 0x00, 0x00, 0x00, 0x00, 0x00, 0x00, 0x00,
  0x00, 0x00, 0x00, 0x00, 0x00, 0x00, 0x00, 0x00, 0x00, 0x00, 0x00, 0x00,
  0x00, 0x00, 0x00, 0x00, 0x00, 0x00, 0x00, 0x00, 0x00, 0x00, 0x00, 0x00,
  0x00, 0x00, 0x00, 0x00, 0x00, 0x00, 0x00, 0x00, 0x00, 0x00, 0x00, 0x00,
  0x00, 0x00, 0x00, 0x00, 0x00, 0x00, 0x00, 0x00, 0x00, 0x00, 0x00, 0x00,
  0x00, 0x00, 0x00, 0x00, 0x00, 0x00, 0x00, 0x00, 0x00, 0x00, 0x00, 0x00,
  0x00, 0x00, 0x00, 0x00, 0x00, 0x00, 0x00, 0x00, 0x00, 0x00, 0x00, 0x00,
  0x00, 0x00, 0x00, 0x00, 0x00, 0x00, 0x00, 0x00, 0x00, 0x00, 0x00, 0x00
};
static const unsigned int master_f001_len = 115200;
